seqnr,start,stop,text,class,channel,line,column
0,0,18,"#include <iostream>",directive,1,1,0
1,20,36,"#include <string>",directive,1,2,0
2,38,54,"#include <vector>",directive,1,3,0
3,56,71,"#include <queue>",directive,1,4,0
4,73,88,"#include <stack>",directive,1,5,0
5,90,103,"#include <map>",directive,1,6,0
6,105,124,"#include <algorithm>",directive,1,7,0
7,126,143,"#include <sstream>",directive,1,8,0
8,145,160,"#include <cmath>",directive,1,9,0
9,162,175,"#include <set>",directive,1,10,0
10,177,194,"#include <iomanip>",directive,1,11,0
11,196,211,"#include <deque>",directive,1,12,0
12,213,227,"#include <list>",directive,1,13,0
13,229,246,"#include <stdio.h>",directive,1,14,0
14,248,252,using,keyword,0,15,0
15,254,262,namespace,keyword,0,15,6
16,264,266,std,identifier,0,15,16
17,267,267,;,operator,0,15,19
18,270,331,"#define REP(i,n) for(long long (i)=0;(i)<(long long)(n);(i)++)",directive,1,17,0
19,333,394,"#define RREP(i,n) for(long long (i)=(long long)(n)-1;i>=0;i--)",directive,1,18,0
20,396,477,"#define REMOVE(Itr,n) (Itr).erase(remove((Itr).begin(),(Itr).end(),n),(Itr).end())",directive,1,19,0
21,479,559,"#define PB_VEC(Itr1,Itr2) (Itr1).insert((Itr1).end(),(Itr2).begin(),(Itr2).end())",directive,1,20,0
22,561,671,"#define UNIQUE(Itr) sort((Itr).begin(),(Itr).end()); (Itr).erase(unique((Itr).begin(),(Itr).end()),(Itr).end())",directive,1,21,0
23,673,740,"#define LBOUND(Itr,val) lower_bound((Itr).begin(),(Itr).end(),(val))",directive,1,22,0
24,742,809,"#define UBOUND(Itr,val) upper_bound((Itr).begin(),(Itr).end(),(val))",directive,1,23,0
25,811,817,typedef,keyword,0,24,0
26,819,822,long,keyword,0,24,8
27,824,827,long,keyword,0,24,13
28,829,830,ll,identifier,0,24,18
29,831,831,;,operator,0,24,20
30,834,840,typedef,keyword,0,26,0
31,842,847,struct,keyword,0,26,8
32,848,848,{,operator,0,26,14
33,850,852,int,keyword,0,26,16
34,854,855,to,identifier,0,26,20
35,856,856,",",operator,0,26,22
36,858,861,cost,identifier,0,26,24
37,862,862,;,operator,0,26,28
38,864,864,},operator,0,26,30
39,865,868,Edge,identifier,0,26,31
40,869,869,;,operator,0,26,35
41,871,875,class,keyword,0,27,0
42,877,884,Dijkstra,identifier,0,27,6
43,885,885,{,operator,0,27,14
44,891,893,int,keyword,0,28,4
45,895,895,V,identifier,0,28,8
46,896,896,;,operator,0,28,9
47,902,907,vector,identifier,0,29,4
48,908,908,<,operator,0,29,10
49,910,915,vector,identifier,0,29,12
50,916,916,<,operator,0,29,18
51,917,920,Edge,identifier,0,29,19
52,921,921,>,operator,0,29,23
53,923,923,>,operator,0,29,25
54,925,925,G,identifier,0,29,27
55,926,926,;,operator,0,29,28
56,932,937,vector,identifier,0,30,4
57,938,938,<,operator,0,30,10
58,939,941,int,keyword,0,30,11
59,942,942,>,operator,0,30,14
60,944,944,d,identifier,0,30,16
61,945,945,;,operator,0,30,17
62,947,952,public,keyword,0,31,0
63,953,953,:,operator,0,31,6
64,959,966,Dijkstra,identifier,0,32,4
65,967,967,(,operator,0,32,12
66,968,970,int,keyword,0,32,13
67,972,973,_V,identifier,0,32,17
68,974,974,),operator,0,32,19
69,975,975,{,operator,0,32,20
70,985,985,V,identifier,0,33,8
71,986,986,=,operator,0,33,9
72,987,988,_V,identifier,0,33,10
73,989,989,;,operator,0,33,12
74,999,999,G,identifier,0,34,8
75,1000,1000,.,operator,0,34,9
76,1001,1006,resize,identifier,0,34,10
77,1007,1007,(,operator,0,34,16
78,1008,1008,V,identifier,0,34,17
79,1009,1009,+,operator,0,34,18
80,1010,1011,10,integer,0,34,19
81,1012,1012,),operator,0,34,21
82,1013,1013,;,operator,0,34,22
83,1023,1023,d,identifier,0,35,8
84,1024,1024,.,operator,0,35,9
85,1025,1030,resize,identifier,0,35,10
86,1031,1031,(,operator,0,35,16
87,1032,1032,V,identifier,0,35,17
88,1033,1033,+,operator,0,35,18
89,1034,1035,10,integer,0,35,19
90,1036,1036,),operator,0,35,21
91,1037,1037,;,operator,0,35,22
92,1043,1043,},operator,0,36,4
93,1049,1052,void,keyword,0,37,4
94,1054,1068,add_edge_oneway,identifier,0,37,9
95,1069,1069,(,operator,0,37,24
96,1070,1072,int,keyword,0,37,25
97,1074,1074,a,identifier,0,37,29
98,1075,1075,",",operator,0,37,30
99,1077,1079,int,keyword,0,37,32
100,1081,1081,b,identifier,0,37,36
101,1082,1082,",",operator,0,37,37
102,1084,1086,int,keyword,0,37,39
103,1088,1088,c,identifier,0,37,43
104,1089,1089,),operator,0,37,44
105,1090,1090,{,operator,0,37,45
106,1100,1103,Edge,identifier,0,38,8
107,1105,1105,e,identifier,0,38,13
108,1106,1106,;,operator,0,38,14
109,1116,1116,e,identifier,0,39,8
110,1117,1117,.,operator,0,39,9
111,1118,1119,to,identifier,0,39,10
112,1120,1120,=,operator,0,39,12
113,1121,1121,b,identifier,0,39,13
114,1122,1122,;,operator,0,39,14
115,1124,1124,e,identifier,0,39,16
116,1125,1125,.,operator,0,39,17
117,1126,1129,cost,identifier,0,39,18
118,1130,1130,=,operator,0,39,22
119,1131,1131,c,identifier,0,39,23
120,1132,1132,;,operator,0,39,24
121,1142,1142,G,identifier,0,40,8
122,1143,1143,[,operator,0,40,9
123,1144,1144,a,identifier,0,40,10
124,1145,1145,],operator,0,40,11
125,1146,1146,.,operator,0,40,12
126,1147,1155,push_back,identifier,0,40,13
127,1156,1156,(,operator,0,40,22
128,1157,1157,e,identifier,0,40,23
129,1158,1158,),operator,0,40,24
130,1159,1159,;,operator,0,40,25
131,1165,1165,},operator,0,41,4
132,1171,1174,void,keyword,0,42,4
133,1176,1190,add_edge_twoway,identifier,0,42,9
134,1191,1191,(,operator,0,42,24
135,1192,1194,int,keyword,0,42,25
136,1196,1196,a,identifier,0,42,29
137,1197,1197,",",operator,0,42,30
138,1199,1201,int,keyword,0,42,32
139,1203,1203,b,identifier,0,42,36
140,1204,1204,",",operator,0,42,37
141,1206,1208,int,keyword,0,42,39
142,1210,1210,c,identifier,0,42,43
143,1211,1211,),operator,0,42,44
144,1212,1212,{,operator,0,42,45
145,1222,1225,Edge,identifier,0,43,8
146,1227,1228,e1,identifier,0,43,13
147,1229,1229,",",operator,0,43,15
148,1230,1231,e2,identifier,0,43,16
149,1232,1232,;,operator,0,43,18
150,1242,1243,e1,identifier,0,44,8
151,1244,1244,.,operator,0,44,10
152,1245,1246,to,identifier,0,44,11
153,1247,1247,=,operator,0,44,13
154,1248,1248,b,identifier,0,44,14
155,1249,1249,;,operator,0,44,15
156,1251,1252,e1,identifier,0,44,17
157,1253,1253,.,operator,0,44,19
158,1254,1257,cost,identifier,0,44,20
159,1258,1258,=,operator,0,44,24
160,1259,1259,c,identifier,0,44,25
161,1260,1260,;,operator,0,44,26
162,1262,1263,e2,identifier,0,44,28
163,1264,1264,.,operator,0,44,30
164,1265,1266,to,identifier,0,44,31
165,1267,1267,=,operator,0,44,33
166,1268,1268,a,identifier,0,44,34
167,1269,1269,;,operator,0,44,35
168,1271,1272,e2,identifier,0,44,37
169,1273,1273,.,operator,0,44,39
170,1274,1277,cost,identifier,0,44,40
171,1278,1278,=,operator,0,44,44
172,1279,1279,c,identifier,0,44,45
173,1280,1280,;,operator,0,44,46
174,1290,1290,G,identifier,0,45,8
175,1291,1291,[,operator,0,45,9
176,1292,1292,a,identifier,0,45,10
177,1293,1293,],operator,0,45,11
178,1294,1294,.,operator,0,45,12
179,1295,1303,push_back,identifier,0,45,13
180,1304,1304,(,operator,0,45,22
181,1305,1306,e1,identifier,0,45,23
182,1307,1307,),operator,0,45,25
183,1308,1308,;,operator,0,45,26
184,1318,1318,G,identifier,0,46,8
185,1319,1319,[,operator,0,46,9
186,1320,1320,b,identifier,0,46,10
187,1321,1321,],operator,0,46,11
188,1322,1322,.,operator,0,46,12
189,1323,1331,push_back,identifier,0,46,13
190,1332,1332,(,operator,0,46,22
191,1333,1334,e2,identifier,0,46,23
192,1335,1335,),operator,0,46,25
193,1336,1336,;,operator,0,46,26
194,1342,1342,},operator,0,47,4
195,1348,1351,void,keyword,0,48,4
196,1353,1356,init,identifier,0,48,9
197,1357,1357,(,operator,0,48,13
198,1358,1360,int,keyword,0,48,14
199,1362,1362,s,identifier,0,48,18
200,1363,1363,),operator,0,48,19
201,1364,1364,{,operator,0,48,20
202,1374,1387,priority_queue,identifier,0,49,8
203,1388,1388,<,operator,0,49,22
204,1390,1393,pair,identifier,0,49,24
205,1394,1394,<,operator,0,49,28
206,1395,1397,int,keyword,0,49,29
207,1398,1398,",",operator,0,49,32
208,1399,1401,int,keyword,0,49,33
209,1402,1402,>,operator,0,49,36
210,1403,1403,",",operator,0,49,37
211,1404,1409,vector,identifier,0,49,38
212,1410,1410,<,operator,0,49,44
213,1412,1415,pair,identifier,0,49,46
214,1416,1416,<,operator,0,49,50
215,1417,1419,int,keyword,0,49,51
216,1420,1420,",",operator,0,49,54
217,1421,1423,int,keyword,0,49,55
218,1424,1424,>,operator,0,49,58
219,1426,1426,>,operator,0,49,60
220,1427,1427,",",operator,0,49,61
221,1429,1435,greater,identifier,0,49,63
222,1436,1436,<,operator,0,49,70
223,1438,1441,pair,identifier,0,49,72
224,1442,1442,<,operator,0,49,76
225,1443,1445,int,keyword,0,49,77
226,1446,1446,",",operator,0,49,80
227,1447,1449,int,keyword,0,49,81
228,1450,1450,>,operator,0,49,84
229,1452,1452,>,operator,0,49,86
230,1454,1454,>,operator,0,49,88
231,1456,1458,que,identifier,0,49,90
232,1459,1459,;,operator,0,49,93
233,1469,1471,for,keyword,0,50,8
234,1472,1472,(,operator,0,50,11
235,1473,1475,int,keyword,0,50,12
236,1477,1477,i,identifier,0,50,16
237,1478,1478,=,operator,0,50,17
238,1479,1479,0,integer,0,50,18
239,1480,1480,;,operator,0,50,19
240,1481,1481,i,identifier,0,50,20
241,1482,1482,<,operator,0,50,21
242,1483,1483,V,identifier,0,50,22
243,1484,1484,+,operator,0,50,23
244,1485,1486,10,integer,0,50,24
245,1487,1487,;,operator,0,50,26
246,1488,1488,i,identifier,0,50,27
247,1489,1490,++,operator,0,50,28
248,1491,1491,),operator,0,50,30
249,1492,1492,d,identifier,0,50,31
250,1493,1493,[,operator,0,50,32
251,1494,1494,i,identifier,0,50,33
252,1495,1495,],operator,0,50,34
253,1496,1496,=,operator,0,50,35
254,1497,1499,1e9,floating,0,50,36
255,1500,1500,+,operator,0,50,39
256,1501,1501,7,integer,0,50,40
257,1502,1502,;,operator,0,50,41
258,1512,1512,d,identifier,0,51,8
259,1513,1513,[,operator,0,51,9
260,1514,1514,s,identifier,0,51,10
261,1515,1515,],operator,0,51,11
262,1516,1516,=,operator,0,51,12
263,1517,1517,0,integer,0,51,13
264,1518,1518,;,operator,0,51,14
265,1528,1530,que,identifier,0,52,8
266,1531,1531,.,operator,0,52,11
267,1532,1535,push,identifier,0,52,12
268,1536,1536,(,operator,0,52,16
269,1537,1545,make_pair,identifier,0,52,17
270,1546,1546,(,operator,0,52,26
271,1547,1547,0,integer,0,52,27
272,1548,1548,",",operator,0,52,28
273,1549,1549,s,identifier,0,52,29
274,1550,1550,),operator,0,52,30
275,1551,1551,),operator,0,52,31
276,1552,1552,;,operator,0,52,32
277,1562,1566,while,keyword,0,53,8
278,1567,1567,(,operator,0,53,13
279,1568,1568,"!",operator,0,53,14
280,1569,1571,que,identifier,0,53,15
281,1572,1572,.,operator,0,53,18
282,1573,1577,empty,identifier,0,53,19
283,1578,1578,(,operator,0,53,24
284,1579,1579,),operator,0,53,25
285,1580,1580,),operator,0,53,26
286,1581,1581,{,operator,0,53,27
287,1595,1598,pair,identifier,0,54,12
288,1599,1599,<,operator,0,54,16
289,1600,1602,int,keyword,0,54,17
290,1603,1603,",",operator,0,54,20
291,1604,1606,int,keyword,0,54,21
292,1607,1607,>,operator,0,54,24
293,1609,1609,p,identifier,0,54,26
294,1610,1610,=,operator,0,54,27
295,1611,1613,que,identifier,0,54,28
296,1614,1614,.,operator,0,54,31
297,1615,1617,top,identifier,0,54,32
298,1618,1618,(,operator,0,54,35
299,1619,1619,),operator,0,54,36
300,1620,1620,;,operator,0,54,37
301,1622,1624,que,identifier,0,54,39
302,1625,1625,.,operator,0,54,42
303,1626,1628,pop,identifier,0,54,43
304,1629,1629,(,operator,0,54,46
305,1630,1630,),operator,0,54,47
306,1631,1631,;,operator,0,54,48
307,1645,1647,int,keyword,0,55,12
308,1649,1649,v,identifier,0,55,16
309,1650,1650,=,operator,0,55,17
310,1651,1651,p,identifier,0,55,18
311,1652,1652,.,operator,0,55,19
312,1653,1658,second,identifier,0,55,20
313,1659,1659,;,operator,0,55,26
314,1673,1674,if,keyword,0,56,12
315,1675,1675,(,operator,0,56,14
316,1676,1676,d,identifier,0,56,15
317,1677,1677,[,operator,0,56,16
318,1678,1678,v,identifier,0,56,17
319,1679,1679,],operator,0,56,18
320,1680,1680,<,operator,0,56,19
321,1681,1681,p,identifier,0,56,20
322,1682,1682,.,operator,0,56,21
323,1683,1687,first,identifier,0,56,22
324,1688,1688,),operator,0,56,27
325,1689,1696,continue,keyword,0,56,28
326,1697,1697,;,operator,0,56,36
327,1711,1713,for,keyword,0,57,12
328,1714,1714,(,operator,0,57,15
329,1715,1717,int,keyword,0,57,16
330,1719,1719,i,identifier,0,57,20
331,1720,1720,=,operator,0,57,21
332,1721,1721,0,integer,0,57,22
333,1722,1722,;,operator,0,57,23
334,1723,1723,i,identifier,0,57,24
335,1724,1724,<,operator,0,57,25
336,1725,1725,G,identifier,0,57,26
337,1726,1726,[,operator,0,57,27
338,1727,1727,v,identifier,0,57,28
339,1728,1728,],operator,0,57,29
340,1729,1729,.,operator,0,57,30
341,1730,1733,size,identifier,0,57,31
342,1734,1734,(,operator,0,57,35
343,1735,1735,),operator,0,57,36
344,1736,1736,;,operator,0,57,37
345,1737,1737,i,identifier,0,57,38
346,1738,1739,++,operator,0,57,39
347,1740,1740,),operator,0,57,41
348,1741,1741,{,operator,0,57,42
349,1759,1762,Edge,identifier,0,58,16
350,1764,1764,e,identifier,0,58,21
351,1765,1765,=,operator,0,58,22
352,1766,1766,G,identifier,0,58,23
353,1767,1767,[,operator,0,58,24
354,1768,1768,v,identifier,0,58,25
355,1769,1769,],operator,0,58,26
356,1770,1770,[,operator,0,58,27
357,1771,1771,i,identifier,0,58,28
358,1772,1772,],operator,0,58,29
359,1773,1773,;,operator,0,58,30
360,1791,1792,if,keyword,0,59,16
361,1793,1793,(,operator,0,59,18
362,1794,1794,d,identifier,0,59,19
363,1795,1795,[,operator,0,59,20
364,1796,1796,e,identifier,0,59,21
365,1797,1797,.,operator,0,59,22
366,1798,1799,to,identifier,0,59,23
367,1800,1800,],operator,0,59,25
368,1801,1801,>,operator,0,59,26
369,1802,1802,d,identifier,0,59,27
370,1803,1803,[,operator,0,59,28
371,1804,1804,v,identifier,0,59,29
372,1805,1805,],operator,0,59,30
373,1806,1806,+,operator,0,59,31
374,1807,1807,e,identifier,0,59,32
375,1808,1808,.,operator,0,59,33
376,1809,1812,cost,identifier,0,59,34
377,1813,1813,),operator,0,59,38
378,1814,1814,{,operator,0,59,39
379,1836,1836,d,identifier,0,60,20
380,1837,1837,[,operator,0,60,21
381,1838,1838,e,identifier,0,60,22
382,1839,1839,.,operator,0,60,23
383,1840,1841,to,identifier,0,60,24
384,1842,1842,],operator,0,60,26
385,1843,1843,=,operator,0,60,27
386,1844,1844,d,identifier,0,60,28
387,1845,1845,[,operator,0,60,29
388,1846,1846,v,identifier,0,60,30
389,1847,1847,],operator,0,60,31
390,1848,1848,+,operator,0,60,32
391,1849,1849,e,identifier,0,60,33
392,1850,1850,.,operator,0,60,34
393,1851,1854,cost,identifier,0,60,35
394,1855,1855,;,operator,0,60,39
395,1877,1879,que,identifier,0,61,20
396,1880,1880,.,operator,0,61,23
397,1881,1884,push,identifier,0,61,24
398,1885,1885,(,operator,0,61,28
399,1886,1894,make_pair,identifier,0,61,29
400,1895,1895,(,operator,0,61,38
401,1896,1896,d,identifier,0,61,39
402,1897,1897,[,operator,0,61,40
403,1898,1898,e,identifier,0,61,41
404,1899,1899,.,operator,0,61,42
405,1900,1901,to,identifier,0,61,43
406,1902,1902,],operator,0,61,45
407,1903,1903,",",operator,0,61,46
408,1904,1904,e,identifier,0,61,47
409,1905,1905,.,operator,0,61,48
410,1906,1907,to,identifier,0,61,49
411,1908,1908,),operator,0,61,51
412,1909,1909,),operator,0,61,52
413,1910,1910,;,operator,0,61,53
414,1928,1928,},operator,0,62,16
415,1942,1942,},operator,0,63,12
416,1952,1952,},operator,0,64,8
417,1958,1958,},operator,0,65,4
418,1964,1966,int,keyword,0,66,4
419,1968,1971,dist,identifier,0,66,8
420,1972,1972,(,operator,0,66,12
421,1973,1975,int,keyword,0,66,13
422,1977,1977,a,identifier,0,66,17
423,1978,1978,),operator,0,66,18
424,1979,1979,{,operator,0,66,19
425,1989,1994,return,keyword,0,67,8
426,1996,1996,d,identifier,0,67,15
427,1997,1997,[,operator,0,67,16
428,1998,1998,a,identifier,0,67,17
429,1999,1999,],operator,0,67,18
430,2000,2000,;,operator,0,67,19
431,2006,2006,},operator,0,68,4
432,2008,2008,},operator,0,69,0
433,2009,2009,;,operator,0,69,1
434,2012,2017,vector,identifier,0,71,0
435,2018,2018,<,operator,0,71,6
436,2019,2021,int,keyword,0,71,7
437,2022,2022,>,operator,0,71,10
438,2024,2024,G,identifier,0,71,12
439,2025,2025,[,operator,0,71,13
440,2026,2031,100010,integer,0,71,14
441,2032,2032,],operator,0,71,20
442,2033,2033,;,operator,0,71,21
443,2036,2038,int,keyword,0,73,0
444,2040,2043,main,identifier,0,73,4
445,2044,2044,(,operator,0,73,8
446,2045,2045,),operator,0,73,9
447,2046,2046,{,operator,0,73,10
448,2057,2059,int,keyword,0,75,4
449,2061,2061,N,identifier,0,75,8
450,2062,2062,",",operator,0,75,9
451,2063,2063,K,identifier,0,75,10
452,2064,2064,;,operator,0,75,11
453,2070,2072,cin,identifier,0,76,4
454,2073,2073,>,operator,0,76,7
455,2074,2074,>,operator,0,76,8
456,2075,2075,N,identifier,0,76,9
457,2076,2076,;,operator,0,76,10
458,2082,2087,vector,identifier,0,77,4
459,2088,2088,<,operator,0,77,10
460,2089,2091,int,keyword,0,77,11
461,2092,2092,>,operator,0,77,14
462,2094,2094,A,identifier,0,77,16
463,2095,2095,(,operator,0,77,17
464,2096,2096,N,identifier,0,77,18
465,2097,2097,),operator,0,77,19
466,2098,2098,",",operator,0,77,20
467,2099,2099,B,identifier,0,77,21
468,2100,2100,(,operator,0,77,22
469,2101,2101,N,identifier,0,77,23
470,2102,2102,),operator,0,77,24
471,2103,2103,;,operator,0,77,25
472,2109,2111,REP,identifier,0,78,4
473,2112,2112,(,operator,0,78,7
474,2113,2113,i,identifier,0,78,8
475,2114,2114,",",operator,0,78,9
476,2115,2115,N,identifier,0,78,10
477,2116,2116,-,operator,0,78,11
478,2117,2117,1,integer,0,78,12
479,2118,2118,),operator,0,78,13
480,2119,2121,cin,identifier,0,78,14
481,2122,2122,>,operator,0,78,17
482,2123,2123,>,operator,0,78,18
483,2124,2124,A,identifier,0,78,19
484,2125,2125,[,operator,0,78,20
485,2126,2126,i,identifier,0,78,21
486,2127,2127,],operator,0,78,22
487,2128,2128,>,operator,0,78,23
488,2129,2129,>,operator,0,78,24
489,2130,2130,B,identifier,0,78,25
490,2131,2131,[,operator,0,78,26
491,2132,2132,i,identifier,0,78,27
492,2133,2133,],operator,0,78,28
493,2134,2134,;,operator,0,78,29
494,2140,2142,cin,identifier,0,79,4
495,2143,2143,>,operator,0,79,7
496,2144,2144,>,operator,0,79,8
497,2145,2145,K,identifier,0,79,9
498,2146,2146,;,operator,0,79,10
499,2152,2157,vector,identifier,0,80,4
500,2158,2158,<,operator,0,80,10
501,2159,2161,int,keyword,0,80,11
502,2162,2162,>,operator,0,80,14
503,2164,2164,V,identifier,0,80,16
504,2165,2165,(,operator,0,80,17
505,2166,2166,N,identifier,0,80,18
506,2167,2167,),operator,0,80,19
507,2168,2168,",",operator,0,80,20
508,2169,2169,P,identifier,0,80,21
509,2170,2170,(,operator,0,80,22
510,2171,2171,N,identifier,0,80,23
511,2172,2172,),operator,0,80,24
512,2173,2173,;,operator,0,80,25
513,2179,2181,REP,identifier,0,81,4
514,2182,2182,(,operator,0,81,7
515,2183,2183,i,identifier,0,81,8
516,2184,2184,",",operator,0,81,9
517,2185,2185,K,identifier,0,81,10
518,2186,2186,),operator,0,81,11
519,2187,2189,cin,identifier,0,81,12
520,2190,2190,>,operator,0,81,15
521,2191,2191,>,operator,0,81,16
522,2192,2192,V,identifier,0,81,17
523,2193,2193,[,operator,0,81,18
524,2194,2194,i,identifier,0,81,19
525,2195,2195,],operator,0,81,20
526,2196,2196,>,operator,0,81,21
527,2197,2197,>,operator,0,81,22
528,2198,2198,P,identifier,0,81,23
529,2199,2199,[,operator,0,81,24
530,2200,2200,i,identifier,0,81,25
531,2201,2201,],operator,0,81,26
532,2202,2202,;,operator,0,81,27
533,2213,2220,Dijkstra,identifier,0,83,4
534,2222,2225,inst,identifier,0,83,13
535,2226,2226,(,operator,0,83,17
536,2227,2232,100010,integer,0,83,18
537,2233,2233,),operator,0,83,24
538,2234,2234,;,operator,0,83,25
539,2240,2242,REP,identifier,0,84,4
540,2243,2243,(,operator,0,84,7
541,2244,2244,i,identifier,0,84,8
542,2245,2245,",",operator,0,84,9
543,2246,2246,N,identifier,0,84,10
544,2247,2247,-,operator,0,84,11
545,2248,2248,1,integer,0,84,12
546,2249,2249,),operator,0,84,13
547,2250,2250,{,operator,0,84,14
548,2260,2263,inst,identifier,0,85,8
549,2264,2264,.,operator,0,85,12
550,2265,2279,add_edge_twoway,identifier,0,85,13
551,2280,2280,(,operator,0,85,28
552,2281,2281,A,identifier,0,85,29
553,2282,2282,[,operator,0,85,30
554,2283,2283,i,identifier,0,85,31
555,2284,2284,],operator,0,85,32
556,2285,2285,",",operator,0,85,33
557,2286,2286,B,identifier,0,85,34
558,2287,2287,[,operator,0,85,35
559,2288,2288,i,identifier,0,85,36
560,2289,2289,],operator,0,85,37
561,2290,2290,",",operator,0,85,38
562,2291,2291,1,integer,0,85,39
563,2292,2292,),operator,0,85,40
564,2293,2293,;,operator,0,85,41
565,2303,2303,G,identifier,0,86,8
566,2304,2304,[,operator,0,86,9
567,2305,2305,A,identifier,0,86,10
568,2306,2306,[,operator,0,86,11
569,2307,2307,i,identifier,0,86,12
570,2308,2308,],operator,0,86,13
571,2309,2309,],operator,0,86,14
572,2310,2310,.,operator,0,86,15
573,2311,2319,push_back,identifier,0,86,16
574,2320,2320,(,operator,0,86,25
575,2321,2321,B,identifier,0,86,26
576,2322,2322,[,operator,0,86,27
577,2323,2323,i,identifier,0,86,28
578,2324,2324,],operator,0,86,29
579,2325,2325,),operator,0,86,30
580,2326,2326,;,operator,0,86,31
581,2336,2336,G,identifier,0,87,8
582,2337,2337,[,operator,0,87,9
583,2338,2338,B,identifier,0,87,10
584,2339,2339,[,operator,0,87,11
585,2340,2340,i,identifier,0,87,12
586,2341,2341,],operator,0,87,13
587,2342,2342,],operator,0,87,14
588,2343,2343,.,operator,0,87,15
589,2344,2352,push_back,identifier,0,87,16
590,2353,2353,(,operator,0,87,25
591,2354,2354,A,identifier,0,87,26
592,2355,2355,[,operator,0,87,27
593,2356,2356,i,identifier,0,87,28
594,2357,2357,],operator,0,87,29
595,2358,2358,),operator,0,87,30
596,2359,2359,;,operator,0,87,31
597,2365,2365,},operator,0,88,4
598,2376,2378,REP,identifier,0,90,4
599,2379,2379,(,operator,0,90,7
600,2380,2380,i,identifier,0,90,8
601,2381,2381,",",operator,0,90,9
602,2382,2382,K,identifier,0,90,10
603,2383,2383,),operator,0,90,11
604,2384,2384,{,operator,0,90,12
605,2394,2397,inst,identifier,0,91,8
606,2398,2398,.,operator,0,91,12
607,2399,2413,add_edge_twoway,identifier,0,91,13
608,2414,2414,(,operator,0,91,28
609,2415,2420,100005,integer,0,91,29
610,2421,2421,",",operator,0,91,35
611,2422,2422,V,identifier,0,91,36
612,2423,2423,[,operator,0,91,37
613,2424,2424,i,identifier,0,91,38
614,2425,2425,],operator,0,91,39
615,2426,2426,",",operator,0,91,40
616,2427,2427,P,identifier,0,91,41
617,2428,2428,[,operator,0,91,42
618,2429,2429,i,identifier,0,91,43
619,2430,2430,],operator,0,91,44
620,2431,2431,),operator,0,91,45
621,2432,2432,;,operator,0,91,46
622,2438,2438,},operator,0,92,4
623,2449,2452,inst,identifier,0,94,4
624,2453,2453,.,operator,0,94,8
625,2454,2457,init,identifier,0,94,9
626,2458,2458,(,operator,0,94,13
627,2459,2464,100005,integer,0,94,14
628,2465,2465,),operator,0,94,20
629,2466,2466,;,operator,0,94,21
630,2477,2479,REP,identifier,0,96,4
631,2480,2480,(,operator,0,96,7
632,2481,2481,i,identifier,0,96,8
633,2482,2482,",",operator,0,96,9
634,2483,2483,K,identifier,0,96,10
635,2484,2484,),operator,0,96,11
636,2485,2485,{,operator,0,96,12
637,2495,2496,if,keyword,0,97,8
638,2497,2497,(,operator,0,97,10
639,2498,2501,inst,identifier,0,97,11
640,2502,2502,.,operator,0,97,15
641,2503,2506,dist,identifier,0,97,16
642,2507,2507,(,operator,0,97,20
643,2508,2508,V,identifier,0,97,21
644,2509,2509,[,operator,0,97,22
645,2510,2510,i,identifier,0,97,23
646,2511,2511,],operator,0,97,24
647,2512,2512,),operator,0,97,25
648,2513,2514,"!=",operator,0,97,26
649,2515,2515,P,identifier,0,97,28
650,2516,2516,[,operator,0,97,29
651,2517,2517,i,identifier,0,97,30
652,2518,2518,],operator,0,97,31
653,2519,2519,),operator,0,97,32
654,2520,2520,{,operator,0,97,33
655,2534,2537,cout,identifier,0,98,12
656,2538,2538,<,operator,0,98,16
657,2539,2539,<,operator,0,98,17
658,2540,2543,"""No""",string,0,98,18
659,2544,2544,<,operator,0,98,22
660,2545,2545,<,operator,0,98,23
661,2546,2549,endl,identifier,0,98,24
662,2550,2550,;,operator,0,98,28
663,2564,2569,return,keyword,0,99,12
664,2571,2571,0,integer,0,99,19
665,2572,2572,;,operator,0,99,20
666,2582,2582,},operator,0,100,8
667,2588,2588,},operator,0,101,4
668,2599,2601,for,keyword,0,103,4
669,2602,2602,(,operator,0,103,7
670,2603,2605,int,keyword,0,103,8
671,2607,2607,i,identifier,0,103,12
672,2608,2608,=,operator,0,103,13
673,2609,2609,1,integer,0,103,14
674,2610,2610,;,operator,0,103,15
675,2611,2611,i,identifier,0,103,16
676,2612,2613,<=,operator,0,103,17
677,2614,2614,N,identifier,0,103,19
678,2615,2615,;,operator,0,103,20
679,2616,2616,i,identifier,0,103,21
680,2617,2618,++,operator,0,103,22
681,2619,2619,),operator,0,103,24
682,2620,2620,{,operator,0,103,25
683,2630,2632,int,keyword,0,104,8
684,2634,2636,val,identifier,0,104,12
685,2637,2637,=,operator,0,104,15
686,2638,2641,inst,identifier,0,104,16
687,2642,2642,.,operator,0,104,20
688,2643,2646,dist,identifier,0,104,21
689,2647,2647,(,operator,0,104,25
690,2648,2648,i,identifier,0,104,26
691,2649,2649,),operator,0,104,27
692,2650,2650,;,operator,0,104,28
693,2660,2662,REP,identifier,0,105,8
694,2663,2663,(,operator,0,105,11
695,2664,2664,j,identifier,0,105,12
696,2665,2665,",",operator,0,105,13
697,2666,2666,G,identifier,0,105,14
698,2667,2667,[,operator,0,105,15
699,2668,2668,i,identifier,0,105,16
700,2669,2669,],operator,0,105,17
701,2670,2670,.,operator,0,105,18
702,2671,2674,size,identifier,0,105,19
703,2675,2675,(,operator,0,105,23
704,2676,2676,),operator,0,105,24
705,2677,2677,),operator,0,105,25
706,2678,2678,{,operator,0,105,26
707,2692,2694,int,keyword,0,106,12
708,2696,2696,v,identifier,0,106,16
709,2697,2697,=,operator,0,106,17
710,2698,2698,G,identifier,0,106,18
711,2699,2699,[,operator,0,106,19
712,2700,2700,i,identifier,0,106,20
713,2701,2701,],operator,0,106,21
714,2702,2702,[,operator,0,106,22
715,2703,2703,j,identifier,0,106,23
716,2704,2704,],operator,0,106,24
717,2705,2705,;,operator,0,106,25
718,2719,2720,if,keyword,0,107,12
719,2721,2721,(,operator,0,107,14
720,2722,2724,abs,identifier,0,107,15
721,2725,2725,(,operator,0,107,18
722,2726,2729,inst,identifier,0,107,19
723,2730,2730,.,operator,0,107,23
724,2731,2734,dist,identifier,0,107,24
725,2735,2735,(,operator,0,107,28
726,2736,2736,v,identifier,0,107,29
727,2737,2737,),operator,0,107,30
728,2738,2738,-,operator,0,107,31
729,2739,2741,val,identifier,0,107,32
730,2742,2742,),operator,0,107,35
731,2743,2744,"!=",operator,0,107,36
732,2745,2745,1,integer,0,107,38
733,2746,2746,),operator,0,107,39
734,2747,2747,{,operator,0,107,40
735,2765,2768,cout,identifier,0,108,16
736,2769,2769,<,operator,0,108,20
737,2770,2770,<,operator,0,108,21
738,2771,2774,"""No""",string,0,108,22
739,2775,2775,<,operator,0,108,26
740,2776,2776,<,operator,0,108,27
741,2777,2780,endl,identifier,0,108,28
742,2781,2781,;,operator,0,108,32
743,2799,2804,return,keyword,0,109,16
744,2806,2806,0,integer,0,109,23
745,2807,2807,;,operator,0,109,24
746,2821,2821,},operator,0,110,12
747,2831,2831,},operator,0,111,8
748,2837,2837,},operator,0,112,4
749,2848,2851,cout,identifier,0,114,4
750,2852,2852,<,operator,0,114,8
751,2853,2853,<,operator,0,114,9
752,2854,2858,"""Yes""",string,0,114,10
753,2859,2859,<,operator,0,114,15
754,2860,2860,<,operator,0,114,16
755,2861,2864,endl,identifier,0,114,17
756,2865,2865,;,operator,0,114,21
757,2871,2873,for,keyword,0,115,4
758,2874,2874,(,operator,0,115,7
759,2875,2877,int,keyword,0,115,8
760,2879,2879,i,identifier,0,115,12
761,2880,2880,=,operator,0,115,13
762,2881,2881,1,integer,0,115,14
763,2882,2882,;,operator,0,115,15
764,2883,2883,i,identifier,0,115,16
765,2884,2885,<=,operator,0,115,17
766,2886,2886,N,identifier,0,115,19
767,2887,2887,;,operator,0,115,20
768,2888,2888,i,identifier,0,115,21
769,2889,2890,++,operator,0,115,22
770,2891,2891,),operator,0,115,24
771,2892,2892,{,operator,0,115,25
772,2902,2905,cout,identifier,0,116,8
773,2906,2906,<,operator,0,116,12
774,2907,2907,<,operator,0,116,13
775,2908,2911,inst,identifier,0,116,14
776,2912,2912,.,operator,0,116,18
777,2913,2916,dist,identifier,0,116,19
778,2917,2917,(,operator,0,116,23
779,2918,2918,i,identifier,0,116,24
780,2919,2919,),operator,0,116,25
781,2920,2920,<,operator,0,116,26
782,2921,2921,<,operator,0,116,27
783,2922,2925,endl,identifier,0,116,28
784,2926,2926,;,operator,0,116,32
785,2932,2932,},operator,0,117,4
786,2943,2948,return,keyword,0,119,4
787,2950,2950,0,integer,0,119,11
788,2951,2951,;,operator,0,119,12
789,2953,2953,},operator,0,120,0
790,2957,2956,<EOF>,eof,0,123,0
