seqnr,start,stop,text,class,channel,line,column
0,0,23,"#include <bits/stdc++.h>",directive,1,1,0
1,26,30,using,keyword,0,3,0
2,32,40,namespace,keyword,0,3,6
3,42,44,std,identifier,0,3,16
4,45,45,;,operator,0,3,19
5,48,54,typedef,keyword,0,5,0
6,56,59,pair,identifier,0,5,8
7,60,60,<,operator,0,5,12
8,61,64,long,keyword,0,5,13
9,66,69,long,keyword,0,5,18
10,70,70,",",operator,0,5,22
11,72,75,long,keyword,0,5,24
12,77,80,long,keyword,0,5,29
13,81,81,>,operator,0,5,33
14,83,87,range,identifier,0,5,35
15,88,88,;,operator,0,5,40
16,91,94,bool,keyword,0,7,0
17,96,97,ok,identifier,0,7,5
18,99,99,=,operator,0,7,8
19,101,104,true,keyword,0,7,10
20,105,105,;,operator,0,7,14
21,107,121,"#define l first",directive,1,8,0
22,123,138,"#define r second",directive,1,9,0
23,141,143,int,keyword,0,11,0
24,145,145,n,identifier,0,11,4
25,146,146,",",operator,0,11,5
26,148,148,k,identifier,0,11,7
27,149,149,;,operator,0,11,8
28,152,157,vector,identifier,0,12,0
29,158,158,<,operator,0,12,6
30,159,161,int,keyword,0,12,7
31,162,162,>,operator,0,12,10
32,164,164,g,identifier,0,12,12
33,165,165,[,operator,0,12,13
34,166,171,100005,integer,0,12,14
35,172,172,],operator,0,12,20
36,173,173,;,operator,0,12,21
37,175,179,range,identifier,0,13,0
38,181,181,a,identifier,0,13,6
39,182,182,[,operator,0,13,7
40,183,188,100005,integer,0,13,8
41,189,189,],operator,0,13,14
42,190,190,;,operator,0,13,15
43,192,195,bool,keyword,0,14,0
44,197,199,vis,identifier,0,14,5
45,200,200,[,operator,0,14,8
46,201,206,100005,integer,0,14,9
47,207,207,],operator,0,14,15
48,208,208,;,operator,0,14,16
49,210,212,int,keyword,0,15,0
50,214,214,h,identifier,0,15,4
51,215,215,[,operator,0,15,5
52,216,221,100005,integer,0,15,6
53,222,222,],operator,0,15,12
54,223,223,;,operator,0,15,13
55,226,229,bool,keyword,0,17,0
56,231,240,mergerange,identifier,0,17,5
57,241,241,(,operator,0,17,15
58,242,246,range,identifier,0,17,16
59,248,248,&,operator,0,17,22
60,249,249,a,identifier,0,17,23
61,250,250,",",operator,0,17,24
62,252,256,range,identifier,0,17,26
63,258,258,&,operator,0,17,32
64,259,259,b,identifier,0,17,33
65,260,260,),operator,0,17,34
66,262,262,{,operator,0,17,36
67,265,266,if,keyword,0,18,1
68,268,268,(,operator,0,18,4
69,269,269,a,identifier,0,18,5
70,270,270,.,operator,0,18,6
71,271,271,l,identifier,0,18,7
72,273,273,>,operator,0,18,9
73,275,275,b,identifier,0,18,11
74,276,276,.,operator,0,18,12
75,277,277,r,identifier,0,18,13
76,278,278,+,operator,0,18,14
77,279,279,1,integer,0,18,15
78,281,282,||,operator,0,18,17
79,284,284,a,identifier,0,18,20
80,285,285,.,operator,0,18,21
81,286,286,r,identifier,0,18,22
82,288,288,<,operator,0,18,24
83,290,290,b,identifier,0,18,26
84,291,291,.,operator,0,18,27
85,292,292,l,identifier,0,18,28
86,293,293,-,operator,0,18,29
87,294,294,1,integer,0,18,30
88,295,295,),operator,0,18,31
89,297,302,return,keyword,0,18,33
90,304,308,false,keyword,0,18,40
91,309,309,;,operator,0,18,45
92,312,313,if,keyword,0,19,1
93,315,315,(,operator,0,19,4
94,316,316,b,identifier,0,19,5
95,317,317,.,operator,0,19,6
96,318,318,l,identifier,0,19,7
97,320,320,>,operator,0,19,9
98,322,322,a,identifier,0,19,11
99,323,323,.,operator,0,19,12
100,324,324,r,identifier,0,19,13
101,325,325,+,operator,0,19,14
102,326,326,1,integer,0,19,15
103,328,329,||,operator,0,19,17
104,331,331,b,identifier,0,19,20
105,332,332,.,operator,0,19,21
106,333,333,r,identifier,0,19,22
107,335,335,<,operator,0,19,24
108,337,337,a,identifier,0,19,26
109,338,338,.,operator,0,19,27
110,339,339,l,identifier,0,19,28
111,340,340,-,operator,0,19,29
112,341,341,1,integer,0,19,30
113,342,342,),operator,0,19,31
114,344,349,return,keyword,0,19,33
115,351,355,false,keyword,0,19,40
116,356,356,;,operator,0,19,45
117,359,363,range,identifier,0,20,1
118,365,366,na,identifier,0,20,7
119,367,367,",",operator,0,20,9
120,369,370,nb,identifier,0,20,11
121,371,371,;,operator,0,20,13
122,374,375,na,identifier,0,21,1
123,377,377,=,operator,0,21,4
124,379,379,{,operator,0,21,6
125,380,382,max,identifier,0,21,7
126,383,383,(,operator,0,21,10
127,384,384,a,identifier,0,21,11
128,385,385,.,operator,0,21,12
129,386,386,l,identifier,0,21,13
130,387,387,",",operator,0,21,14
131,389,389,b,identifier,0,21,16
132,390,390,.,operator,0,21,17
133,391,391,l,identifier,0,21,18
134,392,392,-,operator,0,21,19
135,393,393,1,integer,0,21,20
136,394,394,),operator,0,21,21
137,395,395,",",operator,0,21,22
138,397,399,min,identifier,0,21,24
139,400,400,(,operator,0,21,27
140,401,401,a,identifier,0,21,28
141,402,402,.,operator,0,21,29
142,403,403,r,identifier,0,21,30
143,404,404,",",operator,0,21,31
144,406,406,b,identifier,0,21,33
145,407,407,.,operator,0,21,34
146,408,408,r,identifier,0,21,35
147,409,409,+,operator,0,21,36
148,410,410,1,integer,0,21,37
149,411,411,),operator,0,21,38
150,412,412,},operator,0,21,39
151,413,413,;,operator,0,21,40
152,416,417,nb,identifier,0,22,1
153,419,419,=,operator,0,22,4
154,421,421,{,operator,0,22,6
155,422,424,max,identifier,0,22,7
156,425,425,(,operator,0,22,10
157,426,426,b,identifier,0,22,11
158,427,427,.,operator,0,22,12
159,428,428,l,identifier,0,22,13
160,429,429,",",operator,0,22,14
161,431,431,a,identifier,0,22,16
162,432,432,.,operator,0,22,17
163,433,433,l,identifier,0,22,18
164,434,434,-,operator,0,22,19
165,435,435,1,integer,0,22,20
166,436,436,),operator,0,22,21
167,437,437,",",operator,0,22,22
168,439,441,min,identifier,0,22,24
169,442,442,(,operator,0,22,27
170,443,443,b,identifier,0,22,28
171,444,444,.,operator,0,22,29
172,445,445,r,identifier,0,22,30
173,446,446,",",operator,0,22,31
174,448,448,a,identifier,0,22,33
175,449,449,.,operator,0,22,34
176,450,450,r,identifier,0,22,35
177,451,451,+,operator,0,22,36
178,452,452,1,integer,0,22,37
179,453,453,),operator,0,22,38
180,454,454,},operator,0,22,39
181,455,455,;,operator,0,22,40
182,458,458,a,identifier,0,23,1
183,460,460,=,operator,0,23,3
184,462,463,na,identifier,0,23,5
185,464,464,;,operator,0,23,7
186,467,467,b,identifier,0,24,1
187,469,469,=,operator,0,24,3
188,471,472,nb,identifier,0,24,5
189,473,473,;,operator,0,24,7
190,476,481,return,keyword,0,25,1
191,483,486,true,keyword,0,25,8
192,487,487,;,operator,0,25,12
193,489,489,},operator,0,26,0
194,492,495,void,keyword,0,28,0
195,497,499,dfs,identifier,0,28,5
196,500,500,(,operator,0,28,8
197,501,503,int,keyword,0,28,9
198,505,505,u,identifier,0,28,13
199,506,506,),operator,0,28,14
200,508,508,{,operator,0,28,16
201,511,513,vis,identifier,0,29,1
202,514,514,[,operator,0,29,4
203,515,515,u,identifier,0,29,5
204,516,516,],operator,0,29,6
205,518,518,=,operator,0,29,8
206,520,520,1,integer,0,29,10
207,521,521,;,operator,0,29,11
208,524,526,for,keyword,0,30,1
209,528,528,(,operator,0,30,5
210,529,532,auto,keyword,0,30,6
211,534,534,v,identifier,0,30,11
212,536,536,:,operator,0,30,13
213,538,538,g,identifier,0,30,15
214,539,539,[,operator,0,30,16
215,540,540,u,identifier,0,30,17
216,541,541,],operator,0,30,18
217,542,542,),operator,0,30,19
218,544,544,{,operator,0,30,21
219,548,549,if,keyword,0,31,2
220,551,551,(,operator,0,31,5
221,552,552,"!",operator,0,31,6
222,553,555,vis,identifier,0,31,7
223,556,556,[,operator,0,31,10
224,557,557,v,identifier,0,31,11
225,558,558,],operator,0,31,12
226,559,559,),operator,0,31,13
227,561,561,{,operator,0,31,15
228,566,567,if,keyword,0,32,3
229,569,569,(,operator,0,32,6
230,570,570,h,identifier,0,32,7
231,571,571,[,operator,0,32,8
232,572,572,v,identifier,0,32,9
233,573,573,],operator,0,32,10
234,575,576,"!=",operator,0,32,12
235,578,578,-,operator,0,32,15
236,579,584,100001,integer,0,32,16
237,586,587,&&,operator,0,32,23
238,589,589,h,identifier,0,32,26
239,590,590,[,operator,0,32,27
240,591,591,u,identifier,0,32,28
241,592,592,],operator,0,32,29
242,594,595,"!=",operator,0,32,31
243,597,597,-,operator,0,32,34
244,598,603,100001,integer,0,32,35
245,604,604,),operator,0,32,41
246,606,606,{,operator,0,32,43
247,612,613,if,keyword,0,33,4
248,615,615,(,operator,0,33,7
249,616,618,abs,identifier,0,33,8
250,619,619,(,operator,0,33,11
251,620,620,h,identifier,0,33,12
252,621,621,[,operator,0,33,13
253,622,622,v,identifier,0,33,14
254,623,623,],operator,0,33,15
255,624,624,-,operator,0,33,16
256,625,625,h,identifier,0,33,17
257,626,626,[,operator,0,33,18
258,627,627,u,identifier,0,33,19
259,628,628,],operator,0,33,20
260,629,629,),operator,0,33,21
261,631,632,"!=",operator,0,33,23
262,634,634,1,integer,0,33,26
263,635,635,),operator,0,33,27
264,637,638,ok,identifier,0,33,29
265,640,640,=,operator,0,33,32
266,642,646,false,keyword,0,33,34
267,647,647,;,operator,0,33,39
268,652,652,},operator,0,34,3
269,657,658,ok,identifier,0,35,3
270,660,661,&=,operator,0,35,6
271,663,672,mergerange,identifier,0,35,9
272,673,673,(,operator,0,35,19
273,674,674,a,identifier,0,35,20
274,675,675,[,operator,0,35,21
275,676,676,v,identifier,0,35,22
276,677,677,],operator,0,35,23
277,678,678,",",operator,0,35,24
278,680,680,a,identifier,0,35,26
279,681,681,[,operator,0,35,27
280,682,682,u,identifier,0,35,28
281,683,683,],operator,0,35,29
282,684,684,),operator,0,35,30
283,685,685,;,operator,0,35,31
284,810,812,dfs,identifier,0,38,3
285,813,813,(,operator,0,38,6
286,814,814,v,identifier,0,38,7
287,815,815,),operator,0,38,8
288,816,816,;,operator,0,38,9
289,821,823,vis,identifier,0,39,3
290,824,824,[,operator,0,39,6
291,825,825,v,identifier,0,39,7
292,826,826,],operator,0,39,8
293,828,828,=,operator,0,39,10
294,830,830,0,integer,0,39,12
295,831,831,;,operator,0,39,13
296,835,835,},operator,0,40,2
297,838,838,},operator,0,41,1
298,841,843,for,keyword,0,42,1
299,845,845,(,operator,0,42,5
300,846,849,auto,keyword,0,42,6
301,851,851,v,identifier,0,42,11
302,853,853,:,operator,0,42,13
303,855,855,g,identifier,0,42,15
304,856,856,[,operator,0,42,16
305,857,857,u,identifier,0,42,17
306,858,858,],operator,0,42,18
307,859,859,),operator,0,42,19
308,861,861,{,operator,0,42,21
309,865,866,if,keyword,0,43,2
310,868,868,(,operator,0,43,5
311,869,869,"!",operator,0,43,6
312,870,872,vis,identifier,0,43,7
313,873,873,[,operator,0,43,10
314,874,874,v,identifier,0,43,11
315,875,875,],operator,0,43,12
316,876,876,),operator,0,43,13
317,878,878,{,operator,0,43,15
318,883,885,vis,identifier,0,44,3
319,886,886,[,operator,0,44,6
320,887,887,v,identifier,0,44,7
321,888,888,],operator,0,44,8
322,890,890,=,operator,0,44,10
323,892,892,1,integer,0,44,12
324,893,893,;,operator,0,44,13
325,898,899,ok,identifier,0,45,3
326,901,902,&=,operator,0,45,6
327,904,913,mergerange,identifier,0,45,9
328,914,914,(,operator,0,45,19
329,915,915,a,identifier,0,45,20
330,916,916,[,operator,0,45,21
331,917,917,v,identifier,0,45,22
332,918,918,],operator,0,45,23
333,919,919,",",operator,0,45,24
334,921,921,a,identifier,0,45,26
335,922,922,[,operator,0,45,27
336,923,923,u,identifier,0,45,28
337,924,924,],operator,0,45,29
338,925,925,),operator,0,45,30
339,926,926,;,operator,0,45,31
340,1050,1050,},operator,0,48,2
341,1053,1053,},operator,0,49,1
342,1055,1055,},operator,0,50,0
343,1058,1061,void,keyword,0,52,0
344,1063,1068,getres,identifier,0,52,5
345,1069,1069,(,operator,0,52,11
346,1070,1072,int,keyword,0,52,12
347,1074,1074,u,identifier,0,52,16
348,1075,1075,),operator,0,52,17
349,1077,1077,{,operator,0,52,19
350,1080,1082,vis,identifier,0,53,1
351,1083,1083,[,operator,0,53,4
352,1084,1084,u,identifier,0,53,5
353,1085,1085,],operator,0,53,6
354,1087,1087,=,operator,0,53,8
355,1089,1089,1,integer,0,53,10
356,1090,1090,;,operator,0,53,11
357,1093,1095,for,keyword,0,54,1
358,1097,1097,(,operator,0,54,5
359,1098,1101,auto,keyword,0,54,6
360,1103,1103,v,identifier,0,54,11
361,1105,1105,:,operator,0,54,13
362,1107,1107,g,identifier,0,54,15
363,1108,1108,[,operator,0,54,16
364,1109,1109,u,identifier,0,54,17
365,1110,1110,],operator,0,54,18
366,1111,1111,),operator,0,54,19
367,1113,1113,{,operator,0,54,21
368,1117,1118,if,keyword,0,55,2
369,1120,1120,(,operator,0,55,5
370,1121,1121,"!",operator,0,55,6
371,1122,1124,vis,identifier,0,55,7
372,1125,1125,[,operator,0,55,10
373,1126,1126,v,identifier,0,55,11
374,1127,1127,],operator,0,55,12
375,1128,1128,),operator,0,55,13
376,1130,1130,{,operator,0,55,15
377,1135,1136,if,keyword,0,56,3
378,1138,1138,(,operator,0,56,6
379,1139,1139,h,identifier,0,56,7
380,1140,1140,[,operator,0,56,8
381,1141,1141,u,identifier,0,56,9
382,1142,1142,],operator,0,56,10
383,1143,1143,+,operator,0,56,11
384,1144,1144,1,integer,0,56,12
385,1146,1147,>=,operator,0,56,14
386,1149,1149,a,identifier,0,56,17
387,1150,1150,[,operator,0,56,18
388,1151,1151,v,identifier,0,56,19
389,1152,1152,],operator,0,56,20
390,1153,1153,.,operator,0,56,21
391,1154,1154,l,identifier,0,56,22
392,1156,1157,&&,operator,0,56,24
393,1159,1159,h,identifier,0,56,27
394,1160,1160,[,operator,0,56,28
395,1161,1161,u,identifier,0,56,29
396,1162,1162,],operator,0,56,30
397,1163,1163,+,operator,0,56,31
398,1164,1164,1,integer,0,56,32
399,1166,1167,<=,operator,0,56,34
400,1169,1169,a,identifier,0,56,37
401,1170,1170,[,operator,0,56,38
402,1171,1171,v,identifier,0,56,39
403,1172,1172,],operator,0,56,40
404,1173,1173,.,operator,0,56,41
405,1174,1174,r,identifier,0,56,42
406,1175,1175,),operator,0,56,43
407,1177,1177,{,operator,0,56,45
408,1183,1183,h,identifier,0,57,4
409,1184,1184,[,operator,0,57,5
410,1185,1185,v,identifier,0,57,6
411,1186,1186,],operator,0,57,7
412,1188,1188,=,operator,0,57,9
413,1190,1190,h,identifier,0,57,11
414,1191,1191,[,operator,0,57,12
415,1192,1192,u,identifier,0,57,13
416,1193,1193,],operator,0,57,14
417,1194,1194,+,operator,0,57,15
418,1195,1195,1,integer,0,57,16
419,1196,1196,;,operator,0,57,17
420,1201,1201,},operator,0,58,3
421,1206,1209,else,keyword,0,59,3
422,1211,1211,{,operator,0,59,8
423,1217,1217,h,identifier,0,60,4
424,1218,1218,[,operator,0,60,5
425,1219,1219,v,identifier,0,60,6
426,1220,1220,],operator,0,60,7
427,1222,1222,=,operator,0,60,9
428,1224,1224,h,identifier,0,60,11
429,1225,1225,[,operator,0,60,12
430,1226,1226,u,identifier,0,60,13
431,1227,1227,],operator,0,60,14
432,1228,1228,-,operator,0,60,15
433,1229,1229,1,integer,0,60,16
434,1230,1230,;,operator,0,60,17
435,1235,1235,},operator,0,61,3
436,1240,1245,getres,identifier,0,62,3
437,1246,1246,(,operator,0,62,9
438,1247,1247,v,identifier,0,62,10
439,1248,1248,),operator,0,62,11
440,1249,1249,;,operator,0,62,12
441,1253,1253,},operator,0,63,2
442,1256,1256,},operator,0,64,1
443,1258,1258,},operator,0,65,0
444,1261,1266,signed,keyword,0,67,0
445,1268,1271,main,identifier,0,67,7
446,1272,1272,(,operator,0,67,11
447,1273,1273,),operator,0,67,12
448,1275,1275,{,operator,0,67,14
449,1278,1282,scanf,identifier,0,68,1
450,1283,1283,(,operator,0,68,6
451,1284,1287,"""%d""",string,0,68,7
452,1288,1288,",",operator,0,68,11
453,1290,1290,&,operator,0,68,13
454,1291,1291,n,identifier,0,68,14
455,1292,1292,),operator,0,68,15
456,1293,1293,;,operator,0,68,16
457,1296,1298,int,keyword,0,69,1
458,1300,1300,x,identifier,0,69,5
459,1301,1301,",",operator,0,69,6
460,1303,1303,y,identifier,0,69,8
461,1304,1304,;,operator,0,69,9
462,1307,1309,for,keyword,0,70,1
463,1311,1311,(,operator,0,70,5
464,1312,1314,int,keyword,0,70,6
465,1316,1316,i,identifier,0,70,10
466,1318,1318,=,operator,0,70,12
467,1320,1320,1,integer,0,70,14
468,1321,1321,;,operator,0,70,15
469,1323,1323,i,identifier,0,70,17
470,1325,1325,<,operator,0,70,19
471,1327,1327,n,identifier,0,70,21
472,1328,1328,;,operator,0,70,22
473,1330,1330,i,identifier,0,70,24
474,1331,1332,++,operator,0,70,25
475,1333,1333,),operator,0,70,27
476,1335,1335,{,operator,0,70,29
477,1339,1343,scanf,identifier,0,71,2
478,1344,1344,(,operator,0,71,7
479,1345,1350,"""%d%d""",string,0,71,8
480,1351,1351,",",operator,0,71,14
481,1353,1353,&,operator,0,71,16
482,1354,1354,x,identifier,0,71,17
483,1355,1355,",",operator,0,71,18
484,1357,1357,&,operator,0,71,20
485,1358,1358,y,identifier,0,71,21
486,1359,1359,),operator,0,71,22
487,1360,1360,;,operator,0,71,23
488,1364,1364,g,identifier,0,72,2
489,1365,1365,[,operator,0,72,3
490,1366,1366,x,identifier,0,72,4
491,1367,1367,],operator,0,72,5
492,1368,1368,.,operator,0,72,6
493,1369,1377,push_back,identifier,0,72,7
494,1378,1378,(,operator,0,72,16
495,1379,1379,y,identifier,0,72,17
496,1380,1380,),operator,0,72,18
497,1381,1381,;,operator,0,72,19
498,1385,1385,g,identifier,0,73,2
499,1386,1386,[,operator,0,73,3
500,1387,1387,y,identifier,0,73,4
501,1388,1388,],operator,0,73,5
502,1389,1389,.,operator,0,73,6
503,1390,1398,push_back,identifier,0,73,7
504,1399,1399,(,operator,0,73,16
505,1400,1400,x,identifier,0,73,17
506,1401,1401,),operator,0,73,18
507,1402,1402,;,operator,0,73,19
508,1405,1405,},operator,0,74,1
509,1409,1411,for,keyword,0,75,1
510,1413,1413,(,operator,0,75,5
511,1414,1416,int,keyword,0,75,6
512,1418,1418,i,identifier,0,75,10
513,1420,1420,=,operator,0,75,12
514,1422,1422,1,integer,0,75,14
515,1423,1423,;,operator,0,75,15
516,1425,1425,i,identifier,0,75,17
517,1427,1428,<=,operator,0,75,19
518,1430,1430,n,identifier,0,75,22
519,1431,1431,;,operator,0,75,23
520,1433,1433,i,identifier,0,75,25
521,1434,1435,++,operator,0,75,26
522,1436,1436,),operator,0,75,28
523,1438,1438,{,operator,0,75,30
524,1442,1442,a,identifier,0,76,2
525,1443,1443,[,operator,0,76,3
526,1444,1444,i,identifier,0,76,4
527,1445,1445,],operator,0,76,5
528,1447,1447,=,operator,0,76,7
529,1449,1449,{,operator,0,76,9
530,1450,1450,-,operator,0,76,10
531,1451,1457,INT_MAX,identifier,0,76,11
532,1458,1458,",",operator,0,76,18
533,1460,1466,INT_MAX,identifier,0,76,20
534,1467,1467,},operator,0,76,27
535,1468,1468,;,operator,0,76,28
536,1471,1471,},operator,0,77,1
537,1474,1479,memset,identifier,0,78,1
538,1480,1480,(,operator,0,78,7
539,1481,1483,vis,identifier,0,78,8
540,1484,1484,",",operator,0,78,11
541,1486,1486,0,integer,0,78,13
542,1487,1487,",",operator,0,78,14
543,1489,1494,sizeof,keyword,0,78,16
544,1495,1495,(,operator,0,78,22
545,1496,1498,vis,identifier,0,78,23
546,1499,1499,),operator,0,78,26
547,1500,1500,),operator,0,78,27
548,1501,1501,;,operator,0,78,28
549,1504,1508,scanf,identifier,0,79,1
550,1509,1509,(,operator,0,79,6
551,1510,1513,"""%d""",string,0,79,7
552,1514,1514,",",operator,0,79,11
553,1516,1516,&,operator,0,79,13
554,1517,1517,k,identifier,0,79,14
555,1518,1518,),operator,0,79,15
556,1519,1519,;,operator,0,79,16
557,1522,1524,for,keyword,0,80,1
558,1526,1526,(,operator,0,80,5
559,1527,1529,int,keyword,0,80,6
560,1531,1531,i,identifier,0,80,10
561,1533,1533,=,operator,0,80,12
562,1535,1535,1,integer,0,80,14
563,1536,1536,;,operator,0,80,15
564,1538,1538,i,identifier,0,80,17
565,1540,1541,<=,operator,0,80,19
566,1543,1543,n,identifier,0,80,22
567,1544,1544,;,operator,0,80,23
568,1546,1546,i,identifier,0,80,25
569,1547,1548,++,operator,0,80,26
570,1549,1549,),operator,0,80,28
571,1551,1551,{,operator,0,80,30
572,1555,1555,h,identifier,0,81,2
573,1556,1556,[,operator,0,81,3
574,1557,1557,i,identifier,0,81,4
575,1558,1558,],operator,0,81,5
576,1560,1560,=,operator,0,81,7
577,1562,1562,-,operator,0,81,9
578,1563,1568,100001,integer,0,81,10
579,1569,1569,;,operator,0,81,16
580,1572,1572,},operator,0,82,1
581,1575,1577,for,keyword,0,83,1
582,1579,1579,(,operator,0,83,5
583,1580,1582,int,keyword,0,83,6
584,1584,1584,i,identifier,0,83,10
585,1586,1586,=,operator,0,83,12
586,1588,1588,1,integer,0,83,14
587,1589,1589,;,operator,0,83,15
588,1591,1591,i,identifier,0,83,17
589,1593,1594,<=,operator,0,83,19
590,1596,1596,k,identifier,0,83,22
591,1597,1597,;,operator,0,83,23
592,1599,1599,i,identifier,0,83,25
593,1600,1601,++,operator,0,83,26
594,1602,1602,),operator,0,83,28
595,1604,1604,{,operator,0,83,30
596,1608,1612,scanf,identifier,0,84,2
597,1613,1613,(,operator,0,84,7
598,1614,1619,"""%d%d""",string,0,84,8
599,1620,1620,",",operator,0,84,14
600,1622,1622,&,operator,0,84,16
601,1623,1623,x,identifier,0,84,17
602,1624,1624,",",operator,0,84,18
603,1626,1626,&,operator,0,84,20
604,1627,1627,y,identifier,0,84,21
605,1628,1628,),operator,0,84,22
606,1629,1629,;,operator,0,84,23
607,1633,1633,a,identifier,0,85,2
608,1634,1634,[,operator,0,85,3
609,1635,1635,x,identifier,0,85,4
610,1636,1636,],operator,0,85,5
611,1638,1638,=,operator,0,85,7
612,1640,1640,{,operator,0,85,9
613,1641,1641,y,identifier,0,85,10
614,1642,1642,",",operator,0,85,11
615,1644,1644,y,identifier,0,85,13
616,1645,1645,},operator,0,85,14
617,1646,1646,;,operator,0,85,15
618,1650,1650,h,identifier,0,86,2
619,1651,1651,[,operator,0,86,3
620,1652,1652,x,identifier,0,86,4
621,1653,1653,],operator,0,86,5
622,1655,1655,=,operator,0,86,7
623,1657,1657,y,identifier,0,86,9
624,1658,1658,;,operator,0,86,10
625,1661,1661,},operator,0,87,1
626,1664,1666,dfs,identifier,0,88,1
627,1667,1667,(,operator,0,88,4
628,1668,1668,1,integer,0,88,5
629,1669,1669,),operator,0,88,6
630,1670,1670,;,operator,0,88,7
631,1673,1674,if,keyword,0,89,1
632,1676,1676,(,operator,0,89,4
633,1677,1677,"!",operator,0,89,5
634,1678,1679,ok,identifier,0,89,6
635,1680,1680,),operator,0,89,8
636,1682,1682,{,operator,0,89,10
637,1686,1689,cout,identifier,0,90,2
638,1691,1691,<,operator,0,90,7
639,1692,1692,<,operator,0,90,8
640,1694,1697,"""No""",string,0,90,10
641,1698,1698,;,operator,0,90,14
642,1702,1707,return,keyword,0,91,2
643,1709,1709,0,integer,0,91,9
644,1710,1710,;,operator,0,91,10
645,1713,1713,},operator,0,92,1
646,1716,1719,else,keyword,0,93,1
647,1721,1721,{,operator,0,93,6
648,1725,1728,cout,identifier,0,94,2
649,1730,1730,<,operator,0,94,7
650,1731,1731,<,operator,0,94,8
651,1733,1739,"""Yes\n""",string,0,94,10
652,1740,1740,;,operator,0,94,17
653,1834,1839,memset,identifier,0,98,2
654,1840,1840,(,operator,0,98,8
655,1841,1843,vis,identifier,0,98,9
656,1844,1844,",",operator,0,98,12
657,1846,1846,0,integer,0,98,14
658,1847,1847,",",operator,0,98,15
659,1849,1854,sizeof,keyword,0,98,17
660,1855,1855,(,operator,0,98,23
661,1856,1858,vis,identifier,0,98,24
662,1859,1859,),operator,0,98,27
663,1860,1860,),operator,0,98,28
664,1861,1861,;,operator,0,98,29
665,1865,1866,if,keyword,0,99,2
666,1868,1868,(,operator,0,99,5
667,1869,1869,k,identifier,0,99,6
668,1871,1872,==,operator,0,99,8
669,1874,1874,0,integer,0,99,11
670,1875,1875,),operator,0,99,12
671,1877,1877,h,identifier,0,99,14
672,1878,1878,[,operator,0,99,15
673,1879,1879,1,integer,0,99,16
674,1880,1880,],operator,0,99,17
675,1882,1882,=,operator,0,99,19
676,1884,1884,0,integer,0,99,21
677,1885,1885,;,operator,0,99,22
678,1889,1891,for,keyword,0,100,2
679,1893,1893,(,operator,0,100,6
680,1894,1896,int,keyword,0,100,7
681,1898,1898,i,identifier,0,100,11
682,1900,1900,=,operator,0,100,13
683,1902,1902,1,integer,0,100,15
684,1903,1903,;,operator,0,100,16
685,1905,1905,i,identifier,0,100,18
686,1907,1908,<=,operator,0,100,20
687,1910,1910,n,identifier,0,100,23
688,1911,1911,;,operator,0,100,24
689,1913,1913,i,identifier,0,100,26
690,1914,1915,++,operator,0,100,27
691,1916,1916,),operator,0,100,29
692,1918,1918,{,operator,0,100,31
693,1923,1924,if,keyword,0,101,3
694,1926,1926,(,operator,0,101,6
695,1927,1927,h,identifier,0,101,7
696,1928,1928,[,operator,0,101,8
697,1929,1929,i,identifier,0,101,9
698,1930,1930,],operator,0,101,10
699,1932,1933,"!=",operator,0,101,12
700,1935,1935,-,operator,0,101,15
701,1936,1941,100001,integer,0,101,16
702,1942,1942,),operator,0,101,22
703,1944,1944,{,operator,0,101,24
704,1950,1955,getres,identifier,0,102,4
705,1956,1956,(,operator,0,102,10
706,1957,1957,i,identifier,0,102,11
707,1958,1958,),operator,0,102,12
708,1959,1959,;,operator,0,102,13
709,1965,1969,break,keyword,0,103,4
710,1970,1970,;,operator,0,103,9
711,1975,1975,},operator,0,104,3
712,1979,1979,},operator,0,105,2
713,1983,1985,for,keyword,0,106,2
714,1987,1987,(,operator,0,106,6
715,1988,1990,int,keyword,0,106,7
716,1992,1992,i,identifier,0,106,11
717,1994,1994,=,operator,0,106,13
718,1996,1996,1,integer,0,106,15
719,1997,1997,;,operator,0,106,16
720,1999,1999,i,identifier,0,106,18
721,2000,2001,<=,operator,0,106,19
722,2003,2003,n,identifier,0,106,22
723,2004,2004,;,operator,0,106,23
724,2006,2006,i,identifier,0,106,25
725,2007,2008,++,operator,0,106,26
726,2009,2009,),operator,0,106,28
727,2011,2011,{,operator,0,106,30
728,2016,2019,cout,identifier,0,107,3
729,2021,2021,<,operator,0,107,8
730,2022,2022,<,operator,0,107,9
731,2024,2024,h,identifier,0,107,11
732,2025,2025,[,operator,0,107,12
733,2026,2026,i,identifier,0,107,13
734,2027,2027,],operator,0,107,14
735,2029,2029,<,operator,0,107,16
736,2030,2030,<,operator,0,107,17
737,2032,2035,"""\n""",string,0,107,19
738,2036,2036,;,operator,0,107,23
739,2040,2040,},operator,0,108,2
740,2043,2043,},operator,0,109,1
741,2045,2045,},operator,0,110,0
742,2046,2045,<EOF>,eof,0,110,1
