seqnr,start,stop,text,class,channel,line,column
0,0,23,"#include <bits/stdc++.h>",directive,1,1,0
1,25,29,using,keyword,0,2,0
2,31,39,namespace,keyword,0,2,6
3,41,43,std,identifier,0,2,16
4,44,44,;,operator,0,2,19
5,47,51,using,keyword,0,4,0
6,53,54,VS,identifier,0,4,6
7,56,56,=,operator,0,4,9
8,58,63,vector,identifier,0,4,11
9,64,64,<,operator,0,4,17
10,65,70,string,identifier,0,4,18
11,71,71,>,operator,0,4,24
12,72,72,;,operator,0,4,25
13,77,81,using,keyword,0,4,30
14,83,84,LL,identifier,0,4,36
15,86,86,=,operator,0,4,39
16,88,91,long,keyword,0,4,41
17,93,96,long,keyword,0,4,46
18,97,97,;,operator,0,4,50
19,99,103,using,keyword,0,5,0
20,105,106,VI,identifier,0,5,6
21,108,108,=,operator,0,5,9
22,110,115,vector,identifier,0,5,11
23,116,116,<,operator,0,5,17
24,117,119,int,keyword,0,5,18
25,120,120,>,operator,0,5,21
26,121,121,;,operator,0,5,22
27,129,133,using,keyword,0,5,30
28,135,137,VVI,identifier,0,5,36
29,139,139,=,operator,0,5,40
30,141,146,vector,identifier,0,5,42
31,147,147,<,operator,0,5,48
32,148,149,VI,identifier,0,5,49
33,150,150,>,operator,0,5,51
34,151,151,;,operator,0,5,52
35,153,157,using,keyword,0,6,0
36,159,161,PII,identifier,0,6,6
37,163,163,=,operator,0,6,10
38,165,168,pair,identifier,0,6,12
39,169,169,<,operator,0,6,16
40,170,172,int,keyword,0,6,17
41,173,173,",",operator,0,6,20
42,175,177,int,keyword,0,6,22
43,178,178,>,operator,0,6,25
44,179,179,;,operator,0,6,26
45,183,187,using,keyword,0,6,30
46,189,191,PLL,identifier,0,6,36
47,193,193,=,operator,0,6,40
48,195,198,pair,identifier,0,6,42
49,199,199,<,operator,0,6,46
50,200,201,LL,identifier,0,6,47
51,202,202,",",operator,0,6,49
52,204,205,LL,identifier,0,6,51
53,206,206,>,operator,0,6,53
54,207,207,;,operator,0,6,54
55,209,213,using,keyword,0,7,0
56,215,216,VL,identifier,0,7,6
57,218,218,=,operator,0,7,9
58,220,225,vector,identifier,0,7,11
59,226,226,<,operator,0,7,17
60,227,228,LL,identifier,0,7,18
61,229,229,>,operator,0,7,20
62,230,230,;,operator,0,7,21
63,239,243,using,keyword,0,7,30
64,245,247,VVL,identifier,0,7,36
65,249,249,=,operator,0,7,40
66,251,256,vector,identifier,0,7,42
67,257,257,<,operator,0,7,48
68,258,259,VL,identifier,0,7,49
69,260,260,>,operator,0,7,51
70,261,261,;,operator,0,7,52
71,264,298,"#define ALL(a)  begin((a)),end((a))",directive,1,9,0
72,300,339,"#define RALL(a) (a).rbegin(), (a).rend()",directive,1,10,0
73,341,369,"#define SZ(a) int((a).size())",directive,1,11,0
74,371,400,"#define SORT(c) sort(ALL((c)))",directive,1,12,0
75,402,433,"#define RSORT(c) sort(RALL((c)))",directive,1,13,0
76,435,487,"#define UNIQ(c) (c).erase(unique(ALL((c))), end((c)))",directive,1,14,0
77,489,545,"#define FOR(i, s, e) for (int(i) = (s); (i) < (e); (i)++)",directive,1,15,0
78,547,604,"#define FORR(i, s, e) for (int(i) = (s); (i) > (e); (i)--)",directive,1,16,0
79,638,650,"#ifdef YANG33",directive,1,18,0
80,652,673,"#include ""mydebug.hpp""",directive,1,19,0
81,675,679,"#else",directive,1,20,0
82,681,694,"#define DD(x) ",directive,1,21,0
83,696,701,"#endif",directive,1,22,0
84,703,707,const,keyword,0,23,0
85,709,711,int,keyword,0,23,6
86,713,715,INF,identifier,0,23,10
87,717,717,=,operator,0,23,14
88,719,721,1e9,floating,0,23,16
89,722,722,;,operator,0,23,19
90,749,753,const,keyword,0,23,46
91,755,756,LL,identifier,0,23,52
92,758,761,LINF,identifier,0,23,55
93,763,763,=,operator,0,23,60
94,765,768,1e16,floating,0,23,62
95,769,769,;,operator,0,23,66
96,771,775,const,keyword,0,24,0
97,777,778,LL,identifier,0,24,6
98,780,782,MOD,identifier,0,24,9
99,784,784,=,operator,0,24,13
100,786,795,1000000007,integer,0,24,15
101,796,796,;,operator,0,24,25
102,817,821,const,keyword,0,24,46
103,823,828,double,keyword,0,24,52
104,830,831,PI,identifier,0,24,59
105,833,833,=,operator,0,24,62
106,835,838,acos,identifier,0,24,64
107,839,839,(,operator,0,24,68
108,840,840,-,operator,0,24,69
109,841,843,1.0,floating,0,24,70
110,844,844,),operator,0,24,73
111,845,845,;,operator,0,24,74
112,847,849,int,keyword,0,25,0
113,851,852,DX,identifier,0,25,4
114,853,853,[,operator,0,25,6
115,854,854,8,integer,0,25,7
116,855,855,],operator,0,25,8
117,857,857,=,operator,0,25,10
118,859,859,{,operator,0,25,12
119,861,861,0,integer,0,25,14
120,862,862,",",operator,0,25,15
121,864,864,0,integer,0,25,17
122,865,865,",",operator,0,25,18
123,867,867,1,integer,0,25,20
124,868,868,",",operator,0,25,21
125,870,870,-,operator,0,25,23
126,871,871,1,integer,0,25,24
127,872,872,",",operator,0,25,25
128,874,874,1,integer,0,25,27
129,875,875,",",operator,0,25,28
130,877,877,1,integer,0,25,30
131,878,878,",",operator,0,25,31
132,880,880,-,operator,0,25,33
133,881,881,1,integer,0,25,34
134,882,882,",",operator,0,25,35
135,884,884,-,operator,0,25,37
136,885,885,1,integer,0,25,38
137,887,887,},operator,0,25,40
138,888,888,;,operator,0,25,41
139,893,895,int,keyword,0,25,46
140,897,898,DY,identifier,0,25,50
141,899,899,[,operator,0,25,52
142,900,900,8,integer,0,25,53
143,901,901,],operator,0,25,54
144,903,903,=,operator,0,25,56
145,905,905,{,operator,0,25,58
146,907,907,1,integer,0,25,60
147,908,908,",",operator,0,25,61
148,910,910,-,operator,0,25,63
149,911,911,1,integer,0,25,64
150,912,912,",",operator,0,25,65
151,914,914,0,integer,0,25,67
152,915,915,",",operator,0,25,68
153,917,917,0,integer,0,25,70
154,918,918,",",operator,0,25,71
155,920,920,1,integer,0,25,73
156,921,921,",",operator,0,25,74
157,923,923,-,operator,0,25,76
158,924,924,1,integer,0,25,77
159,925,925,",",operator,0,25,78
160,927,927,1,integer,0,25,80
161,928,928,",",operator,0,25,81
162,930,930,-,operator,0,25,83
163,931,931,1,integer,0,25,84
164,933,933,},operator,0,25,86
165,934,934,;,operator,0,25,87
166,1096,1100,const,keyword,0,38,0
167,1102,1104,int,keyword,0,38,6
168,1106,1108,Max,identifier,0,38,10
169,1110,1110,=,operator,0,38,14
170,1112,1114,1e5,floating,0,38,16
171,1116,1116,+,operator,0,38,20
172,1118,1118,5,integer,0,38,22
173,1119,1119,;,operator,0,38,23
174,1122,1124,PLL,identifier,0,40,0
175,1126,1129,cond,identifier,0,40,4
176,1130,1130,[,operator,0,40,8
177,1131,1133,Max,identifier,0,40,9
178,1134,1134,],operator,0,40,12
179,1135,1135,;,operator,0,40,13
180,1142,1144,PLL,identifier,0,41,0
181,1146,1149,adje,identifier,0,41,4
182,1150,1150,[,operator,0,41,8
183,1151,1153,Max,identifier,0,41,9
184,1154,1154,],operator,0,41,12
185,1155,1155,;,operator,0,41,13
186,1162,1163,LL,identifier,0,42,0
187,1165,1167,fnl,identifier,0,42,3
188,1168,1168,[,operator,0,42,6
189,1169,1171,Max,identifier,0,42,7
190,1172,1172,],operator,0,42,10
191,1173,1173,;,operator,0,42,11
192,1180,1184,const,keyword,0,43,0
193,1186,1188,PLL,identifier,0,43,6
194,1190,1194,ERROR,identifier,0,43,10
195,1196,1196,=,operator,0,43,16
196,1198,1200,PLL,identifier,0,43,18
197,1201,1201,(,operator,0,43,21
198,1202,1202,-,operator,0,43,22
199,1203,1206,LINF,identifier,0,43,23
200,1207,1207,",",operator,0,43,27
201,1209,1209,-,operator,0,43,29
202,1210,1213,LINF,identifier,0,43,30
203,1214,1214,),operator,0,43,34
204,1215,1215,;,operator,0,43,35
205,1257,1260,void,keyword,0,46,0
206,1262,1263,f1,identifier,0,46,5
207,1264,1264,(,operator,0,46,7
208,1265,1267,int,keyword,0,46,8
209,1269,1269,v,identifier,0,46,12
210,1270,1270,",",operator,0,46,13
211,1272,1274,int,keyword,0,46,15
212,1276,1276,p,identifier,0,46,19
213,1277,1277,",",operator,0,46,20
214,1279,1282,bool,keyword,0,46,22
215,1284,1287,pari,identifier,0,46,27
216,1288,1288,",",operator,0,46,31
217,1290,1294,const,keyword,0,46,33
218,1296,1298,VVI,identifier,0,46,39
219,1299,1299,&,operator,0,46,42
220,1301,1301,G,identifier,0,46,44
221,1302,1302,),operator,0,46,45
222,1304,1304,{,operator,0,46,47
223,1307,1308,if,keyword,0,47,1
224,1310,1310,(,operator,0,47,4
225,1311,1314,cond,identifier,0,47,5
226,1315,1315,[,operator,0,47,9
227,1316,1316,v,identifier,0,47,10
228,1317,1317,],operator,0,47,11
229,1318,1318,.,operator,0,47,12
230,1319,1324,second,identifier,0,47,13
231,1326,1326,-,operator,0,47,20
232,1328,1331,cond,identifier,0,47,22
233,1332,1332,[,operator,0,47,26
234,1333,1333,v,identifier,0,47,27
235,1334,1334,],operator,0,47,28
236,1335,1335,.,operator,0,47,29
237,1336,1340,first,identifier,0,47,30
238,1342,1343,==,operator,0,47,36
239,1345,1345,0,integer,0,47,39
240,1346,1346,),operator,0,47,40
241,1348,1348,{,operator,0,47,42
242,1367,1367,},operator,0,49,1
243,1370,1373,else,keyword,0,50,1
244,1375,1375,{,operator,0,50,6
245,1434,1437,cond,identifier,0,53,2
246,1438,1438,[,operator,0,53,6
247,1439,1439,v,identifier,0,53,7
248,1440,1440,],operator,0,53,8
249,1441,1441,.,operator,0,53,9
250,1442,1446,first,identifier,0,53,10
251,1448,1448,=,operator,0,53,16
252,1450,1453,cond,identifier,0,53,18
253,1454,1454,[,operator,0,53,22
254,1455,1455,p,identifier,0,53,23
255,1456,1456,],operator,0,53,24
256,1457,1457,.,operator,0,53,25
257,1458,1462,first,identifier,0,53,26
258,1464,1464,-,operator,0,53,32
259,1466,1466,1,integer,0,53,34
260,1467,1467,;,operator,0,53,35
261,1471,1474,cond,identifier,0,54,2
262,1475,1475,[,operator,0,54,6
263,1476,1476,v,identifier,0,54,7
264,1477,1477,],operator,0,54,8
265,1478,1478,.,operator,0,54,9
266,1479,1484,second,identifier,0,54,10
267,1486,1486,=,operator,0,54,17
268,1488,1491,cond,identifier,0,54,19
269,1492,1492,[,operator,0,54,23
270,1493,1493,p,identifier,0,54,24
271,1494,1494,],operator,0,54,25
272,1495,1495,.,operator,0,54,26
273,1496,1501,second,identifier,0,54,27
274,1503,1503,+,operator,0,54,34
275,1505,1505,1,integer,0,54,36
276,1506,1506,;,operator,0,54,37
277,1509,1509,},operator,0,55,1
278,1513,1515,PLL,identifier,0,57,1
279,1517,1518,rg,identifier,0,57,5
280,1520,1520,=,operator,0,57,8
281,1522,1524,PLL,identifier,0,57,10
282,1525,1525,(,operator,0,57,13
283,1526,1526,-,operator,0,57,14
284,1527,1529,INF,identifier,0,57,15
285,1530,1530,",",operator,0,57,18
286,1532,1534,INF,identifier,0,57,20
287,1535,1535,),operator,0,57,23
288,1536,1536,;,operator,0,57,24
289,1539,1541,for,keyword,0,58,1
290,1543,1543,(,operator,0,58,5
291,1544,1546,int,keyword,0,58,6
292,1548,1549,nx,identifier,0,58,10
293,1551,1551,:,operator,0,58,13
294,1553,1553,G,identifier,0,58,15
295,1554,1554,[,operator,0,58,16
296,1555,1555,v,identifier,0,58,17
297,1556,1556,],operator,0,58,18
298,1557,1557,),operator,0,58,19
299,1559,1559,{,operator,0,58,21
300,1563,1564,if,keyword,0,59,2
301,1566,1566,(,operator,0,59,5
302,1567,1568,nx,identifier,0,59,6
303,1570,1571,==,operator,0,59,9
304,1573,1573,p,identifier,0,59,12
305,1574,1574,),operator,0,59,13
306,1575,1582,continue,keyword,0,59,14
307,1583,1583,;,operator,0,59,22
308,1587,1588,f1,identifier,0,60,2
309,1589,1589,(,operator,0,60,4
310,1590,1591,nx,identifier,0,60,5
311,1592,1592,",",operator,0,60,7
312,1594,1594,v,identifier,0,60,9
313,1595,1595,",",operator,0,60,10
314,1597,1597,"!",operator,0,60,12
315,1598,1601,pari,identifier,0,60,13
316,1602,1602,",",operator,0,60,17
317,1604,1604,G,identifier,0,60,19
318,1605,1605,),operator,0,60,20
319,1606,1606,;,operator,0,60,21
320,1621,1622,rg,identifier,0,62,2
321,1623,1623,.,operator,0,62,4
322,1624,1628,first,identifier,0,62,5
323,1630,1630,=,operator,0,62,11
324,1632,1634,max,identifier,0,62,13
325,1635,1635,(,operator,0,62,16
326,1636,1637,rg,identifier,0,62,17
327,1638,1638,.,operator,0,62,19
328,1639,1643,first,identifier,0,62,20
329,1644,1644,",",operator,0,62,25
330,1646,1649,adje,identifier,0,62,27
331,1650,1650,[,operator,0,62,31
332,1651,1652,nx,identifier,0,62,32
333,1653,1653,],operator,0,62,34
334,1654,1654,.,operator,0,62,35
335,1655,1659,first,identifier,0,62,36
336,1660,1660,),operator,0,62,41
337,1661,1661,;,operator,0,62,42
338,1665,1666,rg,identifier,0,63,2
339,1667,1667,.,operator,0,63,4
340,1668,1673,second,identifier,0,63,5
341,1675,1675,=,operator,0,63,12
342,1677,1679,min,identifier,0,63,14
343,1680,1680,(,operator,0,63,17
344,1681,1682,rg,identifier,0,63,18
345,1683,1683,.,operator,0,63,20
346,1684,1689,second,identifier,0,63,21
347,1690,1690,",",operator,0,63,27
348,1692,1695,adje,identifier,0,63,29
349,1696,1696,[,operator,0,63,33
350,1697,1698,nx,identifier,0,63,34
351,1699,1699,],operator,0,63,36
352,1700,1700,.,operator,0,63,37
353,1701,1706,second,identifier,0,63,38
354,1707,1707,),operator,0,63,44
355,1708,1708,;,operator,0,63,45
356,1712,1713,if,keyword,0,64,2
357,1715,1715,(,operator,0,64,5
358,1716,1717,rg,identifier,0,64,6
359,1718,1718,.,operator,0,64,8
360,1719,1723,first,identifier,0,64,9
361,1725,1725,>,operator,0,64,15
362,1727,1728,rg,identifier,0,64,17
363,1729,1729,.,operator,0,64,19
364,1730,1735,second,identifier,0,64,20
365,1736,1736,),operator,0,64,26
366,1738,1738,{,operator,0,64,28
367,1743,1747,break,keyword,0,65,3
368,1748,1748,;,operator,0,65,8
369,1752,1752,},operator,0,66,2
370,1755,1755,},operator,0,67,1
371,1758,1759,if,keyword,0,68,1
372,1761,1761,(,operator,0,68,4
373,1762,1763,rg,identifier,0,68,5
374,1764,1764,.,operator,0,68,7
375,1765,1769,first,identifier,0,68,8
376,1770,1770,>,operator,0,68,13
377,1771,1772,rg,identifier,0,68,14
378,1773,1773,.,operator,0,68,16
379,1774,1779,second,identifier,0,68,17
380,1780,1780,),operator,0,68,23
381,1782,1782,{,operator,0,68,25
382,1792,1795,adje,identifier,0,69,2
383,1796,1796,[,operator,0,69,6
384,1797,1797,v,identifier,0,69,7
385,1798,1798,],operator,0,69,8
386,1800,1800,=,operator,0,69,10
387,1802,1806,ERROR,identifier,0,69,12
388,1807,1807,;,operator,0,69,17
389,1810,1810,},operator,0,70,1
390,1813,1816,else,keyword,0,71,1
391,1818,1818,{,operator,0,71,6
392,1856,1857,rg,identifier,0,73,2
393,1858,1858,.,operator,0,73,4
394,1859,1863,first,identifier,0,73,5
395,1864,1865,--,operator,0,73,10
396,1866,1866,",",operator,0,73,12
397,1868,1869,rg,identifier,0,73,14
398,1870,1870,.,operator,0,73,16
399,1871,1876,second,identifier,0,73,17
400,1877,1878,++,operator,0,73,23
401,1879,1879,;,operator,0,73,25
402,1883,1886,adje,identifier,0,74,2
403,1887,1887,[,operator,0,74,6
404,1888,1888,v,identifier,0,74,7
405,1889,1889,],operator,0,74,8
406,1890,1890,.,operator,0,74,9
407,1891,1895,first,identifier,0,74,10
408,1897,1897,=,operator,0,74,16
409,1899,1901,max,identifier,0,74,18
410,1902,1902,(,operator,0,74,21
411,1903,1904,rg,identifier,0,74,22
412,1905,1905,.,operator,0,74,24
413,1906,1910,first,identifier,0,74,25
414,1911,1911,",",operator,0,74,30
415,1913,1916,cond,identifier,0,74,32
416,1917,1917,[,operator,0,74,36
417,1918,1918,v,identifier,0,74,37
418,1919,1919,],operator,0,74,38
419,1920,1920,.,operator,0,74,39
420,1921,1925,first,identifier,0,74,40
421,1926,1926,),operator,0,74,45
422,1927,1927,;,operator,0,74,46
423,1931,1934,adje,identifier,0,75,2
424,1935,1935,[,operator,0,75,6
425,1936,1936,v,identifier,0,75,7
426,1937,1937,],operator,0,75,8
427,1938,1938,.,operator,0,75,9
428,1939,1944,second,identifier,0,75,10
429,1946,1946,=,operator,0,75,17
430,1948,1950,min,identifier,0,75,19
431,1951,1951,(,operator,0,75,22
432,1952,1953,rg,identifier,0,75,23
433,1954,1954,.,operator,0,75,25
434,1955,1960,second,identifier,0,75,26
435,1961,1961,",",operator,0,75,32
436,1963,1966,cond,identifier,0,75,34
437,1967,1967,[,operator,0,75,38
438,1968,1968,v,identifier,0,75,39
439,1969,1969,],operator,0,75,40
440,1970,1970,.,operator,0,75,41
441,1971,1976,second,identifier,0,75,42
442,1977,1977,),operator,0,75,48
443,1978,1978,;,operator,0,75,49
444,1982,1983,if,keyword,0,76,2
445,1985,1985,(,operator,0,76,5
446,1986,1989,adje,identifier,0,76,6
447,1990,1990,[,operator,0,76,10
448,1991,1991,v,identifier,0,76,11
449,1992,1992,],operator,0,76,12
450,1993,1993,.,operator,0,76,13
451,1994,1998,first,identifier,0,76,14
452,2000,2000,>,operator,0,76,20
453,2002,2005,adje,identifier,0,76,22
454,2006,2006,[,operator,0,76,26
455,2007,2007,v,identifier,0,76,27
456,2008,2008,],operator,0,76,28
457,2009,2009,.,operator,0,76,29
458,2010,2015,second,identifier,0,76,30
459,2016,2016,),operator,0,76,36
460,2018,2018,{,operator,0,76,38
461,2023,2026,adje,identifier,0,77,3
462,2027,2027,[,operator,0,77,7
463,2028,2028,v,identifier,0,77,8
464,2029,2029,],operator,0,77,9
465,2031,2031,=,operator,0,77,11
466,2033,2037,ERROR,identifier,0,77,13
467,2038,2038,;,operator,0,77,18
468,2042,2042,},operator,0,78,2
469,2045,2045,},operator,0,79,1
470,2048,2048,},operator,0,81,0
471,2051,2054,void,keyword,0,83,0
472,2056,2057,f2,identifier,0,83,5
473,2058,2058,(,operator,0,83,7
474,2059,2061,int,keyword,0,83,8
475,2063,2063,v,identifier,0,83,12
476,2064,2064,",",operator,0,83,13
477,2066,2068,int,keyword,0,83,15
478,2070,2070,p,identifier,0,83,19
479,2071,2071,",",operator,0,83,20
480,2073,2077,const,keyword,0,83,22
481,2079,2081,VVI,identifier,0,83,28
482,2082,2082,&,operator,0,83,31
483,2083,2083,G,identifier,0,83,32
484,2084,2084,),operator,0,83,33
485,2086,2086,{,operator,0,83,35
486,2111,2112,if,keyword,0,85,1
487,2114,2114,(,operator,0,85,4
488,2115,2115,p,identifier,0,85,5
489,2117,2118,"!=",operator,0,85,7
490,2120,2120,-,operator,0,85,10
491,2121,2121,1,integer,0,85,11
492,2122,2122,),operator,0,85,12
493,2124,2124,{,operator,0,85,14
494,2128,2130,int,keyword,0,86,2
495,2132,2134,val,identifier,0,86,6
496,2136,2136,=,operator,0,86,10
497,2138,2140,fnl,identifier,0,86,12
498,2141,2141,[,operator,0,86,15
499,2142,2142,p,identifier,0,86,16
500,2143,2143,],operator,0,86,17
501,2144,2144,;,operator,0,86,18
502,2148,2149,if,keyword,0,87,2
503,2151,2151,(,operator,0,87,5
504,2152,2155,adje,identifier,0,87,6
505,2156,2156,[,operator,0,87,10
506,2157,2157,v,identifier,0,87,11
507,2158,2158,],operator,0,87,12
508,2159,2159,.,operator,0,87,13
509,2160,2164,first,identifier,0,87,14
510,2166,2167,<=,operator,0,87,20
511,2169,2171,val,identifier,0,87,23
512,2173,2173,+,operator,0,87,27
513,2175,2175,1,integer,0,87,29
514,2177,2178,&&,operator,0,87,31
515,2180,2182,val,identifier,0,87,34
516,2184,2184,+,operator,0,87,38
517,2186,2186,1,integer,0,87,40
518,2188,2189,<=,operator,0,87,42
519,2191,2194,adje,identifier,0,87,45
520,2195,2195,[,operator,0,87,49
521,2196,2196,v,identifier,0,87,50
522,2197,2197,],operator,0,87,51
523,2198,2198,.,operator,0,87,52
524,2199,2204,second,identifier,0,87,53
525,2205,2205,),operator,0,87,59
526,2207,2207,{,operator,0,87,61
527,2212,2214,fnl,identifier,0,88,3
528,2215,2215,[,operator,0,88,6
529,2216,2216,v,identifier,0,88,7
530,2217,2217,],operator,0,88,8
531,2219,2219,=,operator,0,88,10
532,2221,2223,val,identifier,0,88,12
533,2225,2225,+,operator,0,88,16
534,2227,2227,1,integer,0,88,18
535,2228,2228,;,operator,0,88,19
536,2232,2232,},operator,0,89,2
537,2236,2239,else,keyword,0,90,2
538,2241,2242,if,keyword,0,90,7
539,2244,2244,(,operator,0,90,10
540,2245,2248,adje,identifier,0,90,11
541,2249,2249,[,operator,0,90,15
542,2250,2250,v,identifier,0,90,16
543,2251,2251,],operator,0,90,17
544,2252,2252,.,operator,0,90,18
545,2253,2257,first,identifier,0,90,19
546,2259,2260,<=,operator,0,90,25
547,2262,2264,val,identifier,0,90,28
548,2266,2266,-,operator,0,90,32
549,2268,2268,1,integer,0,90,34
550,2270,2271,&&,operator,0,90,36
551,2273,2275,val,identifier,0,90,39
552,2277,2277,-,operator,0,90,43
553,2279,2279,1,integer,0,90,45
554,2281,2282,<=,operator,0,90,47
555,2284,2287,adje,identifier,0,90,50
556,2288,2288,[,operator,0,90,54
557,2289,2289,v,identifier,0,90,55
558,2290,2290,],operator,0,90,56
559,2291,2291,.,operator,0,90,57
560,2292,2297,second,identifier,0,90,58
561,2298,2298,),operator,0,90,64
562,2300,2300,{,operator,0,90,66
563,2305,2307,fnl,identifier,0,91,3
564,2308,2308,[,operator,0,91,6
565,2309,2309,v,identifier,0,91,7
566,2310,2310,],operator,0,91,8
567,2312,2312,=,operator,0,91,10
568,2314,2316,val,identifier,0,91,12
569,2318,2318,-,operator,0,91,16
570,2320,2320,1,integer,0,91,18
571,2321,2321,;,operator,0,91,19
572,2325,2325,},operator,0,92,2
573,2329,2332,else,keyword,0,93,2
574,2334,2334,{,operator,0,93,7
575,2339,2344,assert,'assert',0,94,3
576,2345,2345,(,operator,0,94,9
577,2346,2346,0,integer,0,94,10
578,2347,2347,),operator,0,94,11
579,2348,2348,;,operator,0,94,12
580,2352,2352,},operator,0,95,2
581,2355,2355,},operator,0,96,1
582,2358,2360,for,keyword,0,97,1
583,2362,2362,(,operator,0,97,5
584,2363,2365,int,keyword,0,97,6
585,2367,2368,nx,identifier,0,97,10
586,2370,2370,:,operator,0,97,13
587,2372,2372,G,identifier,0,97,15
588,2373,2373,[,operator,0,97,16
589,2374,2374,v,identifier,0,97,17
590,2375,2375,],operator,0,97,18
591,2376,2376,),operator,0,97,19
592,2378,2378,{,operator,0,97,21
593,2382,2383,if,keyword,0,98,2
594,2385,2385,(,operator,0,98,5
595,2386,2387,nx,identifier,0,98,6
596,2389,2390,==,operator,0,98,9
597,2392,2392,p,identifier,0,98,12
598,2393,2393,),operator,0,98,13
599,2394,2401,continue,keyword,0,98,14
600,2402,2402,;,operator,0,98,22
601,2406,2407,f2,identifier,0,99,2
602,2408,2408,(,operator,0,99,4
603,2409,2410,nx,identifier,0,99,5
604,2411,2411,",",operator,0,99,7
605,2413,2413,v,identifier,0,99,9
606,2414,2414,",",operator,0,99,10
607,2416,2416,G,identifier,0,99,12
608,2417,2417,),operator,0,99,13
609,2418,2418,;,operator,0,99,14
610,2421,2421,},operator,0,100,1
611,2423,2423,},operator,0,101,0
612,2427,2429,int,keyword,0,104,0
613,2431,2434,main,identifier,0,104,4
614,2435,2435,(,operator,0,104,8
615,2436,2436,),operator,0,104,9
616,2438,2438,{,operator,0,104,11
617,2441,2443,cin,identifier,0,105,1
618,2444,2444,.,operator,0,105,4
619,2445,2447,tie,identifier,0,105,5
620,2448,2448,(,operator,0,105,8
621,2449,2449,0,integer,0,105,9
622,2450,2450,),operator,0,105,10
623,2451,2451,;,operator,0,105,11
624,2454,2461,ios_base,identifier,0,106,1
625,2462,2463,::,operator,0,106,9
626,2464,2478,sync_with_stdio,identifier,0,106,11
627,2479,2479,(,operator,0,106,26
628,2480,2484,false,keyword,0,106,27
629,2485,2485,),operator,0,106,32
630,2486,2486,;,operator,0,106,33
631,2490,2491,LL,identifier,0,108,1
632,2493,2493,N,identifier,0,108,4
633,2494,2494,;,operator,0,108,5
634,2496,2498,cin,identifier,0,108,7
635,2500,2500,>,operator,0,108,11
636,2501,2501,>,operator,0,108,12
637,2503,2503,N,identifier,0,108,14
638,2504,2504,;,operator,0,108,15
639,2507,2509,VVI,identifier,0,109,1
640,2511,2511,G,identifier,0,109,5
641,2512,2512,(,operator,0,109,6
642,2513,2513,N,identifier,0,109,7
643,2514,2514,),operator,0,109,8
644,2515,2515,;,operator,0,109,9
645,2518,2520,FOR,identifier,0,110,1
646,2521,2521,(,operator,0,110,4
647,2522,2522,i,identifier,0,110,5
648,2523,2523,",",operator,0,110,6
649,2525,2525,0,integer,0,110,8
650,2526,2526,",",operator,0,110,9
651,2528,2528,N,identifier,0,110,11
652,2530,2530,-,operator,0,110,13
653,2532,2532,1,integer,0,110,15
654,2533,2533,),operator,0,110,16
655,2535,2535,{,operator,0,110,18
656,2539,2541,int,keyword,0,111,2
657,2543,2543,a,identifier,0,111,6
658,2544,2544,",",operator,0,111,7
659,2546,2546,b,identifier,0,111,9
660,2547,2547,;,operator,0,111,10
661,2549,2551,cin,identifier,0,111,12
662,2553,2553,>,operator,0,111,16
663,2554,2554,>,operator,0,111,17
664,2556,2556,a,identifier,0,111,19
665,2558,2558,>,operator,0,111,21
666,2559,2559,>,operator,0,111,22
667,2561,2561,b,identifier,0,111,24
668,2562,2562,;,operator,0,111,25
669,2566,2566,a,identifier,0,112,2
670,2567,2568,--,operator,0,112,3
671,2569,2569,",",operator,0,112,5
672,2571,2571,b,identifier,0,112,7
673,2572,2573,--,operator,0,112,8
674,2574,2574,;,operator,0,112,10
675,2578,2578,G,identifier,0,113,2
676,2579,2579,[,operator,0,113,3
677,2580,2580,a,identifier,0,113,4
678,2581,2581,],operator,0,113,5
679,2582,2582,.,operator,0,113,6
680,2583,2591,push_back,identifier,0,113,7
681,2592,2592,(,operator,0,113,16
682,2593,2593,b,identifier,0,113,17
683,2594,2594,),operator,0,113,18
684,2595,2595,;,operator,0,113,19
685,2599,2599,G,identifier,0,114,2
686,2600,2600,[,operator,0,114,3
687,2601,2601,b,identifier,0,114,4
688,2602,2602,],operator,0,114,5
689,2603,2603,.,operator,0,114,6
690,2604,2612,push_back,identifier,0,114,7
691,2613,2613,(,operator,0,114,16
692,2614,2614,a,identifier,0,114,17
693,2615,2615,),operator,0,114,18
694,2616,2616,;,operator,0,114,19
695,2619,2619,},operator,0,115,1
696,2622,2624,FOR,identifier,0,116,1
697,2625,2625,(,operator,0,116,4
698,2626,2626,i,identifier,0,116,5
699,2627,2627,",",operator,0,116,6
700,2629,2629,0,integer,0,116,8
701,2630,2630,",",operator,0,116,9
702,2632,2632,N,identifier,0,116,11
703,2633,2633,),operator,0,116,12
704,2635,2635,{,operator,0,116,14
705,2639,2642,cond,identifier,0,117,2
706,2643,2643,[,operator,0,117,6
707,2644,2644,i,identifier,0,117,7
708,2645,2645,],operator,0,117,8
709,2647,2647,=,operator,0,117,10
710,2649,2651,PLL,identifier,0,117,12
711,2652,2652,(,operator,0,117,15
712,2653,2653,-,operator,0,117,16
713,2654,2656,INF,identifier,0,117,17
714,2657,2657,",",operator,0,117,20
715,2659,2661,INF,identifier,0,117,22
716,2662,2662,),operator,0,117,25
717,2663,2663,;,operator,0,117,26
718,2666,2666,},operator,0,118,1
719,2669,2671,int,keyword,0,119,1
720,2673,2673,K,identifier,0,119,5
721,2674,2674,;,operator,0,119,6
722,2676,2678,cin,identifier,0,119,8
723,2680,2680,>,operator,0,119,12
724,2681,2681,>,operator,0,119,13
725,2683,2683,K,identifier,0,119,15
726,2684,2684,;,operator,0,119,16
727,2687,2689,int,keyword,0,120,1
728,2691,2694,root,identifier,0,120,5
729,2696,2696,=,operator,0,120,10
730,2698,2698,0,integer,0,120,12
731,2699,2699,;,operator,0,120,13
732,2702,2704,FOR,identifier,0,121,1
733,2705,2705,(,operator,0,121,4
734,2706,2706,i,identifier,0,121,5
735,2707,2707,",",operator,0,121,6
736,2709,2709,0,integer,0,121,8
737,2710,2710,",",operator,0,121,9
738,2712,2712,K,identifier,0,121,11
739,2713,2713,),operator,0,121,12
740,2715,2715,{,operator,0,121,14
741,2719,2721,int,keyword,0,122,2
742,2723,2723,v,identifier,0,122,6
743,2724,2724,",",operator,0,122,7
744,2726,2726,p,identifier,0,122,9
745,2727,2727,;,operator,0,122,10
746,2729,2731,cin,identifier,0,122,12
747,2733,2733,>,operator,0,122,16
748,2734,2734,>,operator,0,122,17
749,2736,2736,v,identifier,0,122,19
750,2738,2738,>,operator,0,122,21
751,2739,2739,>,operator,0,122,22
752,2741,2741,p,identifier,0,122,24
753,2742,2742,;,operator,0,122,25
754,2746,2746,v,identifier,0,123,2
755,2747,2748,--,operator,0,123,3
756,2749,2749,;,operator,0,123,5
757,2753,2756,cond,identifier,0,124,2
758,2757,2757,[,operator,0,124,6
759,2758,2758,v,identifier,0,124,7
760,2759,2759,],operator,0,124,8
761,2761,2761,=,operator,0,124,10
762,2763,2766,adje,identifier,0,124,12
763,2767,2767,[,operator,0,124,16
764,2768,2768,v,identifier,0,124,17
765,2769,2769,],operator,0,124,18
766,2771,2771,=,operator,0,124,20
767,2773,2775,PLL,identifier,0,124,22
768,2776,2776,(,operator,0,124,25
769,2777,2777,p,identifier,0,124,26
770,2778,2778,",",operator,0,124,27
771,2780,2780,p,identifier,0,124,29
772,2781,2781,),operator,0,124,30
773,2782,2782,;,operator,0,124,31
774,2786,2789,root,identifier,0,125,2
775,2791,2791,=,operator,0,125,7
776,2793,2793,v,identifier,0,125,9
777,2794,2794,;,operator,0,125,10
778,2797,2797,},operator,0,126,1
779,2800,2801,DD,identifier,0,127,1
780,2802,2802,(,operator,0,127,3
781,2803,2804,de,identifier,0,127,4
782,2805,2805,(,operator,0,127,6
783,2806,2809,root,identifier,0,127,7
784,2810,2810,),operator,0,127,11
785,2811,2811,),operator,0,127,12
786,2812,2812,;,operator,0,127,13
787,2815,2816,f1,identifier,0,128,1
788,2817,2817,(,operator,0,128,3
789,2818,2821,root,identifier,0,128,4
790,2822,2822,",",operator,0,128,8
791,2824,2824,-,operator,0,128,10
792,2825,2825,1,integer,0,128,11
793,2826,2826,",",operator,0,128,12
794,2828,2831,cond,identifier,0,128,14
795,2832,2832,[,operator,0,128,18
796,2833,2836,root,identifier,0,128,19
797,2837,2837,],operator,0,128,23
798,2838,2838,.,operator,0,128,24
799,2839,2843,first,identifier,0,128,25
800,2845,2845,&,operator,0,128,31
801,2847,2847,1,integer,0,128,33
802,2848,2848,",",operator,0,128,34
803,2850,2850,G,identifier,0,128,36
804,2851,2851,),operator,0,128,37
805,2852,2852,;,operator,0,128,38
806,2855,2857,FOR,identifier,0,129,1
807,2858,2858,(,operator,0,129,4
808,2859,2859,i,identifier,0,129,5
809,2860,2860,",",operator,0,129,6
810,2862,2862,0,integer,0,129,8
811,2863,2863,",",operator,0,129,9
812,2865,2865,N,identifier,0,129,11
813,2866,2866,),operator,0,129,12
814,2868,2868,{,operator,0,129,14
815,2872,2873,DD,identifier,0,130,2
816,2874,2874,(,operator,0,130,4
817,2875,2876,de,identifier,0,130,5
818,2877,2877,(,operator,0,130,7
819,2878,2878,i,identifier,0,130,8
820,2879,2879,+,operator,0,130,9
821,2880,2880,1,integer,0,130,10
822,2881,2881,",",operator,0,130,11
823,2882,2885,cond,identifier,0,130,12
824,2886,2886,[,operator,0,130,16
825,2887,2887,i,identifier,0,130,17
826,2888,2888,],operator,0,130,18
827,2889,2889,",",operator,0,130,19
828,2891,2894,adje,identifier,0,130,21
829,2895,2895,[,operator,0,130,25
830,2896,2896,i,identifier,0,130,26
831,2897,2897,],operator,0,130,27
832,2898,2898,),operator,0,130,28
833,2899,2899,),operator,0,130,29
834,2900,2900,;,operator,0,130,30
835,2903,2903,},operator,0,131,1
836,2906,2907,if,keyword,0,132,1
837,2909,2909,(,operator,0,132,4
838,2910,2913,adje,identifier,0,132,5
839,2914,2914,[,operator,0,132,9
840,2915,2918,root,identifier,0,132,10
841,2919,2919,],operator,0,132,14
842,2921,2922,"!=",operator,0,132,16
843,2923,2927,ERROR,identifier,0,132,18
844,2928,2928,),operator,0,132,23
845,2930,2930,{,operator,0,132,25
846,2934,2936,fnl,identifier,0,133,2
847,2937,2937,[,operator,0,133,5
848,2938,2941,root,identifier,0,133,6
849,2942,2942,],operator,0,133,10
850,2944,2944,=,operator,0,133,12
851,2946,2949,adje,identifier,0,133,14
852,2950,2950,[,operator,0,133,18
853,2951,2954,root,identifier,0,133,19
854,2955,2955,],operator,0,133,23
855,2956,2956,.,operator,0,133,24
856,2957,2961,first,identifier,0,133,25
857,2962,2962,;,operator,0,133,30
858,2966,2967,f2,identifier,0,134,2
859,2968,2968,(,operator,0,134,4
860,2969,2972,root,identifier,0,134,5
861,2973,2973,",",operator,0,134,9
862,2975,2975,-,operator,0,134,11
863,2976,2976,1,integer,0,134,12
864,2977,2977,",",operator,0,134,13
865,2979,2979,G,identifier,0,134,15
866,2980,2980,),operator,0,134,16
867,2981,2981,;,operator,0,134,17
868,2986,2989,cout,identifier,0,136,2
869,2991,2991,<,operator,0,136,7
870,2992,2992,<,operator,0,136,8
871,2994,2998,"""Yes""",string,0,136,10
872,3000,3000,<,operator,0,136,16
873,3001,3001,<,operator,0,136,17
874,3003,3006,endl,identifier,0,136,19
875,3007,3007,;,operator,0,136,23
876,3011,3013,FOR,identifier,0,137,2
877,3014,3014,(,operator,0,137,5
878,3015,3015,i,identifier,0,137,6
879,3016,3016,",",operator,0,137,7
880,3018,3018,0,integer,0,137,9
881,3019,3019,",",operator,0,137,10
882,3021,3021,N,identifier,0,137,12
883,3022,3022,),operator,0,137,13
884,3024,3024,{,operator,0,137,15
885,3029,3032,cout,identifier,0,138,3
886,3034,3034,<,operator,0,138,8
887,3035,3035,<,operator,0,138,9
888,3037,3039,fnl,identifier,0,138,11
889,3040,3040,[,operator,0,138,14
890,3041,3041,i,identifier,0,138,15
891,3042,3042,],operator,0,138,16
892,3044,3044,<,operator,0,138,18
893,3045,3045,<,operator,0,138,19
894,3047,3050,endl,identifier,0,138,21
895,3051,3051,;,operator,0,138,25
896,3055,3055,},operator,0,139,2
897,3058,3058,},operator,0,140,1
898,3061,3064,else,keyword,0,141,1
899,3066,3066,{,operator,0,141,6
900,3070,3073,cout,identifier,0,142,2
901,3075,3075,<,operator,0,142,7
902,3076,3076,<,operator,0,142,8
903,3078,3081,"""No""",string,0,142,10
904,3083,3083,<,operator,0,142,15
905,3084,3084,<,operator,0,142,16
906,3086,3089,endl,identifier,0,142,18
907,3090,3090,;,operator,0,142,22
908,3093,3093,},operator,0,143,1
909,3097,3102,return,keyword,0,145,1
910,3104,3104,0,integer,0,145,8
911,3105,3105,;,operator,0,145,9
912,3107,3107,},operator,0,146,0
913,3109,3108,<EOF>,eof,0,147,0
