seqnr,start,stop,text,class,channel,line,column
0,0,26,"#pragma GCC optimize (""O3"")",directive,1,1,0
1,28,64,"#pragma GCC optimize (""unroll-loops"")",directive,1,2,0
2,66,106,"#pragma comment(linker, ""/STACK:2000000"")",directive,1,3,0
3,109,132,"#include ""bits/stdc++.h""",directive,1,5,0
4,135,139,using,keyword,0,7,0
5,141,149,namespace,keyword,0,7,6
6,151,153,std,identifier,0,7,16
7,154,154,;,operator,0,7,19
8,157,176,"#define pb push_back",directive,1,9,0
9,178,192,"#define F first",directive,1,10,0
10,194,209,"#define S second",directive,1,11,0
11,211,254,"#define f(i,a,b)  for(int i = a; i < b; i++)",directive,1,12,0
12,277,281,using,keyword,0,14,0
13,283,284,ll,identifier,0,14,6
14,286,286,=,operator,0,14,9
15,288,291,long,keyword,0,14,11
16,293,296,long,keyword,0,14,16
17,297,297,;,operator,0,14,20
18,299,303,using,keyword,0,15,0
19,305,306,db,identifier,0,15,6
20,308,308,=,operator,0,15,9
21,310,313,long,keyword,0,15,11
22,315,320,double,keyword,0,15,16
23,321,321,;,operator,0,15,22
24,323,327,using,keyword,0,16,0
25,329,330,ii,identifier,0,16,6
26,332,332,=,operator,0,16,9
27,334,337,pair,identifier,0,16,11
28,338,338,<,operator,0,16,15
29,339,341,int,keyword,0,16,16
30,342,342,",",operator,0,16,19
31,344,346,int,keyword,0,16,21
32,347,347,>,operator,0,16,24
33,348,348,;,operator,0,16,25
34,351,355,const,keyword,0,18,0
35,357,359,int,keyword,0,18,6
36,361,361,N,identifier,0,18,10
37,363,363,=,operator,0,18,12
38,365,367,1e6,floating,0,18,14
39,368,368,+,operator,0,18,17
40,369,369,5,integer,0,18,18
41,370,370,",",operator,0,18,19
42,372,373,LG,identifier,0,18,21
43,375,375,=,operator,0,18,24
44,377,378,19,integer,0,18,26
45,379,379,",",operator,0,18,28
46,381,383,MOD,identifier,0,18,30
47,385,385,=,operator,0,18,34
48,387,395,998244353,integer,0,18,36
49,396,396,;,operator,0,18,45
50,398,402,const,keyword,0,19,0
51,404,406,int,keyword,0,19,6
52,408,409,SQ,identifier,0,19,10
53,411,411,=,operator,0,19,13
54,412,414,320,integer,0,19,14
55,415,415,;,operator,0,19,17
56,417,421,const,keyword,0,20,0
57,423,426,long,keyword,0,20,6
58,428,433,double,keyword,0,20,11
59,435,437,EPS,identifier,0,20,18
60,439,439,=,operator,0,20,22
61,441,444,1e-7,floating,0,20,24
62,445,445,;,operator,0,20,28
63,448,450,int,keyword,0,22,0
64,452,452,n,identifier,0,22,4
65,453,453,;,operator,0,22,5
66,455,460,vector,identifier,0,23,0
67,461,461,<,operator,0,23,6
68,462,464,int,keyword,0,23,7
69,465,465,>,operator,0,23,10
70,467,469,adj,identifier,0,23,12
71,470,470,[,operator,0,23,15
72,471,471,N,identifier,0,23,16
73,472,472,],operator,0,23,17
74,473,473,;,operator,0,23,18
75,475,477,int,keyword,0,24,0
76,479,481,val,identifier,0,24,4
77,482,482,[,operator,0,24,7
78,483,483,N,identifier,0,24,8
79,484,484,],operator,0,24,9
80,485,485,",",operator,0,24,10
81,487,487,L,identifier,0,24,12
82,488,488,[,operator,0,24,13
83,489,489,N,identifier,0,24,14
84,490,490,],operator,0,24,15
85,491,491,",",operator,0,24,16
86,493,493,R,identifier,0,24,18
87,494,494,[,operator,0,24,19
88,495,495,N,identifier,0,24,20
89,496,496,],operator,0,24,21
90,497,497,;,operator,0,24,22
91,499,502,void,keyword,0,25,0
92,504,507,kill,identifier,0,25,5
93,508,508,(,operator,0,25,9
94,509,509,),operator,0,25,10
95,510,510,{,operator,0,25,11
96,511,514,cout,identifier,0,25,12
97,516,516,<,operator,0,25,17
98,517,517,<,operator,0,25,18
99,519,524,"""No\n""",string,0,25,20
100,525,525,;,operator,0,25,26
101,527,530,exit,identifier,0,25,28
102,531,531,(,operator,0,25,32
103,532,532,0,integer,0,25,33
104,533,533,),operator,0,25,34
105,534,534,;,operator,0,25,35
106,535,535,},operator,0,25,36
107,537,540,void,keyword,0,26,0
108,542,545,pdfs,identifier,0,26,5
109,546,546,(,operator,0,26,9
110,547,549,int,keyword,0,26,10
111,551,554,node,identifier,0,26,14
112,555,555,",",operator,0,26,18
113,557,559,int,keyword,0,26,20
114,561,563,par,identifier,0,26,24
115,564,564,),operator,0,26,27
116,565,565,{,operator,0,26,28
117,570,572,for,keyword,0,28,2
118,573,573,(,operator,0,28,5
119,574,577,auto,keyword,0,28,6
120,579,579,v,identifier,0,28,11
121,581,581,:,operator,0,28,13
122,583,585,adj,identifier,0,28,15
123,586,586,[,operator,0,28,18
124,587,590,node,identifier,0,28,19
125,591,591,],operator,0,28,23
126,592,592,),operator,0,28,24
127,593,594,if,keyword,0,28,25
128,595,595,(,operator,0,28,27
129,596,596,v,identifier,0,28,28
130,597,598,"!=",operator,0,28,29
131,599,601,par,identifier,0,28,31
132,602,602,),operator,0,28,34
133,603,603,{,operator,0,28,35
134,609,612,pdfs,identifier,0,29,4
135,613,613,(,operator,0,29,8
136,614,614,v,identifier,0,29,9
137,615,615,",",operator,0,29,10
138,617,620,node,identifier,0,29,12
139,621,621,),operator,0,29,16
140,622,622,;,operator,0,29,17
141,628,628,L,identifier,0,30,4
142,629,629,[,operator,0,30,5
143,630,633,node,identifier,0,30,6
144,634,634,],operator,0,30,10
145,636,636,=,operator,0,30,12
146,638,640,max,identifier,0,30,14
147,641,641,(,operator,0,30,17
148,642,642,L,identifier,0,30,18
149,643,643,[,operator,0,30,19
150,644,647,node,identifier,0,30,20
151,648,648,],operator,0,30,24
152,649,649,",",operator,0,30,25
153,651,651,L,identifier,0,30,27
154,652,652,[,operator,0,30,28
155,653,653,v,identifier,0,30,29
156,654,654,],operator,0,30,30
157,656,656,-,operator,0,30,32
158,658,658,1,integer,0,30,34
159,659,659,),operator,0,30,35
160,660,660,;,operator,0,30,36
161,666,666,R,identifier,0,31,4
162,667,667,[,operator,0,31,5
163,668,671,node,identifier,0,31,6
164,672,672,],operator,0,31,10
165,674,674,=,operator,0,31,12
166,676,678,min,identifier,0,31,14
167,679,679,(,operator,0,31,17
168,680,680,R,identifier,0,31,18
169,681,681,[,operator,0,31,19
170,682,685,node,identifier,0,31,20
171,686,686,],operator,0,31,24
172,687,687,",",operator,0,31,25
173,689,689,R,identifier,0,31,27
174,690,690,[,operator,0,31,28
175,691,691,v,identifier,0,31,29
176,692,692,],operator,0,31,30
177,694,694,+,operator,0,31,32
178,696,696,1,integer,0,31,34
179,697,697,),operator,0,31,35
180,698,698,;,operator,0,31,36
181,702,702,},operator,0,32,2
182,707,708,if,keyword,0,34,2
183,709,709,(,operator,0,34,4
184,710,710,L,identifier,0,34,5
185,711,711,[,operator,0,34,6
186,712,715,node,identifier,0,34,7
187,716,716,],operator,0,34,11
188,718,718,>,operator,0,34,13
189,720,720,R,identifier,0,34,15
190,721,721,[,operator,0,34,16
191,722,725,node,identifier,0,34,17
192,726,726,],operator,0,34,21
193,727,727,),operator,0,34,22
194,733,736,kill,identifier,0,35,4
195,737,737,(,operator,0,35,8
196,738,738,),operator,0,35,9
197,739,739,;,operator,0,35,10
198,742,742,},operator,0,37,0
199,744,747,void,keyword,0,38,0
200,749,751,dfs,identifier,0,38,5
201,752,752,(,operator,0,38,8
202,753,755,int,keyword,0,38,9
203,757,760,node,identifier,0,38,13
204,761,761,",",operator,0,38,17
205,763,765,int,keyword,0,38,19
206,767,769,par,identifier,0,38,23
207,770,770,),operator,0,38,26
208,771,771,{,operator,0,38,27
209,776,778,for,keyword,0,40,2
210,779,779,(,operator,0,40,5
211,780,783,auto,keyword,0,40,6
212,785,785,v,identifier,0,40,11
213,787,787,:,operator,0,40,13
214,789,791,adj,identifier,0,40,15
215,792,792,[,operator,0,40,18
216,793,796,node,identifier,0,40,19
217,797,797,],operator,0,40,23
218,798,798,),operator,0,40,24
219,799,800,if,keyword,0,40,25
220,801,801,(,operator,0,40,27
221,802,802,v,identifier,0,40,28
222,804,805,"!=",operator,0,40,30
223,807,809,par,identifier,0,40,33
224,810,810,),operator,0,40,36
225,811,811,{,operator,0,40,37
226,818,819,if,keyword,0,42,4
227,820,820,(,operator,0,42,6
228,821,821,~,operator,0,42,7
229,822,824,val,identifier,0,42,8
230,825,825,[,operator,0,42,11
231,826,826,v,identifier,0,42,12
232,827,827,],operator,0,42,13
233,828,828,),operator,0,42,14
234,829,829,{,operator,0,42,15
235,837,838,if,keyword,0,43,6
236,839,839,(,operator,0,43,8
237,840,842,abs,identifier,0,43,9
238,843,843,(,operator,0,43,12
239,844,846,val,identifier,0,43,13
240,847,847,[,operator,0,43,16
241,848,848,v,identifier,0,43,17
242,849,849,],operator,0,43,18
243,850,850,-,operator,0,43,19
244,851,853,val,identifier,0,43,20
245,854,854,[,operator,0,43,23
246,855,858,node,identifier,0,43,24
247,859,859,],operator,0,43,28
248,860,860,),operator,0,43,29
249,861,862,"!=",operator,0,43,30
250,863,863,1,integer,0,43,32
251,864,864,),operator,0,43,33
252,865,868,kill,identifier,0,43,34
253,869,869,(,operator,0,43,38
254,870,870,),operator,0,43,39
255,871,871,;,operator,0,43,40
256,879,881,dfs,identifier,0,44,6
257,882,882,(,operator,0,44,9
258,883,883,v,identifier,0,44,10
259,884,884,",",operator,0,44,11
260,885,888,node,identifier,0,44,12
261,889,889,),operator,0,44,16
262,890,890,;,operator,0,44,17
263,896,896,},operator,0,45,4
264,898,901,else,keyword,0,45,6
265,903,903,{,operator,0,45,11
266,911,912,if,keyword,0,46,6
267,913,913,(,operator,0,46,8
268,914,914,L,identifier,0,46,9
269,915,915,[,operator,0,46,10
270,916,916,v,identifier,0,46,11
271,917,917,],operator,0,46,12
272,918,919,<=,operator,0,46,13
273,920,922,val,identifier,0,46,15
274,923,923,[,operator,0,46,18
275,924,927,node,identifier,0,46,19
276,928,928,],operator,0,46,23
277,929,929,-,operator,0,46,24
278,930,930,1,integer,0,46,25
279,931,932,&&,operator,0,46,26
280,933,935,val,identifier,0,46,28
281,936,936,[,operator,0,46,31
282,937,940,node,identifier,0,46,32
283,941,941,],operator,0,46,36
284,942,942,-,operator,0,46,37
285,943,943,1,integer,0,46,38
286,944,945,<=,operator,0,46,39
287,946,946,R,identifier,0,46,41
288,947,947,[,operator,0,46,42
289,948,948,v,identifier,0,46,43
290,949,949,],operator,0,46,44
291,950,950,),operator,0,46,45
292,951,951,{,operator,0,46,46
293,961,963,val,identifier,0,47,8
294,964,964,[,operator,0,47,11
295,965,965,v,identifier,0,47,12
296,966,966,],operator,0,47,13
297,967,967,=,operator,0,47,14
298,968,970,val,identifier,0,47,15
299,971,971,[,operator,0,47,18
300,972,975,node,identifier,0,47,19
301,976,976,],operator,0,47,23
302,977,977,-,operator,0,47,24
303,978,978,1,integer,0,47,25
304,979,979,;,operator,0,47,26
305,987,987,},operator,0,48,6
306,989,992,else,keyword,0,48,8
307,994,995,if,keyword,0,48,13
308,996,996,(,operator,0,48,15
309,997,997,L,identifier,0,48,16
310,998,998,[,operator,0,48,17
311,999,999,v,identifier,0,48,18
312,1000,1000,],operator,0,48,19
313,1001,1002,<=,operator,0,48,20
314,1003,1005,val,identifier,0,48,22
315,1006,1006,[,operator,0,48,25
316,1007,1010,node,identifier,0,48,26
317,1011,1011,],operator,0,48,30
318,1012,1012,+,operator,0,48,31
319,1013,1013,1,integer,0,48,32
320,1014,1015,&&,operator,0,48,33
321,1016,1018,val,identifier,0,48,35
322,1019,1019,[,operator,0,48,38
323,1020,1023,node,identifier,0,48,39
324,1024,1024,],operator,0,48,43
325,1025,1025,+,operator,0,48,44
326,1026,1026,1,integer,0,48,45
327,1027,1028,<=,operator,0,48,46
328,1029,1029,R,identifier,0,48,48
329,1030,1030,[,operator,0,48,49
330,1031,1031,v,identifier,0,48,50
331,1032,1032,],operator,0,48,51
332,1033,1033,),operator,0,48,52
333,1034,1034,{,operator,0,48,53
334,1044,1046,val,identifier,0,49,8
335,1047,1047,[,operator,0,49,11
336,1048,1048,v,identifier,0,49,12
337,1049,1049,],operator,0,49,13
338,1050,1050,=,operator,0,49,14
339,1051,1053,val,identifier,0,49,15
340,1054,1054,[,operator,0,49,18
341,1055,1058,node,identifier,0,49,19
342,1059,1059,],operator,0,49,23
343,1060,1060,+,operator,0,49,24
344,1061,1061,1,integer,0,49,25
345,1062,1062,;,operator,0,49,26
346,1070,1070,},operator,0,50,6
347,1072,1075,else,keyword,0,50,8
348,1077,1080,kill,identifier,0,50,13
349,1081,1081,(,operator,0,50,17
350,1082,1082,),operator,0,50,18
351,1083,1083,;,operator,0,50,19
352,1091,1093,dfs,identifier,0,51,6
353,1094,1094,(,operator,0,51,9
354,1095,1095,v,identifier,0,51,10
355,1096,1096,",",operator,0,51,11
356,1097,1100,node,identifier,0,51,12
357,1101,1101,),operator,0,51,16
358,1102,1102,;,operator,0,51,17
359,1108,1108,},operator,0,52,4
360,1112,1112,},operator,0,53,2
361,1115,1115,},operator,0,55,0
362,1117,1123,int32_t,identifier,0,56,0
363,1125,1128,main,identifier,0,56,8
364,1129,1129,(,operator,0,56,12
365,1130,1130,),operator,0,56,13
366,1131,1131,{,operator,0,56,14
367,1133,1151,"#ifdef ONLINE_JUDGE",directive,1,57,0
368,1157,1164,ios_base,identifier,0,58,4
369,1165,1166,::,operator,0,58,12
370,1167,1181,sync_with_stdio,identifier,0,58,14
371,1182,1182,(,operator,0,58,29
372,1183,1183,0,integer,0,58,30
373,1184,1184,),operator,0,58,31
374,1185,1185,;,operator,0,58,32
375,1191,1193,cin,identifier,0,59,4
376,1194,1194,.,operator,0,59,7
377,1195,1197,tie,identifier,0,59,8
378,1198,1198,(,operator,0,59,11
379,1199,1199,0,integer,0,59,12
380,1200,1200,),operator,0,59,13
381,1201,1201,;,operator,0,59,14
382,1203,1208,"#endif",directive,1,60,0
383,1213,1215,cin,identifier,0,62,2
384,1217,1217,>,operator,0,62,6
385,1218,1218,>,operator,0,62,7
386,1220,1220,n,identifier,0,62,9
387,1221,1221,;,operator,0,62,10
388,1225,1230,memset,identifier,0,63,2
389,1231,1231,(,operator,0,63,8
390,1232,1234,val,identifier,0,63,9
391,1235,1235,",",operator,0,63,12
392,1236,1236,-,operator,0,63,13
393,1237,1237,1,integer,0,63,14
394,1238,1238,",",operator,0,63,15
395,1239,1244,sizeof,keyword,0,63,16
396,1246,1248,val,identifier,0,63,23
397,1249,1249,),operator,0,63,26
398,1250,1250,;,operator,0,63,27
399,1254,1257,fill,identifier,0,64,2
400,1258,1258,(,operator,0,64,6
401,1259,1259,L,identifier,0,64,7
402,1260,1260,",",operator,0,64,8
403,1261,1261,L,identifier,0,64,9
404,1262,1262,+,operator,0,64,10
405,1263,1263,n,identifier,0,64,11
406,1264,1264,+,operator,0,64,12
407,1265,1265,1,integer,0,64,13
408,1266,1266,",",operator,0,64,14
409,1267,1267,-,operator,0,64,15
410,1268,1270,1e9,floating,0,64,16
411,1271,1271,),operator,0,64,19
412,1272,1272,;,operator,0,64,20
413,1276,1279,fill,identifier,0,65,2
414,1280,1280,(,operator,0,65,6
415,1281,1281,R,identifier,0,65,7
416,1282,1282,",",operator,0,65,8
417,1283,1283,R,identifier,0,65,9
418,1284,1284,+,operator,0,65,10
419,1285,1285,n,identifier,0,65,11
420,1286,1286,+,operator,0,65,12
421,1287,1287,1,integer,0,65,13
422,1288,1288,",",operator,0,65,14
423,1289,1291,1e9,floating,0,65,15
424,1292,1292,),operator,0,65,18
425,1293,1293,;,operator,0,65,19
426,1298,1298,f,identifier,0,67,2
427,1299,1299,(,operator,0,67,3
428,1300,1300,i,identifier,0,67,4
429,1301,1301,",",operator,0,67,5
430,1302,1302,1,integer,0,67,6
431,1303,1303,",",operator,0,67,7
432,1304,1304,n,identifier,0,67,8
433,1305,1305,),operator,0,67,9
434,1306,1306,{,operator,0,67,10
435,1312,1314,int,keyword,0,68,4
436,1316,1316,u,identifier,0,68,8
437,1317,1317,",",operator,0,68,9
438,1319,1319,v,identifier,0,68,11
439,1320,1320,;,operator,0,68,12
440,1326,1328,cin,identifier,0,69,4
441,1330,1330,>,operator,0,69,8
442,1331,1331,>,operator,0,69,9
443,1333,1333,u,identifier,0,69,11
444,1335,1335,>,operator,0,69,13
445,1336,1336,>,operator,0,69,14
446,1338,1338,v,identifier,0,69,16
447,1339,1339,;,operator,0,69,17
448,1345,1347,adj,identifier,0,70,4
449,1348,1348,[,operator,0,70,7
450,1349,1349,u,identifier,0,70,8
451,1350,1350,],operator,0,70,9
452,1351,1351,.,operator,0,70,10
453,1352,1353,pb,identifier,0,70,11
454,1354,1354,(,operator,0,70,13
455,1355,1355,v,identifier,0,70,14
456,1356,1356,),operator,0,70,15
457,1357,1357,;,operator,0,70,16
458,1363,1365,adj,identifier,0,71,4
459,1366,1366,[,operator,0,71,7
460,1367,1367,v,identifier,0,71,8
461,1368,1368,],operator,0,71,9
462,1369,1369,.,operator,0,71,10
463,1370,1371,pb,identifier,0,71,11
464,1372,1372,(,operator,0,71,13
465,1373,1373,u,identifier,0,71,14
466,1374,1374,),operator,0,71,15
467,1375,1375,;,operator,0,71,16
468,1379,1379,},operator,0,72,2
469,1384,1386,int,keyword,0,74,2
470,1388,1389,mx,identifier,0,74,6
471,1391,1391,=,operator,0,74,9
472,1393,1393,-,operator,0,74,11
473,1394,1394,1,integer,0,74,12
474,1395,1395,;,operator,0,74,13
475,1399,1401,int,keyword,0,75,2
476,1403,1403,k,identifier,0,75,6
477,1404,1404,;,operator,0,75,7
478,1408,1410,cin,identifier,0,76,2
479,1412,1412,>,operator,0,76,6
480,1413,1413,>,operator,0,76,7
481,1415,1415,k,identifier,0,76,9
482,1416,1416,;,operator,0,76,10
483,1420,1422,int,keyword,0,77,2
484,1424,1424,r,identifier,0,77,6
485,1425,1425,;,operator,0,77,7
486,1429,1429,f,identifier,0,78,2
487,1430,1430,(,operator,0,78,3
488,1431,1431,i,identifier,0,78,4
489,1432,1432,",",operator,0,78,5
490,1433,1433,0,integer,0,78,6
491,1434,1434,",",operator,0,78,7
492,1435,1435,k,identifier,0,78,8
493,1436,1436,),operator,0,78,9
494,1437,1437,{,operator,0,78,10
495,1443,1445,int,keyword,0,79,4
496,1447,1447,x,identifier,0,79,8
497,1448,1448,",",operator,0,79,9
498,1450,1450,y,identifier,0,79,11
499,1451,1451,;,operator,0,79,12
500,1457,1459,cin,identifier,0,80,4
501,1461,1461,>,operator,0,80,8
502,1462,1462,>,operator,0,80,9
503,1464,1464,x,identifier,0,80,11
504,1466,1466,>,operator,0,80,13
505,1467,1467,>,operator,0,80,14
506,1469,1469,y,identifier,0,80,16
507,1470,1470,;,operator,0,80,17
508,1476,1478,val,identifier,0,81,4
509,1479,1479,[,operator,0,81,7
510,1480,1480,x,identifier,0,81,8
511,1481,1481,],operator,0,81,9
512,1483,1483,=,operator,0,81,11
513,1485,1485,L,identifier,0,81,13
514,1486,1486,[,operator,0,81,14
515,1487,1487,x,identifier,0,81,15
516,1488,1488,],operator,0,81,16
517,1490,1490,=,operator,0,81,18
518,1492,1492,R,identifier,0,81,20
519,1493,1493,[,operator,0,81,21
520,1494,1494,x,identifier,0,81,22
521,1495,1495,],operator,0,81,23
522,1497,1497,=,operator,0,81,25
523,1499,1499,y,identifier,0,81,27
524,1500,1500,;,operator,0,81,28
525,1506,1507,if,keyword,0,82,4
526,1508,1508,(,operator,0,82,6
527,1509,1509,y,identifier,0,82,7
528,1511,1511,>,operator,0,82,9
529,1513,1514,mx,identifier,0,82,11
530,1515,1515,),operator,0,82,13
531,1516,1516,{,operator,0,82,14
532,1524,1525,mx,identifier,0,83,6
533,1527,1527,=,operator,0,83,9
534,1529,1529,y,identifier,0,83,11
535,1530,1530,;,operator,0,83,12
536,1538,1538,r,identifier,0,84,6
537,1540,1540,=,operator,0,84,8
538,1542,1542,x,identifier,0,84,10
539,1543,1543,;,operator,0,84,11
540,1549,1549,},operator,0,85,4
541,1553,1553,},operator,0,86,2
542,1558,1561,pdfs,identifier,0,88,2
543,1562,1562,(,operator,0,88,6
544,1563,1563,r,identifier,0,88,7
545,1564,1564,",",operator,0,88,8
546,1565,1565,r,identifier,0,88,9
547,1566,1566,),operator,0,88,10
548,1567,1567,;,operator,0,88,11
549,1571,1573,dfs,identifier,0,89,2
550,1574,1574,(,operator,0,89,5
551,1575,1575,r,identifier,0,89,6
552,1576,1576,",",operator,0,89,7
553,1577,1577,r,identifier,0,89,8
554,1578,1578,),operator,0,89,9
555,1579,1579,;,operator,0,89,10
556,1584,1587,cout,identifier,0,91,2
557,1589,1589,<,operator,0,91,7
558,1590,1590,<,operator,0,91,8
559,1592,1598,"""Yes\n""",string,0,91,10
560,1599,1599,;,operator,0,91,17
561,1603,1603,f,identifier,0,92,2
562,1604,1604,(,operator,0,92,3
563,1605,1605,i,identifier,0,92,4
564,1606,1606,",",operator,0,92,5
565,1607,1607,1,integer,0,92,6
566,1608,1608,",",operator,0,92,7
567,1609,1609,n,identifier,0,92,8
568,1610,1610,+,operator,0,92,9
569,1611,1611,1,integer,0,92,10
570,1612,1612,),operator,0,92,11
571,1613,1616,cout,identifier,0,92,12
572,1618,1618,<,operator,0,92,17
573,1619,1619,<,operator,0,92,18
574,1621,1623,val,identifier,0,92,20
575,1624,1624,[,operator,0,92,23
576,1625,1625,i,identifier,0,92,24
577,1626,1626,],operator,0,92,25
578,1628,1628,<,operator,0,92,27
579,1629,1629,<,operator,0,92,28
580,1631,1633,' ',character,0,92,30
581,1634,1634,;,operator,0,92,33
582,1640,1645,return,keyword,0,95,2
583,1647,1647,0,integer,0,95,9
584,1648,1648,;,operator,0,95,10
585,1650,1650,},operator,0,96,0
586,1652,1651,<EOF>,eof,0,97,0
