seqnr,start,stop,text,class,channel,line,column
0,0,17,"#include<iostream>",directive,1,1,0
1,19,34,"#include<string>",directive,1,2,0
2,36,54,"#include<algorithm>",directive,1,3,0
3,56,71,"#include<cstdio>",directive,1,4,0
4,73,89,"#include<cstring>",directive,1,5,0
5,91,107,"#include<cstdlib>",directive,1,6,0
6,109,123,"#include<cmath>",directive,1,7,0
7,125,140,"#include<vector>",directive,1,8,0
8,142,146,using,keyword,0,9,0
9,148,156,namespace,keyword,0,9,6
10,158,160,std,identifier,0,9,16
11,161,161,;,operator,0,9,19
12,163,169,typedef,keyword,0,10,0
13,171,174,long,keyword,0,10,8
14,176,179,long,keyword,0,10,13
15,181,183,s64,identifier,0,10,18
16,184,184,;,operator,0,10,21
17,187,191,const,keyword,0,12,0
18,193,195,int,keyword,0,12,6
19,197,199,ONE,identifier,0,12,10
20,201,201,=,operator,0,12,14
21,203,208,200005,integer,0,12,16
22,209,209,;,operator,0,12,22
23,211,215,const,keyword,0,13,0
24,217,219,int,keyword,0,13,6
25,221,223,INF,identifier,0,13,10
26,225,225,=,operator,0,13,14
27,227,229,2e5,floating,0,13,16
28,231,231,+,operator,0,13,20
29,233,233,5,integer,0,13,22
30,234,234,;,operator,0,13,23
31,237,252,"#define next nxt",directive,1,15,0
32,255,257,int,keyword,0,17,0
33,259,261,get,identifier,0,17,4
34,262,262,(,operator,0,17,7
35,263,263,),operator,0,17,8
36,265,265,{,operator,0,18,0
37,269,271,int,keyword,0,19,2
38,273,275,res,identifier,0,19,6
39,277,277,=,operator,0,19,10
40,279,279,1,integer,0,19,12
41,280,280,",",operator,0,19,13
42,282,282,Q,identifier,0,19,15
43,284,284,=,operator,0,19,17
44,286,286,1,integer,0,19,19
45,287,287,;,operator,0,19,20
46,289,292,char,keyword,0,19,22
47,294,294,c,identifier,0,19,27
48,295,295,;,operator,0,19,28
49,299,303,while,keyword,0,20,2
50,304,304,(,operator,0,20,7
51,306,306,(,operator,0,20,9
52,307,307,c,identifier,0,20,10
53,309,309,=,operator,0,20,12
54,311,317,getchar,identifier,0,20,14
55,318,318,(,operator,0,20,21
56,319,319,),operator,0,20,22
57,320,320,),operator,0,20,23
58,322,322,<,operator,0,20,25
59,324,325,48,integer,0,20,27
60,327,328,||,operator,0,20,30
61,330,330,c,identifier,0,20,33
62,332,332,>,operator,0,20,35
63,334,335,57,integer,0,20,37
64,336,336,),operator,0,20,39
65,341,342,if,keyword,0,21,3
66,343,343,(,operator,0,21,5
67,344,344,c,identifier,0,21,6
68,346,347,==,operator,0,21,8
69,349,351,'-',character,0,21,11
70,352,352,),operator,0,21,14
71,354,354,Q,identifier,0,21,16
72,356,356,=,operator,0,21,18
73,358,358,-,operator,0,21,20
74,359,359,1,integer,0,21,21
75,360,360,;,operator,0,21,22
76,364,365,if,keyword,0,22,2
77,366,366,(,operator,0,22,4
78,367,367,Q,identifier,0,22,5
79,368,368,),operator,0,22,6
80,370,372,res,identifier,0,22,8
81,374,374,=,operator,0,22,12
82,376,376,c,identifier,0,22,14
83,378,378,-,operator,0,22,16
84,380,381,48,integer,0,22,18
85,382,382,;,operator,0,22,20
86,386,390,while,keyword,0,23,2
87,391,391,(,operator,0,23,7
88,393,393,(,operator,0,23,9
89,394,394,c,identifier,0,23,10
90,396,396,=,operator,0,23,12
91,398,404,getchar,identifier,0,23,14
92,405,405,(,operator,0,23,21
93,406,406,),operator,0,23,22
94,407,407,),operator,0,23,23
95,409,410,>=,operator,0,23,25
96,412,413,48,integer,0,23,28
97,415,416,&&,operator,0,23,31
98,418,418,c,identifier,0,23,34
99,420,421,<=,operator,0,23,36
100,423,424,57,integer,0,23,39
101,425,425,),operator,0,23,41
102,430,432,res,identifier,0,24,3
103,434,434,=,operator,0,24,7
104,436,438,res,identifier,0,24,9
105,440,440,*,operator,0,24,13
106,442,443,10,integer,0,24,15
107,445,445,+,operator,0,24,18
108,447,447,c,identifier,0,24,20
109,449,449,-,operator,0,24,22
110,451,452,48,integer,0,24,24
111,453,453,;,operator,0,24,26
112,457,462,return,keyword,0,25,2
113,464,466,res,identifier,0,25,9
114,468,468,*,operator,0,25,13
115,470,470,Q,identifier,0,25,15
116,471,471,;,operator,0,25,16
117,473,473,},operator,0,26,0
118,476,481,struct,keyword,0,28,0
119,483,487,power,identifier,0,28,7
120,489,489,{,operator,0,29,0
121,493,495,int,keyword,0,30,2
122,497,497,l,identifier,0,30,6
123,498,498,",",operator,0,30,7
124,500,500,r,identifier,0,30,9
125,501,501,;,operator,0,30,10
126,503,503,},operator,0,31,0
127,504,506,val,identifier,0,31,1
128,507,507,[,operator,0,31,4
129,508,510,ONE,identifier,0,31,5
130,511,511,],operator,0,31,8
131,512,512,;,operator,0,31,9
132,515,517,int,keyword,0,33,0
133,519,519,n,identifier,0,33,4
134,520,520,",",operator,0,33,5
135,522,522,k,identifier,0,33,7
136,523,523,;,operator,0,33,8
137,525,527,int,keyword,0,34,0
138,529,529,x,identifier,0,34,4
139,530,530,",",operator,0,34,5
140,532,532,y,identifier,0,34,7
141,533,533,;,operator,0,34,8
142,535,537,int,keyword,0,35,0
143,539,540,pd,identifier,0,35,4
144,541,541,[,operator,0,35,6
145,542,544,ONE,identifier,0,35,7
146,545,545,],operator,0,35,10
147,546,546,;,operator,0,35,11
148,548,550,int,keyword,0,36,0
149,552,555,next,identifier,0,36,4
150,556,556,[,operator,0,36,8
151,557,559,ONE,identifier,0,36,9
152,560,560,],operator,0,36,12
153,561,561,",",operator,0,36,13
154,563,567,first,identifier,0,36,15
155,568,568,[,operator,0,36,20
156,569,571,ONE,identifier,0,36,21
157,572,572,],operator,0,36,24
158,573,573,",",operator,0,36,25
159,575,576,go,identifier,0,36,27
160,577,577,[,operator,0,36,29
161,578,580,ONE,identifier,0,36,30
162,581,581,],operator,0,36,33
163,582,582,",",operator,0,36,34
164,584,586,tot,identifier,0,36,36
165,587,587,;,operator,0,36,39
166,590,593,void,keyword,0,38,0
167,595,597,Add,identifier,0,38,5
168,598,598,(,operator,0,38,8
169,599,601,int,keyword,0,38,9
170,603,603,u,identifier,0,38,13
171,604,604,",",operator,0,38,14
172,606,608,int,keyword,0,38,16
173,610,610,v,identifier,0,38,20
174,611,611,),operator,0,38,21
175,613,613,{,operator,0,39,0
176,617,620,next,identifier,0,40,2
177,621,621,[,operator,0,40,6
178,622,623,++,operator,0,40,7
179,624,626,tot,identifier,0,40,9
180,627,627,],operator,0,40,12
181,629,629,=,operator,0,40,14
182,631,635,first,identifier,0,40,16
183,636,636,[,operator,0,40,21
184,637,637,u,identifier,0,40,22
185,638,638,],operator,0,40,23
186,639,639,",",operator,0,40,24
187,641,645,first,identifier,0,40,26
188,646,646,[,operator,0,40,31
189,647,647,u,identifier,0,40,32
190,648,648,],operator,0,40,33
191,650,650,=,operator,0,40,35
192,652,654,tot,identifier,0,40,37
193,655,655,",",operator,0,40,40
194,657,658,go,identifier,0,40,42
195,659,659,[,operator,0,40,44
196,660,662,tot,identifier,0,40,45
197,663,663,],operator,0,40,48
198,665,665,=,operator,0,40,50
199,667,667,v,identifier,0,40,52
200,668,668,;,operator,0,40,53
201,672,675,next,identifier,0,41,2
202,676,676,[,operator,0,41,6
203,677,678,++,operator,0,41,7
204,679,681,tot,identifier,0,41,9
205,682,682,],operator,0,41,12
206,684,684,=,operator,0,41,14
207,686,690,first,identifier,0,41,16
208,691,691,[,operator,0,41,21
209,692,692,v,identifier,0,41,22
210,693,693,],operator,0,41,23
211,694,694,",",operator,0,41,24
212,696,700,first,identifier,0,41,26
213,701,701,[,operator,0,41,31
214,702,702,v,identifier,0,41,32
215,703,703,],operator,0,41,33
216,705,705,=,operator,0,41,35
217,707,709,tot,identifier,0,41,37
218,710,710,",",operator,0,41,40
219,712,713,go,identifier,0,41,42
220,714,714,[,operator,0,41,44
221,715,717,tot,identifier,0,41,45
222,718,718,],operator,0,41,48
223,720,720,=,operator,0,41,50
224,722,722,u,identifier,0,41,52
225,723,723,;,operator,0,41,53
226,725,725,},operator,0,42,0
227,728,731,void,keyword,0,44,0
228,733,735,dfs,identifier,0,44,5
229,736,736,(,operator,0,44,8
230,737,739,int,keyword,0,44,9
231,741,741,u,identifier,0,44,13
232,742,742,",",operator,0,44,14
233,744,746,int,keyword,0,44,16
234,748,753,father,identifier,0,44,20
235,754,754,),operator,0,44,26
236,756,756,{,operator,0,45,0
237,760,761,if,keyword,0,46,2
238,762,762,(,operator,0,46,4
239,763,765,val,identifier,0,46,5
240,766,766,[,operator,0,46,8
241,767,767,u,identifier,0,46,9
242,768,768,],operator,0,46,10
243,769,769,.,operator,0,46,11
244,770,770,l,identifier,0,46,12
245,772,773,==,operator,0,46,14
246,775,777,val,identifier,0,46,17
247,778,778,[,operator,0,46,20
248,779,779,u,identifier,0,46,21
249,780,780,],operator,0,46,22
250,781,781,.,operator,0,46,23
251,782,782,r,identifier,0,46,24
252,783,783,),operator,0,46,25
253,785,786,pd,identifier,0,46,27
254,787,787,[,operator,0,46,29
255,788,788,u,identifier,0,46,30
256,789,789,],operator,0,46,31
257,791,791,=,operator,0,46,33
258,793,795,val,identifier,0,46,35
259,796,796,[,operator,0,46,38
260,797,797,u,identifier,0,46,39
261,798,798,],operator,0,46,40
262,799,799,.,operator,0,46,41
263,800,800,l,identifier,0,46,42
264,802,802,%,operator,0,46,44
265,804,804,2,integer,0,46,46
266,805,805,;,operator,0,46,47
267,809,811,for,keyword,0,47,2
268,812,812,(,operator,0,47,5
269,813,815,int,keyword,0,47,6
270,817,817,e,identifier,0,47,10
271,819,819,=,operator,0,47,12
272,821,825,first,identifier,0,47,14
273,826,826,[,operator,0,47,19
274,827,827,u,identifier,0,47,20
275,828,828,],operator,0,47,21
276,829,829,;,operator,0,47,22
277,831,831,e,identifier,0,47,24
278,832,832,;,operator,0,47,25
279,834,834,e,identifier,0,47,27
280,836,836,=,operator,0,47,29
281,838,841,next,identifier,0,47,31
282,842,842,[,operator,0,47,35
283,843,843,e,identifier,0,47,36
284,844,844,],operator,0,47,37
285,845,845,),operator,0,47,38
286,849,849,{,operator,0,48,2
287,854,856,int,keyword,0,49,3
288,858,858,v,identifier,0,49,7
289,860,860,=,operator,0,49,9
290,862,863,go,identifier,0,49,11
291,864,864,[,operator,0,49,13
292,865,865,e,identifier,0,49,14
293,866,866,],operator,0,49,15
294,867,867,;,operator,0,49,16
295,872,873,if,keyword,0,50,3
296,874,874,(,operator,0,50,5
297,875,875,v,identifier,0,50,6
298,877,878,==,operator,0,50,8
299,880,885,father,identifier,0,50,11
300,886,886,),operator,0,50,17
301,888,895,continue,keyword,0,50,19
302,896,896,;,operator,0,50,27
303,901,903,dfs,identifier,0,51,3
304,904,904,(,operator,0,51,6
305,905,905,v,identifier,0,51,7
306,906,906,",",operator,0,51,8
307,908,908,u,identifier,0,51,10
308,909,909,),operator,0,51,11
309,910,910,;,operator,0,51,12
310,915,916,if,keyword,0,52,3
311,917,917,(,operator,0,52,5
312,918,919,pd,identifier,0,52,6
313,920,920,[,operator,0,52,8
314,921,921,v,identifier,0,52,9
315,922,922,],operator,0,52,10
316,924,925,==,operator,0,52,12
317,927,927,2,integer,0,52,15
318,928,928,),operator,0,52,16
319,930,937,continue,keyword,0,52,18
320,938,938,;,operator,0,52,26
321,943,944,if,keyword,0,53,3
322,945,945,(,operator,0,53,5
323,946,947,pd,identifier,0,53,6
324,948,948,[,operator,0,53,8
325,949,949,u,identifier,0,53,9
326,950,950,],operator,0,53,10
327,952,953,==,operator,0,53,12
328,955,955,2,integer,0,53,15
329,956,956,),operator,0,53,16
330,958,958,{,operator,0,53,18
331,959,960,pd,identifier,0,53,19
332,961,961,[,operator,0,53,21
333,962,962,u,identifier,0,53,22
334,963,963,],operator,0,53,23
335,965,965,=,operator,0,53,25
336,967,968,pd,identifier,0,53,27
337,969,969,[,operator,0,53,29
338,970,970,v,identifier,0,53,30
339,971,971,],operator,0,53,31
340,973,973,^,operator,0,53,33
341,975,975,1,integer,0,53,35
342,976,976,;,operator,0,53,36
343,978,985,continue,keyword,0,53,38
344,986,986,;,operator,0,53,46
345,987,987,},operator,0,53,47
346,992,993,if,keyword,0,54,3
347,994,994,(,operator,0,54,5
348,995,996,pd,identifier,0,54,6
349,997,997,[,operator,0,54,8
350,998,998,u,identifier,0,54,9
351,999,999,],operator,0,54,10
352,1001,1002,"!=",operator,0,54,12
353,1004,1004,(,operator,0,54,15
354,1005,1006,pd,identifier,0,54,16
355,1007,1007,[,operator,0,54,18
356,1008,1008,v,identifier,0,54,19
357,1009,1009,],operator,0,54,20
358,1011,1011,^,operator,0,54,22
359,1013,1013,1,integer,0,54,24
360,1014,1014,),operator,0,54,25
361,1015,1015,),operator,0,54,26
362,1017,1017,{,operator,0,54,28
363,1018,1023,printf,identifier,0,54,29
364,1024,1024,(,operator,0,54,35
365,1025,1028,"""No""",string,0,54,36
366,1029,1029,),operator,0,54,40
367,1030,1030,;,operator,0,54,41
368,1032,1035,exit,identifier,0,54,43
369,1036,1036,(,operator,0,54,47
370,1037,1037,0,integer,0,54,48
371,1038,1038,),operator,0,54,49
372,1039,1039,;,operator,0,54,50
373,1040,1040,},operator,0,54,51
374,1044,1044,},operator,0,55,2
375,1046,1046,},operator,0,56,0
376,1049,1052,void,keyword,0,58,0
377,1054,1057,dfs1,identifier,0,58,5
378,1058,1058,(,operator,0,58,9
379,1059,1061,int,keyword,0,58,10
380,1063,1063,u,identifier,0,58,14
381,1064,1064,",",operator,0,58,15
382,1066,1068,int,keyword,0,58,17
383,1070,1075,father,identifier,0,58,21
384,1076,1076,),operator,0,58,27
385,1078,1078,{,operator,0,59,0
386,1082,1084,for,keyword,0,60,2
387,1085,1085,(,operator,0,60,5
388,1086,1088,int,keyword,0,60,6
389,1090,1090,e,identifier,0,60,10
390,1092,1092,=,operator,0,60,12
391,1094,1098,first,identifier,0,60,14
392,1099,1099,[,operator,0,60,19
393,1100,1100,u,identifier,0,60,20
394,1101,1101,],operator,0,60,21
395,1102,1102,;,operator,0,60,22
396,1104,1104,e,identifier,0,60,24
397,1105,1105,;,operator,0,60,25
398,1107,1107,e,identifier,0,60,27
399,1109,1109,=,operator,0,60,29
400,1111,1114,next,identifier,0,60,31
401,1115,1115,[,operator,0,60,35
402,1116,1116,e,identifier,0,60,36
403,1117,1117,],operator,0,60,37
404,1118,1118,),operator,0,60,38
405,1122,1122,{,operator,0,61,2
406,1127,1129,int,keyword,0,62,3
407,1131,1131,v,identifier,0,62,7
408,1133,1133,=,operator,0,62,9
409,1135,1136,go,identifier,0,62,11
410,1137,1137,[,operator,0,62,13
411,1138,1138,e,identifier,0,62,14
412,1139,1139,],operator,0,62,15
413,1140,1140,;,operator,0,62,16
414,1145,1146,if,keyword,0,63,3
415,1147,1147,(,operator,0,63,5
416,1148,1148,v,identifier,0,63,6
417,1150,1151,==,operator,0,63,8
418,1153,1158,father,identifier,0,63,11
419,1159,1159,),operator,0,63,17
420,1161,1168,continue,keyword,0,63,19
421,1169,1169,;,operator,0,63,27
422,1174,1177,dfs1,identifier,0,64,3
423,1178,1178,(,operator,0,64,7
424,1179,1179,v,identifier,0,64,8
425,1180,1180,",",operator,0,64,9
426,1182,1182,u,identifier,0,64,11
427,1183,1183,),operator,0,64,12
428,1184,1184,;,operator,0,64,13
429,1189,1191,val,identifier,0,65,3
430,1192,1192,[,operator,0,65,6
431,1193,1193,u,identifier,0,65,7
432,1194,1194,],operator,0,65,8
433,1195,1195,.,operator,0,65,9
434,1196,1196,l,identifier,0,65,10
435,1198,1198,=,operator,0,65,12
436,1200,1202,max,identifier,0,65,14
437,1203,1203,(,operator,0,65,17
438,1204,1206,val,identifier,0,65,18
439,1207,1207,[,operator,0,65,21
440,1208,1208,u,identifier,0,65,22
441,1209,1209,],operator,0,65,23
442,1210,1210,.,operator,0,65,24
443,1211,1211,l,identifier,0,65,25
444,1212,1212,",",operator,0,65,26
445,1214,1216,val,identifier,0,65,28
446,1217,1217,[,operator,0,65,31
447,1218,1218,v,identifier,0,65,32
448,1219,1219,],operator,0,65,33
449,1220,1220,.,operator,0,65,34
450,1221,1221,l,identifier,0,65,35
451,1223,1223,-,operator,0,65,37
452,1225,1225,1,integer,0,65,39
453,1226,1226,),operator,0,65,40
454,1227,1227,;,operator,0,65,41
455,1232,1234,val,identifier,0,66,3
456,1235,1235,[,operator,0,66,6
457,1236,1236,u,identifier,0,66,7
458,1237,1237,],operator,0,66,8
459,1238,1238,.,operator,0,66,9
460,1239,1239,r,identifier,0,66,10
461,1241,1241,=,operator,0,66,12
462,1243,1245,min,identifier,0,66,14
463,1246,1246,(,operator,0,66,17
464,1247,1249,val,identifier,0,66,18
465,1250,1250,[,operator,0,66,21
466,1251,1251,u,identifier,0,66,22
467,1252,1252,],operator,0,66,23
468,1253,1253,.,operator,0,66,24
469,1254,1254,r,identifier,0,66,25
470,1255,1255,",",operator,0,66,26
471,1257,1259,val,identifier,0,66,28
472,1260,1260,[,operator,0,66,31
473,1261,1261,v,identifier,0,66,32
474,1262,1262,],operator,0,66,33
475,1263,1263,.,operator,0,66,34
476,1264,1264,r,identifier,0,66,35
477,1266,1266,+,operator,0,66,37
478,1268,1268,1,integer,0,66,39
479,1269,1269,),operator,0,66,40
480,1270,1270,;,operator,0,66,41
481,1275,1276,if,keyword,0,67,3
482,1277,1277,(,operator,0,67,5
483,1278,1280,val,identifier,0,67,6
484,1281,1281,[,operator,0,67,9
485,1282,1282,u,identifier,0,67,10
486,1283,1283,],operator,0,67,11
487,1284,1284,.,operator,0,67,12
488,1285,1285,l,identifier,0,67,13
489,1287,1287,>,operator,0,67,15
490,1289,1291,val,identifier,0,67,17
491,1292,1292,[,operator,0,67,20
492,1293,1293,u,identifier,0,67,21
493,1294,1294,],operator,0,67,22
494,1295,1295,.,operator,0,67,23
495,1296,1296,r,identifier,0,67,24
496,1297,1297,),operator,0,67,25
497,1299,1299,{,operator,0,67,27
498,1300,1305,printf,identifier,0,67,28
499,1306,1306,(,operator,0,67,34
500,1307,1310,"""No""",string,0,67,35
501,1311,1311,),operator,0,67,39
502,1312,1312,;,operator,0,67,40
503,1314,1317,exit,identifier,0,67,42
504,1318,1318,(,operator,0,67,46
505,1319,1319,0,integer,0,67,47
506,1320,1320,),operator,0,67,48
507,1321,1321,;,operator,0,67,49
508,1322,1322,},operator,0,67,50
509,1326,1326,},operator,0,68,2
510,1328,1328,},operator,0,69,0
511,1331,1333,int,keyword,0,71,0
512,1335,1335,A,identifier,0,71,4
513,1336,1336,[,operator,0,71,5
514,1337,1339,ONE,identifier,0,71,6
515,1340,1340,],operator,0,71,9
516,1341,1341,;,operator,0,71,10
517,1344,1347,void,keyword,0,73,0
518,1349,1352,dfs2,identifier,0,73,5
519,1353,1353,(,operator,0,73,9
520,1354,1356,int,keyword,0,73,10
521,1358,1358,u,identifier,0,73,14
522,1359,1359,",",operator,0,73,15
523,1361,1363,int,keyword,0,73,17
524,1365,1370,father,identifier,0,73,21
525,1371,1371,),operator,0,73,27
526,1373,1373,{,operator,0,74,0
527,1377,1378,if,keyword,0,75,2
528,1379,1379,(,operator,0,75,4
529,1380,1380,"!",operator,0,75,5
530,1381,1381,(,operator,0,75,6
531,1382,1384,val,identifier,0,75,7
532,1385,1385,[,operator,0,75,10
533,1386,1386,u,identifier,0,75,11
534,1387,1387,],operator,0,75,12
535,1388,1388,.,operator,0,75,13
536,1389,1389,l,identifier,0,75,14
537,1391,1392,<=,operator,0,75,16
538,1394,1394,A,identifier,0,75,19
539,1395,1395,[,operator,0,75,20
540,1396,1396,u,identifier,0,75,21
541,1397,1397,],operator,0,75,22
542,1399,1400,&&,operator,0,75,24
543,1402,1402,A,identifier,0,75,27
544,1403,1403,[,operator,0,75,28
545,1404,1404,u,identifier,0,75,29
546,1405,1405,],operator,0,75,30
547,1407,1408,<=,operator,0,75,32
548,1410,1412,val,identifier,0,75,35
549,1413,1413,[,operator,0,75,38
550,1414,1414,u,identifier,0,75,39
551,1415,1415,],operator,0,75,40
552,1416,1416,.,operator,0,75,41
553,1417,1417,r,identifier,0,75,42
554,1418,1418,),operator,0,75,43
555,1419,1419,),operator,0,75,44
556,1421,1421,{,operator,0,75,46
557,1422,1427,printf,identifier,0,75,47
558,1428,1428,(,operator,0,75,53
559,1429,1432,"""No""",string,0,75,54
560,1433,1433,),operator,0,75,58
561,1434,1434,;,operator,0,75,59
562,1436,1439,exit,identifier,0,75,61
563,1440,1440,(,operator,0,75,65
564,1441,1441,0,integer,0,75,66
565,1442,1442,),operator,0,75,67
566,1443,1443,;,operator,0,75,68
567,1444,1444,},operator,0,75,69
568,1448,1450,for,keyword,0,76,2
569,1451,1451,(,operator,0,76,5
570,1452,1454,int,keyword,0,76,6
571,1456,1456,e,identifier,0,76,10
572,1458,1458,=,operator,0,76,12
573,1460,1464,first,identifier,0,76,14
574,1465,1465,[,operator,0,76,19
575,1466,1466,u,identifier,0,76,20
576,1467,1467,],operator,0,76,21
577,1468,1468,;,operator,0,76,22
578,1470,1470,e,identifier,0,76,24
579,1471,1471,;,operator,0,76,25
580,1473,1473,e,identifier,0,76,27
581,1475,1475,=,operator,0,76,29
582,1477,1480,next,identifier,0,76,31
583,1481,1481,[,operator,0,76,35
584,1482,1482,e,identifier,0,76,36
585,1483,1483,],operator,0,76,37
586,1484,1484,),operator,0,76,38
587,1488,1488,{,operator,0,77,2
588,1493,1495,int,keyword,0,78,3
589,1497,1497,v,identifier,0,78,7
590,1499,1499,=,operator,0,78,9
591,1501,1502,go,identifier,0,78,11
592,1503,1503,[,operator,0,78,13
593,1504,1504,e,identifier,0,78,14
594,1505,1505,],operator,0,78,15
595,1506,1506,;,operator,0,78,16
596,1511,1512,if,keyword,0,79,3
597,1513,1513,(,operator,0,79,5
598,1514,1514,v,identifier,0,79,6
599,1516,1517,==,operator,0,79,8
600,1519,1524,father,identifier,0,79,11
601,1525,1525,),operator,0,79,17
602,1527,1534,continue,keyword,0,79,19
603,1535,1535,;,operator,0,79,27
604,1540,1541,if,keyword,0,80,3
605,1542,1542,(,operator,0,80,5
606,1543,1545,val,identifier,0,80,6
607,1546,1546,[,operator,0,80,9
608,1547,1547,v,identifier,0,80,10
609,1548,1548,],operator,0,80,11
610,1549,1549,.,operator,0,80,12
611,1550,1550,l,identifier,0,80,13
612,1552,1553,<=,operator,0,80,15
613,1555,1555,A,identifier,0,80,18
614,1556,1556,[,operator,0,80,19
615,1557,1557,u,identifier,0,80,20
616,1558,1558,],operator,0,80,21
617,1560,1560,-,operator,0,80,23
618,1562,1562,1,integer,0,80,25
619,1564,1565,&&,operator,0,80,27
620,1567,1567,A,identifier,0,80,30
621,1568,1568,[,operator,0,80,31
622,1569,1569,u,identifier,0,80,32
623,1570,1570,],operator,0,80,33
624,1572,1572,-,operator,0,80,35
625,1574,1574,1,integer,0,80,37
626,1576,1577,<=,operator,0,80,39
627,1579,1581,val,identifier,0,80,42
628,1582,1582,[,operator,0,80,45
629,1583,1583,v,identifier,0,80,46
630,1584,1584,],operator,0,80,47
631,1585,1585,.,operator,0,80,48
632,1586,1586,r,identifier,0,80,49
633,1587,1587,),operator,0,80,50
634,1589,1589,A,identifier,0,80,52
635,1590,1590,[,operator,0,80,53
636,1591,1591,v,identifier,0,80,54
637,1592,1592,],operator,0,80,55
638,1594,1594,=,operator,0,80,57
639,1596,1596,A,identifier,0,80,59
640,1597,1597,[,operator,0,80,60
641,1598,1598,u,identifier,0,80,61
642,1599,1599,],operator,0,80,62
643,1601,1601,-,operator,0,80,64
644,1603,1603,1,integer,0,80,66
645,1604,1604,;,operator,0,80,67
646,1609,1610,if,keyword,0,81,3
647,1611,1611,(,operator,0,81,5
648,1612,1614,val,identifier,0,81,6
649,1615,1615,[,operator,0,81,9
650,1616,1616,v,identifier,0,81,10
651,1617,1617,],operator,0,81,11
652,1618,1618,.,operator,0,81,12
653,1619,1619,l,identifier,0,81,13
654,1621,1622,<=,operator,0,81,15
655,1624,1624,A,identifier,0,81,18
656,1625,1625,[,operator,0,81,19
657,1626,1626,u,identifier,0,81,20
658,1627,1627,],operator,0,81,21
659,1629,1629,+,operator,0,81,23
660,1631,1631,1,integer,0,81,25
661,1633,1634,&&,operator,0,81,27
662,1636,1636,A,identifier,0,81,30
663,1637,1637,[,operator,0,81,31
664,1638,1638,u,identifier,0,81,32
665,1639,1639,],operator,0,81,33
666,1641,1641,+,operator,0,81,35
667,1643,1643,1,integer,0,81,37
668,1645,1646,<=,operator,0,81,39
669,1648,1650,val,identifier,0,81,42
670,1651,1651,[,operator,0,81,45
671,1652,1652,v,identifier,0,81,46
672,1653,1653,],operator,0,81,47
673,1654,1654,.,operator,0,81,48
674,1655,1655,r,identifier,0,81,49
675,1656,1656,),operator,0,81,50
676,1658,1658,A,identifier,0,81,52
677,1659,1659,[,operator,0,81,53
678,1660,1660,v,identifier,0,81,54
679,1661,1661,],operator,0,81,55
680,1663,1663,=,operator,0,81,57
681,1665,1665,A,identifier,0,81,59
682,1666,1666,[,operator,0,81,60
683,1667,1667,u,identifier,0,81,61
684,1668,1668,],operator,0,81,62
685,1670,1670,+,operator,0,81,64
686,1672,1672,1,integer,0,81,66
687,1673,1673,;,operator,0,81,67
688,1678,1681,dfs2,identifier,0,82,3
689,1682,1682,(,operator,0,82,7
690,1683,1683,v,identifier,0,82,8
691,1684,1684,",",operator,0,82,9
692,1686,1686,u,identifier,0,82,11
693,1687,1687,),operator,0,82,12
694,1688,1688,;,operator,0,82,13
695,1692,1692,},operator,0,83,2
696,1694,1694,},operator,0,84,0
697,1697,1699,int,keyword,0,86,0
698,1701,1704,main,identifier,0,86,4
699,1705,1705,(,operator,0,86,8
700,1706,1706,),operator,0,86,9
701,1708,1708,{,operator,0,87,0
702,1712,1712,n,identifier,0,88,2
703,1714,1714,=,operator,0,88,4
704,1716,1718,get,identifier,0,88,6
705,1719,1719,(,operator,0,88,9
706,1720,1720,),operator,0,88,10
707,1721,1721,;,operator,0,88,11
708,1725,1727,for,keyword,0,89,2
709,1728,1728,(,operator,0,89,5
710,1729,1731,int,keyword,0,89,6
711,1733,1733,i,identifier,0,89,10
712,1735,1735,=,operator,0,89,12
713,1737,1737,1,integer,0,89,14
714,1738,1738,;,operator,0,89,15
715,1740,1740,i,identifier,0,89,17
716,1742,1742,<,operator,0,89,19
717,1744,1744,n,identifier,0,89,21
718,1745,1745,;,operator,0,89,22
719,1747,1747,i,identifier,0,89,24
720,1748,1749,++,operator,0,89,25
721,1750,1750,),operator,0,89,27
722,1752,1752,x,identifier,0,89,29
723,1754,1754,=,operator,0,89,31
724,1756,1758,get,identifier,0,89,33
725,1759,1759,(,operator,0,89,36
726,1760,1760,),operator,0,89,37
727,1761,1761,",",operator,0,89,38
728,1763,1763,y,identifier,0,89,40
729,1765,1765,=,operator,0,89,42
730,1767,1769,get,identifier,0,89,44
731,1770,1770,(,operator,0,89,47
732,1771,1771,),operator,0,89,48
733,1772,1772,",",operator,0,89,49
734,1774,1776,Add,identifier,0,89,51
735,1777,1777,(,operator,0,89,54
736,1778,1778,x,identifier,0,89,55
737,1779,1779,",",operator,0,89,56
738,1781,1781,y,identifier,0,89,58
739,1782,1782,),operator,0,89,59
740,1783,1783,;,operator,0,89,60
741,1787,1789,for,keyword,0,90,2
742,1790,1790,(,operator,0,90,5
743,1791,1793,int,keyword,0,90,6
744,1795,1795,i,identifier,0,90,10
745,1797,1797,=,operator,0,90,12
746,1799,1799,1,integer,0,90,14
747,1800,1800,;,operator,0,90,15
748,1802,1802,i,identifier,0,90,17
749,1804,1805,<=,operator,0,90,19
750,1807,1807,n,identifier,0,90,22
751,1808,1808,;,operator,0,90,23
752,1810,1810,i,identifier,0,90,25
753,1811,1812,++,operator,0,90,26
754,1813,1813,),operator,0,90,28
755,1815,1817,val,identifier,0,90,30
756,1818,1818,[,operator,0,90,33
757,1819,1819,i,identifier,0,90,34
758,1820,1820,],operator,0,90,35
759,1822,1822,=,operator,0,90,37
760,1824,1824,(,operator,0,90,39
761,1825,1829,power,identifier,0,90,40
762,1830,1830,),operator,0,90,45
763,1831,1831,{,operator,0,90,46
764,1832,1832,-,operator,0,90,47
765,1833,1835,INF,identifier,0,90,48
766,1836,1836,",",operator,0,90,51
767,1838,1840,INF,identifier,0,90,53
768,1841,1841,},operator,0,90,56
769,1842,1842,",",operator,0,90,57
770,1844,1845,pd,identifier,0,90,59
771,1846,1846,[,operator,0,90,61
772,1847,1847,i,identifier,0,90,62
773,1848,1848,],operator,0,90,63
774,1850,1850,=,operator,0,90,65
775,1852,1852,2,integer,0,90,67
776,1853,1853,;,operator,0,90,68
777,1857,1857,k,identifier,0,91,2
778,1859,1859,=,operator,0,91,4
779,1861,1863,get,identifier,0,91,6
780,1864,1864,(,operator,0,91,9
781,1865,1865,),operator,0,91,10
782,1866,1866,;,operator,0,91,11
783,1870,1872,for,keyword,0,92,2
784,1873,1873,(,operator,0,92,5
785,1874,1876,int,keyword,0,92,6
786,1878,1878,i,identifier,0,92,10
787,1880,1880,=,operator,0,92,12
788,1882,1882,1,integer,0,92,14
789,1883,1883,;,operator,0,92,15
790,1885,1885,i,identifier,0,92,17
791,1887,1888,<=,operator,0,92,19
792,1890,1890,k,identifier,0,92,22
793,1891,1891,;,operator,0,92,23
794,1893,1893,i,identifier,0,92,25
795,1894,1895,++,operator,0,92,26
796,1896,1896,),operator,0,92,28
797,1898,1898,x,identifier,0,92,30
798,1900,1900,=,operator,0,92,32
799,1902,1904,get,identifier,0,92,34
800,1905,1905,(,operator,0,92,37
801,1906,1906,),operator,0,92,38
802,1907,1907,",",operator,0,92,39
803,1909,1909,y,identifier,0,92,41
804,1911,1911,=,operator,0,92,43
805,1913,1915,get,identifier,0,92,45
806,1916,1916,(,operator,0,92,48
807,1917,1917,),operator,0,92,49
808,1918,1918,",",operator,0,92,50
809,1920,1922,val,identifier,0,92,52
810,1923,1923,[,operator,0,92,55
811,1924,1924,x,identifier,0,92,56
812,1925,1925,],operator,0,92,57
813,1927,1927,=,operator,0,92,59
814,1929,1929,(,operator,0,92,61
815,1930,1934,power,identifier,0,92,62
816,1935,1935,),operator,0,92,67
817,1936,1936,{,operator,0,92,68
818,1937,1937,y,identifier,0,92,69
819,1938,1938,",",operator,0,92,70
820,1940,1940,y,identifier,0,92,72
821,1941,1941,},operator,0,92,73
822,1942,1942,;,operator,0,92,74
823,1947,1949,dfs,identifier,0,94,2
824,1950,1950,(,operator,0,94,5
825,1951,1951,1,integer,0,94,6
826,1952,1952,",",operator,0,94,7
827,1954,1954,0,integer,0,94,9
828,1955,1955,),operator,0,94,10
829,1956,1956,;,operator,0,94,11
830,1960,1963,dfs1,identifier,0,95,2
831,1964,1964,(,operator,0,95,6
832,1965,1965,1,integer,0,95,7
833,1966,1966,",",operator,0,95,8
834,1968,1968,0,integer,0,95,10
835,1969,1969,),operator,0,95,11
836,1970,1970,;,operator,0,95,12
837,1975,1975,A,identifier,0,97,2
838,1976,1976,[,operator,0,97,3
839,1977,1977,1,integer,0,97,4
840,1978,1978,],operator,0,97,5
841,1980,1980,=,operator,0,97,7
842,1982,1984,val,identifier,0,97,9
843,1985,1985,[,operator,0,97,12
844,1986,1986,1,integer,0,97,13
845,1987,1987,],operator,0,97,14
846,1988,1988,.,operator,0,97,15
847,1989,1989,l,identifier,0,97,16
848,1990,1990,;,operator,0,97,17
849,1994,1995,if,keyword,0,98,2
850,1996,1996,(,operator,0,98,4
851,1997,1998,pd,identifier,0,98,5
852,1999,1999,[,operator,0,98,7
853,2000,2000,1,integer,0,98,8
854,2001,2001,],operator,0,98,9
855,2003,2004,"!=",operator,0,98,11
856,2006,2006,2,integer,0,98,14
857,2008,2009,&&,operator,0,98,16
858,2011,2011,A,identifier,0,98,19
859,2012,2012,[,operator,0,98,20
860,2013,2013,1,integer,0,98,21
861,2014,2014,],operator,0,98,22
862,2016,2016,%,operator,0,98,24
863,2018,2018,2,integer,0,98,26
864,2020,2021,"!=",operator,0,98,28
865,2023,2024,pd,identifier,0,98,31
866,2025,2025,[,operator,0,98,33
867,2026,2026,1,integer,0,98,34
868,2027,2027,],operator,0,98,35
869,2028,2028,),operator,0,98,36
870,2030,2030,A,identifier,0,98,38
871,2031,2031,[,operator,0,98,39
872,2032,2032,1,integer,0,98,40
873,2033,2033,],operator,0,98,41
874,2034,2035,++,operator,0,98,42
875,2036,2036,;,operator,0,98,44
876,2041,2044,dfs2,identifier,0,100,2
877,2045,2045,(,operator,0,100,6
878,2046,2046,1,integer,0,100,7
879,2047,2047,",",operator,0,100,8
880,2049,2049,0,integer,0,100,10
881,2050,2050,),operator,0,100,11
882,2051,2051,;,operator,0,100,12
883,2056,2061,printf,identifier,0,102,2
884,2062,2062,(,operator,0,102,8
885,2063,2069,"""Yes\n""",string,0,102,9
886,2070,2070,),operator,0,102,16
887,2071,2071,;,operator,0,102,17
888,2075,2077,for,keyword,0,103,2
889,2078,2078,(,operator,0,103,5
890,2079,2081,int,keyword,0,103,6
891,2083,2083,i,identifier,0,103,10
892,2085,2085,=,operator,0,103,12
893,2087,2087,1,integer,0,103,14
894,2088,2088,;,operator,0,103,15
895,2090,2090,i,identifier,0,103,17
896,2092,2093,<=,operator,0,103,19
897,2095,2095,n,identifier,0,103,22
898,2096,2096,;,operator,0,103,23
899,2098,2098,i,identifier,0,103,25
900,2099,2100,++,operator,0,103,26
901,2101,2101,),operator,0,103,28
902,2106,2111,printf,identifier,0,104,3
903,2112,2112,(,operator,0,104,9
904,2113,2118,"""%d\n""",string,0,104,10
905,2119,2119,",",operator,0,104,16
906,2121,2121,A,identifier,0,104,18
907,2122,2122,[,operator,0,104,19
908,2123,2123,i,identifier,0,104,20
909,2124,2124,],operator,0,104,21
910,2125,2125,),operator,0,104,22
911,2126,2126,;,operator,0,104,23
912,2128,2128,},operator,0,105,0
913,2129,2128,<EOF>,eof,0,105,1
