seqnr,start,stop,text,class,channel,line,column
0,137,160,"#include <bits/stdc++.h>",directive,1,5,0
1,162,233,"#define file(x) freopen(#x"".in"",""r"",stdin); freopen(#x"".out"",""w"",stdout)",directive,1,6,0
2,235,239,using,keyword,0,7,0
3,241,249,namespace,keyword,0,7,6
4,251,253,std,identifier,0,7,16
5,254,254,;,operator,0,7,19
6,256,262,typedef,keyword,0,8,0
7,264,267,long,keyword,0,8,8
8,269,272,long,keyword,0,8,13
9,274,275,ll,identifier,0,8,18
10,276,276,;,operator,0,8,20
11,279,281,int,keyword,0,10,0
12,283,286,read,identifier,0,10,4
13,287,287,(,operator,0,10,8
14,288,288,),operator,0,10,9
15,290,290,{,operator,0,10,11
16,293,295,int,keyword,0,11,1
17,297,297,X,identifier,0,11,5
18,298,298,=,operator,0,11,6
19,299,299,0,integer,0,11,7
20,300,300,",",operator,0,11,8
21,301,301,w,identifier,0,11,9
22,302,302,=,operator,0,11,10
23,303,303,1,integer,0,11,11
24,304,304,;,operator,0,11,12
25,306,309,char,keyword,0,11,14
26,311,311,c,identifier,0,11,19
27,312,312,=,operator,0,11,20
28,313,319,getchar,identifier,0,11,21
29,320,320,(,operator,0,11,28
30,321,321,),operator,0,11,29
31,322,322,;,operator,0,11,30
32,325,329,while,keyword,0,12,1
33,331,331,(,operator,0,12,7
34,332,332,c,identifier,0,12,8
35,333,333,<,operator,0,12,9
36,334,336,'0',character,0,12,10
37,337,338,||,operator,0,12,13
38,339,339,c,identifier,0,12,15
39,340,340,>,operator,0,12,16
40,341,343,'9',character,0,12,17
41,344,344,),operator,0,12,20
42,346,346,{,operator,0,12,22
43,348,349,if,keyword,0,12,24
44,351,351,(,operator,0,12,27
45,352,352,c,identifier,0,12,28
46,353,354,==,operator,0,12,29
47,355,357,'-',character,0,12,31
48,358,358,),operator,0,12,34
49,360,360,w,identifier,0,12,36
50,361,361,=,operator,0,12,37
51,362,362,-,operator,0,12,38
52,363,363,1,integer,0,12,39
53,364,364,;,operator,0,12,40
54,366,366,c,identifier,0,12,42
55,367,367,=,operator,0,12,43
56,368,374,getchar,identifier,0,12,44
57,375,375,(,operator,0,12,51
58,376,376,),operator,0,12,52
59,377,377,;,operator,0,12,53
60,379,379,},operator,0,12,55
61,382,386,while,keyword,0,13,1
62,388,388,(,operator,0,13,7
63,389,389,c,identifier,0,13,8
64,390,391,>=,operator,0,13,9
65,392,394,'0',character,0,13,11
66,395,396,&&,operator,0,13,14
67,397,397,c,identifier,0,13,16
68,398,399,<=,operator,0,13,17
69,400,402,'9',character,0,13,19
70,403,403,),operator,0,13,22
71,405,405,X,identifier,0,13,24
72,406,406,=,operator,0,13,25
73,407,407,X,identifier,0,13,26
74,408,408,*,operator,0,13,27
75,409,410,10,integer,0,13,28
76,411,411,+,operator,0,13,30
77,412,412,c,identifier,0,13,31
78,413,413,-,operator,0,13,32
79,414,416,'0',character,0,13,33
80,417,417,",",operator,0,13,36
81,418,418,c,identifier,0,13,37
82,419,419,=,operator,0,13,38
83,420,426,getchar,identifier,0,13,39
84,427,427,(,operator,0,13,46
85,428,428,),operator,0,13,47
86,429,429,;,operator,0,13,48
87,432,437,return,keyword,0,14,1
88,439,439,X,identifier,0,14,8
89,440,440,*,operator,0,14,9
90,441,441,w,identifier,0,14,10
91,442,442,;,operator,0,14,11
92,444,444,},operator,0,15,0
93,447,451,const,keyword,0,17,0
94,453,455,int,keyword,0,17,6
95,457,457,N,identifier,0,17,10
96,458,458,=,operator,0,17,11
97,459,464,100000,integer,0,17,12
98,465,465,+,operator,0,17,18
99,466,467,10,integer,0,17,19
100,468,468,;,operator,0,17,21
101,470,474,const,keyword,0,18,0
102,476,478,int,keyword,0,18,6
103,480,482,inf,identifier,0,18,10
104,483,483,=,operator,0,18,13
105,484,493,0x3f3f3f3f,integer,0,18,14
106,494,494,;,operator,0,18,24
107,497,499,int,keyword,0,20,0
108,501,501,n,identifier,0,20,4
109,502,502,",",operator,0,20,5
110,503,503,k,identifier,0,20,6
111,504,504,;,operator,0,20,7
112,506,511,vector,identifier,0,21,0
113,512,512,<,operator,0,21,6
114,513,515,int,keyword,0,21,7
115,516,516,>,operator,0,21,10
116,518,518,E,identifier,0,21,12
117,519,519,[,operator,0,21,13
118,520,520,N,identifier,0,21,14
119,521,521,],operator,0,21,15
120,522,522,;,operator,0,21,16
121,524,526,int,keyword,0,22,0
122,528,528,w,identifier,0,22,4
123,529,529,[,operator,0,22,5
124,530,530,N,identifier,0,22,6
125,531,531,],operator,0,22,7
126,532,532,",",operator,0,22,8
127,533,535,vis,identifier,0,22,9
128,536,536,[,operator,0,22,12
129,537,537,N,identifier,0,22,13
130,538,538,],operator,0,22,14
131,539,539,;,operator,0,22,15
132,541,546,struct,keyword,0,23,0
133,548,551,node,identifier,0,23,7
134,553,553,{,operator,0,23,12
135,555,557,int,keyword,0,23,14
136,559,559,u,identifier,0,23,18
137,560,560,",",operator,0,23,19
138,561,561,w,identifier,0,23,20
139,562,562,;,operator,0,23,21
140,564,564,},operator,0,23,23
141,565,565,;,operator,0,23,24
142,567,570,bool,keyword,0,24,0
143,572,579,operator,keyword,0,24,5
144,581,581,<,operator,0,24,14
145,582,582,(,operator,0,24,15
146,583,586,node,identifier,0,24,16
147,588,588,a,identifier,0,24,21
148,589,589,",",operator,0,24,22
149,590,593,node,identifier,0,24,23
150,595,595,b,identifier,0,24,28
151,596,596,),operator,0,24,29
152,598,598,{,operator,0,24,31
153,600,605,return,keyword,0,24,33
154,607,607,a,identifier,0,24,40
155,608,608,.,operator,0,24,41
156,609,609,w,identifier,0,24,42
157,610,610,>,operator,0,24,43
158,611,611,b,identifier,0,24,44
159,612,612,.,operator,0,24,45
160,613,613,w,identifier,0,24,46
161,614,614,;,operator,0,24,47
162,616,616,},operator,0,24,49
163,618,631,priority_queue,identifier,0,25,0
164,632,632,<,operator,0,25,14
165,633,636,node,identifier,0,25,15
166,637,637,>,operator,0,25,19
167,639,639,Q,identifier,0,25,21
168,640,640,;,operator,0,25,22
169,643,645,int,keyword,0,27,0
170,647,650,main,identifier,0,27,4
171,651,651,(,operator,0,27,8
172,652,652,),operator,0,27,9
173,654,654,{,operator,0,27,11
174,657,657,n,identifier,0,28,1
175,658,658,=,operator,0,28,2
176,659,662,read,identifier,0,28,3
177,663,663,(,operator,0,28,7
178,664,664,),operator,0,28,8
179,665,665,;,operator,0,28,9
180,668,670,for,keyword,0,29,1
181,672,672,(,operator,0,29,5
182,673,675,int,keyword,0,29,6
183,677,677,i,identifier,0,29,10
184,678,678,=,operator,0,29,11
185,679,679,1,integer,0,29,12
186,680,680,;,operator,0,29,13
187,681,681,i,identifier,0,29,14
188,682,682,<,operator,0,29,15
189,683,683,n,identifier,0,29,16
190,684,684,;,operator,0,29,17
191,685,686,++,operator,0,29,18
192,687,687,i,identifier,0,29,20
193,688,688,),operator,0,29,21
194,690,690,{,operator,0,29,23
195,694,696,int,keyword,0,30,2
196,698,698,u,identifier,0,30,6
197,699,699,=,operator,0,30,7
198,700,703,read,identifier,0,30,8
199,704,704,(,operator,0,30,12
200,705,705,),operator,0,30,13
201,706,706,",",operator,0,30,14
202,707,707,v,identifier,0,30,15
203,708,708,=,operator,0,30,16
204,709,712,read,identifier,0,30,17
205,713,713,(,operator,0,30,21
206,714,714,),operator,0,30,22
207,715,715,;,operator,0,30,23
208,719,719,E,identifier,0,31,2
209,720,720,[,operator,0,31,3
210,721,721,u,identifier,0,31,4
211,722,722,],operator,0,31,5
212,723,723,.,operator,0,31,6
213,724,735,emplace_back,identifier,0,31,7
214,736,736,(,operator,0,31,19
215,737,737,v,identifier,0,31,20
216,738,738,),operator,0,31,21
217,739,739,",",operator,0,31,22
218,740,740,E,identifier,0,31,23
219,741,741,[,operator,0,31,24
220,742,742,v,identifier,0,31,25
221,743,743,],operator,0,31,26
222,744,744,.,operator,0,31,27
223,745,756,emplace_back,identifier,0,31,28
224,757,757,(,operator,0,31,40
225,758,758,u,identifier,0,31,41
226,759,759,),operator,0,31,42
227,760,760,;,operator,0,31,43
228,763,763,},operator,0,32,1
229,766,766,k,identifier,0,33,1
230,767,767,=,operator,0,33,2
231,768,771,read,identifier,0,33,3
232,772,772,(,operator,0,33,7
233,773,773,),operator,0,33,8
234,774,774,;,operator,0,33,9
235,777,779,for,keyword,0,34,1
236,781,781,(,operator,0,34,5
237,782,784,int,keyword,0,34,6
238,786,786,i,identifier,0,34,10
239,787,787,=,operator,0,34,11
240,788,788,1,integer,0,34,12
241,789,789,",",operator,0,34,13
242,790,790,p,identifier,0,34,14
243,791,791,;,operator,0,34,15
244,792,792,i,identifier,0,34,16
245,793,794,<=,operator,0,34,17
246,795,795,k,identifier,0,34,19
247,796,796,;,operator,0,34,20
248,797,798,++,operator,0,34,21
249,799,799,i,identifier,0,34,23
250,800,800,),operator,0,34,24
251,804,804,p,identifier,0,35,2
252,805,805,=,operator,0,35,3
253,806,809,read,identifier,0,35,4
254,810,810,(,operator,0,35,8
255,811,811,),operator,0,35,9
256,812,812,",",operator,0,35,10
257,813,815,vis,identifier,0,35,11
258,816,816,[,operator,0,35,14
259,817,817,p,identifier,0,35,15
260,818,818,],operator,0,35,16
261,819,819,=,operator,0,35,17
262,820,820,1,integer,0,35,18
263,821,821,",",operator,0,35,19
264,822,822,w,identifier,0,35,20
265,823,823,[,operator,0,35,21
266,824,824,p,identifier,0,35,22
267,825,825,],operator,0,35,23
268,826,826,=,operator,0,35,24
269,827,830,read,identifier,0,35,25
270,831,831,(,operator,0,35,29
271,832,832,),operator,0,35,30
272,833,833,",",operator,0,35,31
273,834,834,Q,identifier,0,35,32
274,835,835,.,operator,0,35,33
275,836,839,push,identifier,0,35,34
276,840,840,(,operator,0,35,38
277,841,841,(,operator,0,35,39
278,842,845,node,identifier,0,35,40
279,846,846,),operator,0,35,44
280,847,847,{,operator,0,35,45
281,848,848,p,identifier,0,35,46
282,849,849,",",operator,0,35,47
283,850,850,w,identifier,0,35,48
284,851,851,[,operator,0,35,49
285,852,852,p,identifier,0,35,50
286,853,853,],operator,0,35,51
287,854,854,},operator,0,35,52
288,855,855,),operator,0,35,53
289,856,856,;,operator,0,35,54
290,859,863,while,keyword,0,36,1
291,865,865,(,operator,0,36,7
292,866,866,"!",operator,0,36,8
293,867,867,Q,identifier,0,36,9
294,868,868,.,operator,0,36,10
295,869,873,empty,identifier,0,36,11
296,874,874,(,operator,0,36,16
297,875,875,),operator,0,36,17
298,876,876,),operator,0,36,18
299,878,878,{,operator,0,36,20
300,882,884,int,keyword,0,37,2
301,886,886,u,identifier,0,37,6
302,887,887,=,operator,0,37,7
303,888,888,Q,identifier,0,37,8
304,889,889,.,operator,0,37,9
305,890,892,top,identifier,0,37,10
306,893,893,(,operator,0,37,13
307,894,894,),operator,0,37,14
308,895,895,.,operator,0,37,15
309,896,896,u,identifier,0,37,16
310,897,897,",",operator,0,37,17
311,898,898,d,identifier,0,37,18
312,899,899,=,operator,0,37,19
313,900,900,Q,identifier,0,37,20
314,901,901,.,operator,0,37,21
315,902,904,top,identifier,0,37,22
316,905,905,(,operator,0,37,25
317,906,906,),operator,0,37,26
318,907,907,.,operator,0,37,27
319,908,908,w,identifier,0,37,28
320,909,909,;,operator,0,37,29
321,911,911,Q,identifier,0,37,31
322,912,912,.,operator,0,37,32
323,913,915,pop,identifier,0,37,33
324,916,916,(,operator,0,37,36
325,917,917,),operator,0,37,37
326,918,918,;,operator,0,37,38
327,922,924,for,keyword,0,38,2
328,926,926,(,operator,0,38,6
329,927,929,int,keyword,0,38,7
330,931,931,v,identifier,0,38,11
331,932,932,:,operator,0,38,12
332,933,933,E,identifier,0,38,13
333,934,934,[,operator,0,38,14
334,935,935,u,identifier,0,38,15
335,936,936,],operator,0,38,16
336,937,937,),operator,0,38,17
337,939,939,{,operator,0,38,19
338,944,945,if,keyword,0,39,3
339,947,947,(,operator,0,39,6
340,948,950,vis,identifier,0,39,7
341,951,951,[,operator,0,39,10
342,952,952,v,identifier,0,39,11
343,953,953,],operator,0,39,12
344,954,955,&&,operator,0,39,13
345,956,958,abs,identifier,0,39,15
346,959,959,(,operator,0,39,18
347,960,960,w,identifier,0,39,19
348,961,961,[,operator,0,39,20
349,962,962,u,identifier,0,39,21
350,963,963,],operator,0,39,22
351,964,964,-,operator,0,39,23
352,965,965,w,identifier,0,39,24
353,966,966,[,operator,0,39,25
354,967,967,v,identifier,0,39,26
355,968,968,],operator,0,39,27
356,969,969,),operator,0,39,28
357,970,971,"!=",operator,0,39,29
358,972,972,1,integer,0,39,31
359,973,973,),operator,0,39,32
360,975,975,{,operator,0,39,34
361,977,980,puts,identifier,0,39,36
362,981,981,(,operator,0,39,40
363,982,985,"""No""",string,0,39,41
364,986,986,),operator,0,39,45
365,987,987,;,operator,0,39,46
366,989,992,exit,identifier,0,39,48
367,993,993,(,operator,0,39,52
368,994,994,0,integer,0,39,53
369,995,995,),operator,0,39,54
370,996,996,;,operator,0,39,55
371,998,998,},operator,0,39,57
372,1003,1004,if,keyword,0,40,3
373,1006,1006,(,operator,0,40,6
374,1007,1007,"!",operator,0,40,7
375,1008,1010,vis,identifier,0,40,8
376,1011,1011,[,operator,0,40,11
377,1012,1012,v,identifier,0,40,12
378,1013,1013,],operator,0,40,13
379,1014,1014,),operator,0,40,14
380,1016,1018,vis,identifier,0,40,16
381,1019,1019,[,operator,0,40,19
382,1020,1020,v,identifier,0,40,20
383,1021,1021,],operator,0,40,21
384,1022,1022,=,operator,0,40,22
385,1023,1023,1,integer,0,40,23
386,1024,1024,",",operator,0,40,24
387,1025,1025,w,identifier,0,40,25
388,1026,1026,[,operator,0,40,26
389,1027,1027,v,identifier,0,40,27
390,1028,1028,],operator,0,40,28
391,1029,1029,=,operator,0,40,29
392,1030,1030,w,identifier,0,40,30
393,1031,1031,[,operator,0,40,31
394,1032,1032,u,identifier,0,40,32
395,1033,1033,],operator,0,40,33
396,1034,1034,+,operator,0,40,34
397,1035,1035,1,integer,0,40,35
398,1036,1036,",",operator,0,40,36
399,1037,1037,Q,identifier,0,40,37
400,1038,1038,.,operator,0,40,38
401,1039,1042,push,identifier,0,40,39
402,1043,1043,(,operator,0,40,43
403,1044,1044,(,operator,0,40,44
404,1045,1048,node,identifier,0,40,45
405,1049,1049,),operator,0,40,49
406,1050,1050,{,operator,0,40,50
407,1051,1051,v,identifier,0,40,51
408,1052,1052,",",operator,0,40,52
409,1053,1053,w,identifier,0,40,53
410,1054,1054,[,operator,0,40,54
411,1055,1055,v,identifier,0,40,55
412,1056,1056,],operator,0,40,56
413,1057,1057,},operator,0,40,57
414,1058,1058,),operator,0,40,58
415,1059,1059,;,operator,0,40,59
416,1063,1063,},operator,0,41,2
417,1066,1066,},operator,0,42,1
418,1069,1072,puts,identifier,0,43,1
419,1073,1073,(,operator,0,43,5
420,1074,1078,"""Yes""",string,0,43,6
421,1079,1079,),operator,0,43,11
422,1080,1080,;,operator,0,43,12
423,1083,1085,for,keyword,0,44,1
424,1087,1087,(,operator,0,44,5
425,1088,1090,int,keyword,0,44,6
426,1092,1092,i,identifier,0,44,10
427,1093,1093,=,operator,0,44,11
428,1094,1094,1,integer,0,44,12
429,1095,1095,;,operator,0,44,13
430,1096,1096,i,identifier,0,44,14
431,1097,1098,<=,operator,0,44,15
432,1099,1099,n,identifier,0,44,17
433,1100,1100,;,operator,0,44,18
434,1101,1102,++,operator,0,44,19
435,1103,1103,i,identifier,0,44,21
436,1104,1104,),operator,0,44,22
437,1106,1111,printf,identifier,0,44,24
438,1112,1112,(,operator,0,44,30
439,1113,1118,"""%d\n""",string,0,44,31
440,1119,1119,",",operator,0,44,37
441,1120,1120,w,identifier,0,44,38
442,1121,1121,[,operator,0,44,39
443,1122,1122,i,identifier,0,44,40
444,1123,1123,],operator,0,44,41
445,1124,1124,),operator,0,44,42
446,1125,1125,;,operator,0,44,43
447,1128,1133,return,keyword,0,45,1
448,1135,1135,0,integer,0,45,8
449,1136,1136,;,operator,0,45,9
450,1138,1138,},operator,0,46,0
451,1139,1138,<EOF>,eof,0,46,1
