seqnr,start,stop,text,class,channel,line,column
0,0,18,"#include <iostream>",directive,1,1,0
1,20,37,"#include <fstream>",directive,1,2,0
2,39,55,"#include <vector>",directive,1,3,0
3,57,73,"#include <string>",directive,1,4,0
4,75,94,"#include <algorithm>",directive,1,5,0
5,96,111,"#include <cmath>",directive,1,6,0
6,113,130,"#include <cstdlib>",directive,1,7,0
7,132,136,using,keyword,0,8,0
8,138,146,namespace,keyword,0,8,6
9,148,150,std,identifier,0,8,16
10,151,151,;,operator,0,8,19
11,153,174,"#define mod 1000000007",directive,1,9,0
12,176,197,"#define INT 2100000000",directive,1,10,0
13,200,205,vector,identifier,0,12,0
14,206,206,<,operator,0,12,6
15,207,212,vector,identifier,0,12,7
16,213,213,<,operator,0,12,13
17,214,216,int,keyword,0,12,14
18,217,217,>,operator,0,12,17
19,219,219,>,operator,0,12,19
20,221,224,tree,identifier,0,12,21
21,225,225,;,operator,0,12,25
22,227,232,vector,identifier,0,13,0
23,233,233,<,operator,0,13,6
24,234,236,int,keyword,0,13,7
25,237,237,>,operator,0,13,10
26,239,244,weight,identifier,0,13,12
27,245,245,;,operator,0,13,18
28,247,252,vector,identifier,0,14,0
29,253,253,<,operator,0,14,6
30,254,259,vector,identifier,0,14,7
31,260,260,<,operator,0,14,13
32,261,263,int,keyword,0,14,14
33,264,264,>,operator,0,14,17
34,266,266,>,operator,0,14,19
35,267,269,ret,identifier,0,14,20
36,270,270,;,operator,0,14,23
37,273,276,void,keyword,0,16,0
38,278,280,foo,identifier,0,16,5
39,281,281,(,operator,0,16,8
40,282,284,int,keyword,0,16,9
41,286,289,root,identifier,0,16,13
42,290,290,),operator,0,16,17
43,292,292,{,operator,0,17,0
44,295,297,ret,identifier,0,18,1
45,298,298,[,operator,0,18,4
46,299,302,root,identifier,0,18,5
47,303,303,],operator,0,18,9
48,304,304,.,operator,0,18,10
49,305,310,resize,identifier,0,18,11
50,311,311,(,operator,0,18,17
51,312,312,2,integer,0,18,18
52,313,313,),operator,0,18,19
53,314,314,;,operator,0,18,20
54,317,319,int,keyword,0,19,1
55,321,322,mi,identifier,0,19,5
56,324,324,=,operator,0,19,8
57,326,326,-,operator,0,19,10
58,327,327,1,integer,0,19,11
59,328,328,",",operator,0,19,12
60,330,331,ma,identifier,0,19,14
61,333,333,=,operator,0,19,17
62,335,341,1000000,integer,0,19,19
63,342,342,;,operator,0,19,26
64,345,347,int,keyword,0,20,1
65,349,351,tmp,identifier,0,20,5
66,352,352,;,operator,0,20,8
67,355,357,for,keyword,0,21,1
68,359,359,(,operator,0,21,5
69,360,362,int,keyword,0,21,6
70,364,364,i,identifier,0,21,10
71,366,366,=,operator,0,21,12
72,368,368,0,integer,0,21,14
73,369,369,;,operator,0,21,15
74,371,371,i,identifier,0,21,17
75,373,373,<,operator,0,21,19
76,375,378,tree,identifier,0,21,21
77,379,379,[,operator,0,21,25
78,380,383,root,identifier,0,21,26
79,384,384,],operator,0,21,30
80,385,385,.,operator,0,21,31
81,386,389,size,identifier,0,21,32
82,390,390,(,operator,0,21,36
83,391,391,),operator,0,21,37
84,392,392,;,operator,0,21,38
85,394,395,++,operator,0,21,40
86,396,396,i,identifier,0,21,42
87,397,397,),operator,0,21,43
88,399,399,{,operator,0,21,45
89,403,405,tmp,identifier,0,22,2
90,407,407,=,operator,0,22,6
91,409,412,tree,identifier,0,22,8
92,413,413,[,operator,0,22,12
93,414,417,root,identifier,0,22,13
94,418,418,],operator,0,22,17
95,419,419,[,operator,0,22,18
96,420,420,i,identifier,0,22,19
97,421,421,],operator,0,22,20
98,422,422,;,operator,0,22,21
99,464,466,foo,identifier,0,24,2
100,467,467,(,operator,0,24,5
101,468,470,tmp,identifier,0,24,6
102,471,471,),operator,0,24,9
103,472,472,;,operator,0,24,10
104,476,477,if,keyword,0,25,2
105,479,479,(,operator,0,25,5
106,480,482,ret,identifier,0,25,6
107,483,483,[,operator,0,25,9
108,484,486,tmp,identifier,0,25,10
109,487,487,],operator,0,25,13
110,488,488,[,operator,0,25,14
111,489,489,0,integer,0,25,15
112,490,490,],operator,0,25,16
113,492,492,>,operator,0,25,18
114,494,496,ret,identifier,0,25,20
115,497,497,[,operator,0,25,23
116,498,500,tmp,identifier,0,25,24
117,501,501,],operator,0,25,27
118,502,502,[,operator,0,25,28
119,503,503,1,integer,0,25,29
120,504,504,],operator,0,25,30
121,505,505,),operator,0,25,31
122,507,507,{,operator,0,25,33
123,512,514,ret,identifier,0,26,3
124,515,515,[,operator,0,26,6
125,516,519,root,identifier,0,26,7
126,520,520,],operator,0,26,11
127,522,522,=,operator,0,26,13
128,524,526,ret,identifier,0,26,15
129,527,527,[,operator,0,26,18
130,528,530,tmp,identifier,0,26,19
131,531,531,],operator,0,26,22
132,532,532,;,operator,0,26,23
133,537,542,return,keyword,0,27,3
134,543,543,;,operator,0,27,9
135,547,547,},operator,0,28,2
136,551,552,mi,identifier,0,29,2
137,554,554,=,operator,0,29,5
138,556,558,max,identifier,0,29,7
139,559,559,(,operator,0,29,10
140,560,561,mi,identifier,0,29,11
141,562,562,",",operator,0,29,13
142,564,566,ret,identifier,0,29,15
143,567,567,[,operator,0,29,18
144,568,570,tmp,identifier,0,29,19
145,571,571,],operator,0,29,22
146,572,572,[,operator,0,29,23
147,573,573,0,integer,0,29,24
148,574,574,],operator,0,29,25
149,576,576,-,operator,0,29,27
150,578,578,1,integer,0,29,29
151,579,579,),operator,0,29,30
152,580,580,;,operator,0,29,31
153,584,585,ma,identifier,0,30,2
154,587,587,=,operator,0,30,5
155,589,591,min,identifier,0,30,7
156,592,592,(,operator,0,30,10
157,593,594,ma,identifier,0,30,11
158,595,595,",",operator,0,30,13
159,597,599,ret,identifier,0,30,15
160,600,600,[,operator,0,30,18
161,601,603,tmp,identifier,0,30,19
162,604,604,],operator,0,30,22
163,605,605,[,operator,0,30,23
164,606,606,1,integer,0,30,24
165,607,607,],operator,0,30,25
166,609,609,+,operator,0,30,27
167,611,611,1,integer,0,30,29
168,612,612,),operator,0,30,30
169,613,613,;,operator,0,30,31
170,616,616,},operator,0,31,1
171,619,621,ret,identifier,0,32,1
172,622,622,[,operator,0,32,4
173,623,626,root,identifier,0,32,5
174,627,627,],operator,0,32,9
175,628,628,[,operator,0,32,10
176,629,629,0,integer,0,32,11
177,630,630,],operator,0,32,12
178,632,632,=,operator,0,32,14
179,634,635,mi,identifier,0,32,16
180,636,636,;,operator,0,32,18
181,638,640,ret,identifier,0,32,20
182,641,641,[,operator,0,32,23
183,642,645,root,identifier,0,32,24
184,646,646,],operator,0,32,28
185,647,647,[,operator,0,32,29
186,648,648,1,integer,0,32,30
187,649,649,],operator,0,32,31
188,651,651,=,operator,0,32,33
189,653,654,ma,identifier,0,32,35
190,655,655,;,operator,0,32,37
191,658,659,if,keyword,0,33,1
192,661,661,(,operator,0,33,4
193,662,667,weight,identifier,0,33,5
194,668,668,[,operator,0,33,11
195,669,672,root,identifier,0,33,12
196,673,673,],operator,0,33,16
197,675,676,"!=",operator,0,33,18
198,678,680,INT,identifier,0,33,21
199,681,681,),operator,0,33,24
200,683,683,{,operator,0,33,26
201,687,688,if,keyword,0,34,2
202,690,690,(,operator,0,34,5
203,691,691,"!",operator,0,34,6
204,692,692,(,operator,0,34,7
205,693,694,mi,identifier,0,34,8
206,696,697,<=,operator,0,34,11
207,699,704,weight,identifier,0,34,14
208,705,705,[,operator,0,34,20
209,706,709,root,identifier,0,34,21
210,710,710,],operator,0,34,25
211,712,713,&&,operator,0,34,27
212,715,720,weight,identifier,0,34,30
213,721,721,[,operator,0,34,36
214,722,725,root,identifier,0,34,37
215,726,726,],operator,0,34,41
216,728,729,<=,operator,0,34,43
217,731,732,ma,identifier,0,34,46
218,733,733,),operator,0,34,48
219,734,734,),operator,0,34,49
220,736,736,{,operator,0,34,51
221,741,743,ret,identifier,0,35,3
222,744,744,[,operator,0,35,6
223,745,748,root,identifier,0,35,7
224,749,749,],operator,0,35,11
225,750,750,[,operator,0,35,12
226,751,751,0,integer,0,35,13
227,752,752,],operator,0,35,14
228,754,754,=,operator,0,35,16
229,756,756,0,integer,0,35,18
230,757,757,;,operator,0,35,19
231,759,761,ret,identifier,0,35,21
232,762,762,[,operator,0,35,24
233,763,766,root,identifier,0,35,25
234,767,767,],operator,0,35,29
235,768,768,[,operator,0,35,30
236,769,769,1,integer,0,35,31
237,770,770,],operator,0,35,32
238,772,772,=,operator,0,35,34
239,774,774,-,operator,0,35,36
240,775,775,1,integer,0,35,37
241,776,776,;,operator,0,35,38
242,780,780,},operator,0,36,2
243,782,785,else,keyword,0,36,4
244,787,787,{,operator,0,36,9
245,792,794,ret,identifier,0,37,3
246,795,795,[,operator,0,37,6
247,796,799,root,identifier,0,37,7
248,800,800,],operator,0,37,11
249,801,801,[,operator,0,37,12
250,802,802,0,integer,0,37,13
251,803,803,],operator,0,37,14
252,805,805,=,operator,0,37,16
253,807,809,ret,identifier,0,37,18
254,810,810,[,operator,0,37,21
255,811,814,root,identifier,0,37,22
256,815,815,],operator,0,37,26
257,816,816,[,operator,0,37,27
258,817,817,1,integer,0,37,28
259,818,818,],operator,0,37,29
260,820,820,=,operator,0,37,31
261,822,827,weight,identifier,0,37,33
262,828,828,[,operator,0,37,39
263,829,832,root,identifier,0,37,40
264,833,833,],operator,0,37,44
265,834,834,;,operator,0,37,45
266,838,838,},operator,0,38,2
267,841,841,},operator,0,39,1
268,909,909,},operator,0,41,0
269,912,915,void,keyword,0,43,0
270,917,922,result,identifier,0,43,5
271,923,923,(,operator,0,43,11
272,924,926,int,keyword,0,43,12
273,928,931,root,identifier,0,43,16
274,932,932,",",operator,0,43,20
275,934,936,int,keyword,0,43,22
276,938,941,prev,identifier,0,43,26
277,942,942,),operator,0,43,30
278,944,944,{,operator,0,44,0
279,947,950,cout,identifier,0,45,1
280,952,952,<,operator,0,45,6
281,953,953,<,operator,0,45,7
282,955,958,prev,identifier,0,45,9
283,960,960,<,operator,0,45,14
284,961,961,<,operator,0,45,15
285,963,965,' ',character,0,45,17
286,966,966,;,operator,0,45,20
287,969,971,for,keyword,0,46,1
288,973,973,(,operator,0,46,5
289,974,976,int,keyword,0,46,6
290,978,978,i,identifier,0,46,10
291,980,980,=,operator,0,46,12
292,982,982,0,integer,0,46,14
293,983,983,;,operator,0,46,15
294,985,985,i,identifier,0,46,17
295,987,987,<,operator,0,46,19
296,989,992,tree,identifier,0,46,21
297,993,993,[,operator,0,46,25
298,994,997,root,identifier,0,46,26
299,998,998,],operator,0,46,30
300,999,999,.,operator,0,46,31
301,1000,1003,size,identifier,0,46,32
302,1004,1004,(,operator,0,46,36
303,1005,1005,),operator,0,46,37
304,1006,1006,;,operator,0,46,38
305,1008,1009,++,operator,0,46,40
306,1010,1010,i,identifier,0,46,42
307,1011,1011,),operator,0,46,43
308,1013,1013,{,operator,0,46,45
309,1017,1019,int,keyword,0,47,2
310,1021,1023,tmp,identifier,0,47,6
311,1025,1025,=,operator,0,47,10
312,1027,1030,tree,identifier,0,47,12
313,1031,1031,[,operator,0,47,16
314,1032,1035,root,identifier,0,47,17
315,1036,1036,],operator,0,47,21
316,1037,1037,[,operator,0,47,22
317,1038,1038,i,identifier,0,47,23
318,1039,1039,],operator,0,47,24
319,1040,1040,;,operator,0,47,25
320,1044,1046,int,keyword,0,48,2
321,1048,1049,mi,identifier,0,48,6
322,1051,1051,=,operator,0,48,9
323,1053,1056,prev,identifier,0,48,11
324,1058,1058,-,operator,0,48,16
325,1060,1060,1,integer,0,48,18
326,1061,1061,",",operator,0,48,19
327,1063,1064,ma,identifier,0,48,21
328,1066,1066,=,operator,0,48,24
329,1068,1071,prev,identifier,0,48,26
330,1073,1073,+,operator,0,48,31
331,1075,1075,1,integer,0,48,33
332,1076,1076,;,operator,0,48,34
333,1080,1081,mi,identifier,0,49,2
334,1083,1083,=,operator,0,49,5
335,1085,1087,max,identifier,0,49,7
336,1088,1088,(,operator,0,49,10
337,1089,1090,mi,identifier,0,49,11
338,1091,1091,",",operator,0,49,13
339,1093,1095,ret,identifier,0,49,15
340,1096,1096,[,operator,0,49,18
341,1097,1099,tmp,identifier,0,49,19
342,1100,1100,],operator,0,49,22
343,1101,1101,[,operator,0,49,23
344,1102,1102,0,integer,0,49,24
345,1103,1103,],operator,0,49,25
346,1104,1104,),operator,0,49,26
347,1105,1105,;,operator,0,49,27
348,1109,1110,ma,identifier,0,50,2
349,1112,1112,=,operator,0,50,5
350,1114,1116,min,identifier,0,50,7
351,1117,1117,(,operator,0,50,10
352,1118,1119,ma,identifier,0,50,11
353,1120,1120,",",operator,0,50,13
354,1122,1124,ret,identifier,0,50,15
355,1125,1125,[,operator,0,50,18
356,1126,1128,tmp,identifier,0,50,19
357,1129,1129,],operator,0,50,22
358,1130,1130,[,operator,0,50,23
359,1131,1131,1,integer,0,50,24
360,1132,1132,],operator,0,50,25
361,1133,1133,),operator,0,50,26
362,1134,1134,;,operator,0,50,27
363,1138,1143,result,identifier,0,51,2
364,1144,1144,(,operator,0,51,8
365,1145,1147,tmp,identifier,0,51,9
366,1148,1148,",",operator,0,51,12
367,1150,1151,mi,identifier,0,51,14
368,1152,1152,),operator,0,51,16
369,1153,1153,;,operator,0,51,17
370,1156,1156,},operator,0,52,1
371,1158,1158,},operator,0,53,0
372,1161,1163,int,keyword,0,55,0
373,1165,1168,main,identifier,0,55,4
374,1169,1169,(,operator,0,55,8
375,1170,1170,),operator,0,55,9
376,1172,1172,{,operator,0,56,0
377,1207,1209,int,keyword,0,58,1
378,1211,1211,n,identifier,0,58,5
379,1212,1212,;,operator,0,58,6
380,1214,1216,cin,identifier,0,58,8
381,1218,1218,>,operator,0,58,12
382,1219,1219,>,operator,0,58,13
383,1221,1221,n,identifier,0,58,15
384,1222,1222,;,operator,0,58,16
385,1225,1228,tree,identifier,0,59,1
386,1229,1229,.,operator,0,59,5
387,1230,1235,resize,identifier,0,59,6
388,1236,1236,(,operator,0,59,12
389,1237,1237,n,identifier,0,59,13
390,1239,1239,+,operator,0,59,15
391,1241,1241,1,integer,0,59,17
392,1242,1242,),operator,0,59,18
393,1243,1243,;,operator,0,59,19
394,1246,1248,ret,identifier,0,60,1
395,1249,1249,.,operator,0,60,4
396,1250,1255,resize,identifier,0,60,5
397,1256,1256,(,operator,0,60,11
398,1257,1257,n,identifier,0,60,12
399,1259,1259,+,operator,0,60,14
400,1261,1261,1,integer,0,60,16
401,1262,1262,),operator,0,60,17
402,1263,1263,;,operator,0,60,18
403,1266,1271,weight,identifier,0,61,1
404,1272,1272,.,operator,0,61,7
405,1273,1278,resize,identifier,0,61,8
406,1279,1279,(,operator,0,61,14
407,1280,1280,n,identifier,0,61,15
408,1282,1282,+,operator,0,61,17
409,1284,1284,1,integer,0,61,19
410,1285,1285,",",operator,0,61,20
411,1287,1289,INT,identifier,0,61,22
412,1290,1290,),operator,0,61,25
413,1291,1291,;,operator,0,61,26
414,1294,1296,for,keyword,0,62,1
415,1298,1298,(,operator,0,62,5
416,1299,1301,int,keyword,0,62,6
417,1303,1303,i,identifier,0,62,10
418,1305,1305,=,operator,0,62,12
419,1307,1307,1,integer,0,62,14
420,1308,1308,;,operator,0,62,15
421,1310,1310,i,identifier,0,62,17
422,1312,1312,<,operator,0,62,19
423,1314,1314,n,identifier,0,62,21
424,1315,1315,;,operator,0,62,22
425,1317,1318,++,operator,0,62,24
426,1319,1319,i,identifier,0,62,26
427,1320,1320,),operator,0,62,27
428,1322,1322,{,operator,0,62,29
429,1326,1328,int,keyword,0,63,2
430,1330,1330,a,identifier,0,63,6
431,1331,1331,",",operator,0,63,7
432,1333,1333,b,identifier,0,63,9
433,1334,1334,;,operator,0,63,10
434,1336,1338,cin,identifier,0,63,12
435,1340,1340,>,operator,0,63,16
436,1341,1341,>,operator,0,63,17
437,1343,1343,a,identifier,0,63,19
438,1345,1345,>,operator,0,63,21
439,1346,1346,>,operator,0,63,22
440,1348,1348,b,identifier,0,63,24
441,1349,1349,;,operator,0,63,25
442,1353,1354,if,keyword,0,64,2
443,1356,1356,(,operator,0,64,5
444,1357,1357,a,identifier,0,64,6
445,1359,1359,>,operator,0,64,8
446,1361,1361,b,identifier,0,64,10
447,1362,1362,),operator,0,64,11
448,1364,1367,swap,identifier,0,64,13
449,1368,1368,(,operator,0,64,17
450,1369,1369,a,identifier,0,64,18
451,1370,1370,",",operator,0,64,19
452,1372,1372,b,identifier,0,64,21
453,1373,1373,),operator,0,64,22
454,1374,1374,;,operator,0,64,23
455,1378,1381,tree,identifier,0,65,2
456,1382,1382,[,operator,0,65,6
457,1383,1383,a,identifier,0,65,7
458,1384,1384,],operator,0,65,8
459,1385,1385,.,operator,0,65,9
460,1386,1394,push_back,identifier,0,65,10
461,1395,1395,(,operator,0,65,19
462,1396,1396,b,identifier,0,65,20
463,1397,1397,),operator,0,65,21
464,1398,1398,;,operator,0,65,22
465,1401,1401,},operator,0,66,1
466,1404,1406,int,keyword,0,67,1
467,1408,1408,k,identifier,0,67,5
468,1409,1409,;,operator,0,67,6
469,1411,1413,cin,identifier,0,67,8
470,1415,1415,>,operator,0,67,12
471,1416,1416,>,operator,0,67,13
472,1418,1418,k,identifier,0,67,15
473,1419,1419,;,operator,0,67,16
474,1422,1424,for,keyword,0,68,1
475,1426,1426,(,operator,0,68,5
476,1427,1429,int,keyword,0,68,6
477,1431,1431,i,identifier,0,68,10
478,1433,1433,=,operator,0,68,12
479,1435,1435,0,integer,0,68,14
480,1436,1436,;,operator,0,68,15
481,1438,1438,i,identifier,0,68,17
482,1440,1440,<,operator,0,68,19
483,1442,1442,k,identifier,0,68,21
484,1443,1443,;,operator,0,68,22
485,1445,1446,++,operator,0,68,24
486,1447,1447,i,identifier,0,68,26
487,1448,1448,),operator,0,68,27
488,1450,1450,{,operator,0,68,29
489,1454,1456,int,keyword,0,69,2
490,1458,1458,a,identifier,0,69,6
491,1459,1459,",",operator,0,69,7
492,1461,1461,b,identifier,0,69,9
493,1462,1462,;,operator,0,69,10
494,1464,1466,cin,identifier,0,69,12
495,1468,1468,>,operator,0,69,16
496,1469,1469,>,operator,0,69,17
497,1471,1471,a,identifier,0,69,19
498,1473,1473,>,operator,0,69,21
499,1474,1474,>,operator,0,69,22
500,1476,1476,b,identifier,0,69,24
501,1477,1477,;,operator,0,69,25
502,1481,1486,weight,identifier,0,70,2
503,1487,1487,[,operator,0,70,8
504,1488,1488,a,identifier,0,70,9
505,1489,1489,],operator,0,70,10
506,1491,1491,=,operator,0,70,12
507,1493,1493,b,identifier,0,70,14
508,1494,1494,;,operator,0,70,15
509,1497,1497,},operator,0,71,1
510,1500,1502,foo,identifier,0,72,1
511,1503,1503,(,operator,0,72,4
512,1504,1504,1,integer,0,72,5
513,1505,1505,),operator,0,72,6
514,1506,1506,;,operator,0,72,7
515,1509,1510,if,keyword,0,73,1
516,1512,1512,(,operator,0,73,4
517,1513,1515,ret,identifier,0,73,5
518,1516,1516,[,operator,0,73,8
519,1517,1517,1,integer,0,73,9
520,1518,1518,],operator,0,73,10
521,1519,1519,[,operator,0,73,11
522,1520,1520,0,integer,0,73,12
523,1521,1521,],operator,0,73,13
524,1523,1523,>,operator,0,73,15
525,1525,1527,ret,identifier,0,73,17
526,1528,1528,[,operator,0,73,20
527,1529,1529,1,integer,0,73,21
528,1530,1530,],operator,0,73,22
529,1531,1531,[,operator,0,73,23
530,1532,1532,1,integer,0,73,24
531,1533,1533,],operator,0,73,25
532,1534,1534,),operator,0,73,26
533,1536,1539,cout,identifier,0,73,28
534,1541,1541,<,operator,0,73,33
535,1542,1542,<,operator,0,73,34
536,1544,1549,"""No\n""",string,0,73,36
537,1550,1550,;,operator,0,73,42
538,1553,1556,else,keyword,0,74,1
539,1558,1558,{,operator,0,74,6
540,1562,1567,result,identifier,0,75,2
541,1568,1568,(,operator,0,75,8
542,1569,1569,1,integer,0,75,9
543,1570,1570,",",operator,0,75,10
544,1572,1574,ret,identifier,0,75,12
545,1575,1575,[,operator,0,75,15
546,1576,1576,1,integer,0,75,16
547,1577,1577,],operator,0,75,17
548,1578,1578,[,operator,0,75,18
549,1579,1579,0,integer,0,75,19
550,1580,1580,],operator,0,75,20
551,1581,1581,),operator,0,75,21
552,1582,1582,;,operator,0,75,22
553,1586,1589,cout,identifier,0,76,2
554,1591,1591,<,operator,0,76,7
555,1592,1592,<,operator,0,76,8
556,1594,1597,'\n',character,0,76,10
557,1598,1598,;,operator,0,76,14
558,1601,1601,},operator,0,77,1
559,1604,1609,return,keyword,0,78,1
560,1611,1611,0,integer,0,78,8
561,1612,1612,;,operator,0,78,9
562,1614,1614,},operator,0,79,0
563,1615,1614,<EOF>,eof,0,79,1
