seqnr,start,stop,text,class,channel,line,column
0,0,18,"#include <iostream>",directive,1,1,0
1,20,37,"#include <fstream>",directive,1,2,0
2,39,55,"#include <cstdio>",directive,1,3,0
3,57,74,"#include <cassert>",directive,1,4,0
4,76,93,"#include <complex>",directive,1,5,0
5,95,110,"#include <cmath>",directive,1,6,0
6,112,131,"#include <algorithm>",directive,1,7,0
7,133,149,"#include <vector>",directive,1,8,0
8,151,167,"#include <string>",directive,1,9,0
9,169,186,"#include <cstdlib>",directive,1,10,0
10,188,205,"#include <cstring>",directive,1,11,0
11,207,224,"#include <iomanip>",directive,1,12,0
12,226,243,"#include <numeric>",directive,1,13,0
13,245,262,"#include <sstream>",directive,1,14,0
14,264,279,"#include <ctime>",directive,1,15,0
15,281,297,"#include <cctype>",directive,1,16,0
16,299,312,"#include <set>",directive,1,17,0
17,314,327,"#include <map>",directive,1,18,0
18,329,344,"#include <queue>",directive,1,19,0
19,346,362,"#include <bitset>",directive,1,20,0
20,364,379,"#include <deque>",directive,1,21,0
21,381,396,"#include <stack>",directive,1,22,0
22,398,416,"#include <memory.h>",directive,1,23,0
23,418,422,using,keyword,0,24,0
24,424,432,namespace,keyword,0,24,6
25,434,436,std,identifier,0,24,16
26,437,437,;,operator,0,24,19
27,439,445,typedef,keyword,0,25,0
28,447,450,long,keyword,0,25,8
29,452,455,long,keyword,0,25,13
30,457,458,ll,identifier,0,25,18
31,459,459,;,operator,0,25,20
32,461,480,"#define mp make_pair",directive,1,26,0
33,482,487,vector,identifier,0,27,0
34,488,488,<,operator,0,27,6
35,489,491,int,keyword,0,27,7
36,492,492,>,operator,0,27,10
37,494,494,a,identifier,0,27,12
38,495,495,[,operator,0,27,13
39,496,501,100100,integer,0,27,14
40,502,502,],operator,0,27,20
41,503,503,;,operator,0,27,21
42,505,518,priority_queue,identifier,0,28,0
43,519,519,<,operator,0,28,14
44,520,523,pair,identifier,0,28,15
45,524,524,<,operator,0,28,19
46,525,527,int,keyword,0,28,20
47,528,528,",",operator,0,28,23
48,530,532,int,keyword,0,28,25
49,533,533,>,operator,0,28,28
50,534,534,",",operator,0,28,29
51,535,540,vector,identifier,0,28,30
52,541,541,<,operator,0,28,36
53,542,545,pair,identifier,0,28,37
54,546,546,<,operator,0,28,41
55,547,549,int,keyword,0,28,42
56,550,550,",",operator,0,28,45
57,552,554,int,keyword,0,28,47
58,555,555,>,operator,0,28,50
59,557,557,>,operator,0,28,52
60,558,558,",",operator,0,28,53
61,559,565,greater,identifier,0,28,54
62,566,566,<,operator,0,28,61
63,567,570,pair,identifier,0,28,62
64,571,571,<,operator,0,28,66
65,572,574,int,keyword,0,28,67
66,575,575,",",operator,0,28,70
67,577,579,int,keyword,0,28,72
68,580,580,>,operator,0,28,75
69,582,582,>,operator,0,28,77
70,584,584,>,operator,0,28,79
71,586,587,pq,identifier,0,28,81
72,588,588,;,operator,0,28,83
73,590,592,int,keyword,0,29,0
74,594,596,tag,identifier,0,29,4
75,597,597,[,operator,0,29,7
76,598,603,100100,integer,0,29,8
77,604,604,],operator,0,29,14
78,605,605,;,operator,0,29,15
79,607,610,bool,keyword,0,30,0
80,612,614,dfs,identifier,0,30,5
81,615,615,(,operator,0,30,8
82,616,618,int,keyword,0,30,9
83,620,622,now,identifier,0,30,13
84,623,623,",",operator,0,30,16
85,625,627,int,keyword,0,30,18
86,629,631,par,identifier,0,30,22
87,632,632,),operator,0,30,25
88,633,633,{,operator,0,30,26
89,636,638,for,keyword,0,31,1
90,639,639,(,operator,0,31,4
91,640,642,int,keyword,0,31,5
92,644,644,i,identifier,0,31,9
93,645,645,=,operator,0,31,10
94,646,646,0,integer,0,31,11
95,647,647,;,operator,0,31,12
96,648,648,i,identifier,0,31,13
97,649,649,<,operator,0,31,14
98,650,650,a,identifier,0,31,15
99,651,651,.,operator,0,31,16
100,652,655,size,identifier,0,31,17
101,656,656,(,operator,0,31,21
102,657,657,),operator,0,31,22
103,658,658,;,operator,0,31,23
104,659,659,i,identifier,0,31,24
105,660,661,++,operator,0,31,25
106,662,662,),operator,0,31,27
107,663,663,{,operator,0,31,28
108,667,668,if,keyword,0,32,2
109,669,669,(,operator,0,32,4
110,670,670,a,identifier,0,32,5
111,671,671,[,operator,0,32,6
112,672,674,now,identifier,0,32,7
113,675,675,],operator,0,32,10
114,676,676,[,operator,0,32,11
115,677,677,i,identifier,0,32,12
116,678,678,],operator,0,32,13
117,680,681,==,operator,0,32,15
118,683,685,par,identifier,0,32,18
119,686,686,),operator,0,32,21
120,688,695,continue,keyword,0,32,23
121,696,696,;,operator,0,32,31
122,700,701,if,keyword,0,33,2
123,702,702,(,operator,0,33,4
124,703,705,abs,identifier,0,33,5
125,706,706,(,operator,0,33,8
126,707,709,tag,identifier,0,33,9
127,710,710,[,operator,0,33,12
128,711,711,-,operator,0,33,13
129,712,714,tag,identifier,0,33,14
130,715,715,[,operator,0,33,17
131,716,716,a,identifier,0,33,18
132,717,717,[,operator,0,33,19
133,718,720,now,identifier,0,33,20
134,721,721,],operator,0,33,23
135,722,722,[,operator,0,33,24
136,723,723,i,identifier,0,33,25
137,724,724,],operator,0,33,26
138,725,725,],operator,0,33,27
139,726,726,),operator,0,33,28
140,728,729,"!=",operator,0,33,30
141,731,731,1,integer,0,33,33
142,732,732,),operator,0,33,34
143,733,733,{,operator,0,33,35
144,738,743,return,keyword,0,34,3
145,745,749,false,keyword,0,34,10
146,750,750,;,operator,0,34,15
147,754,754,},operator,0,35,2
148,758,759,if,keyword,0,36,2
149,760,760,(,operator,0,36,4
150,761,761,"!",operator,0,36,5
151,762,764,dfs,identifier,0,36,6
152,765,765,(,operator,0,36,9
153,766,766,a,identifier,0,36,10
154,767,767,[,operator,0,36,11
155,768,770,now,identifier,0,36,12
156,771,771,],operator,0,36,15
157,772,772,[,operator,0,36,16
158,773,773,i,identifier,0,36,17
159,774,774,],operator,0,36,18
160,775,775,",",operator,0,36,19
161,777,779,now,identifier,0,36,21
162,780,780,),operator,0,36,24
163,781,781,),operator,0,36,25
164,782,782,{,operator,0,36,26
165,787,792,return,keyword,0,37,3
166,794,798,false,keyword,0,37,10
167,799,799,;,operator,0,37,15
168,803,803,},operator,0,38,2
169,806,806,},operator,0,39,1
170,809,814,return,keyword,0,40,1
171,816,819,true,keyword,0,40,8
172,820,820,;,operator,0,40,12
173,822,822,},operator,0,41,0
174,824,826,int,keyword,0,42,0
175,828,831,main,identifier,0,42,4
176,832,832,(,operator,0,42,8
177,833,833,),operator,0,42,9
178,834,834,{,operator,0,42,10
179,837,839,int,keyword,0,43,1
180,841,841,n,identifier,0,43,5
181,842,842,;,operator,0,43,6
182,845,847,cin,identifier,0,44,1
183,849,849,>,operator,0,44,5
184,850,850,>,operator,0,44,6
185,852,852,n,identifier,0,44,8
186,853,853,;,operator,0,44,9
187,856,858,for,keyword,0,45,1
188,859,859,(,operator,0,45,4
189,860,862,int,keyword,0,45,5
190,864,864,i,identifier,0,45,9
191,865,865,=,operator,0,45,10
192,866,866,0,integer,0,45,11
193,867,867,;,operator,0,45,12
194,868,868,i,identifier,0,45,13
195,869,869,<,operator,0,45,14
196,870,870,n,identifier,0,45,15
197,871,871,-,operator,0,45,16
198,872,872,1,integer,0,45,17
199,873,873,;,operator,0,45,18
200,874,874,i,identifier,0,45,19
201,875,876,++,operator,0,45,20
202,877,877,),operator,0,45,22
203,878,878,{,operator,0,45,23
204,882,884,int,keyword,0,46,2
205,886,886,v,identifier,0,46,6
206,887,887,",",operator,0,46,7
207,889,889,g,identifier,0,46,9
208,890,890,;,operator,0,46,10
209,894,896,cin,identifier,0,47,2
210,897,897,>,operator,0,47,5
211,898,898,>,operator,0,47,6
212,899,899,v,identifier,0,47,7
213,900,900,>,operator,0,47,8
214,901,901,>,operator,0,47,9
215,902,902,g,identifier,0,47,10
216,903,903,;,operator,0,47,11
217,907,907,v,identifier,0,48,2
218,908,909,--,operator,0,48,3
219,910,910,",",operator,0,48,5
220,912,912,g,identifier,0,48,7
221,913,914,--,operator,0,48,8
222,915,915,;,operator,0,48,10
223,919,919,a,identifier,0,49,2
224,920,920,[,operator,0,49,3
225,921,921,v,identifier,0,49,4
226,922,922,],operator,0,49,5
227,923,923,.,operator,0,49,6
228,924,932,push_back,identifier,0,49,7
229,933,933,(,operator,0,49,16
230,934,934,g,identifier,0,49,17
231,935,935,),operator,0,49,18
232,936,936,;,operator,0,49,19
233,940,940,a,identifier,0,50,2
234,941,941,[,operator,0,50,3
235,942,942,g,identifier,0,50,4
236,943,943,],operator,0,50,5
237,944,944,.,operator,0,50,6
238,945,953,push_back,identifier,0,50,7
239,954,954,(,operator,0,50,16
240,955,955,v,identifier,0,50,17
241,956,956,),operator,0,50,18
242,957,957,;,operator,0,50,19
243,960,960,},operator,0,51,1
244,963,965,int,keyword,0,52,1
245,967,967,m,identifier,0,52,5
246,968,968,;,operator,0,52,6
247,971,973,cin,identifier,0,53,1
248,974,974,>,operator,0,53,4
249,975,975,>,operator,0,53,5
250,976,976,m,identifier,0,53,6
251,977,977,;,operator,0,53,7
252,980,985,memset,identifier,0,54,1
253,986,986,(,operator,0,54,7
254,987,989,tag,identifier,0,54,8
255,990,990,",",operator,0,54,11
256,991,991,-,operator,0,54,12
257,992,992,1,integer,0,54,13
258,993,993,",",operator,0,54,14
259,994,999,sizeof,keyword,0,54,15
260,1000,1000,(,operator,0,54,21
261,1001,1003,tag,identifier,0,54,22
262,1004,1004,),operator,0,54,25
263,1005,1005,),operator,0,54,26
264,1006,1006,;,operator,0,54,27
265,1009,1011,for,keyword,0,55,1
266,1012,1012,(,operator,0,55,4
267,1013,1015,int,keyword,0,55,5
268,1017,1017,i,identifier,0,55,9
269,1018,1018,=,operator,0,55,10
270,1019,1019,0,integer,0,55,11
271,1020,1020,;,operator,0,55,12
272,1021,1021,i,identifier,0,55,13
273,1022,1022,<,operator,0,55,14
274,1023,1023,m,identifier,0,55,15
275,1024,1024,;,operator,0,55,16
276,1025,1025,i,identifier,0,55,17
277,1026,1027,++,operator,0,55,18
278,1028,1028,),operator,0,55,20
279,1029,1029,{,operator,0,55,21
280,1033,1035,int,keyword,0,56,2
281,1037,1037,v,identifier,0,56,6
282,1038,1038,",",operator,0,56,7
283,1039,1039,g,identifier,0,56,8
284,1040,1040,;,operator,0,56,9
285,1044,1046,cin,identifier,0,57,2
286,1047,1047,>,operator,0,57,5
287,1048,1048,>,operator,0,57,6
288,1049,1049,v,identifier,0,57,7
289,1050,1050,>,operator,0,57,8
290,1051,1051,>,operator,0,57,9
291,1052,1052,g,identifier,0,57,10
292,1053,1053,;,operator,0,57,11
293,1057,1057,v,identifier,0,58,2
294,1058,1059,--,operator,0,58,3
295,1060,1060,;,operator,0,58,5
296,1064,1066,tag,identifier,0,59,2
297,1067,1067,[,operator,0,59,5
298,1068,1068,v,identifier,0,59,6
299,1069,1069,],operator,0,59,7
300,1070,1070,=,operator,0,59,8
301,1071,1071,g,identifier,0,59,9
302,1072,1072,;,operator,0,59,10
303,1076,1077,pq,identifier,0,60,2
304,1078,1078,.,operator,0,60,4
305,1079,1082,push,identifier,0,60,5
306,1083,1083,(,operator,0,60,9
307,1084,1085,mp,identifier,0,60,10
308,1086,1086,(,operator,0,60,12
309,1087,1087,g,identifier,0,60,13
310,1088,1088,",",operator,0,60,14
311,1089,1089,v,identifier,0,60,15
312,1090,1090,),operator,0,60,16
313,1091,1091,),operator,0,60,17
314,1092,1092,;,operator,0,60,18
315,1095,1095,},operator,0,61,1
316,1098,1102,while,keyword,0,62,1
317,1103,1103,(,operator,0,62,6
318,1104,1104,"!",operator,0,62,7
319,1105,1106,pq,identifier,0,62,8
320,1107,1107,.,operator,0,62,10
321,1108,1112,empty,identifier,0,62,11
322,1113,1113,(,operator,0,62,16
323,1114,1114,),operator,0,62,17
324,1115,1115,),operator,0,62,18
325,1116,1116,{,operator,0,62,19
326,1120,1123,pair,identifier,0,63,2
327,1124,1124,<,operator,0,63,6
328,1125,1127,int,keyword,0,63,7
329,1128,1128,",",operator,0,63,10
330,1130,1132,int,keyword,0,63,12
331,1133,1133,>,operator,0,63,15
332,1135,1135,p,identifier,0,63,17
333,1137,1137,=,operator,0,63,19
334,1139,1140,pq,identifier,0,63,21
335,1141,1141,.,operator,0,63,23
336,1142,1144,top,identifier,0,63,24
337,1145,1145,(,operator,0,63,27
338,1146,1146,),operator,0,63,28
339,1147,1147,;,operator,0,63,29
340,1151,1152,pq,identifier,0,64,2
341,1153,1153,.,operator,0,64,4
342,1154,1156,pop,identifier,0,64,5
343,1157,1157,(,operator,0,64,8
344,1158,1158,),operator,0,64,9
345,1159,1159,;,operator,0,64,10
346,1163,1165,int,keyword,0,65,2
347,1167,1167,v,identifier,0,65,6
348,1168,1168,=,operator,0,65,7
349,1169,1169,p,identifier,0,65,8
350,1170,1170,.,operator,0,65,9
351,1171,1176,second,identifier,0,65,10
352,1177,1177,;,operator,0,65,16
353,1181,1183,for,keyword,0,66,2
354,1184,1184,(,operator,0,66,5
355,1185,1187,int,keyword,0,66,6
356,1189,1189,i,identifier,0,66,10
357,1190,1190,=,operator,0,66,11
358,1191,1191,0,integer,0,66,12
359,1192,1192,;,operator,0,66,13
360,1193,1193,i,identifier,0,66,14
361,1194,1194,<,operator,0,66,15
362,1195,1195,a,identifier,0,66,16
363,1196,1196,.,operator,0,66,17
364,1197,1200,size,identifier,0,66,18
365,1201,1201,(,operator,0,66,22
366,1202,1202,),operator,0,66,23
367,1203,1203,;,operator,0,66,24
368,1204,1204,i,identifier,0,66,25
369,1205,1206,++,operator,0,66,26
370,1207,1207,),operator,0,66,28
371,1208,1208,{,operator,0,66,29
372,1214,1215,if,keyword,0,67,3
373,1216,1216,(,operator,0,67,5
374,1217,1219,tag,identifier,0,67,6
375,1220,1220,[,operator,0,67,9
376,1221,1221,a,identifier,0,67,10
377,1222,1222,[,operator,0,67,11
378,1223,1223,v,identifier,0,67,12
379,1224,1224,],operator,0,67,13
380,1225,1225,[,operator,0,67,14
381,1226,1226,i,identifier,0,67,15
382,1227,1227,],operator,0,67,16
383,1228,1228,],operator,0,67,17
384,1230,1231,==,operator,0,67,19
385,1233,1233,-,operator,0,67,22
386,1234,1234,1,integer,0,67,23
387,1235,1235,),operator,0,67,24
388,1236,1236,{,operator,0,67,25
389,1242,1244,tag,identifier,0,68,4
390,1245,1245,[,operator,0,68,7
391,1246,1246,a,identifier,0,68,8
392,1247,1247,[,operator,0,68,9
393,1248,1248,v,identifier,0,68,10
394,1249,1249,],operator,0,68,11
395,1250,1250,[,operator,0,68,12
396,1251,1251,i,identifier,0,68,13
397,1252,1252,],operator,0,68,14
398,1253,1253,],operator,0,68,15
399,1255,1255,=,operator,0,68,17
400,1257,1259,tag,identifier,0,68,19
401,1260,1260,[,operator,0,68,22
402,1261,1261,v,identifier,0,68,23
403,1262,1262,],operator,0,68,24
404,1263,1263,+,operator,0,68,25
405,1264,1264,1,integer,0,68,26
406,1265,1265,;,operator,0,68,27
407,1271,1272,pq,identifier,0,69,4
408,1273,1273,.,operator,0,69,6
409,1274,1277,push,identifier,0,69,7
410,1278,1278,(,operator,0,69,11
411,1279,1280,mp,identifier,0,69,12
412,1281,1281,(,operator,0,69,14
413,1282,1284,tag,identifier,0,69,15
414,1285,1285,[,operator,0,69,18
415,1286,1286,a,identifier,0,69,19
416,1287,1287,[,operator,0,69,20
417,1288,1288,v,identifier,0,69,21
418,1289,1289,],operator,0,69,22
419,1290,1290,[,operator,0,69,23
420,1291,1291,i,identifier,0,69,24
421,1292,1292,],operator,0,69,25
422,1293,1293,],operator,0,69,26
423,1294,1294,",",operator,0,69,27
424,1295,1295,a,identifier,0,69,28
425,1296,1296,[,operator,0,69,29
426,1297,1297,v,identifier,0,69,30
427,1298,1298,],operator,0,69,31
428,1299,1299,[,operator,0,69,32
429,1300,1300,i,identifier,0,69,33
430,1301,1301,],operator,0,69,34
431,1302,1302,),operator,0,69,35
432,1303,1303,),operator,0,69,36
433,1304,1304,;,operator,0,69,37
434,1309,1309,},operator,0,70,3
435,1313,1313,},operator,0,71,2
436,1316,1316,},operator,0,72,1
437,1319,1320,if,keyword,0,73,1
438,1321,1321,(,operator,0,73,3
439,1322,1322,"!",operator,0,73,4
440,1323,1325,dfs,identifier,0,73,5
441,1326,1326,(,operator,0,73,8
442,1327,1327,0,integer,0,73,9
443,1328,1328,",",operator,0,73,10
444,1330,1330,-,operator,0,73,12
445,1331,1331,1,integer,0,73,13
446,1332,1332,),operator,0,73,14
447,1333,1333,),operator,0,73,15
448,1334,1334,{,operator,0,73,16
449,1338,1341,cout,identifier,0,74,2
450,1342,1342,<,operator,0,74,6
451,1343,1343,<,operator,0,74,7
452,1344,1347,"""No""",string,0,74,8
453,1348,1348,;,operator,0,74,12
454,1351,1351,},operator,0,75,1
455,1354,1357,else,keyword,0,76,1
456,1358,1358,{,operator,0,76,5
457,1362,1365,cout,identifier,0,77,2
458,1366,1366,<,operator,0,77,6
459,1367,1367,<,operator,0,77,7
460,1368,1372,"""Yes""",string,0,77,8
461,1373,1373,<,operator,0,77,13
462,1374,1374,<,operator,0,77,14
463,1375,1378,endl,identifier,0,77,15
464,1379,1379,;,operator,0,77,19
465,1383,1385,for,keyword,0,78,2
466,1386,1386,(,operator,0,78,5
467,1387,1389,int,keyword,0,78,6
468,1391,1391,i,identifier,0,78,10
469,1392,1392,=,operator,0,78,11
470,1393,1393,0,integer,0,78,12
471,1394,1394,;,operator,0,78,13
472,1395,1395,i,identifier,0,78,14
473,1396,1396,<,operator,0,78,15
474,1397,1397,n,identifier,0,78,16
475,1398,1398,;,operator,0,78,17
476,1399,1399,i,identifier,0,78,18
477,1400,1401,++,operator,0,78,19
478,1402,1402,),operator,0,78,21
479,1403,1403,{,operator,0,78,22
480,1408,1411,cout,identifier,0,79,3
481,1412,1412,<,operator,0,79,7
482,1413,1413,<,operator,0,79,8
483,1414,1416,tag,identifier,0,79,9
484,1417,1417,[,operator,0,79,12
485,1418,1418,i,identifier,0,79,13
486,1419,1419,],operator,0,79,14
487,1420,1420,<,operator,0,79,15
488,1421,1421,<,operator,0,79,16
489,1422,1425,endl,identifier,0,79,17
490,1426,1426,;,operator,0,79,21
491,1430,1430,},operator,0,80,2
492,1433,1433,},operator,0,81,1
493,1436,1441,return,keyword,0,82,1
494,1443,1443,0,integer,0,82,8
495,1444,1444,;,operator,0,82,9
496,1446,1446,},operator,0,83,0
497,1448,1447,<EOF>,eof,0,84,0
