seqnr,start,stop,text,class,channel,line,column
0,0,23,"#include <bits/stdc++.h>",directive,1,1,0
1,25,72,"#define show(x) cerr << #x << "" = "" << x << endl",directive,1,2,0
2,74,78,using,keyword,0,3,0
3,80,88,namespace,keyword,0,3,6
4,90,92,std,identifier,0,3,16
5,93,93,;,operator,0,3,19
6,95,99,using,keyword,0,4,0
7,101,102,ll,identifier,0,4,6
8,113,113,=,operator,0,4,18
9,115,118,long,keyword,0,4,20
10,120,123,long,keyword,0,4,25
11,124,124,;,operator,0,4,29
12,126,134,constexpr,keyword,0,5,0
13,136,138,int,keyword,0,5,10
14,140,142,INF,identifier,0,5,14
15,144,144,=,operator,0,5,18
16,146,146,1,integer,0,5,20
17,148,148,<,operator,0,5,22
18,149,149,<,operator,0,5,23
19,151,152,30,integer,0,5,25
20,153,153,;,operator,0,5,27
21,155,160,struct,keyword,0,6,0
22,162,166,Graph,identifier,0,6,7
23,168,168,{,operator,0,7,0
24,174,178,Graph,identifier,0,8,4
25,179,179,(,operator,0,8,9
26,180,184,const,keyword,0,8,10
27,186,188,int,keyword,0,8,16
28,190,190,v,identifier,0,8,20
29,191,191,),operator,0,8,21
30,201,201,:,operator,0,9,8
31,203,203,V,identifier,0,9,10
32,204,204,{,operator,0,9,11
33,206,206,v,identifier,0,9,13
34,208,208,},operator,0,9,15
35,209,209,",",operator,0,9,16
36,211,214,edge,identifier,0,9,18
37,215,215,(,operator,0,9,22
38,216,216,v,identifier,0,9,23
39,217,217,),operator,0,9,24
40,218,218,",",operator,0,9,25
41,220,227,rev_edge,identifier,0,9,27
42,228,228,(,operator,0,9,35
43,229,229,v,identifier,0,9,36
44,230,230,),operator,0,9,37
45,232,232,{,operator,0,9,39
46,233,233,},operator,0,9,40
47,239,242,void,keyword,0,10,4
48,244,250,addEdge,identifier,0,10,9
49,251,251,(,operator,0,10,16
50,252,256,const,keyword,0,10,17
51,258,260,int,keyword,0,10,23
52,262,265,from,identifier,0,10,27
53,266,266,",",operator,0,10,31
54,268,272,const,keyword,0,10,33
55,274,276,int,keyword,0,10,39
56,278,279,to,identifier,0,10,43
57,280,280,),operator,0,10,45
58,286,286,{,operator,0,11,4
59,296,299,edge,identifier,0,12,8
60,300,300,[,operator,0,12,12
61,301,304,from,identifier,0,12,13
62,305,305,],operator,0,12,17
63,306,306,.,operator,0,12,18
64,307,315,push_back,identifier,0,12,19
65,316,316,(,operator,0,12,28
66,317,318,to,identifier,0,12,29
67,319,319,),operator,0,12,31
68,320,320,;,operator,0,12,32
69,330,337,rev_edge,identifier,0,13,8
70,338,338,[,operator,0,13,16
71,339,340,to,identifier,0,13,17
72,341,341,],operator,0,13,19
73,342,342,.,operator,0,13,20
74,343,351,push_back,identifier,0,13,21
75,352,352,(,operator,0,13,30
76,353,356,from,identifier,0,13,31
77,357,357,),operator,0,13,35
78,358,358,;,operator,0,13,36
79,364,364,},operator,0,14,4
80,370,374,const,keyword,0,15,4
81,376,378,int,keyword,0,15,10
82,380,380,V,identifier,0,15,14
83,381,381,;,operator,0,15,15
84,387,392,vector,identifier,0,16,4
85,393,393,<,operator,0,16,10
86,394,399,vector,identifier,0,16,11
87,400,400,<,operator,0,16,17
88,401,403,int,keyword,0,16,18
89,404,404,>,operator,0,16,21
90,405,405,>,operator,0,16,22
91,407,410,edge,identifier,0,16,24
92,411,411,;,operator,0,16,28
93,417,422,vector,identifier,0,17,4
94,423,423,<,operator,0,17,10
95,424,429,vector,identifier,0,17,11
96,430,430,<,operator,0,17,17
97,431,433,int,keyword,0,17,18
98,434,434,>,operator,0,17,21
99,435,435,>,operator,0,17,22
100,437,444,rev_edge,identifier,0,17,24
101,445,445,;,operator,0,17,32
102,447,447,},operator,0,18,0
103,448,448,;,operator,0,18,1
104,450,454,using,keyword,0,19,0
105,456,456,S,identifier,0,19,6
106,458,458,=,operator,0,19,8
107,460,472,unordered_set,identifier,0,19,10
108,473,473,<,operator,0,19,23
109,474,476,int,keyword,0,19,24
110,477,477,>,operator,0,19,27
111,478,478,;,operator,0,19,28
112,480,484,using,keyword,0,20,0
113,486,486,P,identifier,0,20,6
114,488,488,=,operator,0,20,8
115,490,493,pair,identifier,0,20,10
116,494,494,<,operator,0,20,14
117,495,498,bool,keyword,0,20,15
118,499,499,",",operator,0,20,19
119,501,501,S,identifier,0,20,21
120,502,502,>,operator,0,20,22
121,503,503,;,operator,0,20,23
122,505,508,void,keyword,0,21,0
123,510,512,dfs,identifier,0,21,5
124,513,513,(,operator,0,21,8
125,514,518,const,keyword,0,21,9
126,520,524,Graph,identifier,0,21,15
127,525,525,&,operator,0,21,20
128,527,527,g,identifier,0,21,22
129,528,528,",",operator,0,21,23
130,530,534,const,keyword,0,21,25
131,536,538,int,keyword,0,21,31
132,540,540,s,identifier,0,21,35
133,541,541,",",operator,0,21,36
134,543,548,vector,identifier,0,21,38
135,549,549,<,operator,0,21,44
136,550,553,bool,keyword,0,21,45
137,554,554,>,operator,0,21,49
138,555,555,&,operator,0,21,50
139,557,560,used,identifier,0,21,52
140,561,561,",",operator,0,21,56
141,563,568,vector,identifier,0,21,58
142,569,569,<,operator,0,21,64
143,570,572,int,keyword,0,21,65
144,573,573,>,operator,0,21,68
145,574,574,&,operator,0,21,69
146,576,579,node,identifier,0,21,71
147,580,580,",",operator,0,21,75
148,582,587,vector,identifier,0,21,77
149,588,588,<,operator,0,21,83
150,589,589,P,identifier,0,21,84
151,590,590,>,operator,0,21,85
152,591,591,&,operator,0,21,86
153,593,596,sets,identifier,0,21,88
154,597,597,),operator,0,21,92
155,615,615,{,operator,0,22,0
156,621,624,used,identifier,0,23,4
157,625,625,[,operator,0,23,8
158,626,626,s,identifier,0,23,9
159,627,627,],operator,0,23,10
160,629,629,=,operator,0,23,12
161,631,634,true,keyword,0,23,14
162,635,635,;,operator,0,23,18
163,641,641,S,identifier,0,24,4
164,643,644,st,identifier,0,24,6
165,645,645,;,operator,0,24,8
166,651,654,bool,keyword,0,25,4
167,656,660,first,identifier,0,25,9
168,662,662,=,operator,0,25,15
169,664,667,true,keyword,0,25,17
170,668,668,;,operator,0,25,21
171,674,675,if,keyword,0,26,4
172,677,677,(,operator,0,26,7
173,678,681,node,identifier,0,26,8
174,682,682,[,operator,0,26,12
175,683,683,s,identifier,0,26,13
176,684,684,],operator,0,26,14
177,686,687,"!=",operator,0,26,16
178,689,689,-,operator,0,26,19
179,690,690,1,integer,0,26,20
180,691,691,),operator,0,26,21
181,693,693,{,operator,0,26,23
182,703,704,st,identifier,0,27,8
183,705,705,.,operator,0,27,10
184,706,711,insert,identifier,0,27,11
185,712,712,(,operator,0,27,17
186,713,716,node,identifier,0,27,18
187,717,717,[,operator,0,27,22
188,718,718,s,identifier,0,27,23
189,719,719,],operator,0,27,24
190,720,720,),operator,0,27,25
191,721,721,;,operator,0,27,26
192,731,735,first,identifier,0,28,8
193,737,737,=,operator,0,28,14
194,739,743,false,keyword,0,28,16
195,744,744,;,operator,0,28,21
196,750,750,},operator,0,29,4
197,756,758,for,keyword,0,30,4
198,760,760,(,operator,0,30,8
199,761,765,const,keyword,0,30,9
200,767,769,int,keyword,0,30,15
201,771,772,to,identifier,0,30,19
202,774,774,:,operator,0,30,22
203,776,776,g,identifier,0,30,24
204,777,777,.,operator,0,30,25
205,778,781,edge,identifier,0,30,26
206,782,782,[,operator,0,30,30
207,783,783,s,identifier,0,30,31
208,784,784,],operator,0,30,32
209,785,785,),operator,0,30,33
210,787,787,{,operator,0,30,35
211,797,798,if,keyword,0,31,8
212,800,800,(,operator,0,31,11
213,801,803,"!",operator,0,31,12
214,805,809,first,identifier,0,31,16
215,811,813,&&,operator,0,31,22
216,815,816,st,identifier,0,31,26
217,817,817,.,operator,0,31,28
218,818,822,empty,identifier,0,31,29
219,823,823,(,operator,0,31,34
220,824,824,),operator,0,31,35
221,825,825,),operator,0,31,36
222,827,827,{,operator,0,31,38
223,841,845,break,keyword,0,32,12
224,846,846,;,operator,0,32,17
225,856,856,},operator,0,33,8
226,866,867,if,keyword,0,34,8
227,869,869,(,operator,0,34,11
228,870,872,"!",operator,0,34,12
229,874,877,used,identifier,0,34,16
230,878,878,[,operator,0,34,20
231,879,880,to,identifier,0,34,21
232,881,881,],operator,0,34,23
233,882,882,),operator,0,34,24
234,884,884,{,operator,0,34,26
235,898,900,dfs,identifier,0,35,12
236,901,901,(,operator,0,35,15
237,902,902,g,identifier,0,35,16
238,903,903,",",operator,0,35,17
239,905,906,to,identifier,0,35,19
240,907,907,",",operator,0,35,21
241,909,912,used,identifier,0,35,23
242,913,913,",",operator,0,35,27
243,915,918,node,identifier,0,35,29
244,919,919,",",operator,0,35,33
245,921,924,sets,identifier,0,35,35
246,925,925,),operator,0,35,39
247,926,926,;,operator,0,35,40
248,940,941,if,keyword,0,36,12
249,943,943,(,operator,0,36,15
250,944,946,"!",operator,0,36,16
251,948,951,sets,identifier,0,36,20
252,952,952,[,operator,0,36,24
253,953,954,to,identifier,0,36,25
254,955,955,],operator,0,36,27
255,956,956,.,operator,0,36,28
256,957,961,first,identifier,0,36,29
257,962,962,),operator,0,36,34
258,964,964,{,operator,0,36,36
259,982,983,if,keyword,0,37,16
260,985,985,(,operator,0,37,19
261,986,990,first,identifier,0,37,20
262,991,991,),operator,0,37,25
263,993,993,{,operator,0,37,27
264,1015,1015,P,identifier,0,38,20
265,1017,1019,sub,identifier,0,38,22
266,1021,1021,=,operator,0,38,26
267,1023,1026,sets,identifier,0,38,28
268,1027,1027,[,operator,0,38,32
269,1028,1029,to,identifier,0,38,33
270,1030,1030,],operator,0,38,35
271,1031,1031,;,operator,0,38,36
272,1053,1055,for,keyword,0,39,20
273,1057,1057,(,operator,0,39,24
274,1058,1062,const,keyword,0,39,25
275,1064,1066,int,keyword,0,39,31
276,1068,1068,e,identifier,0,39,35
277,1070,1070,:,operator,0,39,37
278,1072,1074,sub,identifier,0,39,39
279,1075,1075,.,operator,0,39,42
280,1076,1081,second,identifier,0,39,43
281,1082,1082,),operator,0,39,49
282,1084,1084,{,operator,0,39,51
283,1110,1111,st,identifier,0,40,24
284,1112,1112,.,operator,0,40,26
285,1113,1118,insert,identifier,0,40,27
286,1119,1119,(,operator,0,40,33
287,1120,1120,e,identifier,0,40,34
288,1122,1122,-,operator,0,40,36
289,1124,1124,1,integer,0,40,38
290,1125,1125,),operator,0,40,39
291,1126,1126,;,operator,0,40,40
292,1152,1153,st,identifier,0,41,24
293,1154,1154,.,operator,0,41,26
294,1155,1160,insert,identifier,0,41,27
295,1161,1161,(,operator,0,41,33
296,1162,1162,e,identifier,0,41,34
297,1164,1164,+,operator,0,41,36
298,1166,1166,1,integer,0,41,38
299,1167,1167,),operator,0,41,39
300,1168,1168,;,operator,0,41,40
301,1190,1190,},operator,0,42,20
302,1212,1216,first,identifier,0,43,20
303,1218,1218,=,operator,0,43,26
304,1220,1224,false,keyword,0,43,28
305,1225,1225,;,operator,0,43,33
306,1243,1243,},operator,0,44,16
307,1245,1248,else,keyword,0,44,18
308,1250,1250,{,operator,0,44,23
309,1272,1272,P,identifier,0,45,20
310,1274,1276,sub,identifier,0,45,22
311,1278,1278,=,operator,0,45,26
312,1280,1283,sets,identifier,0,45,28
313,1284,1284,[,operator,0,45,32
314,1285,1286,to,identifier,0,45,33
315,1287,1287,],operator,0,45,35
316,1288,1288,;,operator,0,45,36
317,1310,1310,S,identifier,0,46,20
318,1312,1314,tmp,identifier,0,46,22
319,1315,1315,;,operator,0,46,25
320,1337,1339,for,keyword,0,47,20
321,1341,1341,(,operator,0,47,24
322,1342,1346,const,keyword,0,47,25
323,1348,1350,int,keyword,0,47,31
324,1352,1352,e,identifier,0,47,35
325,1354,1354,:,operator,0,47,37
326,1356,1358,sub,identifier,0,47,39
327,1359,1359,.,operator,0,47,42
328,1360,1365,second,identifier,0,47,43
329,1366,1366,),operator,0,47,49
330,1368,1368,{,operator,0,47,51
331,1394,1395,if,keyword,0,48,24
332,1397,1397,(,operator,0,48,27
333,1398,1399,st,identifier,0,48,28
334,1400,1400,.,operator,0,48,30
335,1401,1404,find,identifier,0,48,31
336,1405,1405,(,operator,0,48,35
337,1406,1406,e,identifier,0,48,36
338,1408,1408,-,operator,0,48,38
339,1410,1410,1,integer,0,48,40
340,1411,1411,),operator,0,48,41
341,1413,1414,"!=",operator,0,48,43
342,1416,1417,st,identifier,0,48,46
343,1418,1418,.,operator,0,48,48
344,1419,1421,end,identifier,0,48,49
345,1422,1422,(,operator,0,48,52
346,1423,1423,),operator,0,48,53
347,1424,1424,),operator,0,48,54
348,1426,1426,{,operator,0,48,56
349,1456,1458,tmp,identifier,0,49,28
350,1459,1459,.,operator,0,49,31
351,1460,1465,insert,identifier,0,49,32
352,1466,1466,(,operator,0,49,38
353,1467,1467,e,identifier,0,49,39
354,1469,1469,-,operator,0,49,41
355,1471,1471,1,integer,0,49,43
356,1472,1472,),operator,0,49,44
357,1473,1473,;,operator,0,49,45
358,1499,1499,},operator,0,50,24
359,1525,1526,if,keyword,0,51,24
360,1528,1528,(,operator,0,51,27
361,1529,1530,st,identifier,0,51,28
362,1531,1531,.,operator,0,51,30
363,1532,1535,find,identifier,0,51,31
364,1536,1536,(,operator,0,51,35
365,1537,1537,e,identifier,0,51,36
366,1539,1539,+,operator,0,51,38
367,1541,1541,1,integer,0,51,40
368,1542,1542,),operator,0,51,41
369,1544,1545,"!=",operator,0,51,43
370,1547,1548,st,identifier,0,51,46
371,1549,1549,.,operator,0,51,48
372,1550,1552,end,identifier,0,51,49
373,1553,1553,(,operator,0,51,52
374,1554,1554,),operator,0,51,53
375,1555,1555,),operator,0,51,54
376,1557,1557,{,operator,0,51,56
377,1587,1589,tmp,identifier,0,52,28
378,1590,1590,.,operator,0,52,31
379,1591,1596,insert,identifier,0,52,32
380,1597,1597,(,operator,0,52,38
381,1598,1598,e,identifier,0,52,39
382,1600,1600,+,operator,0,52,41
383,1602,1602,1,integer,0,52,43
384,1603,1603,),operator,0,52,44
385,1604,1604,;,operator,0,52,45
386,1630,1630,},operator,0,53,24
387,1652,1652,},operator,0,54,20
388,1674,1677,swap,identifier,0,55,20
389,1678,1678,(,operator,0,55,24
390,1679,1681,tmp,identifier,0,55,25
391,1682,1682,",",operator,0,55,28
392,1684,1685,st,identifier,0,55,30
393,1686,1686,),operator,0,55,32
394,1687,1687,;,operator,0,55,33
395,1705,1705,},operator,0,56,16
396,1719,1719,},operator,0,57,12
397,1729,1729,},operator,0,58,8
398,1735,1735,},operator,0,59,4
399,1741,1742,if,keyword,0,60,4
400,1744,1744,(,operator,0,60,7
401,1745,1749,first,identifier,0,60,8
402,1750,1750,),operator,0,60,13
403,1752,1752,{,operator,0,60,15
404,1762,1765,sets,identifier,0,61,8
405,1766,1766,[,operator,0,61,12
406,1767,1767,s,identifier,0,61,13
407,1768,1768,],operator,0,61,14
408,1770,1770,=,operator,0,61,16
409,1772,1772,{,operator,0,61,18
410,1774,1777,true,keyword,0,61,20
411,1778,1778,",",operator,0,61,24
412,1780,1781,st,identifier,0,61,26
413,1783,1783,},operator,0,61,29
414,1784,1784,;,operator,0,61,30
415,1790,1790,},operator,0,62,4
416,1792,1795,else,keyword,0,62,6
417,1797,1797,{,operator,0,62,11
418,1807,1808,if,keyword,0,63,8
419,1810,1810,(,operator,0,63,11
420,1811,1812,st,identifier,0,63,12
421,1813,1813,.,operator,0,63,14
422,1814,1817,size,identifier,0,63,15
423,1818,1818,(,operator,0,63,19
424,1819,1819,),operator,0,63,20
425,1821,1822,==,operator,0,63,22
426,1824,1824,1,integer,0,63,25
427,1825,1825,),operator,0,63,26
428,1827,1827,{,operator,0,63,28
429,1841,1844,node,identifier,0,64,12
430,1845,1845,[,operator,0,64,16
431,1846,1846,s,identifier,0,64,17
432,1847,1847,],operator,0,64,18
433,1849,1849,=,operator,0,64,20
434,1851,1851,*,operator,0,64,22
435,1852,1853,st,identifier,0,64,23
436,1854,1854,.,operator,0,64,25
437,1855,1859,begin,identifier,0,64,26
438,1860,1860,(,operator,0,64,31
439,1861,1861,),operator,0,64,32
440,1862,1862,;,operator,0,64,33
441,1872,1872,},operator,0,65,8
442,1882,1885,sets,identifier,0,66,8
443,1886,1886,[,operator,0,66,12
444,1887,1887,s,identifier,0,66,13
445,1888,1888,],operator,0,66,14
446,1890,1890,=,operator,0,66,16
447,1892,1892,{,operator,0,66,18
448,1894,1898,false,keyword,0,66,20
449,1899,1899,",",operator,0,66,25
450,1901,1902,st,identifier,0,66,27
451,1904,1904,},operator,0,66,30
452,1905,1905,;,operator,0,66,31
453,1911,1911,},operator,0,67,4
454,1913,1913,},operator,0,68,0
455,1916,1919,void,keyword,0,70,0
456,1921,1923,dfs,identifier,0,70,5
457,1924,1924,(,operator,0,70,8
458,1925,1929,const,keyword,0,70,9
459,1931,1935,Graph,identifier,0,70,15
460,1936,1936,&,operator,0,70,20
461,1938,1938,g,identifier,0,70,22
462,1939,1939,",",operator,0,70,23
463,1941,1945,const,keyword,0,70,25
464,1947,1949,int,keyword,0,70,31
465,1951,1951,s,identifier,0,70,35
466,1952,1952,",",operator,0,70,36
467,1954,1958,const,keyword,0,70,38
468,1960,1962,int,keyword,0,70,44
469,1964,1966,par,identifier,0,70,48
470,1967,1967,",",operator,0,70,51
471,1969,1974,vector,identifier,0,70,53
472,1975,1975,<,operator,0,70,59
473,1976,1979,bool,keyword,0,70,60
474,1980,1980,>,operator,0,70,64
475,1981,1981,&,operator,0,70,65
476,1983,1986,used,identifier,0,70,67
477,1987,1987,",",operator,0,70,71
478,1989,1994,vector,identifier,0,70,73
479,1995,1995,<,operator,0,70,79
480,1996,1998,int,keyword,0,70,80
481,1999,1999,>,operator,0,70,83
482,2000,2000,&,operator,0,70,84
483,2002,2005,node,identifier,0,70,86
484,2006,2006,",",operator,0,70,90
485,2008,2012,const,keyword,0,70,92
486,2014,2019,vector,identifier,0,70,98
487,2020,2020,<,operator,0,70,104
488,2021,2021,P,identifier,0,70,105
489,2022,2022,>,operator,0,70,106
490,2023,2023,&,operator,0,70,107
491,2025,2028,sets,identifier,0,70,109
492,2029,2029,),operator,0,70,113
493,2047,2047,{,operator,0,71,0
494,2053,2056,used,identifier,0,72,4
495,2057,2057,[,operator,0,72,8
496,2058,2058,s,identifier,0,72,9
497,2059,2059,],operator,0,72,10
498,2061,2061,=,operator,0,72,12
499,2063,2066,true,keyword,0,72,14
500,2067,2067,;,operator,0,72,18
501,2073,2075,int,keyword,0,73,4
502,2077,2079,ans,identifier,0,73,8
503,2081,2081,=,operator,0,73,12
504,2083,2083,-,operator,0,73,14
505,2084,2084,1,integer,0,73,15
506,2085,2085,;,operator,0,73,16
507,2091,2092,if,keyword,0,74,4
508,2094,2094,(,operator,0,74,7
509,2095,2098,sets,identifier,0,74,8
510,2099,2099,[,operator,0,74,12
511,2100,2100,s,identifier,0,74,13
512,2101,2101,],operator,0,74,14
513,2102,2102,.,operator,0,74,15
514,2103,2107,first,identifier,0,74,16
515,2109,2110,||,operator,0,74,22
516,2112,2115,sets,identifier,0,74,25
517,2116,2116,[,operator,0,74,29
518,2117,2117,s,identifier,0,74,30
519,2118,2118,],operator,0,74,31
520,2119,2119,.,operator,0,74,32
521,2120,2125,second,identifier,0,74,33
522,2126,2126,.,operator,0,74,39
523,2127,2130,find,identifier,0,74,40
524,2131,2131,(,operator,0,74,44
525,2132,2134,par,identifier,0,74,45
526,2136,2136,-,operator,0,74,49
527,2138,2138,1,integer,0,74,51
528,2139,2139,),operator,0,74,52
529,2141,2142,"!=",operator,0,74,54
530,2144,2147,sets,identifier,0,74,57
531,2148,2148,[,operator,0,74,61
532,2149,2149,s,identifier,0,74,62
533,2150,2150,],operator,0,74,63
534,2151,2151,.,operator,0,74,64
535,2152,2157,second,identifier,0,74,65
536,2158,2158,.,operator,0,74,71
537,2159,2161,end,identifier,0,74,72
538,2162,2162,(,operator,0,74,75
539,2163,2163,),operator,0,74,76
540,2164,2164,),operator,0,74,77
541,2166,2166,{,operator,0,74,79
542,2176,2178,ans,identifier,0,75,8
543,2180,2180,=,operator,0,75,12
544,2182,2184,par,identifier,0,75,14
545,2186,2186,-,operator,0,75,18
546,2188,2188,1,integer,0,75,20
547,2189,2189,;,operator,0,75,21
548,2195,2195,},operator,0,76,4
549,2201,2202,if,keyword,0,77,4
550,2204,2204,(,operator,0,77,7
551,2205,2208,sets,identifier,0,77,8
552,2209,2209,[,operator,0,77,12
553,2210,2210,s,identifier,0,77,13
554,2211,2211,],operator,0,77,14
555,2212,2212,.,operator,0,77,15
556,2213,2217,first,identifier,0,77,16
557,2219,2220,||,operator,0,77,22
558,2222,2225,sets,identifier,0,77,25
559,2226,2226,[,operator,0,77,29
560,2227,2227,s,identifier,0,77,30
561,2228,2228,],operator,0,77,31
562,2229,2229,.,operator,0,77,32
563,2230,2235,second,identifier,0,77,33
564,2236,2236,.,operator,0,77,39
565,2237,2240,find,identifier,0,77,40
566,2241,2241,(,operator,0,77,44
567,2242,2244,par,identifier,0,77,45
568,2246,2246,+,operator,0,77,49
569,2248,2248,1,integer,0,77,51
570,2249,2249,),operator,0,77,52
571,2251,2252,"!=",operator,0,77,54
572,2254,2257,sets,identifier,0,77,57
573,2258,2258,[,operator,0,77,61
574,2259,2259,s,identifier,0,77,62
575,2260,2260,],operator,0,77,63
576,2261,2261,.,operator,0,77,64
577,2262,2267,second,identifier,0,77,65
578,2268,2268,.,operator,0,77,71
579,2269,2271,end,identifier,0,77,72
580,2272,2272,(,operator,0,77,75
581,2273,2273,),operator,0,77,76
582,2274,2274,),operator,0,77,77
583,2276,2276,{,operator,0,77,79
584,2286,2288,ans,identifier,0,78,8
585,2290,2290,=,operator,0,78,12
586,2292,2294,par,identifier,0,78,14
587,2296,2296,+,operator,0,78,18
588,2298,2298,1,integer,0,78,20
589,2299,2299,;,operator,0,78,21
590,2305,2305,},operator,0,79,4
591,2311,2314,node,identifier,0,80,4
592,2315,2315,[,operator,0,80,8
593,2316,2316,s,identifier,0,80,9
594,2317,2317,],operator,0,80,10
595,2319,2319,=,operator,0,80,12
596,2321,2323,ans,identifier,0,80,14
597,2324,2324,;,operator,0,80,17
598,2330,2332,for,keyword,0,81,4
599,2334,2334,(,operator,0,81,8
600,2335,2339,const,keyword,0,81,9
601,2341,2343,int,keyword,0,81,15
602,2345,2346,to,identifier,0,81,19
603,2348,2348,:,operator,0,81,22
604,2350,2350,g,identifier,0,81,24
605,2351,2351,.,operator,0,81,25
606,2352,2355,edge,identifier,0,81,26
607,2356,2356,[,operator,0,81,30
608,2357,2357,s,identifier,0,81,31
609,2358,2358,],operator,0,81,32
610,2359,2359,),operator,0,81,33
611,2361,2361,{,operator,0,81,35
612,2371,2372,if,keyword,0,82,8
613,2374,2374,(,operator,0,82,11
614,2375,2377,"!",operator,0,82,12
615,2379,2382,used,identifier,0,82,16
616,2383,2383,[,operator,0,82,20
617,2384,2385,to,identifier,0,82,21
618,2386,2386,],operator,0,82,23
619,2387,2387,),operator,0,82,24
620,2389,2389,{,operator,0,82,26
621,2403,2405,dfs,identifier,0,83,12
622,2406,2406,(,operator,0,83,15
623,2407,2407,g,identifier,0,83,16
624,2408,2408,",",operator,0,83,17
625,2410,2411,to,identifier,0,83,19
626,2412,2412,",",operator,0,83,21
627,2414,2416,ans,identifier,0,83,23
628,2417,2417,",",operator,0,83,26
629,2419,2422,used,identifier,0,83,28
630,2423,2423,",",operator,0,83,32
631,2425,2428,node,identifier,0,83,34
632,2429,2429,",",operator,0,83,38
633,2431,2434,sets,identifier,0,83,40
634,2435,2435,),operator,0,83,44
635,2436,2436,;,operator,0,83,45
636,2446,2446,},operator,0,84,8
637,2452,2452,},operator,0,85,4
638,2454,2454,},operator,0,86,0
639,2457,2459,int,keyword,0,88,0
640,2461,2464,main,identifier,0,88,4
641,2465,2465,(,operator,0,88,8
642,2466,2466,),operator,0,88,9
643,2468,2468,{,operator,0,89,0
644,2474,2476,cin,identifier,0,90,4
645,2477,2477,.,operator,0,90,7
646,2478,2480,tie,identifier,0,90,8
647,2481,2481,(,operator,0,90,11
648,2482,2482,0,integer,0,90,12
649,2483,2483,),operator,0,90,13
650,2484,2484,;,operator,0,90,14
651,2490,2492,ios,identifier,0,91,4
652,2493,2494,::,operator,0,91,7
653,2495,2509,sync_with_stdio,identifier,0,91,9
654,2510,2510,(,operator,0,91,24
655,2511,2515,false,keyword,0,91,25
656,2516,2516,),operator,0,91,30
657,2517,2517,;,operator,0,91,31
658,2523,2525,int,keyword,0,92,4
659,2527,2527,N,identifier,0,92,8
660,2528,2528,;,operator,0,92,9
661,2534,2536,cin,identifier,0,93,4
662,2538,2538,>,operator,0,93,8
663,2539,2539,>,operator,0,93,9
664,2541,2541,N,identifier,0,93,11
665,2542,2542,;,operator,0,93,12
666,2548,2552,Graph,identifier,0,94,4
667,2554,2554,g,identifier,0,94,10
668,2555,2555,(,operator,0,94,11
669,2556,2556,N,identifier,0,94,12
670,2557,2557,),operator,0,94,13
671,2558,2558,;,operator,0,94,14
672,2564,2569,vector,identifier,0,95,4
673,2570,2570,<,operator,0,95,10
674,2571,2573,int,keyword,0,95,11
675,2574,2574,>,operator,0,95,14
676,2576,2579,node,identifier,0,95,16
677,2580,2580,(,operator,0,95,20
678,2581,2581,N,identifier,0,95,21
679,2582,2582,",",operator,0,95,22
680,2584,2584,-,operator,0,95,24
681,2585,2585,1,integer,0,95,25
682,2586,2586,),operator,0,95,26
683,2587,2587,;,operator,0,95,27
684,2593,2595,for,keyword,0,96,4
685,2597,2597,(,operator,0,96,8
686,2598,2600,int,keyword,0,96,9
687,2602,2602,i,identifier,0,96,13
688,2604,2604,=,operator,0,96,15
689,2606,2606,0,integer,0,96,17
690,2607,2607,;,operator,0,96,18
691,2609,2609,i,identifier,0,96,20
692,2611,2611,<,operator,0,96,22
693,2613,2613,N,identifier,0,96,24
694,2615,2615,-,operator,0,96,26
695,2617,2617,1,integer,0,96,28
696,2618,2618,;,operator,0,96,29
697,2620,2620,i,identifier,0,96,31
698,2621,2622,++,operator,0,96,32
699,2623,2623,),operator,0,96,34
700,2625,2625,{,operator,0,96,36
701,2635,2637,int,keyword,0,97,8
702,2639,2639,u,identifier,0,97,12
703,2640,2640,",",operator,0,97,13
704,2642,2642,v,identifier,0,97,15
705,2643,2643,;,operator,0,97,16
706,2653,2655,cin,identifier,0,98,8
707,2657,2657,>,operator,0,98,12
708,2658,2658,>,operator,0,98,13
709,2660,2660,u,identifier,0,98,15
710,2662,2662,>,operator,0,98,17
711,2663,2663,>,operator,0,98,18
712,2665,2665,v,identifier,0,98,20
713,2666,2666,;,operator,0,98,21
714,2676,2676,u,identifier,0,99,8
715,2677,2678,--,operator,0,99,9
716,2679,2679,",",operator,0,99,11
717,2681,2681,v,identifier,0,99,13
718,2682,2683,--,operator,0,99,14
719,2684,2684,;,operator,0,99,16
720,2694,2694,g,identifier,0,100,8
721,2695,2695,.,operator,0,100,9
722,2696,2702,addEdge,identifier,0,100,10
723,2703,2703,(,operator,0,100,17
724,2704,2704,u,identifier,0,100,18
725,2705,2705,",",operator,0,100,19
726,2707,2707,v,identifier,0,100,21
727,2708,2708,),operator,0,100,22
728,2709,2709,;,operator,0,100,23
729,2719,2719,g,identifier,0,101,8
730,2720,2720,.,operator,0,101,9
731,2721,2727,addEdge,identifier,0,101,10
732,2728,2728,(,operator,0,101,17
733,2729,2729,v,identifier,0,101,18
734,2730,2730,",",operator,0,101,19
735,2732,2732,u,identifier,0,101,21
736,2733,2733,),operator,0,101,22
737,2734,2734,;,operator,0,101,23
738,2740,2740,},operator,0,102,4
739,2746,2748,int,keyword,0,103,4
740,2750,2750,K,identifier,0,103,8
741,2751,2751,;,operator,0,103,9
742,2757,2759,cin,identifier,0,104,4
743,2761,2761,>,operator,0,104,8
744,2762,2762,>,operator,0,104,9
745,2764,2764,K,identifier,0,104,11
746,2765,2765,;,operator,0,104,12
747,2771,2773,for,keyword,0,105,4
748,2775,2775,(,operator,0,105,8
749,2776,2778,int,keyword,0,105,9
750,2780,2780,i,identifier,0,105,13
751,2782,2782,=,operator,0,105,15
752,2784,2784,0,integer,0,105,17
753,2785,2785,;,operator,0,105,18
754,2787,2787,i,identifier,0,105,20
755,2789,2789,<,operator,0,105,22
756,2791,2791,K,identifier,0,105,24
757,2792,2792,;,operator,0,105,25
758,2794,2794,i,identifier,0,105,27
759,2795,2796,++,operator,0,105,28
760,2797,2797,),operator,0,105,30
761,2799,2799,{,operator,0,105,32
762,2809,2811,int,keyword,0,106,8
763,2813,2813,v,identifier,0,106,12
764,2814,2814,",",operator,0,106,13
765,2816,2816,p,identifier,0,106,15
766,2817,2817,;,operator,0,106,16
767,2827,2829,cin,identifier,0,107,8
768,2831,2831,>,operator,0,107,12
769,2832,2832,>,operator,0,107,13
770,2834,2834,v,identifier,0,107,15
771,2836,2836,>,operator,0,107,17
772,2837,2837,>,operator,0,107,18
773,2839,2839,p,identifier,0,107,20
774,2840,2840,;,operator,0,107,21
775,2850,2850,v,identifier,0,108,8
776,2851,2852,--,operator,0,108,9
777,2853,2853,;,operator,0,108,11
778,2863,2866,node,identifier,0,109,8
779,2867,2867,[,operator,0,109,12
780,2868,2868,v,identifier,0,109,13
781,2869,2869,],operator,0,109,14
782,2871,2871,=,operator,0,109,16
783,2873,2873,p,identifier,0,109,18
784,2874,2874,;,operator,0,109,19
785,2880,2880,},operator,0,110,4
786,2886,2891,vector,identifier,0,111,4
787,2892,2892,<,operator,0,111,10
788,2893,2896,bool,keyword,0,111,11
789,2897,2897,>,operator,0,111,15
790,2899,2902,used,identifier,0,111,17
791,2903,2903,(,operator,0,111,21
792,2904,2904,N,identifier,0,111,22
793,2905,2905,",",operator,0,111,23
794,2907,2911,false,keyword,0,111,25
795,2912,2912,),operator,0,111,30
796,2913,2913,;,operator,0,111,31
797,2919,2924,vector,identifier,0,112,4
798,2925,2925,<,operator,0,112,10
799,2926,2926,P,identifier,0,112,11
800,2927,2927,>,operator,0,112,12
801,2929,2932,sets,identifier,0,112,14
802,2933,2933,(,operator,0,112,18
803,2934,2934,N,identifier,0,112,19
804,2935,2935,),operator,0,112,20
805,2936,2936,;,operator,0,112,21
806,2942,2944,dfs,identifier,0,113,4
807,2945,2945,(,operator,0,113,7
808,2946,2946,g,identifier,0,113,8
809,2947,2947,",",operator,0,113,9
810,2949,2949,0,integer,0,113,11
811,2950,2950,",",operator,0,113,12
812,2952,2955,used,identifier,0,113,14
813,2956,2956,",",operator,0,113,18
814,2958,2961,node,identifier,0,113,20
815,2962,2962,",",operator,0,113,24
816,2964,2967,sets,identifier,0,113,26
817,2968,2968,),operator,0,113,30
818,2969,2969,;,operator,0,113,31
819,2997,2998,if,keyword,0,115,4
820,3000,3000,(,operator,0,115,7
821,3001,3004,sets,identifier,0,115,8
822,3005,3005,[,operator,0,115,12
823,3006,3006,0,integer,0,115,13
824,3007,3007,],operator,0,115,14
825,3008,3008,.,operator,0,115,15
826,3009,3013,first,identifier,0,115,16
827,3014,3014,),operator,0,115,21
828,3016,3016,{,operator,0,115,23
829,3026,3029,node,identifier,0,116,8
830,3030,3030,[,operator,0,116,12
831,3031,3031,0,integer,0,116,13
832,3032,3032,],operator,0,116,14
833,3040,3040,=,operator,0,116,22
834,3042,3042,0,integer,0,116,24
835,3043,3043,;,operator,0,116,25
836,3053,3056,sets,identifier,0,117,8
837,3057,3057,[,operator,0,117,12
838,3058,3058,0,integer,0,117,13
839,3059,3059,],operator,0,117,14
840,3060,3060,.,operator,0,117,15
841,3061,3065,first,identifier,0,117,16
842,3067,3067,=,operator,0,117,22
843,3069,3073,false,keyword,0,117,24
844,3074,3074,;,operator,0,117,29
845,3084,3087,sets,identifier,0,118,8
846,3088,3088,[,operator,0,118,12
847,3089,3089,0,integer,0,118,13
848,3090,3090,],operator,0,118,14
849,3091,3091,.,operator,0,118,15
850,3092,3097,second,identifier,0,118,16
851,3098,3098,.,operator,0,118,22
852,3099,3104,insert,identifier,0,118,23
853,3105,3105,(,operator,0,118,29
854,3106,3106,0,integer,0,118,30
855,3107,3107,),operator,0,118,31
856,3108,3108,;,operator,0,118,32
857,3114,3114,},operator,0,119,4
858,3116,3119,else,keyword,0,119,6
859,3121,3122,if,keyword,0,119,11
860,3124,3124,(,operator,0,119,14
861,3125,3128,sets,identifier,0,119,15
862,3129,3129,[,operator,0,119,19
863,3130,3130,0,integer,0,119,20
864,3131,3131,],operator,0,119,21
865,3132,3132,.,operator,0,119,22
866,3133,3138,second,identifier,0,119,23
867,3139,3139,.,operator,0,119,29
868,3140,3144,empty,identifier,0,119,30
869,3145,3145,(,operator,0,119,35
870,3146,3146,),operator,0,119,36
871,3147,3147,),operator,0,119,37
872,3149,3149,{,operator,0,119,39
873,3159,3162,cout,identifier,0,120,8
874,3164,3164,<,operator,0,120,13
875,3165,3165,<,operator,0,120,14
876,3167,3170,"""No""",string,0,120,16
877,3172,3172,<,operator,0,120,21
878,3173,3173,<,operator,0,120,22
879,3175,3178,endl,identifier,0,120,24
880,3179,3179,;,operator,0,120,28
881,3189,3194,return,keyword,0,121,8
882,3196,3196,0,integer,0,121,15
883,3197,3197,;,operator,0,121,16
884,3203,3203,},operator,0,122,4
885,3205,3208,else,keyword,0,122,6
886,3210,3210,{,operator,0,122,11
887,3220,3223,node,identifier,0,123,8
888,3224,3224,[,operator,0,123,12
889,3225,3225,0,integer,0,123,13
890,3226,3226,],operator,0,123,14
891,3228,3228,=,operator,0,123,16
892,3230,3230,*,operator,0,123,18
893,3231,3234,sets,identifier,0,123,19
894,3235,3235,[,operator,0,123,23
895,3236,3236,0,integer,0,123,24
896,3237,3237,],operator,0,123,25
897,3238,3238,.,operator,0,123,26
898,3239,3244,second,identifier,0,123,27
899,3245,3245,.,operator,0,123,33
900,3246,3250,begin,identifier,0,123,34
901,3251,3251,(,operator,0,123,39
902,3252,3252,),operator,0,123,40
903,3253,3253,;,operator,0,123,41
904,3263,3266,sets,identifier,0,124,8
905,3267,3267,[,operator,0,124,12
906,3268,3268,0,integer,0,124,13
907,3269,3269,],operator,0,124,14
908,3270,3270,.,operator,0,124,15
909,3271,3276,second,identifier,0,124,16
910,3277,3277,.,operator,0,124,22
911,3278,3282,clear,identifier,0,124,23
912,3283,3283,(,operator,0,124,28
913,3284,3284,),operator,0,124,29
914,3285,3285,;,operator,0,124,30
915,3295,3298,sets,identifier,0,125,8
916,3299,3299,[,operator,0,125,12
917,3300,3300,0,integer,0,125,13
918,3301,3301,],operator,0,125,14
919,3302,3302,.,operator,0,125,15
920,3303,3308,second,identifier,0,125,16
921,3309,3309,.,operator,0,125,22
922,3310,3315,insert,identifier,0,125,23
923,3316,3316,(,operator,0,125,29
924,3317,3320,node,identifier,0,125,30
925,3321,3321,[,operator,0,125,34
926,3322,3322,0,integer,0,125,35
927,3323,3323,],operator,0,125,36
928,3324,3324,),operator,0,125,37
929,3325,3325,;,operator,0,125,38
930,3331,3331,},operator,0,126,4
931,3337,3340,cout,identifier,0,127,4
932,3342,3342,<,operator,0,127,9
933,3343,3343,<,operator,0,127,10
934,3345,3349,"""Yes""",string,0,127,12
935,3351,3351,<,operator,0,127,18
936,3352,3352,<,operator,0,127,19
937,3354,3357,endl,identifier,0,127,21
938,3358,3358,;,operator,0,127,25
939,3364,3367,fill,identifier,0,128,4
940,3368,3368,(,operator,0,128,8
941,3369,3372,used,identifier,0,128,9
942,3373,3373,.,operator,0,128,13
943,3374,3378,begin,identifier,0,128,14
944,3379,3379,(,operator,0,128,19
945,3380,3380,),operator,0,128,20
946,3381,3381,",",operator,0,128,21
947,3383,3386,used,identifier,0,128,23
948,3387,3387,.,operator,0,128,27
949,3388,3390,end,identifier,0,128,28
950,3391,3391,(,operator,0,128,31
951,3392,3392,),operator,0,128,32
952,3393,3393,",",operator,0,128,33
953,3395,3399,false,keyword,0,128,35
954,3400,3400,),operator,0,128,40
955,3401,3401,;,operator,0,128,41
956,3407,3409,dfs,identifier,0,129,4
957,3410,3410,(,operator,0,129,7
958,3411,3411,g,identifier,0,129,8
959,3412,3412,",",operator,0,129,9
960,3414,3414,0,integer,0,129,11
961,3415,3415,",",operator,0,129,12
962,3417,3420,node,identifier,0,129,14
963,3421,3421,[,operator,0,129,18
964,3422,3422,0,integer,0,129,19
965,3423,3423,],operator,0,129,20
966,3425,3425,-,operator,0,129,22
967,3427,3427,1,integer,0,129,24
968,3428,3428,",",operator,0,129,25
969,3430,3433,used,identifier,0,129,27
970,3434,3434,",",operator,0,129,31
971,3436,3439,node,identifier,0,129,33
972,3440,3440,",",operator,0,129,37
973,3442,3445,sets,identifier,0,129,39
974,3446,3446,),operator,0,129,43
975,3447,3447,;,operator,0,129,44
976,3453,3455,for,keyword,0,130,4
977,3457,3457,(,operator,0,130,8
978,3458,3460,int,keyword,0,130,9
979,3462,3462,i,identifier,0,130,13
980,3464,3464,=,operator,0,130,15
981,3466,3466,0,integer,0,130,17
982,3467,3467,;,operator,0,130,18
983,3469,3469,i,identifier,0,130,20
984,3471,3471,<,operator,0,130,22
985,3473,3473,N,identifier,0,130,24
986,3474,3474,;,operator,0,130,25
987,3476,3476,i,identifier,0,130,27
988,3477,3478,++,operator,0,130,28
989,3479,3479,),operator,0,130,30
990,3481,3481,{,operator,0,130,32
991,3491,3494,cout,identifier,0,131,8
992,3496,3496,<,operator,0,131,13
993,3497,3497,<,operator,0,131,14
994,3499,3502,node,identifier,0,131,16
995,3503,3503,[,operator,0,131,20
996,3504,3504,i,identifier,0,131,21
997,3505,3505,],operator,0,131,22
998,3507,3507,<,operator,0,131,24
999,3508,3508,<,operator,0,131,25
1000,3510,3513,endl,identifier,0,131,27
1001,3514,3514,;,operator,0,131,31
1002,3520,3520,},operator,0,132,4
1003,3526,3531,return,keyword,0,133,4
1004,3533,3533,0,integer,0,133,11
1005,3534,3534,;,operator,0,133,12
1006,3536,3536,},operator,0,134,0
1007,3538,3537,<EOF>,eof,0,135,0
