seqnr,start,stop,text,class,channel,line,column
0,0,23,"#include <bits/stdc++.h>",directive,1,1,0
1,25,29,using,keyword,0,2,0
2,31,39,namespace,keyword,0,2,6
3,41,43,std,identifier,0,2,16
4,44,44,;,operator,0,2,19
5,46,60,"#define INF 1e9",directive,1,3,0
6,63,65,int,keyword,0,5,0
7,67,70,main,identifier,0,5,4
8,71,71,(,operator,0,5,8
9,72,72,),operator,0,5,9
10,74,74,{,operator,0,5,11
11,80,82,cin,identifier,0,6,4
12,83,83,.,operator,0,6,7
13,84,86,tie,identifier,0,6,8
14,87,87,(,operator,0,6,11
15,88,94,nullptr,keyword,0,6,12
16,95,95,),operator,0,6,19
17,96,96,;,operator,0,6,20
18,102,104,ios,identifier,0,7,4
19,105,106,::,operator,0,7,7
20,107,121,sync_with_stdio,identifier,0,7,9
21,122,122,(,operator,0,7,24
22,123,127,false,keyword,0,7,25
23,128,128,),operator,0,7,30
24,129,129,;,operator,0,7,31
25,135,137,int,keyword,0,8,4
26,139,139,n,identifier,0,8,8
27,140,140,;,operator,0,8,9
28,142,144,cin,identifier,0,8,11
29,146,146,>,operator,0,8,15
30,147,147,>,operator,0,8,16
31,149,149,n,identifier,0,8,18
32,150,150,;,operator,0,8,19
33,156,161,vector,identifier,0,9,4
34,162,162,<,operator,0,9,10
35,163,168,vector,identifier,0,9,11
36,169,169,<,operator,0,9,17
37,170,172,int,keyword,0,9,18
38,173,173,>,operator,0,9,21
39,174,174,>,operator,0,9,22
40,176,176,e,identifier,0,9,24
41,177,177,(,operator,0,9,25
42,178,178,n,identifier,0,9,26
43,179,179,),operator,0,9,27
44,180,180,;,operator,0,9,28
45,186,188,for,keyword,0,10,4
46,190,190,(,operator,0,10,8
47,191,193,int,keyword,0,10,9
48,195,195,i,identifier,0,10,13
49,197,197,=,operator,0,10,15
50,199,199,0,integer,0,10,17
51,200,200,;,operator,0,10,18
52,202,202,i,identifier,0,10,20
53,204,204,<,operator,0,10,22
54,206,206,n,identifier,0,10,24
55,207,207,-,operator,0,10,25
56,208,208,1,integer,0,10,26
57,209,209,;,operator,0,10,27
58,211,211,i,identifier,0,10,29
59,212,213,++,operator,0,10,30
60,214,214,),operator,0,10,32
61,216,216,{,operator,0,10,34
62,226,228,int,keyword,0,11,8
63,230,230,a,identifier,0,11,12
64,231,231,",",operator,0,11,13
65,233,233,b,identifier,0,11,15
66,234,234,;,operator,0,11,16
67,236,238,cin,identifier,0,11,18
68,240,240,>,operator,0,11,22
69,241,241,>,operator,0,11,23
70,243,243,a,identifier,0,11,25
71,245,245,>,operator,0,11,27
72,246,246,>,operator,0,11,28
73,248,248,b,identifier,0,11,30
74,249,249,;,operator,0,11,31
75,251,251,a,identifier,0,11,33
76,252,253,--,operator,0,11,34
77,254,254,",",operator,0,11,36
78,256,256,b,identifier,0,11,38
79,257,258,--,operator,0,11,39
80,259,259,;,operator,0,11,41
81,269,269,e,identifier,0,12,8
82,270,270,[,operator,0,12,9
83,271,271,a,identifier,0,12,10
84,272,272,],operator,0,12,11
85,273,273,.,operator,0,12,12
86,274,285,emplace_back,identifier,0,12,13
87,286,286,(,operator,0,12,25
88,287,287,b,identifier,0,12,26
89,288,288,),operator,0,12,27
90,289,289,;,operator,0,12,28
91,299,299,e,identifier,0,13,8
92,300,300,[,operator,0,13,9
93,301,301,b,identifier,0,13,10
94,302,302,],operator,0,13,11
95,303,303,.,operator,0,13,12
96,304,315,emplace_back,identifier,0,13,13
97,316,316,(,operator,0,13,25
98,317,317,a,identifier,0,13,26
99,318,318,),operator,0,13,27
100,319,319,;,operator,0,13,28
101,325,325,},operator,0,14,4
102,331,336,vector,identifier,0,15,4
103,337,337,<,operator,0,15,10
104,338,340,int,keyword,0,15,11
105,341,341,>,operator,0,15,14
106,343,346,mini,identifier,0,15,16
107,347,347,(,operator,0,15,20
108,348,348,n,identifier,0,15,21
109,349,349,",",operator,0,15,22
110,351,351,-,operator,0,15,24
111,352,354,INF,identifier,0,15,25
112,355,355,),operator,0,15,28
113,356,356,",",operator,0,15,29
114,358,361,maxi,identifier,0,15,31
115,362,362,(,operator,0,15,35
116,363,363,n,identifier,0,15,36
117,364,364,",",operator,0,15,37
118,366,368,INF,identifier,0,15,39
119,369,369,),operator,0,15,42
120,370,370,",",operator,0,15,43
121,372,376,color,identifier,0,15,45
122,377,377,(,operator,0,15,50
123,378,378,n,identifier,0,15,51
124,379,379,",",operator,0,15,52
125,381,381,-,operator,0,15,54
126,382,382,1,integer,0,15,55
127,383,383,),operator,0,15,56
128,384,384,",",operator,0,15,57
129,386,387,pv,identifier,0,15,59
130,388,388,(,operator,0,15,61
131,389,389,n,identifier,0,15,62
132,390,390,",",operator,0,15,63
133,392,392,-,operator,0,15,65
134,393,393,1,integer,0,15,66
135,394,394,),operator,0,15,67
136,395,395,;,operator,0,15,68
137,401,404,auto,keyword,0,16,4
138,406,413,coloring,identifier,0,16,9
139,415,415,=,operator,0,16,18
140,417,417,[,operator,0,16,20
141,418,418,&,operator,0,16,21
142,419,419,],operator,0,16,22
143,420,420,(,operator,0,16,23
144,421,424,auto,keyword,0,16,24
145,426,426,f,identifier,0,16,29
146,427,427,",",operator,0,16,30
147,429,431,int,keyword,0,16,32
148,433,436,curr,identifier,0,16,36
149,437,437,",",operator,0,16,40
150,439,441,int,keyword,0,16,42
151,443,446,prev,identifier,0,16,46
152,447,447,),operator,0,16,50
153,449,450,->,operator,0,16,52
154,452,455,void,keyword,0,16,55
155,457,457,{,operator,0,16,60
156,467,469,for,keyword,0,17,8
157,471,471,(,operator,0,17,12
158,472,475,auto,keyword,0,17,13
159,477,477,&,operator,0,17,18
160,478,479,to,identifier,0,17,19
161,480,480,:,operator,0,17,21
162,482,482,e,identifier,0,17,23
163,483,483,[,operator,0,17,24
164,484,487,curr,identifier,0,17,25
165,488,488,],operator,0,17,29
166,489,489,),operator,0,17,30
167,491,491,{,operator,0,17,32
168,505,506,if,keyword,0,18,12
169,508,508,(,operator,0,18,15
170,509,510,to,identifier,0,18,16
171,512,513,==,operator,0,18,19
172,515,518,prev,identifier,0,18,22
173,519,519,),operator,0,18,26
174,521,528,continue,keyword,0,18,28
175,529,529,;,operator,0,18,36
176,543,547,color,identifier,0,19,12
177,548,548,[,operator,0,19,17
178,549,550,to,identifier,0,19,18
179,551,551,],operator,0,19,20
180,553,553,=,operator,0,19,22
181,555,555,"!",operator,0,19,24
182,556,560,color,identifier,0,19,25
183,561,561,[,operator,0,19,30
184,562,565,curr,identifier,0,19,31
185,566,566,],operator,0,19,35
186,567,567,;,operator,0,19,36
187,581,581,f,identifier,0,20,12
188,582,582,(,operator,0,20,13
189,583,583,f,identifier,0,20,14
190,584,584,",",operator,0,20,15
191,586,587,to,identifier,0,20,17
192,588,588,",",operator,0,20,19
193,590,593,curr,identifier,0,20,21
194,594,594,),operator,0,20,25
195,595,595,;,operator,0,20,26
196,605,605,},operator,0,21,8
197,611,611,},operator,0,22,4
198,612,612,;,operator,0,22,5
199,619,622,bool,keyword,0,24,4
200,624,625,ok,identifier,0,24,9
201,627,627,=,operator,0,24,12
202,629,632,true,keyword,0,24,14
203,633,633,;,operator,0,24,18
204,639,641,int,keyword,0,25,4
205,643,643,k,identifier,0,25,8
206,644,644,",",operator,0,25,9
207,646,647,st,identifier,0,25,11
208,648,648,;,operator,0,25,13
209,650,652,cin,identifier,0,25,15
210,654,654,>,operator,0,25,19
211,655,655,>,operator,0,25,20
212,657,657,k,identifier,0,25,22
213,658,658,;,operator,0,25,23
214,664,666,for,keyword,0,26,4
215,668,668,(,operator,0,26,8
216,669,671,int,keyword,0,26,9
217,673,673,i,identifier,0,26,13
218,675,675,=,operator,0,26,15
219,677,677,0,integer,0,26,17
220,678,678,;,operator,0,26,18
221,680,680,i,identifier,0,26,20
222,682,682,<,operator,0,26,22
223,684,684,k,identifier,0,26,24
224,685,685,;,operator,0,26,25
225,687,687,i,identifier,0,26,27
226,688,689,++,operator,0,26,28
227,690,690,),operator,0,26,30
228,692,692,{,operator,0,26,32
229,702,704,int,keyword,0,27,8
230,706,706,v,identifier,0,27,12
231,707,707,",",operator,0,27,13
232,709,709,p,identifier,0,27,15
233,710,710,;,operator,0,27,16
234,712,714,cin,identifier,0,27,18
235,716,716,>,operator,0,27,22
236,717,717,>,operator,0,27,23
237,719,719,v,identifier,0,27,25
238,721,721,>,operator,0,27,27
239,722,722,>,operator,0,27,28
240,724,724,p,identifier,0,27,30
241,725,725,;,operator,0,27,31
242,727,727,v,identifier,0,27,33
243,728,729,--,operator,0,27,34
244,730,730,;,operator,0,27,36
245,740,743,mini,identifier,0,28,8
246,744,744,[,operator,0,28,12
247,745,745,v,identifier,0,28,13
248,746,746,],operator,0,28,14
249,748,748,=,operator,0,28,16
250,750,753,maxi,identifier,0,28,18
251,754,754,[,operator,0,28,22
252,755,755,v,identifier,0,28,23
253,756,756,],operator,0,28,24
254,758,758,=,operator,0,28,26
255,760,761,pv,identifier,0,28,28
256,762,762,[,operator,0,28,30
257,763,763,v,identifier,0,28,31
258,764,764,],operator,0,28,32
259,766,766,=,operator,0,28,34
260,768,768,p,identifier,0,28,36
261,769,769,;,operator,0,28,37
262,779,780,if,keyword,0,29,8
263,782,782,(,operator,0,29,11
264,783,783,i,identifier,0,29,12
265,785,786,==,operator,0,29,14
266,788,788,0,integer,0,29,17
267,789,789,),operator,0,29,18
268,791,791,{,operator,0,29,20
269,805,806,st,identifier,0,30,12
270,808,808,=,operator,0,30,15
271,810,810,v,identifier,0,30,17
272,811,811,;,operator,0,30,18
273,825,829,color,identifier,0,31,12
274,830,830,[,operator,0,31,17
275,831,831,v,identifier,0,31,18
276,832,832,],operator,0,31,19
277,834,834,=,operator,0,31,21
278,836,836,p,identifier,0,31,23
279,838,838,&,operator,0,31,25
280,840,840,1,integer,0,31,27
281,841,841,;,operator,0,31,28
282,855,862,coloring,identifier,0,32,12
283,863,863,(,operator,0,32,20
284,864,871,coloring,identifier,0,32,21
285,872,872,",",operator,0,32,29
286,874,874,v,identifier,0,32,31
287,875,875,",",operator,0,32,32
288,877,877,-,operator,0,32,34
289,878,878,1,integer,0,32,35
290,879,879,),operator,0,32,36
291,880,880,;,operator,0,32,37
292,890,890,},operator,0,33,8
293,892,895,else,keyword,0,33,10
294,897,897,{,operator,0,33,15
295,911,912,if,keyword,0,34,12
296,914,914,(,operator,0,34,15
297,915,915,(,operator,0,34,16
298,916,916,p,identifier,0,34,17
299,918,918,&,operator,0,34,19
300,920,920,1,integer,0,34,21
301,921,921,),operator,0,34,22
302,923,924,"!=",operator,0,34,24
303,926,930,color,identifier,0,34,27
304,931,931,[,operator,0,34,32
305,932,932,v,identifier,0,34,33
306,933,933,],operator,0,34,34
307,934,934,),operator,0,34,35
308,936,937,ok,identifier,0,34,37
309,939,939,=,operator,0,34,40
310,941,945,false,keyword,0,34,42
311,946,946,;,operator,0,34,47
312,956,956,},operator,0,35,8
313,962,962,},operator,0,36,4
314,968,971,auto,keyword,0,37,4
315,973,975,dfs,identifier,0,37,9
316,977,977,=,operator,0,37,13
317,979,979,[,operator,0,37,15
318,980,980,&,operator,0,37,16
319,981,981,],operator,0,37,17
320,982,982,(,operator,0,37,18
321,983,986,auto,keyword,0,37,19
322,988,988,f,identifier,0,37,24
323,989,989,",",operator,0,37,25
324,991,993,int,keyword,0,37,27
325,995,998,curr,identifier,0,37,31
326,999,999,",",operator,0,37,35
327,1001,1003,int,keyword,0,37,37
328,1005,1008,prev,identifier,0,37,41
329,1009,1009,),operator,0,37,45
330,1011,1012,->,operator,0,37,47
331,1014,1017,void,keyword,0,37,50
332,1019,1019,{,operator,0,37,55
333,1029,1031,for,keyword,0,38,8
334,1033,1033,(,operator,0,38,12
335,1034,1037,auto,keyword,0,38,13
336,1039,1039,&,operator,0,38,18
337,1040,1041,to,identifier,0,38,19
338,1042,1042,:,operator,0,38,21
339,1044,1044,e,identifier,0,38,23
340,1045,1045,[,operator,0,38,24
341,1046,1049,curr,identifier,0,38,25
342,1050,1050,],operator,0,38,29
343,1051,1051,),operator,0,38,30
344,1053,1053,{,operator,0,38,32
345,1067,1068,if,keyword,0,39,12
346,1070,1070,(,operator,0,39,15
347,1071,1072,to,identifier,0,39,16
348,1074,1075,==,operator,0,39,19
349,1077,1080,prev,identifier,0,39,22
350,1081,1081,),operator,0,39,26
351,1083,1090,continue,keyword,0,39,28
352,1091,1091,;,operator,0,39,36
353,1105,1105,f,identifier,0,40,12
354,1106,1106,(,operator,0,40,13
355,1107,1107,f,identifier,0,40,14
356,1108,1108,",",operator,0,40,15
357,1110,1111,to,identifier,0,40,17
358,1112,1112,",",operator,0,40,19
359,1114,1117,curr,identifier,0,40,21
360,1118,1118,),operator,0,40,25
361,1119,1119,;,operator,0,40,26
362,1133,1136,mini,identifier,0,41,12
363,1137,1137,[,operator,0,41,16
364,1138,1141,curr,identifier,0,41,17
365,1142,1142,],operator,0,41,21
366,1144,1144,=,operator,0,41,23
367,1146,1148,max,identifier,0,41,25
368,1149,1149,(,operator,0,41,28
369,1150,1153,mini,identifier,0,41,29
370,1154,1154,[,operator,0,41,33
371,1155,1158,curr,identifier,0,41,34
372,1159,1159,],operator,0,41,38
373,1160,1160,",",operator,0,41,39
374,1162,1165,mini,identifier,0,41,41
375,1166,1166,[,operator,0,41,45
376,1167,1168,to,identifier,0,41,46
377,1169,1169,],operator,0,41,48
378,1171,1171,-,operator,0,41,50
379,1173,1173,1,integer,0,41,52
380,1174,1174,),operator,0,41,53
381,1175,1175,;,operator,0,41,54
382,1189,1192,maxi,identifier,0,42,12
383,1193,1193,[,operator,0,42,16
384,1194,1197,curr,identifier,0,42,17
385,1198,1198,],operator,0,42,21
386,1200,1200,=,operator,0,42,23
387,1202,1204,min,identifier,0,42,25
388,1205,1205,(,operator,0,42,28
389,1206,1209,maxi,identifier,0,42,29
390,1210,1210,[,operator,0,42,33
391,1211,1214,curr,identifier,0,42,34
392,1215,1215,],operator,0,42,38
393,1216,1216,",",operator,0,42,39
394,1218,1221,maxi,identifier,0,42,41
395,1222,1222,[,operator,0,42,45
396,1223,1224,to,identifier,0,42,46
397,1225,1225,],operator,0,42,48
398,1227,1227,+,operator,0,42,50
399,1229,1229,1,integer,0,42,52
400,1230,1230,),operator,0,42,53
401,1231,1231,;,operator,0,42,54
402,1241,1241,},operator,0,43,8
403,1251,1252,if,keyword,0,44,8
404,1254,1254,(,operator,0,44,11
405,1255,1258,mini,identifier,0,44,12
406,1259,1259,[,operator,0,44,16
407,1260,1263,curr,identifier,0,44,17
408,1264,1264,],operator,0,44,21
409,1266,1266,>,operator,0,44,23
410,1268,1271,maxi,identifier,0,44,25
411,1272,1272,[,operator,0,44,29
412,1273,1276,curr,identifier,0,44,30
413,1277,1277,],operator,0,44,34
414,1278,1278,),operator,0,44,35
415,1280,1281,ok,identifier,0,44,37
416,1283,1283,=,operator,0,44,40
417,1285,1289,false,keyword,0,44,42
418,1290,1290,;,operator,0,44,47
419,1300,1301,if,keyword,0,45,8
420,1303,1303,(,operator,0,45,11
421,1304,1305,pv,identifier,0,45,12
422,1306,1306,[,operator,0,45,14
423,1307,1310,curr,identifier,0,45,15
424,1311,1311,],operator,0,45,19
425,1313,1314,"!=",operator,0,45,21
426,1316,1316,-,operator,0,45,24
427,1317,1317,1,integer,0,45,25
428,1318,1318,),operator,0,45,26
429,1320,1320,{,operator,0,45,28
430,1334,1335,if,keyword,0,46,12
431,1337,1337,(,operator,0,46,15
432,1338,1338,"!",operator,0,46,16
433,1339,1339,(,operator,0,46,17
434,1340,1343,mini,identifier,0,46,18
435,1344,1344,[,operator,0,46,22
436,1345,1348,curr,identifier,0,46,23
437,1349,1349,],operator,0,46,27
438,1351,1352,<=,operator,0,46,29
439,1354,1355,pv,identifier,0,46,32
440,1356,1356,[,operator,0,46,34
441,1357,1360,curr,identifier,0,46,35
442,1361,1361,],operator,0,46,39
443,1363,1364,&&,operator,0,46,41
444,1366,1367,pv,identifier,0,46,44
445,1368,1368,[,operator,0,46,46
446,1369,1372,curr,identifier,0,46,47
447,1373,1373,],operator,0,46,51
448,1375,1376,<=,operator,0,46,53
449,1378,1381,mini,identifier,0,46,56
450,1382,1382,[,operator,0,46,60
451,1383,1386,curr,identifier,0,46,61
452,1387,1387,],operator,0,46,65
453,1388,1388,),operator,0,46,66
454,1389,1389,),operator,0,46,67
455,1391,1392,ok,identifier,0,46,69
456,1394,1394,=,operator,0,46,72
457,1396,1400,false,keyword,0,46,74
458,1401,1401,;,operator,0,46,79
459,1412,1412,},operator,0,47,8
460,1418,1418,},operator,0,48,4
461,1419,1419,;,operator,0,48,5
462,1425,1427,dfs,identifier,0,49,4
463,1428,1428,(,operator,0,49,7
464,1429,1431,dfs,identifier,0,49,8
465,1432,1432,",",operator,0,49,11
466,1434,1435,st,identifier,0,49,13
467,1436,1436,",",operator,0,49,15
468,1438,1438,-,operator,0,49,17
469,1439,1439,1,integer,0,49,18
470,1440,1440,),operator,0,49,19
471,1441,1441,;,operator,0,49,20
472,1447,1448,if,keyword,0,50,4
473,1450,1450,(,operator,0,50,7
474,1451,1451,"!",operator,0,50,8
475,1452,1453,ok,identifier,0,50,9
476,1454,1454,),operator,0,50,11
477,1456,1459,cout,identifier,0,50,13
478,1461,1461,<,operator,0,50,18
479,1462,1462,<,operator,0,50,19
480,1464,1469,"""No\n""",string,0,50,21
481,1470,1470,;,operator,0,50,27
482,1476,1479,else,keyword,0,51,4
483,1481,1481,{,operator,0,51,9
484,1491,1494,cout,identifier,0,52,8
485,1496,1496,<,operator,0,52,13
486,1497,1497,<,operator,0,52,14
487,1499,1505,"""Yes\n""",string,0,52,16
488,1506,1506,;,operator,0,52,23
489,1516,1519,auto,keyword,0,53,8
490,1521,1524,dfs2,identifier,0,53,13
491,1526,1526,=,operator,0,53,18
492,1528,1528,[,operator,0,53,20
493,1529,1529,&,operator,0,53,21
494,1530,1530,],operator,0,53,22
495,1531,1531,(,operator,0,53,23
496,1532,1535,auto,keyword,0,53,24
497,1537,1537,f,identifier,0,53,29
498,1538,1538,",",operator,0,53,30
499,1540,1542,int,keyword,0,53,32
500,1544,1547,curr,identifier,0,53,36
501,1548,1548,",",operator,0,53,40
502,1550,1552,int,keyword,0,53,42
503,1554,1557,prev,identifier,0,53,46
504,1558,1558,),operator,0,53,50
505,1560,1561,->,operator,0,53,52
506,1563,1566,void,keyword,0,53,55
507,1568,1568,{,operator,0,53,60
508,1582,1583,if,keyword,0,54,12
509,1585,1585,(,operator,0,54,15
510,1586,1587,pv,identifier,0,54,16
511,1588,1588,[,operator,0,54,18
512,1589,1592,curr,identifier,0,54,19
513,1593,1593,],operator,0,54,23
514,1595,1596,==,operator,0,54,25
515,1598,1598,-,operator,0,54,28
516,1599,1599,1,integer,0,54,29
517,1600,1600,),operator,0,54,30
518,1602,1602,{,operator,0,54,32
519,1620,1621,if,keyword,0,55,16
520,1623,1623,(,operator,0,55,19
521,1624,1627,mini,identifier,0,55,20
522,1628,1628,[,operator,0,55,24
523,1629,1632,curr,identifier,0,55,25
524,1633,1633,],operator,0,55,29
525,1635,1636,<=,operator,0,55,31
526,1638,1639,pv,identifier,0,55,34
527,1640,1640,[,operator,0,55,36
528,1641,1644,prev,identifier,0,55,37
529,1645,1645,],operator,0,55,41
530,1647,1647,+,operator,0,55,43
531,1649,1649,1,integer,0,55,45
532,1651,1652,&&,operator,0,55,47
533,1654,1655,pv,identifier,0,55,50
534,1656,1656,[,operator,0,55,52
535,1657,1660,prev,identifier,0,55,53
536,1661,1661,],operator,0,55,57
537,1663,1663,+,operator,0,55,59
538,1665,1665,1,integer,0,55,61
539,1667,1668,<=,operator,0,55,63
540,1670,1673,maxi,identifier,0,55,66
541,1674,1674,[,operator,0,55,70
542,1675,1678,curr,identifier,0,55,71
543,1679,1679,],operator,0,55,75
544,1680,1680,),operator,0,55,76
545,1682,1683,pv,identifier,0,55,78
546,1684,1684,[,operator,0,55,80
547,1685,1688,curr,identifier,0,55,81
548,1689,1689,],operator,0,55,85
549,1691,1691,=,operator,0,55,87
550,1693,1694,pv,identifier,0,55,89
551,1695,1695,[,operator,0,55,91
552,1696,1699,prev,identifier,0,55,92
553,1700,1700,],operator,0,55,96
554,1702,1702,+,operator,0,55,98
555,1704,1704,1,integer,0,55,100
556,1705,1705,;,operator,0,55,101
557,1723,1726,else,keyword,0,56,16
558,1728,1729,pv,identifier,0,56,21
559,1730,1730,[,operator,0,56,23
560,1731,1734,curr,identifier,0,56,24
561,1735,1735,],operator,0,56,28
562,1737,1737,=,operator,0,56,30
563,1739,1740,pv,identifier,0,56,32
564,1741,1741,[,operator,0,56,34
565,1742,1745,prev,identifier,0,56,35
566,1746,1746,],operator,0,56,39
567,1748,1748,-,operator,0,56,41
568,1750,1750,1,integer,0,56,43
569,1751,1751,;,operator,0,56,44
570,1765,1765,},operator,0,57,12
571,1779,1781,for,keyword,0,58,12
572,1783,1783,(,operator,0,58,16
573,1784,1787,auto,keyword,0,58,17
574,1789,1789,&,operator,0,58,22
575,1790,1791,to,identifier,0,58,23
576,1792,1792,:,operator,0,58,25
577,1794,1794,e,identifier,0,58,27
578,1795,1795,[,operator,0,58,28
579,1796,1799,curr,identifier,0,58,29
580,1800,1800,],operator,0,58,33
581,1801,1801,),operator,0,58,34
582,1803,1803,{,operator,0,58,36
583,1821,1822,if,keyword,0,59,16
584,1824,1824,(,operator,0,59,19
585,1825,1826,to,identifier,0,59,20
586,1828,1829,==,operator,0,59,23
587,1831,1834,prev,identifier,0,59,26
588,1835,1835,),operator,0,59,30
589,1837,1844,continue,keyword,0,59,32
590,1845,1845,;,operator,0,59,40
591,1863,1863,f,identifier,0,60,16
592,1864,1864,(,operator,0,60,17
593,1865,1865,f,identifier,0,60,18
594,1866,1866,",",operator,0,60,19
595,1868,1869,to,identifier,0,60,21
596,1870,1870,",",operator,0,60,23
597,1872,1875,curr,identifier,0,60,25
598,1876,1876,),operator,0,60,29
599,1877,1877,;,operator,0,60,30
600,1891,1891,},operator,0,61,12
601,1901,1901,},operator,0,62,8
602,1902,1902,;,operator,0,62,9
603,1912,1915,dfs2,identifier,0,63,8
604,1916,1916,(,operator,0,63,12
605,1917,1920,dfs2,identifier,0,63,13
606,1921,1921,",",operator,0,63,17
607,1923,1924,st,identifier,0,63,19
608,1925,1925,",",operator,0,63,21
609,1927,1927,-,operator,0,63,23
610,1928,1928,1,integer,0,63,24
611,1929,1929,),operator,0,63,25
612,1930,1930,;,operator,0,63,26
613,1940,1942,for,keyword,0,64,8
614,1944,1944,(,operator,0,64,12
615,1945,1947,int,keyword,0,64,13
616,1949,1949,i,identifier,0,64,17
617,1951,1951,=,operator,0,64,19
618,1953,1953,0,integer,0,64,21
619,1954,1954,;,operator,0,64,22
620,1956,1956,i,identifier,0,64,24
621,1958,1958,<,operator,0,64,26
622,1960,1960,n,identifier,0,64,28
623,1961,1961,;,operator,0,64,29
624,1963,1963,i,identifier,0,64,31
625,1964,1965,++,operator,0,64,32
626,1966,1966,),operator,0,64,34
627,1968,1968,{,operator,0,64,36
628,1982,1985,cout,identifier,0,65,12
629,1987,1987,<,operator,0,65,17
630,1988,1988,<,operator,0,65,18
631,1990,1991,pv,identifier,0,65,20
632,1992,1992,[,operator,0,65,22
633,1993,1993,i,identifier,0,65,23
634,1994,1994,],operator,0,65,24
635,1996,1996,<,operator,0,65,26
636,1997,1997,<,operator,0,65,27
637,1999,2002,"""\n""",string,0,65,29
638,2003,2003,;,operator,0,65,33
639,2013,2013,},operator,0,66,8
640,2019,2019,},operator,0,67,4
641,2025,2030,return,keyword,0,68,4
642,2032,2032,0,integer,0,68,11
643,2033,2033,;,operator,0,68,12
644,2035,2035,},operator,0,69,0
645,2036,2035,<EOF>,eof,0,69,1
