seqnr,start,stop,text,class,channel,line,column
0,0,23,"#include <bits/stdc++.h>",directive,1,1,0
1,25,44,"#define LL long long",directive,1,2,0
2,46,65,"#define pb push_back",directive,1,3,0
3,67,86,"#define mp make_pair",directive,1,4,0
4,88,102,"#define INF 1e9",directive,1,5,0
5,104,136,"#define Inf 1000000000000000000LL",directive,1,6,0
6,138,142,using,keyword,0,7,0
7,144,152,namespace,keyword,0,7,6
8,154,156,std,identifier,0,7,16
9,157,157,;,operator,0,7,19
10,159,165,typedef,keyword,0,8,0
11,167,170,pair,identifier,0,8,8
12,171,171,<,operator,0,8,12
13,172,174,int,keyword,0,8,13
14,175,175,",",operator,0,8,16
15,176,178,int,keyword,0,8,17
16,179,179,>,operator,0,8,20
17,180,182,pii,identifier,0,8,21
18,183,183,;,operator,0,8,24
19,185,187,int,keyword,0,9,0
20,189,189,n,identifier,0,9,4
21,190,190,",",operator,0,9,5
22,191,191,m,identifier,0,9,6
23,192,192,;,operator,0,9,7
24,194,199,vector,identifier,0,10,0
25,200,200,<,operator,0,10,6
26,201,203,int,keyword,0,10,7
27,204,204,>,operator,0,10,10
28,205,205,G,identifier,0,10,11
29,206,206,[,operator,0,10,12
30,207,212,100010,integer,0,10,13
31,213,213,],operator,0,10,19
32,214,214,",",operator,0,10,20
33,215,217,ord,identifier,0,10,21
34,218,218,;,operator,0,10,24
35,220,222,int,keyword,0,11,0
36,224,226,par,identifier,0,11,4
37,227,227,[,operator,0,11,7
38,228,233,100010,integer,0,11,8
39,234,234,],operator,0,11,14
40,235,235,",",operator,0,11,15
41,236,238,val,identifier,0,11,16
42,239,239,[,operator,0,11,19
43,240,245,100010,integer,0,11,20
44,246,246,],operator,0,11,26
45,247,247,;,operator,0,11,27
46,249,251,int,keyword,0,12,0
47,253,254,ll,identifier,0,12,4
48,255,255,[,operator,0,12,6
49,256,261,100010,integer,0,12,7
50,262,262,],operator,0,12,13
51,263,263,",",operator,0,12,14
52,264,265,rr,identifier,0,12,15
53,266,266,[,operator,0,12,17
54,267,272,100010,integer,0,12,18
55,273,273,],operator,0,12,24
56,274,274,;,operator,0,12,25
57,276,279,bool,keyword,0,13,0
58,281,285,known,identifier,0,13,5
59,286,286,[,operator,0,13,10
60,287,292,100010,integer,0,13,11
61,293,293,],operator,0,13,17
62,294,294,",",operator,0,13,18
63,295,297,vis,identifier,0,13,19
64,298,298,[,operator,0,13,22
65,299,304,100010,integer,0,13,23
66,305,305,],operator,0,13,29
67,306,306,;,operator,0,13,30
68,308,311,bool,keyword,0,14,0
69,313,314,pr,identifier,0,14,5
70,315,315,[,operator,0,14,7
71,316,321,100010,integer,0,14,8
72,322,322,],operator,0,14,14
73,323,323,[,operator,0,14,15
74,324,324,2,integer,0,14,16
75,325,325,],operator,0,14,17
76,326,326,;,operator,0,14,18
77,328,331,void,keyword,0,15,0
78,333,335,die,identifier,0,15,5
79,336,336,(,operator,0,15,8
80,337,342,string,identifier,0,15,9
81,344,345,st,identifier,0,15,16
82,346,346,),operator,0,15,18
83,347,347,{,operator,0,15,19
84,350,353,cout,identifier,0,16,1
85,354,354,<,operator,0,16,5
86,355,355,<,operator,0,16,6
87,356,357,st,identifier,0,16,7
88,358,358,<,operator,0,16,9
89,359,359,<,operator,0,16,10
90,360,363,endl,identifier,0,16,11
91,364,364,;,operator,0,16,15
92,367,370,exit,identifier,0,17,1
93,371,371,(,operator,0,17,5
94,372,372,0,integer,0,17,6
95,373,373,),operator,0,17,7
96,374,374,;,operator,0,17,8
97,376,376,},operator,0,18,0
98,378,381,void,keyword,0,19,0
99,383,385,dfs,identifier,0,19,5
100,386,386,(,operator,0,19,8
101,387,389,int,keyword,0,19,9
102,391,391,x,identifier,0,19,13
103,392,392,=,operator,0,19,14
104,393,393,1,integer,0,19,15
105,394,394,),operator,0,19,16
106,395,395,{,operator,0,19,17
107,398,400,vis,identifier,0,20,1
108,401,401,[,operator,0,20,4
109,402,402,x,identifier,0,20,5
110,403,403,],operator,0,20,6
111,404,404,=,operator,0,20,7
112,405,405,1,integer,0,20,8
113,406,406,;,operator,0,20,9
114,409,410,ll,identifier,0,21,1
115,411,411,[,operator,0,21,3
116,412,412,x,identifier,0,21,4
117,413,413,],operator,0,21,5
118,414,414,=,operator,0,21,6
119,415,415,-,operator,0,21,7
120,416,418,INF,identifier,0,21,8
121,419,419,-,operator,0,21,11
122,420,420,1,integer,0,21,12
123,421,421,;,operator,0,21,13
124,424,425,rr,identifier,0,22,1
125,426,426,[,operator,0,22,3
126,427,427,x,identifier,0,22,4
127,428,428,],operator,0,22,5
128,429,429,=,operator,0,22,6
129,430,432,INF,identifier,0,22,7
130,433,433,+,operator,0,22,10
131,434,434,1,integer,0,22,11
132,435,435,;,operator,0,22,12
133,438,440,for,keyword,0,23,1
134,441,441,(,operator,0,23,4
135,442,445,auto,keyword,0,23,5
136,447,448,to,identifier,0,23,10
137,449,449,:,operator,0,23,12
138,450,450,G,identifier,0,23,13
139,451,451,[,operator,0,23,14
140,452,452,x,identifier,0,23,15
141,453,453,],operator,0,23,16
142,454,454,),operator,0,23,17
143,455,455,{,operator,0,23,18
144,459,460,if,keyword,0,24,2
145,461,461,(,operator,0,24,4
146,462,464,vis,identifier,0,24,5
147,465,465,[,operator,0,24,8
148,466,467,to,identifier,0,24,9
149,468,468,],operator,0,24,11
150,469,469,),operator,0,24,12
151,470,477,continue,keyword,0,24,13
152,478,478,;,operator,0,24,21
153,482,484,dfs,identifier,0,25,2
154,485,485,(,operator,0,25,5
155,486,487,to,identifier,0,25,6
156,488,488,),operator,0,25,8
157,489,489,;,operator,0,25,9
158,493,495,par,identifier,0,26,2
159,496,496,[,operator,0,26,5
160,497,498,to,identifier,0,26,6
161,499,499,],operator,0,26,8
162,500,500,=,operator,0,26,9
163,501,501,x,identifier,0,26,10
164,502,502,;,operator,0,26,11
165,506,507,if,keyword,0,27,2
166,508,508,(,operator,0,27,4
167,509,510,pr,identifier,0,27,5
168,511,511,[,operator,0,27,7
169,512,513,to,identifier,0,27,8
170,514,514,],operator,0,27,10
171,515,515,[,operator,0,27,11
172,516,516,0,integer,0,27,12
173,517,517,],operator,0,27,13
174,518,518,),operator,0,27,14
175,519,520,pr,identifier,0,27,15
176,521,521,[,operator,0,27,17
177,522,522,x,identifier,0,27,18
178,523,523,],operator,0,27,19
179,524,524,[,operator,0,27,20
180,525,525,1,integer,0,27,21
181,526,526,],operator,0,27,22
182,527,527,=,operator,0,27,23
183,528,528,1,integer,0,27,24
184,529,529,;,operator,0,27,25
185,533,534,if,keyword,0,28,2
186,535,535,(,operator,0,28,4
187,536,537,pr,identifier,0,28,5
188,538,538,[,operator,0,28,7
189,539,540,to,identifier,0,28,8
190,541,541,],operator,0,28,10
191,542,542,[,operator,0,28,11
192,543,543,1,integer,0,28,12
193,544,544,],operator,0,28,13
194,545,545,),operator,0,28,14
195,546,547,pr,identifier,0,28,15
196,548,548,[,operator,0,28,17
197,549,549,x,identifier,0,28,18
198,550,550,],operator,0,28,19
199,551,551,[,operator,0,28,20
200,552,552,0,integer,0,28,21
201,553,553,],operator,0,28,22
202,554,554,=,operator,0,28,23
203,555,555,1,integer,0,28,24
204,556,556,;,operator,0,28,25
205,560,561,ll,identifier,0,29,2
206,562,562,[,operator,0,29,4
207,563,563,x,identifier,0,29,5
208,564,564,],operator,0,29,6
209,565,565,=,operator,0,29,7
210,566,568,max,identifier,0,29,8
211,569,569,(,operator,0,29,11
212,570,571,ll,identifier,0,29,12
213,572,572,[,operator,0,29,14
214,573,573,x,identifier,0,29,15
215,574,574,],operator,0,29,16
216,575,575,",",operator,0,29,17
217,576,577,ll,identifier,0,29,18
218,578,578,[,operator,0,29,20
219,579,580,to,identifier,0,29,21
220,581,581,],operator,0,29,23
221,582,582,-,operator,0,29,24
222,583,583,1,integer,0,29,25
223,584,584,),operator,0,29,26
224,585,585,;,operator,0,29,27
225,589,590,rr,identifier,0,30,2
226,591,591,[,operator,0,30,4
227,592,592,x,identifier,0,30,5
228,593,593,],operator,0,30,6
229,594,594,=,operator,0,30,7
230,595,597,min,identifier,0,30,8
231,598,598,(,operator,0,30,11
232,599,600,rr,identifier,0,30,12
233,601,601,[,operator,0,30,14
234,602,602,x,identifier,0,30,15
235,603,603,],operator,0,30,16
236,604,604,",",operator,0,30,17
237,605,606,rr,identifier,0,30,18
238,607,607,[,operator,0,30,20
239,608,609,to,identifier,0,30,21
240,610,610,],operator,0,30,23
241,611,611,+,operator,0,30,24
242,612,612,1,integer,0,30,25
243,613,613,),operator,0,30,26
244,614,614,;,operator,0,30,27
245,617,617,},operator,0,31,1
246,620,621,if,keyword,0,32,1
247,622,622,(,operator,0,32,3
248,623,627,known,identifier,0,32,4
249,628,628,[,operator,0,32,9
250,629,629,x,identifier,0,32,10
251,630,630,],operator,0,32,11
252,631,631,),operator,0,32,12
253,632,632,{,operator,0,32,13
254,636,637,ll,identifier,0,33,2
255,638,638,[,operator,0,33,4
256,639,639,x,identifier,0,33,5
257,640,640,],operator,0,33,6
258,641,641,=,operator,0,33,7
259,642,644,max,identifier,0,33,8
260,645,645,(,operator,0,33,11
261,646,647,ll,identifier,0,33,12
262,648,648,[,operator,0,33,14
263,649,649,x,identifier,0,33,15
264,650,650,],operator,0,33,16
265,651,651,",",operator,0,33,17
266,652,654,val,identifier,0,33,18
267,655,655,[,operator,0,33,21
268,656,656,x,identifier,0,33,22
269,657,657,],operator,0,33,23
270,658,658,),operator,0,33,24
271,659,659,;,operator,0,33,25
272,663,664,rr,identifier,0,34,2
273,665,665,[,operator,0,34,4
274,666,666,x,identifier,0,34,5
275,667,667,],operator,0,34,6
276,668,668,=,operator,0,34,7
277,669,671,min,identifier,0,34,8
278,672,672,(,operator,0,34,11
279,673,674,rr,identifier,0,34,12
280,675,675,[,operator,0,34,14
281,676,676,x,identifier,0,34,15
282,677,677,],operator,0,34,16
283,678,678,",",operator,0,34,17
284,679,681,val,identifier,0,34,18
285,682,682,[,operator,0,34,21
286,683,683,x,identifier,0,34,22
287,684,684,],operator,0,34,23
288,685,685,),operator,0,34,24
289,686,686,;,operator,0,34,25
290,690,691,pr,identifier,0,35,2
291,692,692,[,operator,0,35,4
292,693,693,x,identifier,0,35,5
293,694,694,],operator,0,35,6
294,695,695,[,operator,0,35,7
295,696,698,val,identifier,0,35,8
296,699,699,[,operator,0,35,11
297,700,700,x,identifier,0,35,12
298,701,701,],operator,0,35,13
299,702,702,%,operator,0,35,14
300,703,703,2,integer,0,35,15
301,704,704,],operator,0,35,16
302,705,705,=,operator,0,35,17
303,706,706,1,integer,0,35,18
304,707,707,;,operator,0,35,19
305,710,710,},operator,0,36,1
306,713,714,if,keyword,0,37,1
307,715,715,(,operator,0,37,3
308,716,717,pr,identifier,0,37,4
309,718,718,[,operator,0,37,6
310,719,719,x,identifier,0,37,7
311,720,720,],operator,0,37,8
312,721,721,[,operator,0,37,9
313,722,722,0,integer,0,37,10
314,723,723,],operator,0,37,11
315,724,725,==,operator,0,37,12
316,726,726,1,integer,0,37,14
317,727,728,&&,operator,0,37,15
318,729,730,pr,identifier,0,37,17
319,731,731,[,operator,0,37,19
320,732,732,x,identifier,0,37,20
321,733,733,],operator,0,37,21
322,734,734,[,operator,0,37,22
323,735,735,1,integer,0,37,23
324,736,736,],operator,0,37,24
325,737,738,==,operator,0,37,25
326,739,739,1,integer,0,37,27
327,740,740,),operator,0,37,28
328,741,743,die,identifier,0,37,29
329,744,744,(,operator,0,37,32
330,745,748,"""No""",string,0,37,33
331,749,749,),operator,0,37,37
332,750,750,;,operator,0,37,38
333,753,754,if,keyword,0,38,1
334,755,755,(,operator,0,38,3
335,756,757,ll,identifier,0,38,4
336,758,758,[,operator,0,38,6
337,759,759,x,identifier,0,38,7
338,760,760,],operator,0,38,8
339,761,761,>,operator,0,38,9
340,762,763,rr,identifier,0,38,10
341,764,764,[,operator,0,38,12
342,765,765,x,identifier,0,38,13
343,766,766,],operator,0,38,14
344,767,767,),operator,0,38,15
345,768,770,die,identifier,0,38,16
346,771,771,(,operator,0,38,19
347,772,775,"""No""",string,0,38,20
348,776,776,),operator,0,38,24
349,777,777,;,operator,0,38,25
350,780,782,ord,identifier,0,39,1
351,783,783,.,operator,0,39,4
352,784,785,pb,identifier,0,39,5
353,786,786,(,operator,0,39,7
354,787,787,x,identifier,0,39,8
355,788,788,),operator,0,39,9
356,789,789,;,operator,0,39,10
357,791,791,},operator,0,40,0
358,793,796,void,keyword,0,41,0
359,798,801,make,identifier,0,41,5
360,802,802,(,operator,0,41,9
361,803,805,int,keyword,0,41,10
362,807,807,x,identifier,0,41,14
363,808,808,=,operator,0,41,15
364,809,809,1,integer,0,41,16
365,810,810,),operator,0,41,17
366,811,811,{,operator,0,41,18
367,814,816,vis,identifier,0,42,1
368,817,817,[,operator,0,42,4
369,818,818,x,identifier,0,42,5
370,819,819,],operator,0,42,6
371,820,820,=,operator,0,42,7
372,821,821,1,integer,0,42,8
373,822,822,;,operator,0,42,9
374,825,826,if,keyword,0,43,1
375,827,827,(,operator,0,43,3
376,828,828,x,identifier,0,43,4
377,829,830,==,operator,0,43,5
378,831,831,1,integer,0,43,7
379,832,833,&&,operator,0,43,8
380,834,834,"!",operator,0,43,10
381,835,839,known,identifier,0,43,11
382,840,840,[,operator,0,43,16
383,841,841,x,identifier,0,43,17
384,842,842,],operator,0,43,18
385,843,843,),operator,0,43,19
386,844,846,val,identifier,0,43,20
387,847,847,[,operator,0,43,23
388,848,848,x,identifier,0,43,24
389,849,849,],operator,0,43,25
390,850,850,=,operator,0,43,26
391,851,852,ll,identifier,0,43,27
392,853,853,[,operator,0,43,29
393,854,854,x,identifier,0,43,30
394,855,855,],operator,0,43,31
395,856,856,;,operator,0,43,32
396,859,861,for,keyword,0,44,1
397,862,862,(,operator,0,44,4
398,863,866,auto,keyword,0,44,5
399,868,869,to,identifier,0,44,10
400,870,870,:,operator,0,44,12
401,871,871,G,identifier,0,44,13
402,872,872,[,operator,0,44,14
403,873,873,x,identifier,0,44,15
404,874,874,],operator,0,44,16
405,875,875,),operator,0,44,17
406,876,876,{,operator,0,44,18
407,880,881,if,keyword,0,45,2
408,882,882,(,operator,0,45,4
409,883,885,vis,identifier,0,45,5
410,886,886,[,operator,0,45,8
411,887,888,to,identifier,0,45,9
412,889,889,],operator,0,45,11
413,890,890,),operator,0,45,12
414,891,898,continue,keyword,0,45,13
415,899,899,;,operator,0,45,21
416,903,904,if,keyword,0,46,2
417,905,905,(,operator,0,46,4
418,906,906,"!",operator,0,46,5
419,907,911,known,identifier,0,46,6
420,912,912,[,operator,0,46,11
421,913,914,to,identifier,0,46,12
422,915,915,],operator,0,46,14
423,916,916,),operator,0,46,15
424,917,917,{,operator,0,46,16
425,922,923,if,keyword,0,47,3
426,924,924,(,operator,0,47,5
427,925,926,ll,identifier,0,47,6
428,927,927,[,operator,0,47,8
429,928,929,to,identifier,0,47,9
430,930,930,],operator,0,47,11
431,931,932,<=,operator,0,47,12
432,933,935,val,identifier,0,47,14
433,936,936,[,operator,0,47,17
434,937,937,x,identifier,0,47,18
435,938,938,],operator,0,47,19
436,939,939,-,operator,0,47,20
437,940,940,1,integer,0,47,21
438,941,942,&&,operator,0,47,22
439,943,945,val,identifier,0,47,24
440,946,946,[,operator,0,47,27
441,947,947,x,identifier,0,47,28
442,948,948,],operator,0,47,29
443,949,949,-,operator,0,47,30
444,950,950,1,integer,0,47,31
445,951,952,<=,operator,0,47,32
446,953,954,rr,identifier,0,47,34
447,955,955,[,operator,0,47,36
448,956,957,to,identifier,0,47,37
449,958,958,],operator,0,47,39
450,959,959,),operator,0,47,40
451,960,962,val,identifier,0,47,41
452,963,963,[,operator,0,47,44
453,964,965,to,identifier,0,47,45
454,966,966,],operator,0,47,47
455,967,967,=,operator,0,47,48
456,968,970,val,identifier,0,47,49
457,971,971,[,operator,0,47,52
458,972,972,x,identifier,0,47,53
459,973,973,],operator,0,47,54
460,974,974,-,operator,0,47,55
461,975,975,1,integer,0,47,56
462,976,976,;,operator,0,47,57
463,981,984,else,keyword,0,48,3
464,986,988,val,identifier,0,48,8
465,989,989,[,operator,0,48,11
466,990,991,to,identifier,0,48,12
467,992,992,],operator,0,48,14
468,993,993,=,operator,0,48,15
469,994,996,val,identifier,0,48,16
470,997,997,[,operator,0,48,19
471,998,998,x,identifier,0,48,20
472,999,999,],operator,0,48,21
473,1000,1000,+,operator,0,48,22
474,1001,1001,1,integer,0,48,23
475,1002,1002,;,operator,0,48,24
476,1006,1006,},operator,0,49,2
477,1010,1013,make,identifier,0,50,2
478,1014,1014,(,operator,0,50,6
479,1015,1016,to,identifier,0,50,7
480,1017,1017,),operator,0,50,9
481,1018,1018,;,operator,0,50,10
482,1021,1021,},operator,0,51,1
483,1023,1023,},operator,0,52,0
484,1025,1027,int,keyword,0,53,0
485,1029,1032,main,identifier,0,53,4
486,1033,1033,(,operator,0,53,8
487,1034,1034,),operator,0,53,9
488,1035,1035,{,operator,0,53,10
489,1038,1040,cin,identifier,0,54,1
490,1041,1041,>,operator,0,54,4
491,1042,1042,>,operator,0,54,5
492,1043,1043,n,identifier,0,54,6
493,1044,1044,;,operator,0,54,7
494,1047,1049,for,keyword,0,55,1
495,1050,1050,(,operator,0,55,4
496,1051,1053,int,keyword,0,55,5
497,1055,1055,i,identifier,0,55,9
498,1056,1056,=,operator,0,55,10
499,1057,1057,1,integer,0,55,11
500,1058,1058,",",operator,0,55,12
501,1059,1059,x,identifier,0,55,13
502,1060,1060,",",operator,0,55,14
503,1061,1061,y,identifier,0,55,15
504,1062,1062,;,operator,0,55,16
505,1063,1063,i,identifier,0,55,17
506,1064,1064,<,operator,0,55,18
507,1065,1065,n,identifier,0,55,19
508,1066,1066,;,operator,0,55,20
509,1067,1067,i,identifier,0,55,21
510,1068,1069,++,operator,0,55,22
511,1070,1070,),operator,0,55,24
512,1071,1071,{,operator,0,55,25
513,1075,1077,cin,identifier,0,56,2
514,1078,1078,>,operator,0,56,5
515,1079,1079,>,operator,0,56,6
516,1080,1080,x,identifier,0,56,7
517,1081,1081,>,operator,0,56,8
518,1082,1082,>,operator,0,56,9
519,1083,1083,y,identifier,0,56,10
520,1084,1084,;,operator,0,56,11
521,1088,1088,G,identifier,0,57,2
522,1089,1089,[,operator,0,57,3
523,1090,1090,x,identifier,0,57,4
524,1091,1091,],operator,0,57,5
525,1092,1092,.,operator,0,57,6
526,1093,1094,pb,identifier,0,57,7
527,1095,1095,(,operator,0,57,9
528,1096,1096,y,identifier,0,57,10
529,1097,1097,),operator,0,57,11
530,1098,1098,;,operator,0,57,12
531,1102,1102,G,identifier,0,58,2
532,1103,1103,[,operator,0,58,3
533,1104,1104,y,identifier,0,58,4
534,1105,1105,],operator,0,58,5
535,1106,1106,.,operator,0,58,6
536,1107,1108,pb,identifier,0,58,7
537,1109,1109,(,operator,0,58,9
538,1110,1110,x,identifier,0,58,10
539,1111,1111,),operator,0,58,11
540,1112,1112,;,operator,0,58,12
541,1115,1115,},operator,0,59,1
542,1118,1120,cin,identifier,0,60,1
543,1121,1121,>,operator,0,60,4
544,1122,1122,>,operator,0,60,5
545,1123,1123,m,identifier,0,60,6
546,1124,1124,;,operator,0,60,7
547,1127,1129,for,keyword,0,61,1
548,1130,1130,(,operator,0,61,4
549,1131,1133,int,keyword,0,61,5
550,1135,1135,i,identifier,0,61,9
551,1136,1136,=,operator,0,61,10
552,1137,1137,1,integer,0,61,11
553,1138,1138,",",operator,0,61,12
554,1139,1139,x,identifier,0,61,13
555,1140,1140,",",operator,0,61,14
556,1141,1141,y,identifier,0,61,15
557,1142,1142,;,operator,0,61,16
558,1143,1143,i,identifier,0,61,17
559,1144,1145,<=,operator,0,61,18
560,1146,1146,m,identifier,0,61,20
561,1147,1147,;,operator,0,61,21
562,1148,1148,i,identifier,0,61,22
563,1149,1150,++,operator,0,61,23
564,1151,1151,),operator,0,61,25
565,1152,1152,{,operator,0,61,26
566,1156,1158,cin,identifier,0,62,2
567,1159,1159,>,operator,0,62,5
568,1160,1160,>,operator,0,62,6
569,1161,1161,x,identifier,0,62,7
570,1162,1162,>,operator,0,62,8
571,1163,1163,>,operator,0,62,9
572,1164,1164,y,identifier,0,62,10
573,1165,1165,;,operator,0,62,11
574,1169,1173,known,identifier,0,63,2
575,1174,1174,[,operator,0,63,7
576,1175,1175,x,identifier,0,63,8
577,1176,1176,],operator,0,63,9
578,1177,1177,=,operator,0,63,10
579,1178,1178,1,integer,0,63,11
580,1179,1179,;,operator,0,63,12
581,1183,1185,val,identifier,0,64,2
582,1186,1186,[,operator,0,64,5
583,1187,1187,x,identifier,0,64,6
584,1188,1188,],operator,0,64,7
585,1189,1189,=,operator,0,64,8
586,1190,1190,y,identifier,0,64,9
587,1191,1191,;,operator,0,64,10
588,1194,1194,},operator,0,65,1
589,1197,1199,dfs,identifier,0,66,1
590,1200,1200,(,operator,0,66,4
591,1201,1201,),operator,0,66,5
592,1202,1202,;,operator,0,66,6
593,1205,1210,memset,identifier,0,67,1
594,1211,1211,(,operator,0,67,7
595,1212,1214,vis,identifier,0,67,8
596,1215,1215,",",operator,0,67,11
597,1216,1216,0,integer,0,67,12
598,1217,1217,",",operator,0,67,13
599,1218,1223,sizeof,keyword,0,67,14
600,1224,1224,(,operator,0,67,20
601,1225,1227,vis,identifier,0,67,21
602,1228,1228,),operator,0,67,24
603,1229,1229,),operator,0,67,25
604,1230,1230,;,operator,0,67,26
605,1233,1236,make,identifier,0,68,1
606,1237,1237,(,operator,0,68,5
607,1238,1238,),operator,0,68,6
608,1239,1239,;,operator,0,68,7
609,1242,1245,puts,identifier,0,69,1
610,1246,1246,(,operator,0,69,5
611,1247,1251,"""Yes""",string,0,69,6
612,1252,1252,),operator,0,69,11
613,1253,1253,;,operator,0,69,12
614,1256,1258,for,keyword,0,70,1
615,1259,1259,(,operator,0,70,4
616,1260,1262,int,keyword,0,70,5
617,1264,1264,i,identifier,0,70,9
618,1265,1265,=,operator,0,70,10
619,1266,1266,1,integer,0,70,11
620,1267,1267,;,operator,0,70,12
621,1268,1268,i,identifier,0,70,13
622,1269,1270,<=,operator,0,70,14
623,1271,1271,n,identifier,0,70,16
624,1272,1272,;,operator,0,70,17
625,1273,1273,i,identifier,0,70,18
626,1274,1275,++,operator,0,70,19
627,1276,1276,),operator,0,70,21
628,1277,1280,cout,identifier,0,70,22
629,1281,1281,<,operator,0,70,26
630,1282,1282,<,operator,0,70,27
631,1283,1285,val,identifier,0,70,28
632,1286,1286,[,operator,0,70,31
633,1287,1287,i,identifier,0,70,32
634,1288,1288,],operator,0,70,33
635,1289,1289,<,operator,0,70,34
636,1290,1290,<,operator,0,70,35
637,1291,1294,endl,identifier,0,70,36
638,1295,1295,;,operator,0,70,40
639,1354,1359,return,keyword,0,72,1
640,1361,1361,0,integer,0,72,8
641,1362,1362,;,operator,0,72,9
642,1364,1364,},operator,0,73,0
643,1366,1365,<EOF>,eof,0,74,0
