seqnr,start,stop,text,class,channel,line,column
0,12,35,"#include <bits/stdc++.h>",directive,1,2,0
1,37,62,"#pragma GCC optimize(""O3"")",directive,1,3,0
2,64,68,using,keyword,0,4,0
3,70,78,namespace,keyword,0,4,6
4,80,82,std,identifier,0,4,16
5,83,83,;,operator,0,4,19
6,85,91,typedef,keyword,0,5,0
7,93,98,double,keyword,0,5,8
8,100,100,D,identifier,0,5,15
9,101,101,;,operator,0,5,16
10,103,109,typedef,keyword,0,6,0
11,111,114,long,keyword,0,6,8
12,116,121,double,keyword,0,6,13
13,123,124,LD,identifier,0,6,20
14,125,125,;,operator,0,6,22
15,127,133,typedef,keyword,0,7,0
16,135,138,long,keyword,0,7,8
17,140,143,long,keyword,0,7,13
18,145,146,ll,identifier,0,7,18
19,147,147,;,operator,0,7,20
20,149,155,typedef,keyword,0,8,0
21,157,160,long,keyword,0,8,8
22,162,165,long,keyword,0,8,13
23,167,168,LL,identifier,0,8,18
24,169,169,;,operator,0,8,20
25,171,177,typedef,keyword,0,9,0
26,179,182,pair,identifier,0,9,8
27,183,183,<,operator,0,9,12
28,184,186,int,keyword,0,9,13
29,187,187,",",operator,0,9,16
30,188,190,int,keyword,0,9,17
31,191,191,>,operator,0,9,20
32,193,195,PII,identifier,0,9,22
33,196,196,;,operator,0,9,25
34,198,204,typedef,keyword,0,10,0
35,206,209,pair,identifier,0,10,8
36,210,210,<,operator,0,10,12
37,211,212,LL,identifier,0,10,13
38,213,213,",",operator,0,10,15
39,214,215,LL,identifier,0,10,16
40,216,216,>,operator,0,10,18
41,218,220,PLL,identifier,0,10,20
42,221,221,;,operator,0,10,23
43,223,229,typedef,keyword,0,11,0
44,231,234,pair,identifier,0,11,8
45,235,235,<,operator,0,11,12
46,236,237,LD,identifier,0,11,13
47,238,238,",",operator,0,11,15
48,239,240,LD,identifier,0,11,16
49,241,241,>,operator,0,11,18
50,243,244,Pt,identifier,0,11,20
51,245,245,;,operator,0,11,22
52,247,253,typedef,keyword,0,12,0
53,255,259,tuple,identifier,0,12,8
54,260,260,<,operator,0,12,13
55,261,263,int,keyword,0,12,14
56,264,264,",",operator,0,12,17
57,265,267,int,keyword,0,12,18
58,268,268,",",operator,0,12,21
59,269,271,int,keyword,0,12,22
60,272,272,>,operator,0,12,25
61,274,277,tiii,identifier,0,12,27
62,278,278,;,operator,0,12,31
63,280,286,typedef,keyword,0,13,0
64,288,292,tuple,identifier,0,13,8
65,293,293,<,operator,0,13,13
66,294,295,LL,identifier,0,13,14
67,296,296,",",operator,0,13,16
68,297,298,LL,identifier,0,13,17
69,299,299,",",operator,0,13,19
70,300,301,LL,identifier,0,13,20
71,302,302,>,operator,0,13,22
72,304,307,tlll,identifier,0,13,24
73,308,308,;,operator,0,13,28
74,310,334,"#define mod9 1000000009ll",directive,1,14,0
75,336,360,"#define mod7 1000000007ll",directive,1,15,0
76,362,386,"#define INF  1023456789ll",directive,1,16,0
77,388,420,"#define INF16 10000000000000000ll",directive,1,17,0
78,422,437,"#define FI first",directive,1,18,0
79,439,455,"#define SE second",directive,1,19,0
80,457,468,"#define X FI",directive,1,20,0
81,470,481,"#define Y SE",directive,1,21,0
82,483,502,"#define PB push_back",directive,1,22,0
83,504,523,"#define MP make_pair",directive,1,23,0
84,525,545,"#define MT make_tuple",directive,1,24,0
85,547,562,"#define eps 1e-9",directive,1,25,0
86,564,592,"#define SZ(x) (int)(x).size()",directive,1,26,0
87,594,630,"#define ALL(x) (x).begin(), (x).end()",directive,1,27,0
88,632,651,"#ifndef ONLINE_JUDGE",directive,1,28,0
89,653,690,"#define debug(...) printf(__VA_ARGS__)",directive,1,29,0
90,692,697,"#else ",directive,1,30,0
91,699,716,"#define debug(...)",directive,1,31,0
92,718,723,"#endif",directive,1,32,0
93,725,730,inline,keyword,0,33,0
94,732,733,LL,identifier,0,33,7
95,735,740,getint,identifier,0,33,10
96,741,741,(,operator,0,33,16
97,742,742,),operator,0,33,17
98,743,743,{,operator,0,33,18
99,747,748,LL,identifier,0,34,2
100,750,751,_x,identifier,0,34,5
101,752,752,=,operator,0,34,7
102,753,753,0,integer,0,34,8
103,754,754,",",operator,0,34,9
104,755,758,_tmp,identifier,0,34,10
105,759,759,=,operator,0,34,14
106,760,760,1,integer,0,34,15
107,761,761,;,operator,0,34,16
108,763,766,char,keyword,0,34,18
109,768,770,_tc,identifier,0,34,23
110,771,771,=,operator,0,34,26
111,772,778,getchar,identifier,0,34,27
112,779,779,(,operator,0,34,34
113,780,780,),operator,0,34,35
114,781,781,;,operator,0,34,36
115,789,793,while,keyword,0,35,2
116,794,794,(,operator,0,35,7
117,796,796,(,operator,0,35,9
118,797,799,_tc,identifier,0,35,10
119,800,800,<,operator,0,35,13
120,801,803,'0',character,0,35,14
121,804,805,||,operator,0,35,17
122,806,808,_tc,identifier,0,35,19
123,809,809,>,operator,0,35,22
124,810,812,'9',character,0,35,23
125,813,813,),operator,0,35,26
126,814,815,&&,operator,0,35,27
127,816,818,_tc,identifier,0,35,29
128,819,820,"!=",operator,0,35,32
129,821,823,'-',character,0,35,34
130,825,825,),operator,0,35,38
131,827,829,_tc,identifier,0,35,40
132,830,830,=,operator,0,35,43
133,831,837,getchar,identifier,0,35,44
134,838,838,(,operator,0,35,51
135,839,839,),operator,0,35,52
136,840,840,;,operator,0,35,53
137,844,845,if,keyword,0,36,2
138,846,846,(,operator,0,36,4
139,848,850,_tc,identifier,0,36,6
140,852,853,==,operator,0,36,10
141,855,857,'-',character,0,36,13
142,859,859,),operator,0,36,17
143,861,863,_tc,identifier,0,36,19
144,864,864,=,operator,0,36,22
145,865,871,getchar,identifier,0,36,23
146,872,872,(,operator,0,36,30
147,873,873,),operator,0,36,31
148,875,875,",",operator,0,36,33
149,877,880,_tmp,identifier,0,36,35
150,882,882,=,operator,0,36,40
151,884,884,-,operator,0,36,42
152,885,885,1,integer,0,36,43
153,886,886,;,operator,0,36,44
154,890,894,while,keyword,0,37,2
155,895,895,(,operator,0,37,7
156,896,898,_tc,identifier,0,37,8
157,899,900,>=,operator,0,37,11
158,901,903,'0',character,0,37,13
159,904,905,&&,operator,0,37,16
160,906,908,_tc,identifier,0,37,18
161,909,910,<=,operator,0,37,21
162,911,913,'9',character,0,37,23
163,914,914,),operator,0,37,26
164,916,917,_x,identifier,0,37,28
165,918,919,*=,operator,0,37,30
166,920,921,10,integer,0,37,32
167,922,922,",",operator,0,37,34
168,923,924,_x,identifier,0,37,35
169,925,926,+=,operator,0,37,37
170,927,927,(,operator,0,37,39
171,928,930,_tc,identifier,0,37,40
172,931,931,-,operator,0,37,43
173,932,934,'0',character,0,37,44
174,935,935,),operator,0,37,47
175,936,936,",",operator,0,37,48
176,937,939,_tc,identifier,0,37,49
177,940,940,=,operator,0,37,52
178,941,947,getchar,identifier,0,37,53
179,948,948,(,operator,0,37,60
180,949,949,),operator,0,37,61
181,950,950,;,operator,0,37,62
182,954,959,return,keyword,0,38,2
183,961,962,_x,identifier,0,38,9
184,963,963,*,operator,0,38,11
185,964,967,_tmp,identifier,0,38,12
186,968,968,;,operator,0,38,16
187,970,970,},operator,0,39,0
188,972,977,inline,keyword,0,40,0
189,979,980,LL,identifier,0,40,7
190,982,984,add,identifier,0,40,10
191,985,985,(,operator,0,40,13
192,987,988,LL,identifier,0,40,15
193,990,991,_x,identifier,0,40,18
194,993,993,",",operator,0,40,21
195,995,996,LL,identifier,0,40,23
196,998,999,_y,identifier,0,40,26
197,1001,1001,",",operator,0,40,29
198,1003,1004,LL,identifier,0,40,31
199,1006,1009,_mod,identifier,0,40,34
200,1011,1011,=,operator,0,40,39
201,1013,1016,mod7,identifier,0,40,41
202,1018,1018,),operator,0,40,46
203,1019,1019,{,operator,0,40,47
204,1023,1024,_x,identifier,0,41,2
205,1026,1027,+=,operator,0,41,5
206,1029,1030,_y,identifier,0,41,8
207,1031,1031,;,operator,0,41,10
208,1035,1040,return,keyword,0,42,2
209,1042,1043,_x,identifier,0,42,9
210,1045,1046,>=,operator,0,42,12
211,1048,1051,_mod,identifier,0,42,15
212,1053,1053,?,operator,0,42,20
213,1055,1056,_x,identifier,0,42,22
214,1058,1058,-,operator,0,42,25
215,1060,1063,_mod,identifier,0,42,27
216,1065,1065,:,operator,0,42,32
217,1067,1068,_x,identifier,0,42,34
218,1069,1069,;,operator,0,42,36
219,1071,1071,},operator,0,43,0
220,1073,1078,inline,keyword,0,44,0
221,1080,1081,LL,identifier,0,44,7
222,1083,1085,sub,identifier,0,44,10
223,1086,1086,(,operator,0,44,13
224,1088,1089,LL,identifier,0,44,15
225,1091,1092,_x,identifier,0,44,18
226,1094,1094,",",operator,0,44,21
227,1096,1097,LL,identifier,0,44,23
228,1099,1100,_y,identifier,0,44,26
229,1102,1102,",",operator,0,44,29
230,1104,1105,LL,identifier,0,44,31
231,1107,1110,_mod,identifier,0,44,34
232,1112,1112,=,operator,0,44,39
233,1114,1117,mod7,identifier,0,44,41
234,1119,1119,),operator,0,44,46
235,1120,1120,{,operator,0,44,47
236,1124,1125,_x,identifier,0,45,2
237,1127,1128,-=,operator,0,45,5
238,1130,1131,_y,identifier,0,45,8
239,1132,1132,;,operator,0,45,10
240,1136,1141,return,keyword,0,46,2
241,1143,1144,_x,identifier,0,46,9
242,1146,1146,<,operator,0,46,12
243,1148,1148,0,integer,0,46,14
244,1150,1150,?,operator,0,46,16
245,1152,1153,_x,identifier,0,46,18
246,1155,1155,+,operator,0,46,21
247,1157,1160,_mod,identifier,0,46,23
248,1162,1162,:,operator,0,46,28
249,1164,1165,_x,identifier,0,46,30
250,1166,1166,;,operator,0,46,32
251,1168,1168,},operator,0,47,0
252,1170,1175,inline,keyword,0,48,0
253,1177,1178,LL,identifier,0,48,7
254,1180,1182,mul,identifier,0,48,10
255,1183,1183,(,operator,0,48,13
256,1185,1186,LL,identifier,0,48,15
257,1188,1189,_x,identifier,0,48,18
258,1191,1191,",",operator,0,48,21
259,1193,1194,LL,identifier,0,48,23
260,1196,1197,_y,identifier,0,48,26
261,1199,1199,",",operator,0,48,29
262,1201,1202,LL,identifier,0,48,31
263,1204,1207,_mod,identifier,0,48,34
264,1209,1209,=,operator,0,48,39
265,1211,1214,mod7,identifier,0,48,41
266,1216,1216,),operator,0,48,46
267,1217,1217,{,operator,0,48,47
268,1221,1222,_x,identifier,0,49,2
269,1224,1225,*=,operator,0,49,5
270,1227,1228,_y,identifier,0,49,8
271,1229,1229,;,operator,0,49,10
272,1233,1238,return,keyword,0,50,2
273,1240,1241,_x,identifier,0,50,9
274,1243,1244,>=,operator,0,50,12
275,1246,1249,_mod,identifier,0,50,15
276,1251,1251,?,operator,0,50,20
277,1253,1254,_x,identifier,0,50,22
278,1256,1256,%,operator,0,50,25
279,1258,1261,_mod,identifier,0,50,27
280,1263,1263,:,operator,0,50,32
281,1265,1266,_x,identifier,0,50,34
282,1267,1267,;,operator,0,50,36
283,1269,1269,},operator,0,51,0
284,1271,1272,LL,identifier,0,52,0
285,1274,1278,mypow,identifier,0,52,3
286,1279,1279,(,operator,0,52,8
287,1281,1282,LL,identifier,0,52,10
288,1284,1285,_a,identifier,0,52,13
289,1287,1287,",",operator,0,52,16
290,1289,1290,LL,identifier,0,52,18
291,1292,1293,_x,identifier,0,52,21
292,1295,1295,",",operator,0,52,24
293,1297,1298,LL,identifier,0,52,26
294,1300,1303,_mod,identifier,0,52,29
295,1305,1305,),operator,0,52,34
296,1306,1306,{,operator,0,52,35
297,1310,1311,if,keyword,0,53,2
298,1312,1312,(,operator,0,53,4
299,1314,1315,_x,identifier,0,53,6
300,1317,1318,==,operator,0,53,9
301,1320,1320,0,integer,0,53,12
302,1322,1322,),operator,0,53,14
303,1324,1329,return,keyword,0,53,16
304,1331,1333,1LL,integer,0,53,23
305,1334,1334,;,operator,0,53,26
306,1338,1339,LL,identifier,0,54,2
307,1341,1344,_ret,identifier,0,54,5
308,1346,1346,=,operator,0,54,10
309,1348,1352,mypow,identifier,0,54,12
310,1353,1353,(,operator,0,54,17
311,1355,1357,mul,identifier,0,54,19
312,1358,1358,(,operator,0,54,22
313,1360,1361,_a,identifier,0,54,24
314,1363,1363,",",operator,0,54,27
315,1365,1366,_a,identifier,0,54,29
316,1368,1368,",",operator,0,54,32
317,1370,1373,_mod,identifier,0,54,34
318,1375,1375,),operator,0,54,39
319,1377,1377,",",operator,0,54,41
320,1379,1380,_x,identifier,0,54,43
321,1382,1382,>,operator,0,54,46
322,1383,1383,>,operator,0,54,47
323,1385,1385,1,integer,0,54,49
324,1387,1387,",",operator,0,54,51
325,1389,1392,_mod,identifier,0,54,53
326,1394,1394,),operator,0,54,58
327,1395,1395,;,operator,0,54,59
328,1399,1400,if,keyword,0,55,2
329,1401,1401,(,operator,0,55,4
330,1403,1404,_x,identifier,0,55,6
331,1406,1406,&,operator,0,55,9
332,1408,1408,1,integer,0,55,11
333,1410,1410,),operator,0,55,13
334,1412,1415,_ret,identifier,0,55,15
335,1417,1417,=,operator,0,55,20
336,1419,1421,mul,identifier,0,55,22
337,1422,1422,(,operator,0,55,25
338,1424,1427,_ret,identifier,0,55,27
339,1429,1429,",",operator,0,55,32
340,1431,1432,_a,identifier,0,55,34
341,1434,1434,",",operator,0,55,37
342,1436,1439,_mod,identifier,0,55,39
343,1441,1441,),operator,0,55,44
344,1442,1442,;,operator,0,55,45
345,1446,1451,return,keyword,0,56,2
346,1453,1456,_ret,identifier,0,56,9
347,1457,1457,;,operator,0,56,13
348,1459,1459,},operator,0,57,0
349,1461,1462,LL,identifier,0,58,0
350,1464,1468,mymul,identifier,0,58,3
351,1469,1469,(,operator,0,58,8
352,1471,1472,LL,identifier,0,58,10
353,1474,1475,_a,identifier,0,58,13
354,1477,1477,",",operator,0,58,16
355,1479,1480,LL,identifier,0,58,18
356,1482,1483,_x,identifier,0,58,21
357,1485,1485,",",operator,0,58,24
358,1487,1488,LL,identifier,0,58,26
359,1490,1493,_mod,identifier,0,58,29
360,1495,1495,),operator,0,58,34
361,1496,1496,{,operator,0,58,35
362,1500,1501,if,keyword,0,59,2
363,1502,1502,(,operator,0,59,4
364,1504,1505,_x,identifier,0,59,6
365,1507,1508,==,operator,0,59,9
366,1510,1510,0,integer,0,59,12
367,1512,1512,),operator,0,59,14
368,1514,1519,return,keyword,0,59,16
369,1521,1523,0LL,integer,0,59,23
370,1524,1524,;,operator,0,59,26
371,1528,1529,LL,identifier,0,60,2
372,1531,1534,_ret,identifier,0,60,5
373,1536,1536,=,operator,0,60,10
374,1538,1542,mymul,identifier,0,60,12
375,1543,1543,(,operator,0,60,17
376,1545,1547,add,identifier,0,60,19
377,1548,1548,(,operator,0,60,22
378,1550,1551,_a,identifier,0,60,24
379,1553,1553,",",operator,0,60,27
380,1555,1556,_a,identifier,0,60,29
381,1558,1558,",",operator,0,60,32
382,1560,1563,_mod,identifier,0,60,34
383,1565,1565,),operator,0,60,39
384,1567,1567,",",operator,0,60,41
385,1569,1570,_x,identifier,0,60,43
386,1572,1572,>,operator,0,60,46
387,1573,1573,>,operator,0,60,47
388,1575,1575,1,integer,0,60,49
389,1577,1577,",",operator,0,60,51
390,1579,1582,_mod,identifier,0,60,53
391,1584,1584,),operator,0,60,58
392,1585,1585,;,operator,0,60,59
393,1589,1590,if,keyword,0,61,2
394,1591,1591,(,operator,0,61,4
395,1593,1594,_x,identifier,0,61,6
396,1596,1596,&,operator,0,61,9
397,1598,1598,1,integer,0,61,11
398,1600,1600,),operator,0,61,13
399,1602,1605,_ret,identifier,0,61,15
400,1607,1607,=,operator,0,61,20
401,1609,1611,add,identifier,0,61,22
402,1612,1612,(,operator,0,61,25
403,1614,1617,_ret,identifier,0,61,27
404,1619,1619,",",operator,0,61,32
405,1621,1622,_a,identifier,0,61,34
406,1624,1624,",",operator,0,61,37
407,1626,1629,_mod,identifier,0,61,39
408,1631,1631,),operator,0,61,44
409,1632,1632,;,operator,0,61,45
410,1636,1641,return,keyword,0,62,2
411,1643,1646,_ret,identifier,0,62,9
412,1647,1647,;,operator,0,62,13
413,1649,1649,},operator,0,63,0
414,1651,1656,inline,keyword,0,64,0
415,1658,1661,bool,keyword,0,64,7
416,1663,1667,equal,identifier,0,64,12
417,1668,1668,(,operator,0,64,17
418,1670,1670,D,identifier,0,64,19
419,1672,1673,_x,identifier,0,64,21
420,1675,1675,",",operator,0,64,24
421,1678,1678,D,identifier,0,64,27
422,1680,1681,_y,identifier,0,64,29
423,1683,1683,),operator,0,64,32
424,1684,1684,{,operator,0,64,33
425,1688,1693,return,keyword,0,65,2
426,1695,1696,_x,identifier,0,65,9
427,1698,1698,>,operator,0,65,12
428,1700,1701,_y,identifier,0,65,14
429,1703,1703,-,operator,0,65,17
430,1705,1707,eps,identifier,0,65,19
431,1709,1710,&&,operator,0,65,23
432,1712,1713,_x,identifier,0,65,26
433,1715,1715,<,operator,0,65,29
434,1717,1718,_y,identifier,0,65,31
435,1720,1720,+,operator,0,65,34
436,1722,1724,eps,identifier,0,65,36
437,1725,1725,;,operator,0,65,39
438,1727,1727,},operator,0,66,0
439,1729,1731,int,keyword,0,67,0
440,1733,1734,__,identifier,0,67,4
441,1736,1736,=,operator,0,67,7
442,1738,1738,1,integer,0,67,9
443,1740,1740,",",operator,0,67,11
444,1742,1744,_cs,identifier,0,67,13
445,1745,1745,;,operator,0,67,16
446,1775,1790,"#define N 101010",directive,1,69,0
447,1792,1795,void,keyword,0,70,0
448,1797,1801,build,identifier,0,70,5
449,1802,1802,(,operator,0,70,10
450,1803,1803,),operator,0,70,11
451,1804,1804,{,operator,0,70,12
452,1807,1807,},operator,0,72,0
453,1809,1814,vector,identifier,0,73,0
454,1815,1815,<,operator,0,73,6
455,1817,1819,int,keyword,0,73,8
456,1821,1821,>,operator,0,73,12
457,1823,1823,v,identifier,0,73,14
458,1824,1824,[,operator,0,73,15
459,1826,1826,N,identifier,0,73,17
460,1828,1828,],operator,0,73,19
461,1829,1829,;,operator,0,73,20
462,1831,1833,int,keyword,0,74,0
463,1835,1835,n,identifier,0,74,4
464,1837,1837,",",operator,0,74,6
465,1839,1839,q,identifier,0,74,8
466,1841,1841,",",operator,0,74,10
467,1843,1845,clr,identifier,0,74,12
468,1846,1846,[,operator,0,74,15
469,1848,1848,N,identifier,0,74,17
470,1850,1850,],operator,0,74,19
471,1851,1851,;,operator,0,74,20
472,1853,1856,bool,keyword,0,75,0
473,1858,1859,st,identifier,0,75,5
474,1860,1860,[,operator,0,75,7
475,1862,1862,N,identifier,0,75,9
476,1864,1864,],operator,0,75,11
477,1866,1866,",",operator,0,75,13
478,1868,1870,ost,identifier,0,75,15
479,1871,1871,[,operator,0,75,18
480,1873,1873,N,identifier,0,75,20
481,1875,1875,],operator,0,75,22
482,1876,1876,;,operator,0,75,23
483,1878,1881,void,keyword,0,76,0
484,1883,1886,init,identifier,0,76,5
485,1887,1887,(,operator,0,76,9
486,1888,1888,),operator,0,76,10
487,1889,1889,{,operator,0,76,11
488,1893,1893,n,identifier,0,77,2
489,1895,1895,=,operator,0,77,4
490,1897,1902,getint,identifier,0,77,6
491,1903,1903,(,operator,0,77,12
492,1904,1904,),operator,0,77,13
493,1905,1905,;,operator,0,77,14
494,1909,1911,for,keyword,0,78,2
495,1912,1912,(,operator,0,78,5
496,1914,1916,int,keyword,0,78,7
497,1918,1918,i,identifier,0,78,11
498,1920,1920,=,operator,0,78,13
499,1922,1922,1,integer,0,78,15
500,1924,1924,;,operator,0,78,17
501,1926,1926,i,identifier,0,78,19
502,1928,1928,<,operator,0,78,21
503,1930,1930,n,identifier,0,78,23
504,1932,1932,;,operator,0,78,25
505,1934,1934,i,identifier,0,78,27
506,1936,1937,++,operator,0,78,29
507,1939,1939,),operator,0,78,32
508,1940,1940,{,operator,0,78,33
509,1946,1948,int,keyword,0,79,4
510,1950,1951,ai,identifier,0,79,8
511,1953,1953,=,operator,0,79,11
512,1955,1960,getint,identifier,0,79,13
513,1961,1961,(,operator,0,79,19
514,1962,1962,),operator,0,79,20
515,1963,1963,;,operator,0,79,21
516,1969,1971,int,keyword,0,80,4
517,1973,1974,bi,identifier,0,80,8
518,1976,1976,=,operator,0,80,11
519,1978,1983,getint,identifier,0,80,13
520,1984,1984,(,operator,0,80,19
521,1985,1985,),operator,0,80,20
522,1986,1986,;,operator,0,80,21
523,1992,1992,v,identifier,0,81,4
524,1993,1993,[,operator,0,81,5
525,1995,1996,ai,identifier,0,81,7
526,1998,1998,],operator,0,81,10
527,1999,1999,.,operator,0,81,11
528,2000,2008,push_back,identifier,0,81,12
529,2009,2009,(,operator,0,81,21
530,2011,2012,bi,identifier,0,81,23
531,2014,2014,),operator,0,81,26
532,2015,2015,;,operator,0,81,27
533,2021,2021,v,identifier,0,82,4
534,2022,2022,[,operator,0,82,5
535,2024,2025,bi,identifier,0,82,7
536,2027,2027,],operator,0,82,10
537,2028,2028,.,operator,0,82,11
538,2029,2037,push_back,identifier,0,82,12
539,2038,2038,(,operator,0,82,21
540,2040,2041,ai,identifier,0,82,23
541,2043,2043,),operator,0,82,26
542,2044,2044,;,operator,0,82,27
543,2048,2048,},operator,0,83,2
544,2052,2052,q,identifier,0,84,2
545,2054,2054,=,operator,0,84,4
546,2056,2061,getint,identifier,0,84,6
547,2062,2062,(,operator,0,84,12
548,2063,2063,),operator,0,84,13
549,2064,2064,;,operator,0,84,14
550,2066,2070,while,keyword,0,84,16
551,2071,2071,(,operator,0,84,21
552,2073,2073,q,identifier,0,84,23
553,2075,2076,--,operator,0,84,25
554,2078,2078,),operator,0,84,28
555,2079,2079,{,operator,0,84,29
556,2085,2087,int,keyword,0,85,4
557,2089,2090,vi,identifier,0,85,8
558,2092,2092,=,operator,0,85,11
559,2094,2099,getint,identifier,0,85,13
560,2100,2100,(,operator,0,85,19
561,2101,2101,),operator,0,85,20
562,2102,2102,;,operator,0,85,21
563,2108,2110,int,keyword,0,86,4
564,2112,2113,pi,identifier,0,86,8
565,2115,2115,=,operator,0,86,11
566,2117,2122,getint,identifier,0,86,13
567,2123,2123,(,operator,0,86,19
568,2124,2124,),operator,0,86,20
569,2125,2125,;,operator,0,86,21
570,2131,2132,st,identifier,0,87,4
571,2133,2133,[,operator,0,87,6
572,2135,2136,vi,identifier,0,87,8
573,2138,2138,],operator,0,87,11
574,2140,2140,=,operator,0,87,13
575,2142,2145,true,keyword,0,87,15
576,2146,2146,;,operator,0,87,19
577,2152,2154,ost,identifier,0,88,4
578,2155,2155,[,operator,0,88,7
579,2157,2158,vi,identifier,0,88,9
580,2160,2160,],operator,0,88,12
581,2162,2162,=,operator,0,88,14
582,2164,2167,true,keyword,0,88,16
583,2168,2168,;,operator,0,88,20
584,2174,2176,clr,identifier,0,89,4
585,2177,2177,[,operator,0,89,7
586,2179,2180,vi,identifier,0,89,9
587,2182,2182,],operator,0,89,12
588,2184,2184,=,operator,0,89,14
589,2186,2187,pi,identifier,0,89,16
590,2188,2188,;,operator,0,89,18
591,2192,2192,},operator,0,90,2
592,2194,2194,},operator,0,91,0
593,2196,2198,int,keyword,0,92,0
594,2200,2203,type,identifier,0,92,4
595,2204,2204,[,operator,0,92,8
596,2206,2206,2,integer,0,92,10
597,2208,2208,],operator,0,92,12
598,2209,2209,;,operator,0,92,13
599,2211,2216,inline,keyword,0,93,0
600,2218,2221,bool,keyword,0,93,7
601,2223,2226,okay,identifier,0,93,12
602,2227,2227,(,operator,0,93,16
603,2229,2231,int,keyword,0,93,18
604,2233,2235,now,identifier,0,93,22
605,2237,2237,",",operator,0,93,26
606,2239,2241,int,keyword,0,93,28
607,2243,2245,prt,identifier,0,93,32
608,2247,2247,",",operator,0,93,36
609,2249,2251,int,keyword,0,93,38
610,2253,2255,dep,identifier,0,93,42
611,2257,2257,),operator,0,93,46
612,2258,2258,{,operator,0,93,47
613,2262,2263,if,keyword,0,94,2
614,2264,2264,(,operator,0,94,4
615,2266,2267,st,identifier,0,94,6
616,2268,2268,[,operator,0,94,8
617,2270,2272,now,identifier,0,94,10
618,2274,2274,],operator,0,94,14
619,2276,2276,),operator,0,94,16
620,2277,2277,{,operator,0,94,17
621,2283,2284,if,keyword,0,95,4
622,2285,2285,(,operator,0,95,6
623,2287,2290,type,identifier,0,95,8
624,2291,2291,[,operator,0,95,12
625,2293,2295,dep,identifier,0,95,14
626,2297,2297,],operator,0,95,18
627,2299,2300,&&,operator,0,95,20
628,2302,2305,type,identifier,0,95,23
629,2306,2306,[,operator,0,95,27
630,2308,2310,dep,identifier,0,95,29
631,2312,2312,],operator,0,95,33
632,2314,2314,-,operator,0,95,35
633,2316,2316,1,integer,0,95,37
634,2318,2319,"!=",operator,0,95,39
635,2321,2323,abs,identifier,0,95,42
636,2324,2324,(,operator,0,95,45
637,2326,2328,clr,identifier,0,95,47
638,2329,2329,[,operator,0,95,50
639,2331,2333,now,identifier,0,95,52
640,2335,2335,],operator,0,95,56
641,2337,2337,),operator,0,95,58
642,2339,2339,%,operator,0,95,60
643,2341,2341,2,integer,0,95,62
644,2343,2343,),operator,0,95,64
645,2351,2356,return,keyword,0,96,6
646,2358,2362,false,keyword,0,96,13
647,2363,2363,;,operator,0,96,18
648,2369,2372,type,identifier,0,97,4
649,2373,2373,[,operator,0,97,8
650,2375,2377,dep,identifier,0,97,10
651,2379,2379,],operator,0,97,14
652,2381,2381,=,operator,0,97,16
653,2383,2385,abs,identifier,0,97,18
654,2386,2386,(,operator,0,97,21
655,2388,2390,clr,identifier,0,97,23
656,2391,2391,[,operator,0,97,26
657,2393,2395,now,identifier,0,97,28
658,2397,2397,],operator,0,97,32
659,2399,2399,),operator,0,97,34
660,2401,2401,%,operator,0,97,36
661,2403,2403,2,integer,0,97,38
662,2405,2405,+,operator,0,97,40
663,2407,2407,1,integer,0,97,42
664,2408,2408,;,operator,0,97,43
665,2412,2412,},operator,0,98,2
666,2416,2418,for,keyword,0,99,2
667,2419,2419,(,operator,0,99,5
668,2421,2423,int,keyword,0,99,7
669,2425,2427,son,identifier,0,99,11
670,2429,2429,:,operator,0,99,15
671,2431,2431,v,identifier,0,99,17
672,2432,2432,[,operator,0,99,18
673,2434,2436,now,identifier,0,99,20
674,2438,2438,],operator,0,99,24
675,2440,2440,),operator,0,99,26
676,2441,2441,{,operator,0,99,27
677,2447,2448,if,keyword,0,100,4
678,2449,2449,(,operator,0,100,6
679,2451,2453,son,identifier,0,100,8
680,2455,2456,==,operator,0,100,12
681,2458,2460,prt,identifier,0,100,15
682,2462,2462,),operator,0,100,19
683,2464,2471,continue,keyword,0,100,21
684,2472,2472,;,operator,0,100,29
685,2478,2479,if,keyword,0,101,4
686,2480,2480,(,operator,0,101,6
687,2482,2482,"!",operator,0,101,8
688,2483,2486,okay,identifier,0,101,9
689,2487,2487,(,operator,0,101,13
690,2489,2491,son,identifier,0,101,15
691,2493,2493,",",operator,0,101,19
692,2495,2497,now,identifier,0,101,21
693,2499,2499,",",operator,0,101,25
694,2501,2501,1,integer,0,101,27
695,2503,2503,-,operator,0,101,29
696,2505,2507,dep,identifier,0,101,31
697,2509,2509,),operator,0,101,35
698,2511,2511,),operator,0,101,37
699,2519,2524,return,keyword,0,102,6
700,2526,2530,false,keyword,0,102,13
701,2531,2531,;,operator,0,102,18
702,2535,2535,},operator,0,103,2
703,2539,2544,return,keyword,0,104,2
704,2546,2549,true,keyword,0,104,9
705,2550,2550,;,operator,0,104,13
706,2552,2552,},operator,0,105,0
707,2554,2556,int,keyword,0,106,0
708,2558,2559,lb,identifier,0,106,4
709,2560,2560,[,operator,0,106,6
710,2562,2562,N,identifier,0,106,8
711,2564,2564,],operator,0,106,10
712,2566,2566,",",operator,0,106,12
713,2568,2569,rb,identifier,0,106,14
714,2570,2570,[,operator,0,106,16
715,2572,2572,N,identifier,0,106,18
716,2574,2574,],operator,0,106,20
717,2575,2575,;,operator,0,106,21
718,2577,2580,bool,keyword,0,107,0
719,2582,2584,got,identifier,0,107,5
720,2585,2585,[,operator,0,107,8
721,2587,2587,N,identifier,0,107,10
722,2589,2589,],operator,0,107,12
723,2590,2590,;,operator,0,107,13
724,2592,2595,bool,keyword,0,108,0
725,2597,2600,gogo,identifier,0,108,5
726,2601,2601,(,operator,0,108,9
727,2602,2602,),operator,0,108,10
728,2603,2603,{,operator,0,108,11
729,2607,2611,deque,identifier,0,109,2
730,2612,2612,<,operator,0,109,7
731,2614,2616,int,keyword,0,109,9
732,2618,2618,>,operator,0,109,13
733,2620,2620,Q,identifier,0,109,15
734,2621,2621,;,operator,0,109,16
735,2625,2627,for,keyword,0,110,2
736,2628,2628,(,operator,0,110,5
737,2630,2632,int,keyword,0,110,7
738,2634,2634,i,identifier,0,110,11
739,2636,2636,=,operator,0,110,13
740,2638,2638,1,integer,0,110,15
741,2640,2640,;,operator,0,110,17
742,2642,2642,i,identifier,0,110,19
743,2644,2645,<=,operator,0,110,21
744,2647,2647,n,identifier,0,110,24
745,2649,2649,;,operator,0,110,26
746,2651,2651,i,identifier,0,110,28
747,2653,2654,++,operator,0,110,30
748,2656,2656,),operator,0,110,33
749,2657,2657,{,operator,0,110,34
750,2663,2664,if,keyword,0,111,4
751,2665,2665,(,operator,0,111,6
752,2667,2668,st,identifier,0,111,8
753,2669,2669,[,operator,0,111,10
754,2671,2671,i,identifier,0,111,12
755,2673,2673,],operator,0,111,14
756,2675,2675,),operator,0,111,16
757,2677,2684,continue,keyword,0,111,18
758,2685,2685,;,operator,0,111,26
759,2691,2692,if,keyword,0,112,4
760,2693,2693,(,operator,0,112,6
761,2695,2696,lb,identifier,0,112,8
762,2697,2697,[,operator,0,112,10
763,2699,2699,i,identifier,0,112,12
764,2701,2701,],operator,0,112,14
765,2703,2704,==,operator,0,112,16
766,2706,2707,rb,identifier,0,112,19
767,2708,2708,[,operator,0,112,21
768,2710,2710,i,identifier,0,112,23
769,2712,2712,],operator,0,112,25
770,2714,2714,),operator,0,112,27
771,2722,2722,Q,identifier,0,113,6
772,2723,2723,.,operator,0,113,7
773,2724,2733,push_front,identifier,0,113,8
774,2734,2734,(,operator,0,113,18
775,2736,2736,i,identifier,0,113,20
776,2738,2738,),operator,0,113,22
777,2739,2739,;,operator,0,113,23
778,2745,2746,if,keyword,0,114,4
779,2747,2747,(,operator,0,114,6
780,2749,2750,lb,identifier,0,114,8
781,2751,2751,[,operator,0,114,10
782,2753,2753,i,identifier,0,114,12
783,2755,2755,],operator,0,114,14
784,2757,2757,+,operator,0,114,16
785,2759,2759,2,integer,0,114,18
786,2761,2762,==,operator,0,114,20
787,2764,2765,rb,identifier,0,114,23
788,2766,2766,[,operator,0,114,25
789,2768,2768,i,identifier,0,114,27
790,2770,2770,],operator,0,114,29
791,2772,2772,),operator,0,114,31
792,2780,2780,Q,identifier,0,115,6
793,2781,2781,.,operator,0,115,7
794,2782,2790,push_back,identifier,0,115,8
795,2791,2791,(,operator,0,115,17
796,2793,2793,i,identifier,0,115,19
797,2795,2795,),operator,0,115,21
798,2796,2796,;,operator,0,115,22
799,2800,2800,},operator,0,116,2
800,2804,2808,while,keyword,0,117,2
801,2809,2809,(,operator,0,117,7
802,2811,2811,Q,identifier,0,117,9
803,2812,2812,.,operator,0,117,10
804,2813,2816,size,identifier,0,117,11
805,2817,2817,(,operator,0,117,15
806,2818,2818,),operator,0,117,16
807,2820,2820,),operator,0,117,18
808,2821,2821,{,operator,0,117,19
809,2827,2829,int,keyword,0,118,4
810,2831,2833,who,identifier,0,118,8
811,2835,2835,=,operator,0,118,12
812,2837,2837,Q,identifier,0,118,14
813,2838,2838,.,operator,0,118,15
814,2839,2843,front,identifier,0,118,16
815,2844,2844,(,operator,0,118,21
816,2845,2845,),operator,0,118,22
817,2846,2846,;,operator,0,118,23
818,2848,2848,Q,identifier,0,118,25
819,2849,2849,.,operator,0,118,26
820,2850,2858,pop_front,identifier,0,118,27
821,2859,2859,(,operator,0,118,36
822,2860,2860,),operator,0,118,37
823,2861,2861,;,operator,0,118,38
824,2867,2868,if,keyword,0,119,4
825,2869,2869,(,operator,0,119,6
826,2871,2872,st,identifier,0,119,8
827,2873,2873,[,operator,0,119,10
828,2875,2877,who,identifier,0,119,12
829,2879,2879,],operator,0,119,16
830,2881,2881,),operator,0,119,18
831,2883,2890,continue,keyword,0,119,20
832,2891,2891,;,operator,0,119,28
833,2897,2899,for,keyword,0,120,4
834,2900,2900,(,operator,0,120,7
835,2902,2904,int,keyword,0,120,9
836,2906,2906,x,identifier,0,120,13
837,2908,2908,:,operator,0,120,15
838,2910,2910,v,identifier,0,120,17
839,2911,2911,[,operator,0,120,18
840,2913,2915,who,identifier,0,120,20
841,2917,2917,],operator,0,120,24
842,2919,2919,),operator,0,120,26
843,2927,2928,if,keyword,0,121,6
844,2929,2929,(,operator,0,121,8
845,2931,2932,st,identifier,0,121,10
846,2933,2933,[,operator,0,121,12
847,2935,2935,x,identifier,0,121,14
848,2937,2937,],operator,0,121,16
849,2939,2939,),operator,0,121,18
850,2940,2940,{,operator,0,121,19
851,2950,2951,lb,identifier,0,122,8
852,2952,2952,[,operator,0,122,10
853,2954,2956,who,identifier,0,122,12
854,2958,2958,],operator,0,122,16
855,2960,2960,=,operator,0,122,18
856,2962,2964,max,identifier,0,122,20
857,2965,2965,(,operator,0,122,23
858,2967,2968,lb,identifier,0,122,25
859,2969,2969,[,operator,0,122,27
860,2971,2973,who,identifier,0,122,29
861,2975,2975,],operator,0,122,33
862,2977,2977,",",operator,0,122,35
863,2979,2980,lb,identifier,0,122,37
864,2981,2981,[,operator,0,122,39
865,2983,2983,x,identifier,0,122,41
866,2985,2985,],operator,0,122,43
867,2987,2987,-,operator,0,122,45
868,2989,2989,1,integer,0,122,47
869,2991,2991,),operator,0,122,49
870,2992,2992,;,operator,0,122,50
871,3002,3003,rb,identifier,0,123,8
872,3004,3004,[,operator,0,123,10
873,3006,3008,who,identifier,0,123,12
874,3010,3010,],operator,0,123,16
875,3012,3012,=,operator,0,123,18
876,3014,3016,min,identifier,0,123,20
877,3017,3017,(,operator,0,123,23
878,3019,3020,rb,identifier,0,123,25
879,3021,3021,[,operator,0,123,27
880,3023,3025,who,identifier,0,123,29
881,3027,3027,],operator,0,123,33
882,3029,3029,",",operator,0,123,35
883,3031,3032,rb,identifier,0,123,37
884,3033,3033,[,operator,0,123,39
885,3035,3035,x,identifier,0,123,41
886,3037,3037,],operator,0,123,43
887,3039,3039,+,operator,0,123,45
888,3041,3041,1,integer,0,123,47
889,3043,3043,),operator,0,123,49
890,3044,3044,;,operator,0,123,50
891,3052,3052,},operator,0,124,6
892,3058,3059,if,keyword,0,125,4
893,3060,3060,(,operator,0,125,6
894,3062,3063,lb,identifier,0,125,8
895,3064,3064,[,operator,0,125,10
896,3066,3068,who,identifier,0,125,12
897,3070,3070,],operator,0,125,16
898,3072,3072,>,operator,0,125,18
899,3074,3075,rb,identifier,0,125,20
900,3076,3076,[,operator,0,125,22
901,3078,3080,who,identifier,0,125,24
902,3082,3082,],operator,0,125,28
903,3084,3084,),operator,0,125,30
904,3092,3097,return,keyword,0,126,6
905,3099,3103,false,keyword,0,126,13
906,3104,3104,;,operator,0,126,18
907,3110,3111,st,identifier,0,127,4
908,3112,3112,[,operator,0,127,6
909,3114,3116,who,identifier,0,127,8
910,3118,3118,],operator,0,127,12
911,3120,3120,=,operator,0,127,14
912,3122,3125,true,keyword,0,127,16
913,3126,3126,;,operator,0,127,20
914,3132,3134,clr,identifier,0,128,4
915,3135,3135,[,operator,0,128,7
916,3137,3139,who,identifier,0,128,9
917,3141,3141,],operator,0,128,13
918,3143,3143,=,operator,0,128,15
919,3145,3145,(,operator,0,128,17
920,3147,3150,rand,identifier,0,128,19
921,3151,3151,(,operator,0,128,23
922,3152,3152,),operator,0,128,24
923,3154,3154,%,operator,0,128,26
924,3156,3156,2,integer,0,128,28
925,3158,3158,?,operator,0,128,30
926,3160,3161,lb,identifier,0,128,32
927,3162,3162,[,operator,0,128,34
928,3164,3166,who,identifier,0,128,36
929,3168,3168,],operator,0,128,40
930,3170,3170,:,operator,0,128,42
931,3172,3173,rb,identifier,0,128,44
932,3174,3174,[,operator,0,128,46
933,3176,3178,who,identifier,0,128,48
934,3180,3180,],operator,0,128,52
935,3182,3182,),operator,0,128,54
936,3183,3183,;,operator,0,128,55
937,3189,3191,for,keyword,0,129,4
938,3192,3192,(,operator,0,129,7
939,3194,3196,int,keyword,0,129,9
940,3198,3198,x,identifier,0,129,13
941,3200,3200,:,operator,0,129,15
942,3202,3202,v,identifier,0,129,17
943,3203,3203,[,operator,0,129,18
944,3205,3207,who,identifier,0,129,20
945,3209,3209,],operator,0,129,24
946,3211,3211,),operator,0,129,26
947,3212,3212,{,operator,0,129,27
948,3220,3221,if,keyword,0,130,6
949,3222,3222,(,operator,0,130,8
950,3224,3225,st,identifier,0,130,10
951,3226,3226,[,operator,0,130,12
952,3228,3228,x,identifier,0,130,14
953,3230,3230,],operator,0,130,16
954,3232,3232,),operator,0,130,18
955,3234,3241,continue,keyword,0,130,20
956,3242,3242,;,operator,0,130,28
957,3250,3251,lb,identifier,0,131,6
958,3252,3252,[,operator,0,131,8
959,3254,3254,x,identifier,0,131,10
960,3256,3256,],operator,0,131,12
961,3258,3258,=,operator,0,131,14
962,3260,3262,max,identifier,0,131,16
963,3263,3263,(,operator,0,131,19
964,3265,3266,lb,identifier,0,131,21
965,3267,3267,[,operator,0,131,23
966,3269,3269,x,identifier,0,131,25
967,3271,3271,],operator,0,131,27
968,3273,3273,",",operator,0,131,29
969,3275,3277,clr,identifier,0,131,31
970,3278,3278,[,operator,0,131,34
971,3280,3282,who,identifier,0,131,36
972,3284,3284,],operator,0,131,40
973,3286,3286,-,operator,0,131,42
974,3288,3288,1,integer,0,131,44
975,3290,3290,),operator,0,131,46
976,3291,3291,;,operator,0,131,47
977,3299,3300,rb,identifier,0,132,6
978,3301,3301,[,operator,0,132,8
979,3303,3303,x,identifier,0,132,10
980,3305,3305,],operator,0,132,12
981,3307,3307,=,operator,0,132,14
982,3309,3311,min,identifier,0,132,16
983,3312,3312,(,operator,0,132,19
984,3314,3315,rb,identifier,0,132,21
985,3316,3316,[,operator,0,132,23
986,3318,3318,x,identifier,0,132,25
987,3320,3320,],operator,0,132,27
988,3322,3322,",",operator,0,132,29
989,3324,3326,clr,identifier,0,132,31
990,3327,3327,[,operator,0,132,34
991,3329,3331,who,identifier,0,132,36
992,3333,3333,],operator,0,132,40
993,3335,3335,+,operator,0,132,42
994,3337,3337,1,integer,0,132,44
995,3339,3339,),operator,0,132,46
996,3340,3340,;,operator,0,132,47
997,3348,3349,if,keyword,0,133,6
998,3350,3350,(,operator,0,133,8
999,3352,3353,lb,identifier,0,133,10
1000,3354,3354,[,operator,0,133,12
1001,3356,3356,x,identifier,0,133,14
1002,3358,3358,],operator,0,133,16
1003,3360,3361,==,operator,0,133,18
1004,3363,3364,rb,identifier,0,133,21
1005,3365,3365,[,operator,0,133,23
1006,3367,3367,x,identifier,0,133,25
1007,3369,3369,],operator,0,133,27
1008,3371,3371,),operator,0,133,29
1009,3373,3373,Q,identifier,0,133,31
1010,3374,3374,.,operator,0,133,32
1011,3375,3384,push_front,identifier,0,133,33
1012,3385,3385,(,operator,0,133,43
1013,3387,3387,x,identifier,0,133,45
1014,3389,3389,),operator,0,133,47
1015,3390,3390,;,operator,0,133,48
1016,3398,3399,if,keyword,0,134,6
1017,3400,3400,(,operator,0,134,8
1018,3402,3403,lb,identifier,0,134,10
1019,3404,3404,[,operator,0,134,12
1020,3406,3406,x,identifier,0,134,14
1021,3408,3408,],operator,0,134,16
1022,3410,3410,+,operator,0,134,18
1023,3412,3412,2,integer,0,134,20
1024,3414,3415,==,operator,0,134,22
1025,3417,3418,rb,identifier,0,134,25
1026,3419,3419,[,operator,0,134,27
1027,3421,3421,x,identifier,0,134,29
1028,3423,3423,],operator,0,134,31
1029,3425,3425,),operator,0,134,33
1030,3427,3427,Q,identifier,0,134,35
1031,3428,3428,.,operator,0,134,36
1032,3429,3437,push_back,identifier,0,134,37
1033,3438,3438,(,operator,0,134,46
1034,3440,3440,x,identifier,0,134,48
1035,3442,3442,),operator,0,134,50
1036,3443,3443,;,operator,0,134,51
1037,3449,3449,},operator,0,135,4
1038,3453,3453,},operator,0,136,2
1039,3457,3462,return,keyword,0,137,2
1040,3464,3467,true,keyword,0,137,9
1041,3468,3468,;,operator,0,137,13
1042,3470,3470,},operator,0,138,0
1043,3472,3475,void,keyword,0,139,0
1044,3477,3481,solve,identifier,0,139,5
1045,3482,3482,(,operator,0,139,10
1046,3483,3483,),operator,0,139,11
1047,3484,3484,{,operator,0,139,12
1048,3488,3489,if,keyword,0,140,2
1049,3490,3490,(,operator,0,140,4
1050,3492,3492,"!",operator,0,140,6
1051,3493,3496,okay,identifier,0,140,7
1052,3497,3497,(,operator,0,140,11
1053,3499,3499,1,integer,0,140,13
1054,3501,3501,",",operator,0,140,15
1055,3503,3503,1,integer,0,140,17
1056,3505,3505,",",operator,0,140,19
1057,3507,3507,0,integer,0,140,21
1058,3509,3509,),operator,0,140,23
1059,3511,3511,),operator,0,140,25
1060,3512,3512,{,operator,0,140,26
1061,3518,3521,puts,identifier,0,141,4
1062,3522,3522,(,operator,0,141,8
1063,3524,3527,"""No""",string,0,141,10
1064,3529,3529,),operator,0,141,15
1065,3530,3530,;,operator,0,141,16
1066,3536,3539,exit,identifier,0,142,4
1067,3540,3540,(,operator,0,142,8
1068,3542,3542,0,integer,0,142,10
1069,3544,3544,),operator,0,142,12
1070,3545,3545,;,operator,0,142,13
1071,3549,3549,},operator,0,143,2
1072,3553,3556,bool,keyword,0,144,2
1073,3558,3559,ya,identifier,0,144,7
1074,3561,3561,=,operator,0,144,10
1075,3563,3567,false,keyword,0,144,12
1076,3568,3568,;,operator,0,144,17
1077,3570,3586,"#define MAGIC 514",directive,1,145,0
1078,3590,3592,for,keyword,0,146,2
1079,3593,3593,(,operator,0,146,5
1080,3595,3597,int,keyword,0,146,7
1081,3599,3599,_,identifier,0,146,11
1082,3601,3601,=,operator,0,146,13
1083,3603,3603,0,integer,0,146,15
1084,3605,3605,;,operator,0,146,17
1085,3607,3607,_,identifier,0,146,19
1086,3609,3609,<,operator,0,146,21
1087,3611,3615,MAGIC,identifier,0,146,23
1088,3617,3617,;,operator,0,146,29
1089,3619,3619,_,identifier,0,146,31
1090,3621,3622,++,operator,0,146,33
1091,3624,3624,),operator,0,146,36
1092,3625,3625,{,operator,0,146,37
1093,3631,3633,for,keyword,0,147,4
1094,3634,3634,(,operator,0,147,7
1095,3636,3638,int,keyword,0,147,9
1096,3640,3640,i,identifier,0,147,13
1097,3642,3642,=,operator,0,147,15
1098,3644,3644,1,integer,0,147,17
1099,3646,3646,;,operator,0,147,19
1100,3648,3648,i,identifier,0,147,21
1101,3650,3651,<=,operator,0,147,23
1102,3653,3653,n,identifier,0,147,26
1103,3655,3655,;,operator,0,147,28
1104,3657,3657,i,identifier,0,147,30
1105,3659,3660,++,operator,0,147,32
1106,3662,3662,),operator,0,147,35
1107,3663,3663,{,operator,0,147,36
1108,3671,3673,got,identifier,0,148,6
1109,3674,3674,[,operator,0,148,9
1110,3676,3676,i,identifier,0,148,11
1111,3678,3678,],operator,0,148,13
1112,3680,3680,=,operator,0,148,15
1113,3682,3686,false,keyword,0,148,17
1114,3687,3687,;,operator,0,148,22
1115,3695,3696,st,identifier,0,149,6
1116,3697,3697,[,operator,0,149,8
1117,3699,3699,i,identifier,0,149,10
1118,3701,3701,],operator,0,149,12
1119,3703,3703,=,operator,0,149,14
1120,3705,3707,ost,identifier,0,149,16
1121,3708,3708,[,operator,0,149,19
1122,3710,3710,i,identifier,0,149,21
1123,3712,3712,],operator,0,149,23
1124,3713,3713,;,operator,0,149,24
1125,3719,3719,},operator,0,150,4
1126,3725,3729,queue,identifier,0,151,4
1127,3730,3730,<,operator,0,151,9
1128,3732,3734,int,keyword,0,151,11
1129,3736,3736,>,operator,0,151,15
1130,3738,3738,Q,identifier,0,151,17
1131,3739,3739,;,operator,0,151,18
1132,3745,3747,for,keyword,0,152,4
1133,3748,3748,(,operator,0,152,7
1134,3750,3752,int,keyword,0,152,9
1135,3754,3754,i,identifier,0,152,13
1136,3756,3756,=,operator,0,152,15
1137,3758,3758,1,integer,0,152,17
1138,3760,3760,;,operator,0,152,19
1139,3762,3762,i,identifier,0,152,21
1140,3764,3765,<=,operator,0,152,23
1141,3767,3767,n,identifier,0,152,26
1142,3769,3769,;,operator,0,152,28
1143,3771,3771,i,identifier,0,152,30
1144,3773,3774,++,operator,0,152,32
1145,3776,3776,),operator,0,152,35
1146,3784,3785,if,keyword,0,153,6
1147,3786,3786,(,operator,0,153,8
1148,3788,3789,st,identifier,0,153,10
1149,3790,3790,[,operator,0,153,12
1150,3792,3792,i,identifier,0,153,14
1151,3794,3794,],operator,0,153,16
1152,3796,3796,),operator,0,153,18
1153,3797,3797,{,operator,0,153,19
1154,3807,3809,got,identifier,0,154,8
1155,3810,3810,[,operator,0,154,11
1156,3812,3812,i,identifier,0,154,13
1157,3814,3814,],operator,0,154,15
1158,3816,3816,=,operator,0,154,17
1159,3818,3821,true,keyword,0,154,19
1160,3822,3822,;,operator,0,154,23
1161,3832,3832,Q,identifier,0,155,8
1162,3833,3833,.,operator,0,155,9
1163,3834,3837,push,identifier,0,155,10
1164,3838,3838,(,operator,0,155,14
1165,3840,3840,i,identifier,0,155,16
1166,3842,3842,),operator,0,155,18
1167,3843,3843,;,operator,0,155,19
1168,3853,3854,lb,identifier,0,156,8
1169,3855,3855,[,operator,0,156,10
1170,3857,3857,i,identifier,0,156,12
1171,3859,3859,],operator,0,156,14
1172,3861,3861,=,operator,0,156,16
1173,3863,3864,rb,identifier,0,156,18
1174,3865,3865,[,operator,0,156,20
1175,3867,3867,i,identifier,0,156,22
1176,3869,3869,],operator,0,156,24
1177,3871,3871,=,operator,0,156,26
1178,3873,3875,clr,identifier,0,156,28
1179,3876,3876,[,operator,0,156,31
1180,3878,3878,i,identifier,0,156,33
1181,3880,3880,],operator,0,156,35
1182,3881,3881,;,operator,0,156,36
1183,3889,3889,},operator,0,157,6
1184,3895,3899,while,keyword,0,158,4
1185,3900,3900,(,operator,0,158,9
1186,3902,3902,Q,identifier,0,158,11
1187,3903,3903,.,operator,0,158,12
1188,3904,3907,size,identifier,0,158,13
1189,3908,3908,(,operator,0,158,17
1190,3909,3909,),operator,0,158,18
1191,3911,3911,),operator,0,158,20
1192,3912,3912,{,operator,0,158,21
1193,3920,3922,int,keyword,0,159,6
1194,3924,3925,tn,identifier,0,159,10
1195,3927,3927,=,operator,0,159,13
1196,3929,3929,Q,identifier,0,159,15
1197,3930,3930,.,operator,0,159,16
1198,3931,3935,front,identifier,0,159,17
1199,3936,3936,(,operator,0,159,22
1200,3937,3937,),operator,0,159,23
1201,3938,3938,;,operator,0,159,24
1202,3940,3940,Q,identifier,0,159,26
1203,3941,3941,.,operator,0,159,27
1204,3942,3944,pop,identifier,0,159,28
1205,3945,3945,(,operator,0,159,31
1206,3946,3946,),operator,0,159,32
1207,3947,3947,;,operator,0,159,33
1208,3955,3957,for,keyword,0,160,6
1209,3958,3958,(,operator,0,160,9
1210,3960,3962,int,keyword,0,160,11
1211,3964,3966,son,identifier,0,160,15
1212,3968,3968,:,operator,0,160,19
1213,3970,3970,v,identifier,0,160,21
1214,3971,3971,[,operator,0,160,22
1215,3973,3974,tn,identifier,0,160,24
1216,3976,3976,],operator,0,160,27
1217,3978,3978,),operator,0,160,29
1218,3979,3979,{,operator,0,160,30
1219,3989,3990,if,keyword,0,161,8
1220,3991,3991,(,operator,0,161,10
1221,3993,3995,got,identifier,0,161,12
1222,3996,3996,[,operator,0,161,15
1223,3998,4000,son,identifier,0,161,17
1224,4002,4002,],operator,0,161,21
1225,4004,4004,),operator,0,161,23
1226,4005,4005,{,operator,0,161,24
1227,4017,4018,lb,identifier,0,162,10
1228,4019,4019,[,operator,0,162,12
1229,4021,4023,son,identifier,0,162,14
1230,4025,4025,],operator,0,162,18
1231,4027,4027,=,operator,0,162,20
1232,4029,4031,max,identifier,0,162,22
1233,4032,4032,(,operator,0,162,25
1234,4034,4035,lb,identifier,0,162,27
1235,4036,4036,[,operator,0,162,29
1236,4038,4040,son,identifier,0,162,31
1237,4042,4042,],operator,0,162,35
1238,4044,4044,",",operator,0,162,37
1239,4046,4047,lb,identifier,0,162,39
1240,4048,4048,[,operator,0,162,41
1241,4050,4051,tn,identifier,0,162,43
1242,4053,4053,],operator,0,162,46
1243,4055,4055,-,operator,0,162,48
1244,4057,4057,1,integer,0,162,50
1245,4059,4059,),operator,0,162,52
1246,4060,4060,;,operator,0,162,53
1247,4072,4073,rb,identifier,0,163,10
1248,4074,4074,[,operator,0,163,12
1249,4076,4078,son,identifier,0,163,14
1250,4080,4080,],operator,0,163,18
1251,4082,4082,=,operator,0,163,20
1252,4084,4086,min,identifier,0,163,22
1253,4087,4087,(,operator,0,163,25
1254,4089,4090,rb,identifier,0,163,27
1255,4091,4091,[,operator,0,163,29
1256,4093,4095,son,identifier,0,163,31
1257,4097,4097,],operator,0,163,35
1258,4099,4099,",",operator,0,163,37
1259,4101,4102,rb,identifier,0,163,39
1260,4103,4103,[,operator,0,163,41
1261,4105,4106,tn,identifier,0,163,43
1262,4108,4108,],operator,0,163,46
1263,4110,4110,+,operator,0,163,48
1264,4112,4112,1,integer,0,163,50
1265,4114,4114,),operator,0,163,52
1266,4115,4115,;,operator,0,163,53
1267,4125,4125,},operator,0,164,8
1268,4126,4129,else,keyword,0,164,9
1269,4130,4130,{,operator,0,164,13
1270,4142,4144,got,identifier,0,165,10
1271,4145,4145,[,operator,0,165,13
1272,4147,4149,son,identifier,0,165,15
1273,4151,4151,],operator,0,165,19
1274,4153,4153,=,operator,0,165,21
1275,4155,4158,true,keyword,0,165,23
1276,4159,4159,;,operator,0,165,27
1277,4171,4171,Q,identifier,0,166,10
1278,4172,4172,.,operator,0,166,11
1279,4173,4176,push,identifier,0,166,12
1280,4177,4177,(,operator,0,166,16
1281,4179,4181,son,identifier,0,166,18
1282,4183,4183,),operator,0,166,22
1283,4184,4184,;,operator,0,166,23
1284,4196,4197,lb,identifier,0,167,10
1285,4198,4198,[,operator,0,167,12
1286,4200,4202,son,identifier,0,167,14
1287,4204,4204,],operator,0,167,18
1288,4206,4206,=,operator,0,167,20
1289,4208,4209,lb,identifier,0,167,22
1290,4210,4210,[,operator,0,167,24
1291,4212,4213,tn,identifier,0,167,26
1292,4215,4215,],operator,0,167,29
1293,4217,4217,-,operator,0,167,31
1294,4219,4219,1,integer,0,167,33
1295,4220,4220,;,operator,0,167,34
1296,4232,4233,rb,identifier,0,168,10
1297,4234,4234,[,operator,0,168,12
1298,4236,4238,son,identifier,0,168,14
1299,4240,4240,],operator,0,168,18
1300,4242,4242,=,operator,0,168,20
1301,4244,4245,rb,identifier,0,168,22
1302,4246,4246,[,operator,0,168,24
1303,4248,4249,tn,identifier,0,168,26
1304,4251,4251,],operator,0,168,29
1305,4253,4253,+,operator,0,168,31
1306,4255,4255,1,integer,0,168,33
1307,4256,4256,;,operator,0,168,34
1308,4266,4266,},operator,0,169,8
1309,4274,4274,},operator,0,170,6
1310,4280,4280,},operator,0,171,4
1311,4286,4287,if,keyword,0,172,4
1312,4288,4288,(,operator,0,172,6
1313,4290,4290,_,identifier,0,172,8
1314,4292,4293,==,operator,0,172,10
1315,4295,4295,0,integer,0,172,13
1316,4297,4297,),operator,0,172,15
1317,4298,4298,{,operator,0,172,16
1318,4306,4308,for,keyword,0,173,6
1319,4309,4309,(,operator,0,173,9
1320,4311,4313,int,keyword,0,173,11
1321,4315,4315,i,identifier,0,173,15
1322,4317,4317,=,operator,0,173,17
1323,4319,4319,1,integer,0,173,19
1324,4321,4321,;,operator,0,173,21
1325,4323,4323,i,identifier,0,173,23
1326,4325,4326,<=,operator,0,173,25
1327,4328,4328,n,identifier,0,173,28
1328,4330,4330,;,operator,0,173,30
1329,4332,4332,i,identifier,0,173,32
1330,4334,4335,++,operator,0,173,34
1331,4337,4337,),operator,0,173,37
1332,4347,4348,if,keyword,0,174,8
1333,4349,4349,(,operator,0,174,10
1334,4351,4352,lb,identifier,0,174,12
1335,4353,4353,[,operator,0,174,14
1336,4355,4355,i,identifier,0,174,16
1337,4357,4357,],operator,0,174,18
1338,4359,4359,>,operator,0,174,20
1339,4361,4362,rb,identifier,0,174,22
1340,4363,4363,[,operator,0,174,24
1341,4365,4365,i,identifier,0,174,26
1342,4367,4367,],operator,0,174,28
1343,4369,4369,),operator,0,174,30
1344,4370,4370,{,operator,0,174,31
1345,4382,4385,puts,identifier,0,175,10
1346,4386,4386,(,operator,0,175,14
1347,4388,4391,"""No""",string,0,175,16
1348,4393,4393,),operator,0,175,21
1349,4394,4394,;,operator,0,175,22
1350,4406,4409,exit,identifier,0,176,10
1351,4410,4410,(,operator,0,176,14
1352,4412,4412,0,integer,0,176,16
1353,4414,4414,),operator,0,176,18
1354,4415,4415,;,operator,0,176,19
1355,4425,4425,},operator,0,177,8
1356,4431,4431,},operator,0,178,4
1357,4437,4440,bool,keyword,0,179,4
1358,4442,4446,check,identifier,0,179,9
1359,4448,4448,=,operator,0,179,15
1360,4450,4453,gogo,identifier,0,179,17
1361,4454,4454,(,operator,0,179,21
1362,4455,4455,),operator,0,179,22
1363,4456,4456,;,operator,0,179,23
1364,4462,4463,if,keyword,0,180,4
1365,4464,4464,(,operator,0,180,6
1366,4466,4466,"!",operator,0,180,8
1367,4467,4470,okay,identifier,0,180,9
1368,4471,4471,(,operator,0,180,13
1369,4473,4473,1,integer,0,180,15
1370,4475,4475,",",operator,0,180,17
1371,4477,4477,1,integer,0,180,19
1372,4479,4479,",",operator,0,180,21
1373,4481,4481,0,integer,0,180,23
1374,4483,4483,),operator,0,180,25
1375,4485,4485,),operator,0,180,27
1376,4493,4497,check,identifier,0,181,6
1377,4499,4499,=,operator,0,181,12
1378,4501,4505,false,keyword,0,181,14
1379,4506,4506,;,operator,0,181,19
1380,4512,4514,for,keyword,0,182,4
1381,4515,4515,(,operator,0,182,7
1382,4517,4519,int,keyword,0,182,9
1383,4521,4521,i,identifier,0,182,13
1384,4523,4523,=,operator,0,182,15
1385,4525,4525,1,integer,0,182,17
1386,4527,4527,;,operator,0,182,19
1387,4529,4529,i,identifier,0,182,21
1388,4531,4532,<=,operator,0,182,23
1389,4534,4534,n,identifier,0,182,26
1390,4536,4536,;,operator,0,182,28
1391,4538,4538,i,identifier,0,182,30
1392,4540,4541,++,operator,0,182,32
1393,4543,4543,),operator,0,182,35
1394,4551,4552,if,keyword,0,183,6
1395,4553,4553,(,operator,0,183,8
1396,4555,4555,"!",operator,0,183,10
1397,4556,4557,st,identifier,0,183,11
1398,4558,4558,[,operator,0,183,13
1399,4560,4560,i,identifier,0,183,15
1400,4562,4562,],operator,0,183,17
1401,4564,4564,),operator,0,183,19
1402,4565,4565,{,operator,0,183,20
1403,4575,4579,check,identifier,0,184,8
1404,4581,4581,=,operator,0,184,14
1405,4583,4587,false,keyword,0,184,16
1406,4588,4588,;,operator,0,184,21
1407,4598,4602,break,keyword,0,185,8
1408,4603,4603,;,operator,0,185,13
1409,4611,4611,},operator,0,186,6
1410,4617,4618,if,keyword,0,187,4
1411,4619,4619,(,operator,0,187,6
1412,4621,4625,check,identifier,0,187,8
1413,4627,4627,),operator,0,187,14
1414,4628,4628,{,operator,0,187,15
1415,4636,4637,ya,identifier,0,188,6
1416,4639,4639,=,operator,0,188,9
1417,4641,4644,true,keyword,0,188,11
1418,4645,4645,;,operator,0,188,15
1419,4653,4657,break,keyword,0,189,6
1420,4658,4658,;,operator,0,189,11
1421,4664,4664,},operator,0,190,4
1422,4668,4668,},operator,0,191,2
1423,4672,4673,if,keyword,0,192,2
1424,4674,4674,(,operator,0,192,4
1425,4676,4677,ya,identifier,0,192,6
1426,4679,4679,),operator,0,192,9
1427,4680,4680,{,operator,0,192,10
1428,4686,4689,puts,identifier,0,193,4
1429,4690,4690,(,operator,0,193,8
1430,4692,4696,"""Yes""",string,0,193,10
1431,4698,4698,),operator,0,193,16
1432,4699,4699,;,operator,0,193,17
1433,4705,4707,for,keyword,0,194,4
1434,4708,4708,(,operator,0,194,7
1435,4710,4712,int,keyword,0,194,9
1436,4714,4714,i,identifier,0,194,13
1437,4716,4716,=,operator,0,194,15
1438,4718,4718,1,integer,0,194,17
1439,4720,4720,;,operator,0,194,19
1440,4722,4722,i,identifier,0,194,21
1441,4724,4725,<=,operator,0,194,23
1442,4727,4727,n,identifier,0,194,26
1443,4729,4729,;,operator,0,194,28
1444,4731,4731,i,identifier,0,194,30
1445,4733,4734,++,operator,0,194,32
1446,4736,4736,),operator,0,194,35
1447,4744,4749,printf,identifier,0,195,6
1448,4750,4750,(,operator,0,195,12
1449,4752,4757,"""%d\n""",string,0,195,14
1450,4759,4759,",",operator,0,195,21
1451,4761,4763,clr,identifier,0,195,23
1452,4764,4764,[,operator,0,195,26
1453,4766,4766,i,identifier,0,195,28
1454,4768,4768,],operator,0,195,30
1455,4770,4770,),operator,0,195,32
1456,4771,4771,;,operator,0,195,33
1457,4775,4775,},operator,0,196,2
1458,4776,4779,else,keyword,0,196,3
1459,4785,4788,puts,identifier,0,197,4
1460,4789,4789,(,operator,0,197,8
1461,4791,4794,"""No""",string,0,197,10
1462,4796,4796,),operator,0,197,15
1463,4797,4797,;,operator,0,197,16
1464,4799,4799,},operator,0,198,0
1465,4801,4803,int,keyword,0,199,0
1466,4805,4808,main,identifier,0,199,4
1467,4809,4809,(,operator,0,199,8
1468,4810,4810,),operator,0,199,9
1469,4811,4811,{,operator,0,199,10
1470,4815,4819,srand,identifier,0,200,2
1471,4820,4820,(,operator,0,200,7
1472,4822,4827,514514,integer,0,200,9
1473,4829,4829,),operator,0,200,16
1474,4830,4830,;,operator,0,200,17
1475,4834,4838,build,identifier,0,201,2
1476,4839,4839,(,operator,0,201,7
1477,4840,4840,),operator,0,201,8
1478,4841,4841,;,operator,0,201,9
1479,4864,4868,while,keyword,0,203,2
1480,4869,4869,(,operator,0,203,7
1481,4871,4872,__,identifier,0,203,9
1482,4874,4875,--,operator,0,203,12
1483,4877,4877,),operator,0,203,15
1484,4878,4878,{,operator,0,203,16
1485,4884,4887,init,identifier,0,204,4
1486,4888,4888,(,operator,0,204,8
1487,4889,4889,),operator,0,204,9
1488,4890,4890,;,operator,0,204,10
1489,4896,4900,solve,identifier,0,205,4
1490,4901,4901,(,operator,0,205,9
1491,4902,4902,),operator,0,205,10
1492,4903,4903,;,operator,0,205,11
1493,4907,4907,},operator,0,206,2
1494,4909,4909,},operator,0,207,0
1495,4911,4910,<EOF>,eof,0,208,0
