seqnr,start,stop,text,class,channel,line,column
0,0,15,"#include<cstdio>",directive,1,1,0
1,17,33,"#include<cstring>",directive,1,2,0
2,35,50,"#include<vector>",directive,1,3,0
3,52,66,"#include<queue>",directive,1,4,0
4,68,86,"#include<algorithm>",directive,1,5,0
5,88,102,"#include<cmath>",directive,1,6,0
6,104,120,"#include<climits>",directive,1,7,0
7,122,137,"#include<string>",directive,1,8,0
8,139,151,"#include<set>",directive,1,9,0
9,153,169,"#include<numeric>",directive,1,10,0
10,171,183,"#include<map>",directive,1,11,0
11,185,202,"#include<iostream>",directive,1,12,0
12,204,208,using,keyword,0,13,0
13,210,218,namespace,keyword,0,13,6
14,220,222,std,identifier,0,13,16
15,223,223,;,operator,0,13,19
16,225,272,"#define rep(i,n) for(int i = 0;i<((int)(n));i++)",directive,1,14,0
17,274,333,"#define reg(i,a,b) for(int i = ((int)(a));i<=((int)(b));i++)",directive,1,15,0
18,335,386,"#define irep(i,n) for(int i = ((int)(n)-1);i>=0;i--)",directive,1,16,0
19,388,448,"#define ireg(i,a,b) for(int i = ((int)(b));i>=((int)(a));i--)",directive,1,17,0
20,450,456,typedef,keyword,0,18,0
21,458,461,long,keyword,0,18,8
22,463,466,long,keyword,0,18,13
23,468,470,int,keyword,0,18,18
24,472,474,lli,identifier,0,18,22
25,475,475,;,operator,0,18,25
26,477,483,typedef,keyword,0,19,0
27,485,488,pair,identifier,0,19,8
28,489,489,<,operator,0,19,12
29,490,492,int,keyword,0,19,13
30,493,493,",",operator,0,19,16
31,495,497,int,keyword,0,19,18
32,498,498,>,operator,0,19,21
33,500,501,mp,identifier,0,19,23
34,502,502,;,operator,0,19,25
35,504,520,"#define fir first",directive,1,20,0
36,522,539,"#define sec second",directive,1,21,0
37,541,560,"#define IINF INT_MAX",directive,1,22,0
38,562,583,"#define LINF LLONG_MAX",directive,1,23,0
39,585,632,"#define eprintf(...) fprintf(stderr,__VA_ARGS__)",directive,1,24,0
40,634,700,"#define pque(type) priority_queue<type,vector<type>,greater<type> >",directive,1,25,0
41,702,741,"#define memst(a,b) memset(a,b,sizeof(a))",directive,1,26,0
42,744,746,int,keyword,0,28,0
43,748,751,main,identifier,0,28,4
44,752,752,(,operator,0,28,8
45,753,756,void,keyword,0,28,9
46,757,757,),operator,0,28,13
47,758,758,{,operator,0,28,14
48,984,986,int,keyword,0,36,1
49,988,988,n,identifier,0,36,5
50,989,989,;,operator,0,36,6
51,991,993,cin,identifier,0,36,8
52,995,995,>,operator,0,36,12
53,996,996,>,operator,0,36,13
54,998,998,n,identifier,0,36,15
55,999,999,;,operator,0,36,16
56,1002,1007,vector,identifier,0,37,1
57,1008,1008,<,operator,0,37,7
58,1009,1014,vector,identifier,0,37,8
59,1015,1015,<,operator,0,37,14
60,1016,1018,int,keyword,0,37,15
61,1019,1019,>,operator,0,37,18
62,1020,1020,>,operator,0,37,19
63,1022,1022,v,identifier,0,37,21
64,1023,1023,(,operator,0,37,22
65,1024,1024,n,identifier,0,37,23
66,1025,1025,),operator,0,37,24
67,1026,1026,;,operator,0,37,25
68,1029,1034,vector,identifier,0,38,1
69,1035,1035,<,operator,0,38,7
70,1036,1037,mp,identifier,0,38,8
71,1038,1038,>,operator,0,38,10
72,1040,1040,m,identifier,0,38,12
73,1041,1041,(,operator,0,38,13
74,1042,1042,n,identifier,0,38,14
75,1043,1043,",",operator,0,38,15
76,1045,1046,mp,identifier,0,38,17
77,1047,1047,(,operator,0,38,19
78,1048,1048,-,operator,0,38,20
79,1049,1049,1,integer,0,38,21
80,1050,1050,",",operator,0,38,22
81,1052,1052,-,operator,0,38,24
82,1053,1053,1,integer,0,38,25
83,1054,1054,),operator,0,38,26
84,1055,1055,),operator,0,38,27
85,1056,1056,;,operator,0,38,28
86,1059,1064,vector,identifier,0,39,1
87,1065,1065,<,operator,0,39,7
88,1066,1068,int,keyword,0,39,8
89,1069,1069,>,operator,0,39,11
90,1071,1071,d,identifier,0,39,13
91,1072,1072,(,operator,0,39,14
92,1073,1073,n,identifier,0,39,15
93,1074,1074,",",operator,0,39,16
94,1076,1076,-,operator,0,39,18
95,1077,1077,1,integer,0,39,19
96,1078,1078,),operator,0,39,20
97,1079,1079,;,operator,0,39,21
98,1082,1087,vector,identifier,0,40,1
99,1088,1088,<,operator,0,40,7
100,1089,1092,bool,keyword,0,40,8
101,1093,1093,>,operator,0,40,12
102,1095,1095,u,identifier,0,40,14
103,1096,1096,(,operator,0,40,15
104,1097,1097,n,identifier,0,40,16
105,1098,1098,",",operator,0,40,17
106,1100,1104,false,keyword,0,40,19
107,1105,1105,),operator,0,40,24
108,1106,1106,;,operator,0,40,25
109,1109,1111,rep,identifier,0,41,1
110,1112,1112,(,operator,0,41,4
111,1113,1113,i,identifier,0,41,5
112,1114,1114,",",operator,0,41,6
113,1116,1116,n,identifier,0,41,8
114,1117,1117,-,operator,0,41,9
115,1118,1118,1,integer,0,41,10
116,1119,1119,),operator,0,41,11
117,1120,1120,{,operator,0,41,12
118,1124,1126,int,keyword,0,42,2
119,1128,1129,ta,identifier,0,42,6
120,1130,1130,",",operator,0,42,8
121,1132,1133,tb,identifier,0,42,10
122,1134,1134,;,operator,0,42,12
123,1136,1138,cin,identifier,0,42,14
124,1140,1140,>,operator,0,42,18
125,1141,1141,>,operator,0,42,19
126,1143,1144,ta,identifier,0,42,21
127,1146,1146,>,operator,0,42,24
128,1147,1147,>,operator,0,42,25
129,1149,1150,tb,identifier,0,42,27
130,1151,1151,;,operator,0,42,29
131,1153,1154,ta,identifier,0,42,31
132,1155,1156,--,operator,0,42,33
133,1157,1157,;,operator,0,42,35
134,1159,1160,tb,identifier,0,42,37
135,1161,1162,--,operator,0,42,39
136,1163,1163,;,operator,0,42,41
137,1167,1167,v,identifier,0,43,2
138,1168,1168,[,operator,0,43,3
139,1169,1170,ta,identifier,0,43,4
140,1171,1171,],operator,0,43,6
141,1172,1172,.,operator,0,43,7
142,1173,1181,push_back,identifier,0,43,8
143,1182,1182,(,operator,0,43,17
144,1183,1184,tb,identifier,0,43,18
145,1185,1185,),operator,0,43,20
146,1186,1186,;,operator,0,43,21
147,1190,1190,v,identifier,0,44,2
148,1191,1191,[,operator,0,44,3
149,1192,1193,tb,identifier,0,44,4
150,1194,1194,],operator,0,44,6
151,1195,1195,.,operator,0,44,7
152,1196,1204,push_back,identifier,0,44,8
153,1205,1205,(,operator,0,44,17
154,1206,1207,ta,identifier,0,44,18
155,1208,1208,),operator,0,44,20
156,1209,1209,;,operator,0,44,21
157,1212,1212,},operator,0,45,1
158,1217,1221,queue,identifier,0,47,1
159,1222,1222,<,operator,0,47,6
160,1223,1225,int,keyword,0,47,7
161,1226,1226,>,operator,0,47,10
162,1228,1229,qq,identifier,0,47,12
163,1230,1230,;,operator,0,47,14
164,1232,1233,qq,identifier,0,47,16
165,1234,1234,.,operator,0,47,18
166,1235,1238,push,identifier,0,47,19
167,1239,1239,(,operator,0,47,23
168,1240,1240,0,integer,0,47,24
169,1241,1241,),operator,0,47,25
170,1242,1242,;,operator,0,47,26
171,1244,1244,d,identifier,0,47,28
172,1245,1245,[,operator,0,47,29
173,1246,1246,0,integer,0,47,30
174,1247,1247,],operator,0,47,31
175,1249,1249,=,operator,0,47,33
176,1251,1251,0,integer,0,47,35
177,1252,1252,;,operator,0,47,36
178,1255,1259,while,keyword,0,48,1
179,1260,1260,(,operator,0,48,6
180,1261,1261,"!",operator,0,48,7
181,1262,1263,qq,identifier,0,48,8
182,1264,1264,.,operator,0,48,10
183,1265,1269,empty,identifier,0,48,11
184,1270,1270,(,operator,0,48,16
185,1271,1271,),operator,0,48,17
186,1272,1272,),operator,0,48,18
187,1273,1273,{,operator,0,48,19
188,1277,1279,int,keyword,0,49,2
189,1281,1281,p,identifier,0,49,6
190,1283,1283,=,operator,0,49,8
191,1285,1286,qq,identifier,0,49,10
192,1287,1287,.,operator,0,49,12
193,1288,1292,front,identifier,0,49,13
194,1293,1293,(,operator,0,49,18
195,1294,1294,),operator,0,49,19
196,1295,1295,;,operator,0,49,20
197,1297,1298,qq,identifier,0,49,22
198,1299,1299,.,operator,0,49,24
199,1300,1302,pop,identifier,0,49,25
200,1303,1303,(,operator,0,49,28
201,1304,1304,),operator,0,49,29
202,1305,1305,;,operator,0,49,30
203,1309,1311,rep,identifier,0,50,2
204,1312,1312,(,operator,0,50,5
205,1313,1313,i,identifier,0,50,6
206,1314,1314,",",operator,0,50,7
207,1316,1316,v,identifier,0,50,9
208,1317,1317,[,operator,0,50,10
209,1318,1318,p,identifier,0,50,11
210,1319,1319,],operator,0,50,12
211,1320,1320,.,operator,0,50,13
212,1321,1324,size,identifier,0,50,14
213,1325,1325,(,operator,0,50,18
214,1326,1326,),operator,0,50,19
215,1327,1327,),operator,0,50,20
216,1329,1330,if,keyword,0,50,22
217,1331,1331,(,operator,0,50,24
218,1332,1332,d,identifier,0,50,25
219,1333,1333,[,operator,0,50,26
220,1334,1334,v,identifier,0,50,27
221,1335,1335,[,operator,0,50,28
222,1336,1336,p,identifier,0,50,29
223,1337,1337,],operator,0,50,30
224,1338,1338,[,operator,0,50,31
225,1339,1339,i,identifier,0,50,32
226,1340,1340,],operator,0,50,33
227,1341,1341,],operator,0,50,34
228,1343,1344,==,operator,0,50,36
229,1346,1346,-,operator,0,50,39
230,1347,1347,1,integer,0,50,40
231,1348,1348,),operator,0,50,41
232,1349,1349,{,operator,0,50,42
233,1354,1354,d,identifier,0,51,3
234,1355,1355,[,operator,0,51,4
235,1356,1356,v,identifier,0,51,5
236,1357,1357,[,operator,0,51,6
237,1358,1358,p,identifier,0,51,7
238,1359,1359,],operator,0,51,8
239,1360,1360,[,operator,0,51,9
240,1361,1361,i,identifier,0,51,10
241,1362,1362,],operator,0,51,11
242,1363,1363,],operator,0,51,12
243,1365,1365,=,operator,0,51,14
244,1367,1367,d,identifier,0,51,16
245,1368,1368,[,operator,0,51,17
246,1369,1369,p,identifier,0,51,18
247,1370,1370,],operator,0,51,19
248,1372,1372,+,operator,0,51,21
249,1374,1374,1,integer,0,51,23
250,1375,1375,;,operator,0,51,24
251,1380,1381,qq,identifier,0,52,3
252,1382,1382,.,operator,0,52,5
253,1383,1386,push,identifier,0,52,6
254,1387,1387,(,operator,0,52,10
255,1388,1388,v,identifier,0,52,11
256,1389,1389,[,operator,0,52,12
257,1390,1390,p,identifier,0,52,13
258,1391,1391,],operator,0,52,14
259,1392,1392,[,operator,0,52,15
260,1393,1393,i,identifier,0,52,16
261,1394,1394,],operator,0,52,17
262,1395,1395,),operator,0,52,18
263,1396,1396,;,operator,0,52,19
264,1400,1400,},operator,0,53,2
265,1403,1403,},operator,0,54,1
266,1408,1421,priority_queue,identifier,0,56,1
267,1422,1422,<,operator,0,56,15
268,1423,1424,mp,identifier,0,56,16
269,1425,1425,>,operator,0,56,18
270,1427,1427,q,identifier,0,56,20
271,1428,1428,;,operator,0,56,21
272,1432,1434,int,keyword,0,57,1
273,1436,1436,k,identifier,0,57,5
274,1437,1437,;,operator,0,57,6
275,1439,1441,cin,identifier,0,57,8
276,1443,1443,>,operator,0,57,12
277,1444,1444,>,operator,0,57,13
278,1446,1446,k,identifier,0,57,15
279,1447,1447,;,operator,0,57,16
280,1450,1452,rep,identifier,0,58,1
281,1453,1453,(,operator,0,58,4
282,1454,1454,i,identifier,0,58,5
283,1455,1455,",",operator,0,58,6
284,1457,1457,k,identifier,0,58,8
285,1458,1458,),operator,0,58,9
286,1459,1459,{,operator,0,58,10
287,1463,1465,int,keyword,0,59,2
288,1467,1468,tv,identifier,0,59,6
289,1469,1469,",",operator,0,59,8
290,1471,1472,tp,identifier,0,59,10
291,1473,1473,;,operator,0,59,12
292,1475,1477,cin,identifier,0,59,14
293,1479,1479,>,operator,0,59,18
294,1480,1480,>,operator,0,59,19
295,1482,1483,tv,identifier,0,59,21
296,1485,1485,>,operator,0,59,24
297,1486,1486,>,operator,0,59,25
298,1488,1489,tp,identifier,0,59,27
299,1490,1490,;,operator,0,59,29
300,1492,1493,tv,identifier,0,59,31
301,1494,1495,--,operator,0,59,33
302,1496,1496,;,operator,0,59,35
303,1500,1500,m,identifier,0,60,2
304,1501,1501,[,operator,0,60,3
305,1502,1503,tv,identifier,0,60,4
306,1504,1504,],operator,0,60,6
307,1506,1506,=,operator,0,60,8
308,1508,1509,mp,identifier,0,60,10
309,1510,1510,(,operator,0,60,12
310,1511,1512,tp,identifier,0,60,13
311,1513,1513,",",operator,0,60,15
312,1515,1515,0,integer,0,60,17
313,1516,1516,),operator,0,60,18
314,1517,1517,;,operator,0,60,19
315,1521,1521,q,identifier,0,61,2
316,1522,1522,.,operator,0,61,3
317,1523,1526,push,identifier,0,61,4
318,1527,1527,(,operator,0,61,8
319,1528,1529,mp,identifier,0,61,9
320,1530,1530,(,operator,0,61,11
321,1531,1531,d,identifier,0,61,12
322,1532,1532,[,operator,0,61,13
323,1533,1534,tv,identifier,0,61,14
324,1535,1535,],operator,0,61,16
325,1536,1536,",",operator,0,61,17
326,1538,1539,tv,identifier,0,61,19
327,1540,1540,),operator,0,61,21
328,1541,1541,),operator,0,61,22
329,1542,1542,;,operator,0,61,23
330,1545,1545,},operator,0,62,1
331,1550,1554,while,keyword,0,64,1
332,1555,1555,(,operator,0,64,6
333,1556,1556,"!",operator,0,64,7
334,1557,1557,q,identifier,0,64,8
335,1558,1558,.,operator,0,64,9
336,1559,1563,empty,identifier,0,64,10
337,1564,1564,(,operator,0,64,15
338,1565,1565,),operator,0,64,16
339,1566,1566,),operator,0,64,17
340,1567,1567,{,operator,0,64,18
341,1571,1572,mp,identifier,0,65,2
342,1574,1574,p,identifier,0,65,5
343,1576,1576,=,operator,0,65,7
344,1578,1578,q,identifier,0,65,9
345,1579,1579,.,operator,0,65,10
346,1580,1582,top,identifier,0,65,11
347,1583,1583,(,operator,0,65,14
348,1584,1584,),operator,0,65,15
349,1585,1585,;,operator,0,65,16
350,1587,1587,q,identifier,0,65,18
351,1588,1588,.,operator,0,65,19
352,1589,1591,pop,identifier,0,65,20
353,1592,1592,(,operator,0,65,23
354,1593,1593,),operator,0,65,24
355,1594,1594,;,operator,0,65,25
356,1598,1599,if,keyword,0,66,2
357,1600,1600,(,operator,0,66,4
358,1601,1601,u,identifier,0,66,5
359,1602,1602,[,operator,0,66,6
360,1603,1603,p,identifier,0,66,7
361,1604,1604,.,operator,0,66,8
362,1605,1607,sec,identifier,0,66,9
363,1608,1608,],operator,0,66,12
364,1609,1609,),operator,0,66,13
365,1611,1618,continue,keyword,0,66,15
366,1619,1619,;,operator,0,66,23
367,1623,1623,u,identifier,0,67,2
368,1624,1624,[,operator,0,67,3
369,1625,1625,p,identifier,0,67,4
370,1626,1626,.,operator,0,67,5
371,1627,1629,sec,identifier,0,67,6
372,1630,1630,],operator,0,67,9
373,1632,1632,=,operator,0,67,11
374,1634,1637,true,keyword,0,67,13
375,1638,1638,;,operator,0,67,17
376,1642,1644,rep,identifier,0,68,2
377,1645,1645,(,operator,0,68,5
378,1646,1646,i,identifier,0,68,6
379,1647,1647,",",operator,0,68,7
380,1649,1649,v,identifier,0,68,9
381,1650,1650,[,operator,0,68,10
382,1651,1651,p,identifier,0,68,11
383,1652,1652,.,operator,0,68,12
384,1653,1655,sec,identifier,0,68,13
385,1656,1656,],operator,0,68,16
386,1657,1657,.,operator,0,68,17
387,1658,1661,size,identifier,0,68,18
388,1662,1662,(,operator,0,68,22
389,1663,1663,),operator,0,68,23
390,1664,1664,),operator,0,68,24
391,1665,1665,{,operator,0,68,25
392,1670,1672,int,keyword,0,69,3
393,1674,1674,e,identifier,0,69,7
394,1676,1676,=,operator,0,69,9
395,1678,1678,v,identifier,0,69,11
396,1679,1679,[,operator,0,69,12
397,1680,1680,p,identifier,0,69,13
398,1681,1681,.,operator,0,69,14
399,1682,1684,sec,identifier,0,69,15
400,1685,1685,],operator,0,69,18
401,1686,1686,[,operator,0,69,19
402,1687,1687,i,identifier,0,69,20
403,1688,1688,],operator,0,69,21
404,1689,1689,;,operator,0,69,22
405,1694,1695,if,keyword,0,70,3
406,1696,1696,(,operator,0,70,5
407,1697,1697,d,identifier,0,70,6
408,1698,1698,[,operator,0,70,7
409,1699,1699,e,identifier,0,70,8
410,1700,1700,],operator,0,70,9
411,1702,1703,"!=",operator,0,70,11
412,1705,1705,p,identifier,0,70,14
413,1706,1706,.,operator,0,70,15
414,1707,1709,fir,identifier,0,70,16
415,1711,1711,-,operator,0,70,20
416,1713,1713,1,integer,0,70,22
417,1714,1714,),operator,0,70,23
418,1716,1723,continue,keyword,0,70,25
419,1724,1724,;,operator,0,70,33
420,1729,1730,if,keyword,0,71,3
421,1731,1731,(,operator,0,71,5
422,1732,1732,m,identifier,0,71,6
423,1733,1733,[,operator,0,71,7
424,1734,1734,e,identifier,0,71,8
425,1735,1735,],operator,0,71,9
426,1737,1738,"!=",operator,0,71,11
427,1740,1741,mp,identifier,0,71,14
428,1742,1742,(,operator,0,71,16
429,1743,1743,-,operator,0,71,17
430,1744,1744,1,integer,0,71,18
431,1745,1745,",",operator,0,71,19
432,1747,1747,-,operator,0,71,21
433,1748,1748,1,integer,0,71,22
434,1749,1749,),operator,0,71,23
435,1750,1750,),operator,0,71,24
436,1751,1751,{,operator,0,71,25
437,1757,1758,mp,identifier,0,72,4
438,1760,1761,ml,identifier,0,72,7
439,1763,1763,=,operator,0,72,10
440,1765,1765,m,identifier,0,72,12
441,1766,1766,[,operator,0,72,13
442,1767,1767,e,identifier,0,72,14
443,1768,1768,],operator,0,72,15
444,1769,1769,",",operator,0,72,16
445,1771,1772,ms,identifier,0,72,18
446,1774,1774,=,operator,0,72,21
447,1776,1776,m,identifier,0,72,23
448,1777,1777,[,operator,0,72,24
449,1778,1778,p,identifier,0,72,25
450,1779,1779,.,operator,0,72,26
451,1780,1782,sec,identifier,0,72,27
452,1783,1783,],operator,0,72,30
453,1784,1784,;,operator,0,72,31
454,1786,1787,ms,identifier,0,72,33
455,1788,1788,.,operator,0,72,35
456,1789,1791,sec,identifier,0,72,36
457,1792,1793,++,operator,0,72,39
458,1794,1794,;,operator,0,72,41
459,1800,1801,if,keyword,0,73,4
460,1802,1802,(,operator,0,73,6
461,1803,1803,(,operator,0,73,7
462,1804,1805,ml,identifier,0,73,8
463,1806,1806,.,operator,0,73,10
464,1807,1809,fir,identifier,0,73,11
465,1810,1810,+,operator,0,73,14
466,1811,1812,ml,identifier,0,73,15
467,1813,1813,.,operator,0,73,17
468,1814,1816,sec,identifier,0,73,18
469,1817,1817,),operator,0,73,21
470,1818,1818,%,operator,0,73,22
471,1819,1819,2,integer,0,73,23
472,1821,1822,"!=",operator,0,73,25
473,1824,1824,(,operator,0,73,28
474,1825,1826,ms,identifier,0,73,29
475,1827,1827,.,operator,0,73,31
476,1828,1830,fir,identifier,0,73,32
477,1831,1831,+,operator,0,73,35
478,1832,1833,ms,identifier,0,73,36
479,1834,1834,.,operator,0,73,38
480,1835,1837,sec,identifier,0,73,39
481,1838,1838,),operator,0,73,42
482,1839,1839,%,operator,0,73,43
483,1840,1840,2,integer,0,73,44
484,1841,1841,),operator,0,73,45
485,1842,1842,{,operator,0,73,46
486,1843,1846,cout,identifier,0,73,47
487,1848,1848,<,operator,0,73,52
488,1849,1849,<,operator,0,73,53
489,1851,1854,"""No""",string,0,73,55
490,1856,1856,<,operator,0,73,60
491,1857,1857,<,operator,0,73,61
492,1859,1862,endl,identifier,0,73,63
493,1863,1863,;,operator,0,73,67
494,1865,1870,return,keyword,0,73,69
495,1872,1872,0,integer,0,73,76
496,1873,1873,;,operator,0,73,77
497,1874,1874,},operator,0,73,78
498,1880,1882,int,keyword,0,74,4
499,1884,1885,mi,identifier,0,74,8
500,1888,1888,=,operator,0,74,12
501,1890,1892,max,identifier,0,74,14
502,1893,1893,(,operator,0,74,17
503,1894,1895,ml,identifier,0,74,18
504,1896,1896,.,operator,0,74,20
505,1897,1899,fir,identifier,0,74,21
506,1901,1901,-,operator,0,74,25
507,1903,1904,ml,identifier,0,74,27
508,1905,1905,.,operator,0,74,29
509,1906,1908,sec,identifier,0,74,30
510,1909,1909,",",operator,0,74,33
511,1911,1912,ms,identifier,0,74,35
512,1913,1913,.,operator,0,74,37
513,1914,1916,fir,identifier,0,74,38
514,1918,1918,-,operator,0,74,42
515,1920,1921,ms,identifier,0,74,44
516,1922,1922,.,operator,0,74,46
517,1923,1925,sec,identifier,0,74,47
518,1926,1926,),operator,0,74,50
519,1927,1927,;,operator,0,74,51
520,1933,1935,int,keyword,0,75,4
521,1937,1938,ma,identifier,0,75,8
522,1941,1941,=,operator,0,75,12
523,1943,1945,min,identifier,0,75,14
524,1946,1946,(,operator,0,75,17
525,1947,1948,ml,identifier,0,75,18
526,1949,1949,.,operator,0,75,20
527,1950,1952,fir,identifier,0,75,21
528,1954,1954,+,operator,0,75,25
529,1956,1957,ml,identifier,0,75,27
530,1958,1958,.,operator,0,75,29
531,1959,1961,sec,identifier,0,75,30
532,1962,1962,",",operator,0,75,33
533,1964,1965,ms,identifier,0,75,35
534,1966,1966,.,operator,0,75,37
535,1967,1969,fir,identifier,0,75,38
536,1971,1971,+,operator,0,75,42
537,1973,1974,ms,identifier,0,75,44
538,1975,1975,.,operator,0,75,46
539,1976,1978,sec,identifier,0,75,47
540,1979,1979,),operator,0,75,50
541,1980,1980,;,operator,0,75,51
542,1986,1987,if,keyword,0,76,4
543,1988,1988,(,operator,0,76,6
544,1989,1990,ma,identifier,0,76,7
545,1992,1992,<,operator,0,76,10
546,1994,1995,mi,identifier,0,76,12
547,1996,1996,),operator,0,76,14
548,1997,1997,{,operator,0,76,15
549,1998,2001,cout,identifier,0,76,16
550,2003,2003,<,operator,0,76,21
551,2004,2004,<,operator,0,76,22
552,2006,2009,"""No""",string,0,76,24
553,2011,2011,<,operator,0,76,29
554,2012,2012,<,operator,0,76,30
555,2014,2017,endl,identifier,0,76,32
556,2018,2018,;,operator,0,76,36
557,2020,2025,return,keyword,0,76,38
558,2027,2027,0,integer,0,76,45
559,2028,2028,;,operator,0,76,46
560,2029,2029,},operator,0,76,47
561,2035,2035,m,identifier,0,77,4
562,2036,2036,[,operator,0,77,5
563,2037,2037,e,identifier,0,77,6
564,2038,2038,],operator,0,77,7
565,2040,2040,=,operator,0,77,9
566,2042,2043,mp,identifier,0,77,11
567,2044,2044,(,operator,0,77,13
568,2045,2045,(,operator,0,77,14
569,2046,2047,ma,identifier,0,77,15
570,2048,2048,+,operator,0,77,17
571,2049,2050,mi,identifier,0,77,18
572,2051,2051,),operator,0,77,20
573,2052,2052,/,operator,0,77,21
574,2053,2053,2,integer,0,77,22
575,2054,2054,",",operator,0,77,23
576,2056,2056,(,operator,0,77,25
577,2057,2058,ma,identifier,0,77,26
578,2059,2059,-,operator,0,77,28
579,2060,2061,mi,identifier,0,77,29
580,2062,2062,),operator,0,77,31
581,2063,2063,/,operator,0,77,32
582,2064,2064,2,integer,0,77,33
583,2065,2065,),operator,0,77,34
584,2066,2066,;,operator,0,77,35
585,2072,2072,q,identifier,0,78,4
586,2073,2073,.,operator,0,78,5
587,2074,2077,push,identifier,0,78,6
588,2078,2078,(,operator,0,78,10
589,2079,2080,mp,identifier,0,78,11
590,2081,2081,(,operator,0,78,13
591,2082,2082,p,identifier,0,78,14
592,2083,2083,.,operator,0,78,15
593,2084,2086,fir,identifier,0,78,16
594,2088,2088,-,operator,0,78,20
595,2090,2090,1,integer,0,78,22
596,2091,2091,",",operator,0,78,23
597,2093,2093,e,identifier,0,78,25
598,2094,2094,),operator,0,78,26
599,2095,2095,),operator,0,78,27
600,2096,2096,;,operator,0,78,28
601,2101,2101,},operator,0,79,3
602,2102,2105,else,keyword,0,79,4
603,2106,2106,{,operator,0,79,8
604,2112,2112,m,identifier,0,80,4
605,2113,2113,[,operator,0,80,5
606,2114,2114,e,identifier,0,80,6
607,2115,2115,],operator,0,80,7
608,2117,2117,=,operator,0,80,9
609,2119,2120,mp,identifier,0,80,11
610,2121,2121,(,operator,0,80,13
611,2122,2122,m,identifier,0,80,14
612,2123,2123,[,operator,0,80,15
613,2124,2124,p,identifier,0,80,16
614,2125,2125,.,operator,0,80,17
615,2126,2128,sec,identifier,0,80,18
616,2129,2129,],operator,0,80,21
617,2130,2130,.,operator,0,80,22
618,2131,2133,fir,identifier,0,80,23
619,2134,2134,",",operator,0,80,26
620,2136,2136,m,identifier,0,80,28
621,2137,2137,[,operator,0,80,29
622,2138,2138,p,identifier,0,80,30
623,2139,2139,.,operator,0,80,31
624,2140,2142,sec,identifier,0,80,32
625,2143,2143,],operator,0,80,35
626,2144,2144,.,operator,0,80,36
627,2145,2147,sec,identifier,0,80,37
628,2149,2149,+,operator,0,80,41
629,2151,2151,1,integer,0,80,43
630,2152,2152,),operator,0,80,44
631,2153,2153,;,operator,0,80,45
632,2159,2159,q,identifier,0,81,4
633,2160,2160,.,operator,0,81,5
634,2161,2164,push,identifier,0,81,6
635,2165,2165,(,operator,0,81,10
636,2166,2167,mp,identifier,0,81,11
637,2168,2168,(,operator,0,81,13
638,2169,2169,p,identifier,0,81,14
639,2170,2170,.,operator,0,81,15
640,2171,2173,fir,identifier,0,81,16
641,2175,2175,-,operator,0,81,20
642,2177,2177,1,integer,0,81,22
643,2178,2178,",",operator,0,81,23
644,2180,2180,e,identifier,0,81,25
645,2181,2181,),operator,0,81,26
646,2182,2182,),operator,0,81,27
647,2183,2183,;,operator,0,81,28
648,2188,2188,},operator,0,82,3
649,2192,2192,},operator,0,83,2
650,2195,2195,},operator,0,84,1
651,2200,2203,cout,identifier,0,86,1
652,2205,2205,<,operator,0,86,6
653,2206,2206,<,operator,0,86,7
654,2208,2212,"""Yes""",string,0,86,9
655,2214,2214,<,operator,0,86,15
656,2215,2215,<,operator,0,86,16
657,2217,2220,endl,identifier,0,86,18
658,2221,2221,;,operator,0,86,22
659,2227,2232,vector,identifier,0,88,1
660,2233,2233,<,operator,0,88,7
661,2234,2236,int,keyword,0,88,8
662,2237,2237,>,operator,0,88,11
663,2239,2239,o,identifier,0,88,13
664,2240,2240,(,operator,0,88,14
665,2241,2241,n,identifier,0,88,15
666,2242,2242,",",operator,0,88,16
667,2244,2244,-,operator,0,88,18
668,2245,2245,1,integer,0,88,19
669,2246,2246,),operator,0,88,20
670,2247,2247,;,operator,0,88,21
671,2250,2251,qq,identifier,0,89,1
672,2252,2252,.,operator,0,89,3
673,2253,2256,push,identifier,0,89,4
674,2257,2257,(,operator,0,89,8
675,2258,2258,0,integer,0,89,9
676,2259,2259,),operator,0,89,10
677,2260,2260,;,operator,0,89,11
678,2262,2262,o,identifier,0,89,13
679,2263,2263,[,operator,0,89,14
680,2264,2264,0,integer,0,89,15
681,2265,2265,],operator,0,89,16
682,2267,2267,=,operator,0,89,18
683,2269,2269,m,identifier,0,89,20
684,2270,2270,[,operator,0,89,21
685,2271,2271,0,integer,0,89,22
686,2272,2272,],operator,0,89,23
687,2273,2273,.,operator,0,89,24
688,2274,2276,fir,identifier,0,89,25
689,2278,2278,+,operator,0,89,29
690,2280,2280,m,identifier,0,89,31
691,2281,2281,[,operator,0,89,32
692,2282,2282,0,integer,0,89,33
693,2283,2283,],operator,0,89,34
694,2284,2284,.,operator,0,89,35
695,2285,2287,sec,identifier,0,89,36
696,2288,2288,;,operator,0,89,39
697,2291,2295,while,keyword,0,90,1
698,2296,2296,(,operator,0,90,6
699,2297,2297,"!",operator,0,90,7
700,2298,2299,qq,identifier,0,90,8
701,2300,2300,.,operator,0,90,10
702,2301,2305,empty,identifier,0,90,11
703,2306,2306,(,operator,0,90,16
704,2307,2307,),operator,0,90,17
705,2308,2308,),operator,0,90,18
706,2309,2309,{,operator,0,90,19
707,2313,2315,int,keyword,0,91,2
708,2317,2317,p,identifier,0,91,6
709,2319,2319,=,operator,0,91,8
710,2321,2322,qq,identifier,0,91,10
711,2323,2323,.,operator,0,91,12
712,2324,2328,front,identifier,0,91,13
713,2329,2329,(,operator,0,91,18
714,2330,2330,),operator,0,91,19
715,2331,2331,;,operator,0,91,20
716,2333,2334,qq,identifier,0,91,22
717,2335,2335,.,operator,0,91,24
718,2336,2338,pop,identifier,0,91,25
719,2339,2339,(,operator,0,91,28
720,2340,2340,),operator,0,91,29
721,2341,2341,;,operator,0,91,30
722,2345,2347,rep,identifier,0,92,2
723,2348,2348,(,operator,0,92,5
724,2349,2349,i,identifier,0,92,6
725,2350,2350,",",operator,0,92,7
726,2352,2352,v,identifier,0,92,9
727,2353,2353,[,operator,0,92,10
728,2354,2354,p,identifier,0,92,11
729,2355,2355,],operator,0,92,12
730,2356,2356,.,operator,0,92,13
731,2357,2360,size,identifier,0,92,14
732,2361,2361,(,operator,0,92,18
733,2362,2362,),operator,0,92,19
734,2363,2363,),operator,0,92,20
735,2365,2366,if,keyword,0,92,22
736,2367,2367,(,operator,0,92,24
737,2368,2368,o,identifier,0,92,25
738,2369,2369,[,operator,0,92,26
739,2370,2370,v,identifier,0,92,27
740,2371,2371,[,operator,0,92,28
741,2372,2372,p,identifier,0,92,29
742,2373,2373,],operator,0,92,30
743,2374,2374,[,operator,0,92,31
744,2375,2375,i,identifier,0,92,32
745,2376,2376,],operator,0,92,33
746,2377,2377,],operator,0,92,34
747,2379,2380,==,operator,0,92,36
748,2382,2382,-,operator,0,92,39
749,2383,2383,1,integer,0,92,40
750,2384,2384,),operator,0,92,41
751,2385,2385,{,operator,0,92,42
752,2390,2392,int,keyword,0,93,3
753,2394,2394,t,identifier,0,93,7
754,2396,2396,=,operator,0,93,9
755,2398,2398,o,identifier,0,93,11
756,2399,2399,[,operator,0,93,12
757,2400,2400,p,identifier,0,93,13
758,2401,2401,],operator,0,93,14
759,2403,2403,+,operator,0,93,16
760,2405,2405,1,integer,0,93,18
761,2406,2406,;,operator,0,93,19
762,2411,2412,if,keyword,0,94,3
763,2413,2413,(,operator,0,94,5
764,2414,2414,m,identifier,0,94,6
765,2415,2415,[,operator,0,94,7
766,2416,2416,v,identifier,0,94,8
767,2417,2417,[,operator,0,94,9
768,2418,2418,p,identifier,0,94,10
769,2419,2419,],operator,0,94,11
770,2420,2420,[,operator,0,94,12
771,2421,2421,i,identifier,0,94,13
772,2422,2422,],operator,0,94,14
773,2423,2423,],operator,0,94,15
774,2424,2424,.,operator,0,94,16
775,2425,2427,fir,identifier,0,94,17
776,2429,2430,"!=",operator,0,94,21
777,2432,2432,-,operator,0,94,24
778,2433,2433,1,integer,0,94,25
779,2435,2436,&&,operator,0,94,27
780,2438,2438,(,operator,0,94,30
781,2439,2439,m,identifier,0,94,31
782,2440,2440,[,operator,0,94,32
783,2441,2441,v,identifier,0,94,33
784,2442,2442,[,operator,0,94,34
785,2443,2443,p,identifier,0,94,35
786,2444,2444,],operator,0,94,36
787,2445,2445,[,operator,0,94,37
788,2446,2446,i,identifier,0,94,38
789,2447,2447,],operator,0,94,39
790,2448,2448,],operator,0,94,40
791,2449,2449,.,operator,0,94,41
792,2450,2452,fir,identifier,0,94,42
793,2453,2453,-,operator,0,94,45
794,2454,2454,m,identifier,0,94,46
795,2455,2455,[,operator,0,94,47
796,2456,2456,v,identifier,0,94,48
797,2457,2457,[,operator,0,94,49
798,2458,2458,p,identifier,0,94,50
799,2459,2459,],operator,0,94,51
800,2460,2460,[,operator,0,94,52
801,2461,2461,i,identifier,0,94,53
802,2462,2462,],operator,0,94,54
803,2463,2463,],operator,0,94,55
804,2464,2464,.,operator,0,94,56
805,2465,2467,sec,identifier,0,94,57
806,2469,2469,>,operator,0,94,61
807,2471,2471,t,identifier,0,94,63
808,2473,2474,||,operator,0,94,65
809,2476,2476,t,identifier,0,94,68
810,2478,2478,>,operator,0,94,70
811,2480,2480,m,identifier,0,94,72
812,2481,2481,[,operator,0,94,73
813,2482,2482,v,identifier,0,94,74
814,2483,2483,[,operator,0,94,75
815,2484,2484,p,identifier,0,94,76
816,2485,2485,],operator,0,94,77
817,2486,2486,[,operator,0,94,78
818,2487,2487,i,identifier,0,94,79
819,2488,2488,],operator,0,94,80
820,2489,2489,],operator,0,94,81
821,2490,2490,.,operator,0,94,82
822,2491,2493,fir,identifier,0,94,83
823,2494,2494,+,operator,0,94,86
824,2495,2495,m,identifier,0,94,87
825,2496,2496,[,operator,0,94,88
826,2497,2497,v,identifier,0,94,89
827,2498,2498,[,operator,0,94,90
828,2499,2499,p,identifier,0,94,91
829,2500,2500,],operator,0,94,92
830,2501,2501,[,operator,0,94,93
831,2502,2502,i,identifier,0,94,94
832,2503,2503,],operator,0,94,95
833,2504,2504,],operator,0,94,96
834,2505,2505,.,operator,0,94,97
835,2506,2508,sec,identifier,0,94,98
836,2509,2509,),operator,0,94,101
837,2510,2510,),operator,0,94,102
838,2512,2512,t,identifier,0,94,104
839,2514,2515,-=,operator,0,94,106
840,2517,2517,2,integer,0,94,109
841,2518,2518,;,operator,0,94,110
842,2523,2523,o,identifier,0,95,3
843,2524,2524,[,operator,0,95,4
844,2525,2525,v,identifier,0,95,5
845,2526,2526,[,operator,0,95,6
846,2527,2527,p,identifier,0,95,7
847,2528,2528,],operator,0,95,8
848,2529,2529,[,operator,0,95,9
849,2530,2530,i,identifier,0,95,10
850,2531,2531,],operator,0,95,11
851,2532,2532,],operator,0,95,12
852,2534,2534,=,operator,0,95,14
853,2536,2536,t,identifier,0,95,16
854,2537,2537,;,operator,0,95,17
855,2542,2543,qq,identifier,0,96,3
856,2544,2544,.,operator,0,96,5
857,2545,2548,push,identifier,0,96,6
858,2549,2549,(,operator,0,96,10
859,2550,2550,v,identifier,0,96,11
860,2551,2551,[,operator,0,96,12
861,2552,2552,p,identifier,0,96,13
862,2553,2553,],operator,0,96,14
863,2554,2554,[,operator,0,96,15
864,2555,2555,i,identifier,0,96,16
865,2556,2556,],operator,0,96,17
866,2557,2557,),operator,0,96,18
867,2558,2558,;,operator,0,96,19
868,2562,2562,},operator,0,97,2
869,2565,2565,},operator,0,98,1
870,2571,2573,rep,identifier,0,100,1
871,2574,2574,(,operator,0,100,4
872,2575,2575,i,identifier,0,100,5
873,2576,2576,",",operator,0,100,6
874,2578,2578,n,identifier,0,100,8
875,2579,2579,),operator,0,100,9
876,2581,2584,cout,identifier,0,100,11
877,2586,2586,<,operator,0,100,16
878,2587,2587,<,operator,0,100,17
879,2589,2589,o,identifier,0,100,19
880,2590,2590,[,operator,0,100,20
881,2591,2591,i,identifier,0,100,21
882,2592,2592,],operator,0,100,22
883,2594,2594,<,operator,0,100,24
884,2595,2595,<,operator,0,100,25
885,2597,2600,endl,identifier,0,100,27
886,2601,2601,;,operator,0,100,31
887,2607,2612,return,keyword,0,102,1
888,2614,2614,0,integer,0,102,8
889,2615,2615,;,operator,0,102,9
890,2617,2617,},operator,0,103,0
891,2618,2617,<EOF>,eof,0,103,1
