seqnr,start,stop,text,class,channel,line,column
0,0,16,"#include <cstdio>",directive,1,1,0
1,18,35,"#include <cstdlib>",directive,1,2,0
2,37,54,"#include <cstring>",directive,1,3,0
3,56,75,"#include <algorithm>",directive,1,4,0
4,77,81,using,keyword,0,5,0
5,83,91,namespace,keyword,0,5,6
6,93,95,std,identifier,0,5,16
7,96,96,;,operator,0,5,19
8,98,102,const,keyword,0,6,0
9,104,106,int,keyword,0,6,6
10,108,108,N,identifier,0,6,10
11,110,110,=,operator,0,6,12
12,112,114,1e5,floating,0,6,14
13,116,116,+,operator,0,6,18
14,118,119,10,integer,0,6,20
15,120,120,;,operator,0,6,22
16,122,126,const,keyword,0,7,0
17,128,130,int,keyword,0,7,6
18,132,132,M,identifier,0,7,10
19,134,134,=,operator,0,7,12
20,136,138,2e5,floating,0,7,14
21,140,140,+,operator,0,7,18
22,142,143,10,integer,0,7,20
23,144,144,;,operator,0,7,22
24,146,148,int,keyword,0,8,0
25,150,152,las,identifier,0,8,4
26,153,153,[,operator,0,8,7
27,154,154,N,identifier,0,8,8
28,155,155,],operator,0,8,9
29,156,156,",",operator,0,8,10
30,158,160,nex,identifier,0,8,12
31,161,161,[,operator,0,8,15
32,162,162,M,identifier,0,8,16
33,163,163,],operator,0,8,17
34,164,164,",",operator,0,8,18
35,166,167,to,identifier,0,8,20
36,168,168,[,operator,0,8,22
37,169,169,M,identifier,0,8,23
38,170,170,],operator,0,8,24
39,171,171,",",operator,0,8,25
40,173,174,sz,identifier,0,8,27
41,175,175,",",operator,0,8,29
42,177,179,val,identifier,0,8,31
43,180,180,[,operator,0,8,34
44,181,181,N,identifier,0,8,35
45,182,182,],operator,0,8,36
46,183,183,",",operator,0,8,37
47,185,185,n,identifier,0,8,39
48,186,186,",",operator,0,8,40
49,188,188,K,identifier,0,8,42
50,189,189,",",operator,0,8,43
51,191,192,fa,identifier,0,8,45
52,193,193,[,operator,0,8,47
53,194,194,N,identifier,0,8,48
54,195,195,],operator,0,8,49
55,196,196,",",operator,0,8,50
56,198,200,ans,identifier,0,8,52
57,201,201,[,operator,0,8,55
58,202,202,N,identifier,0,8,56
59,203,203,],operator,0,8,57
60,204,204,;,operator,0,8,58
61,206,209,bool,keyword,0,9,0
62,211,215,visit,identifier,0,9,5
63,216,216,[,operator,0,9,10
64,217,217,N,identifier,0,9,11
65,218,218,],operator,0,9,12
66,219,219,;,operator,0,9,13
67,221,226,struct,keyword,0,10,0
68,228,231,node,identifier,0,10,7
69,233,233,{,operator,0,10,12
70,239,241,int,keyword,0,11,4
71,243,243,l,identifier,0,11,8
72,244,244,",",operator,0,11,9
73,246,246,r,identifier,0,11,11
74,247,247,;,operator,0,11,12
75,253,256,bool,keyword,0,12,4
76,258,260,all,identifier,0,12,9
77,261,261,;,operator,0,12,12
78,267,270,bool,keyword,0,13,4
79,272,276,empty,identifier,0,13,9
80,277,277,;,operator,0,13,14
81,313,313,},operator,0,15,0
82,315,317,rem,identifier,0,15,2
83,318,318,[,operator,0,15,5
84,319,319,N,identifier,0,15,6
85,320,320,],operator,0,15,7
86,321,321,",",operator,0,15,8
87,323,325,tmp,identifier,0,15,10
88,326,326,[,operator,0,15,13
89,327,327,N,identifier,0,15,14
90,328,328,],operator,0,15,15
91,329,329,;,operator,0,15,16
92,331,334,void,keyword,0,16,0
93,336,338,add,identifier,0,16,5
94,339,339,(,operator,0,16,8
95,340,342,int,keyword,0,16,9
96,344,344,x,identifier,0,16,13
97,345,345,",",operator,0,16,14
98,347,349,int,keyword,0,16,16
99,351,351,y,identifier,0,16,20
100,352,352,),operator,0,16,21
101,354,354,{,operator,0,16,23
102,360,361,to,identifier,0,17,4
103,362,362,[,operator,0,17,6
104,363,364,++,operator,0,17,7
105,365,366,sz,identifier,0,17,9
106,367,367,],operator,0,17,11
107,369,369,=,operator,0,17,13
108,371,371,y,identifier,0,17,15
109,372,372,;,operator,0,17,16
110,374,376,nex,identifier,0,17,18
111,377,377,[,operator,0,17,21
112,378,379,sz,identifier,0,17,22
113,380,380,],operator,0,17,24
114,382,382,=,operator,0,17,26
115,384,386,las,identifier,0,17,28
116,387,387,[,operator,0,17,31
117,388,388,x,identifier,0,17,32
118,389,389,],operator,0,17,33
119,390,390,;,operator,0,17,34
120,392,394,las,identifier,0,17,36
121,395,395,[,operator,0,17,39
122,396,396,x,identifier,0,17,40
123,397,397,],operator,0,17,41
124,399,399,=,operator,0,17,43
125,401,402,sz,identifier,0,17,45
126,403,403,;,operator,0,17,47
127,405,405,},operator,0,18,0
128,407,410,bool,keyword,0,19,0
129,412,414,dfs,identifier,0,19,5
130,415,415,(,operator,0,19,8
131,416,418,int,keyword,0,19,9
132,420,422,now,identifier,0,19,13
133,423,423,),operator,0,19,16
134,425,425,{,operator,0,19,18
135,431,433,int,keyword,0,20,4
136,435,437,cnt,identifier,0,20,8
137,439,439,=,operator,0,20,12
138,441,441,0,integer,0,20,14
139,442,442,",",operator,0,20,15
140,444,447,flag,identifier,0,20,17
141,449,449,=,operator,0,20,22
142,451,451,0,integer,0,20,24
143,452,452,;,operator,0,20,25
144,458,460,for,keyword,0,21,4
145,462,462,(,operator,0,21,8
146,463,465,int,keyword,0,21,9
147,467,467,i,identifier,0,21,13
148,469,469,=,operator,0,21,15
149,471,473,las,identifier,0,21,17
150,474,474,[,operator,0,21,20
151,475,477,now,identifier,0,21,21
152,478,478,],operator,0,21,24
153,479,479,;,operator,0,21,25
154,481,481,i,identifier,0,21,27
155,482,482,;,operator,0,21,28
156,484,484,i,identifier,0,21,30
157,486,486,=,operator,0,21,32
158,488,490,nex,identifier,0,21,34
159,491,491,[,operator,0,21,37
160,492,492,i,identifier,0,21,38
161,493,493,],operator,0,21,39
162,494,494,),operator,0,21,40
163,500,501,if,keyword,0,22,4
164,502,502,(,operator,0,22,6
165,503,503,"!",operator,0,22,7
166,504,508,visit,identifier,0,22,8
167,509,509,[,operator,0,22,13
168,510,511,to,identifier,0,22,14
169,512,512,[,operator,0,22,16
170,513,513,i,identifier,0,22,17
171,514,514,],operator,0,22,18
172,515,515,],operator,0,22,19
173,516,516,),operator,0,22,20
174,518,518,{,operator,0,22,22
175,569,573,visit,identifier,0,24,8
176,574,574,[,operator,0,24,13
177,575,576,to,identifier,0,24,14
178,577,577,[,operator,0,24,16
179,578,578,i,identifier,0,24,17
180,579,579,],operator,0,24,18
181,580,580,],operator,0,24,19
182,582,582,=,operator,0,24,21
183,584,587,true,keyword,0,24,23
184,588,588,;,operator,0,24,27
185,598,599,if,keyword,0,25,8
186,600,600,(,operator,0,25,10
187,601,601,"!",operator,0,25,11
188,602,604,dfs,identifier,0,25,12
189,605,605,(,operator,0,25,15
190,606,607,to,identifier,0,25,16
191,608,608,[,operator,0,25,18
192,609,609,i,identifier,0,25,19
193,610,610,],operator,0,25,20
194,611,611,),operator,0,25,21
195,612,612,),operator,0,25,22
196,614,614,{,operator,0,25,24
197,628,630,rem,identifier,0,26,12
198,631,631,[,operator,0,26,15
199,632,634,now,identifier,0,26,16
200,635,635,],operator,0,26,19
201,636,636,.,operator,0,26,20
202,637,641,empty,identifier,0,26,21
203,643,643,=,operator,0,26,27
204,645,648,true,keyword,0,26,29
205,649,649,;,operator,0,26,33
206,663,668,return,keyword,0,27,12
207,670,674,false,keyword,0,27,19
208,675,675,;,operator,0,27,24
209,685,685,},operator,0,28,8
210,700,700,},operator,0,30,4
211,706,709,else,keyword,0,31,4
212,711,712,fa,identifier,0,31,9
213,713,713,[,operator,0,31,11
214,714,716,now,identifier,0,31,12
215,717,717,],operator,0,31,15
216,719,719,=,operator,0,31,17
217,721,722,to,identifier,0,31,19
218,723,723,[,operator,0,31,21
219,724,724,i,identifier,0,31,22
220,725,725,],operator,0,31,23
221,726,726,;,operator,0,31,24
222,732,734,for,keyword,0,32,4
223,736,736,(,operator,0,32,8
224,737,739,int,keyword,0,32,9
225,742,742,i,identifier,0,32,14
226,744,744,=,operator,0,32,16
227,746,748,las,identifier,0,32,18
228,749,749,[,operator,0,32,21
229,750,752,now,identifier,0,32,22
230,753,753,],operator,0,32,25
231,754,754,;,operator,0,32,26
232,756,756,i,identifier,0,32,28
233,757,757,;,operator,0,32,29
234,759,759,i,identifier,0,32,31
235,761,761,=,operator,0,32,33
236,763,765,nex,identifier,0,32,35
237,766,766,[,operator,0,32,38
238,767,767,i,identifier,0,32,39
239,768,768,],operator,0,32,40
240,769,769,),operator,0,32,41
241,775,776,if,keyword,0,33,4
242,777,777,(,operator,0,33,6
243,778,779,to,identifier,0,33,7
244,780,780,[,operator,0,33,9
245,781,781,i,identifier,0,33,10
246,782,782,],operator,0,33,11
247,784,785,"!=",operator,0,33,13
248,787,788,fa,identifier,0,33,16
249,789,789,[,operator,0,33,18
250,790,792,now,identifier,0,33,19
251,793,793,],operator,0,33,22
252,794,794,),operator,0,33,23
253,796,796,{,operator,0,33,25
254,847,849,tmp,identifier,0,35,8
255,850,850,[,operator,0,35,11
256,851,852,++,operator,0,35,12
257,853,855,cnt,identifier,0,35,14
258,856,856,],operator,0,35,17
259,858,858,=,operator,0,35,19
260,860,862,rem,identifier,0,35,21
261,863,863,[,operator,0,35,24
262,864,865,to,identifier,0,35,25
263,866,866,[,operator,0,35,27
264,867,867,i,identifier,0,35,28
265,868,868,],operator,0,35,29
266,869,869,],operator,0,35,30
267,870,870,;,operator,0,35,31
268,937,939,tmp,identifier,0,37,8
269,940,940,[,operator,0,37,11
270,941,943,cnt,identifier,0,37,12
271,944,944,],operator,0,37,15
272,945,945,.,operator,0,37,16
273,946,946,l,identifier,0,37,17
274,948,949,-=,operator,0,37,19
275,951,951,1,integer,0,37,22
276,952,952,;,operator,0,37,23
277,962,964,tmp,identifier,0,38,8
278,965,965,[,operator,0,38,11
279,966,968,cnt,identifier,0,38,12
280,969,969,],operator,0,38,15
281,970,970,.,operator,0,38,16
282,971,971,r,identifier,0,38,17
283,973,974,+=,operator,0,38,19
284,976,976,1,integer,0,38,22
285,977,977,;,operator,0,38,23
286,1039,1039,},operator,0,40,4
287,1153,1154,if,keyword,0,43,4
288,1155,1155,(,operator,0,43,6
289,1156,1156,"!",operator,0,43,7
290,1157,1159,rem,identifier,0,43,8
291,1160,1160,[,operator,0,43,11
292,1161,1163,now,identifier,0,43,12
293,1164,1164,],operator,0,43,15
294,1165,1165,.,operator,0,43,16
295,1166,1168,all,identifier,0,43,17
296,1169,1169,),operator,0,43,20
297,1175,1175,{,operator,0,44,4
298,1185,1187,tmp,identifier,0,45,8
299,1188,1188,[,operator,0,45,11
300,1189,1190,++,operator,0,45,12
301,1191,1193,cnt,identifier,0,45,14
302,1194,1194,],operator,0,45,17
303,1196,1196,=,operator,0,45,19
304,1198,1200,rem,identifier,0,45,21
305,1201,1201,[,operator,0,45,24
306,1202,1204,now,identifier,0,45,25
307,1205,1205,],operator,0,45,28
308,1206,1206,;,operator,0,45,29
309,1212,1212,},operator,0,46,4
310,1330,1331,if,keyword,0,49,4
311,1332,1332,(,operator,0,49,6
312,1333,1335,cnt,identifier,0,49,7
313,1337,1338,==,operator,0,49,11
314,1340,1340,0,integer,0,49,14
315,1341,1341,),operator,0,49,15
316,1343,1348,return,keyword,0,49,17
317,1350,1353,true,keyword,0,49,24
318,1354,1354,;,operator,0,49,28
319,1360,1363,flag,identifier,0,50,4
320,1365,1365,=,operator,0,50,9
321,1367,1369,abs,identifier,0,50,11
322,1370,1370,(,operator,0,50,14
323,1371,1373,tmp,identifier,0,50,15
324,1374,1374,[,operator,0,50,18
325,1375,1375,1,integer,0,50,19
326,1376,1376,],operator,0,50,20
327,1377,1377,.,operator,0,50,21
328,1378,1378,l,identifier,0,50,22
329,1380,1380,&,operator,0,50,24
330,1382,1382,1,integer,0,50,26
331,1383,1383,),operator,0,50,27
332,1384,1384,;,operator,0,50,28
333,1390,1392,for,keyword,0,51,4
334,1394,1394,(,operator,0,51,8
335,1395,1397,int,keyword,0,51,9
336,1399,1399,i,identifier,0,51,13
337,1401,1401,=,operator,0,51,15
338,1403,1403,1,integer,0,51,17
339,1404,1404,;,operator,0,51,18
340,1406,1406,i,identifier,0,51,20
341,1408,1409,<=,operator,0,51,22
342,1411,1413,cnt,identifier,0,51,25
343,1414,1414,;,operator,0,51,28
344,1416,1416,i,identifier,0,51,30
345,1417,1418,++,operator,0,51,31
346,1419,1419,),operator,0,51,33
347,1421,1421,{,operator,0,51,35
348,1431,1432,if,keyword,0,52,8
349,1433,1433,(,operator,0,52,10
350,1434,1436,tmp,identifier,0,52,11
351,1437,1437,[,operator,0,52,14
352,1438,1438,i,identifier,0,52,15
353,1439,1439,],operator,0,52,16
354,1440,1440,.,operator,0,52,17
355,1441,1443,all,identifier,0,52,18
356,1444,1444,),operator,0,52,21
357,1446,1453,continue,keyword,0,52,23
358,1454,1454,;,operator,0,52,31
359,1507,1510,else,keyword,0,54,8
360,1512,1513,if,keyword,0,54,13
361,1514,1514,(,operator,0,54,15
362,1515,1517,abs,identifier,0,54,16
363,1518,1518,(,operator,0,54,19
364,1519,1521,tmp,identifier,0,54,20
365,1522,1522,[,operator,0,54,23
366,1523,1523,i,identifier,0,54,24
367,1524,1524,],operator,0,54,25
368,1525,1525,.,operator,0,54,26
369,1526,1526,l,identifier,0,54,27
370,1528,1528,&,operator,0,54,29
371,1530,1530,1,integer,0,54,31
372,1531,1531,),operator,0,54,32
373,1533,1534,"!=",operator,0,54,34
374,1536,1539,flag,identifier,0,54,37
375,1540,1540,),operator,0,54,41
376,1542,1545,flag,identifier,0,54,43
377,1547,1547,=,operator,0,54,48
378,1549,1549,-,operator,0,54,50
379,1550,1550,1,integer,0,54,51
380,1551,1551,;,operator,0,54,52
381,1557,1557,},operator,0,55,4
382,1563,1564,if,keyword,0,56,4
383,1565,1565,(,operator,0,56,6
384,1566,1569,flag,identifier,0,56,7
385,1571,1572,==,operator,0,56,12
386,1574,1574,-,operator,0,56,15
387,1575,1575,1,integer,0,56,16
388,1576,1576,),operator,0,56,17
389,1578,1583,return,keyword,0,56,19
390,1585,1589,false,keyword,0,56,26
391,1590,1590,;,operator,0,56,31
392,1638,1640,int,keyword,0,58,4
393,1642,1645,maxl,identifier,0,58,8
394,1647,1647,=,operator,0,58,13
395,1649,1649,-,operator,0,58,15
396,1650,1650,(,operator,0,58,16
397,1651,1653,1e9,floating,0,58,17
398,1654,1654,),operator,0,58,20
399,1655,1655,",",operator,0,58,21
400,1657,1660,minr,identifier,0,58,23
401,1662,1662,=,operator,0,58,28
402,1664,1666,1e9,floating,0,58,30
403,1667,1667,;,operator,0,58,33
404,1673,1675,for,keyword,0,59,4
405,1677,1677,(,operator,0,59,8
406,1678,1680,int,keyword,0,59,9
407,1682,1682,i,identifier,0,59,13
408,1684,1684,=,operator,0,59,15
409,1686,1686,1,integer,0,59,17
410,1687,1687,;,operator,0,59,18
411,1689,1689,i,identifier,0,59,20
412,1691,1692,<=,operator,0,59,22
413,1694,1696,cnt,identifier,0,59,25
414,1697,1697,;,operator,0,59,28
415,1699,1699,i,identifier,0,59,30
416,1700,1701,++,operator,0,59,31
417,1702,1702,),operator,0,59,33
418,1704,1704,{,operator,0,59,35
419,1780,1781,if,keyword,0,61,8
420,1782,1782,(,operator,0,61,10
421,1783,1785,tmp,identifier,0,61,11
422,1786,1786,[,operator,0,61,14
423,1787,1787,i,identifier,0,61,15
424,1788,1788,],operator,0,61,16
425,1789,1789,.,operator,0,61,17
426,1790,1790,l,identifier,0,61,18
427,1792,1792,>,operator,0,61,20
428,1794,1797,maxl,identifier,0,61,22
429,1798,1798,),operator,0,61,26
430,1800,1803,maxl,identifier,0,61,28
431,1805,1805,=,operator,0,61,33
432,1807,1809,tmp,identifier,0,61,35
433,1810,1810,[,operator,0,61,38
434,1811,1811,i,identifier,0,61,39
435,1812,1812,],operator,0,61,40
436,1813,1813,.,operator,0,61,41
437,1814,1814,l,identifier,0,61,42
438,1815,1815,;,operator,0,61,43
439,1825,1826,if,keyword,0,62,8
440,1827,1827,(,operator,0,62,10
441,1828,1830,tmp,identifier,0,62,11
442,1831,1831,[,operator,0,62,14
443,1832,1832,i,identifier,0,62,15
444,1833,1833,],operator,0,62,16
445,1834,1834,.,operator,0,62,17
446,1835,1835,r,identifier,0,62,18
447,1837,1837,<,operator,0,62,20
448,1839,1842,minr,identifier,0,62,22
449,1843,1843,),operator,0,62,26
450,1845,1848,minr,identifier,0,62,28
451,1850,1850,=,operator,0,62,33
452,1852,1854,tmp,identifier,0,62,35
453,1855,1855,[,operator,0,62,38
454,1856,1856,i,identifier,0,62,39
455,1857,1857,],operator,0,62,40
456,1858,1858,.,operator,0,62,41
457,1859,1859,r,identifier,0,62,42
458,1860,1860,;,operator,0,62,43
459,1866,1866,},operator,0,63,4
460,1872,1873,if,keyword,0,64,4
461,1874,1874,(,operator,0,64,6
462,1875,1878,maxl,identifier,0,64,7
463,1880,1880,>,operator,0,64,12
464,1882,1885,minr,identifier,0,64,14
465,1886,1886,),operator,0,64,18
466,1888,1893,return,keyword,0,64,20
467,1895,1899,false,keyword,0,64,27
468,1900,1900,;,operator,0,64,32
469,1906,1908,rem,identifier,0,65,4
470,1909,1909,[,operator,0,65,7
471,1910,1912,now,identifier,0,65,8
472,1913,1913,],operator,0,65,11
473,1914,1914,.,operator,0,65,12
474,1915,1915,l,identifier,0,65,13
475,1917,1917,=,operator,0,65,15
476,1919,1922,maxl,identifier,0,65,17
477,1923,1923,;,operator,0,65,21
478,1929,1931,rem,identifier,0,66,4
479,1932,1932,[,operator,0,66,7
480,1933,1935,now,identifier,0,66,8
481,1936,1936,],operator,0,66,11
482,1937,1937,.,operator,0,66,12
483,1938,1938,r,identifier,0,66,13
484,1940,1940,=,operator,0,66,15
485,1942,1945,minr,identifier,0,66,17
486,1946,1946,;,operator,0,66,21
487,2004,2009,return,keyword,0,68,4
488,2011,2014,true,keyword,0,68,11
489,2015,2015,;,operator,0,68,15
490,2017,2017,},operator,0,69,0
491,2019,2022,void,keyword,0,70,0
492,2024,2027,calc,identifier,0,70,5
493,2028,2028,(,operator,0,70,9
494,2029,2031,int,keyword,0,70,10
495,2033,2035,now,identifier,0,70,14
496,2036,2036,),operator,0,70,17
497,2038,2038,{,operator,0,70,19
498,2044,2048,visit,identifier,0,71,4
499,2049,2049,[,operator,0,71,9
500,2050,2052,now,identifier,0,71,10
501,2053,2053,],operator,0,71,13
502,2055,2055,=,operator,0,71,15
503,2057,2060,true,keyword,0,71,17
504,2061,2061,;,operator,0,71,21
505,2067,2069,int,keyword,0,72,4
506,2071,2071,L,identifier,0,72,8
507,2073,2073,=,operator,0,72,10
508,2075,2077,max,identifier,0,72,12
509,2078,2078,(,operator,0,72,15
510,2079,2081,ans,identifier,0,72,16
511,2082,2082,[,operator,0,72,19
512,2083,2084,fa,identifier,0,72,20
513,2085,2085,[,operator,0,72,22
514,2086,2088,now,identifier,0,72,23
515,2089,2089,],operator,0,72,26
516,2090,2090,],operator,0,72,27
517,2092,2092,-,operator,0,72,29
518,2094,2094,1,integer,0,72,31
519,2095,2095,",",operator,0,72,32
520,2097,2099,rem,identifier,0,72,34
521,2100,2100,[,operator,0,72,37
522,2101,2103,now,identifier,0,72,38
523,2104,2104,],operator,0,72,41
524,2105,2105,.,operator,0,72,42
525,2106,2106,l,identifier,0,72,43
526,2107,2107,),operator,0,72,44
527,2108,2108,;,operator,0,72,45
528,2114,2116,int,keyword,0,73,4
529,2118,2118,R,identifier,0,73,8
530,2120,2120,=,operator,0,73,10
531,2122,2124,min,identifier,0,73,12
532,2125,2125,(,operator,0,73,15
533,2126,2128,ans,identifier,0,73,16
534,2129,2129,[,operator,0,73,19
535,2130,2131,fa,identifier,0,73,20
536,2132,2132,[,operator,0,73,22
537,2133,2135,now,identifier,0,73,23
538,2136,2136,],operator,0,73,26
539,2137,2137,],operator,0,73,27
540,2139,2139,+,operator,0,73,29
541,2141,2141,1,integer,0,73,31
542,2142,2142,",",operator,0,73,32
543,2144,2146,rem,identifier,0,73,34
544,2147,2147,[,operator,0,73,37
545,2148,2150,now,identifier,0,73,38
546,2151,2151,],operator,0,73,41
547,2152,2152,.,operator,0,73,42
548,2153,2153,r,identifier,0,73,43
549,2154,2154,),operator,0,73,44
550,2155,2155,;,operator,0,73,45
551,2161,2163,ans,identifier,0,74,4
552,2164,2164,[,operator,0,74,7
553,2165,2167,now,identifier,0,74,8
554,2168,2168,],operator,0,74,11
555,2170,2170,=,operator,0,74,13
556,2172,2172,L,identifier,0,74,15
557,2173,2173,;,operator,0,74,16
558,2179,2181,for,keyword,0,75,4
559,2183,2183,(,operator,0,75,8
560,2184,2186,int,keyword,0,75,9
561,2188,2188,i,identifier,0,75,13
562,2190,2190,=,operator,0,75,15
563,2192,2194,las,identifier,0,75,17
564,2195,2195,[,operator,0,75,20
565,2196,2198,now,identifier,0,75,21
566,2199,2199,],operator,0,75,24
567,2200,2200,;,operator,0,75,25
568,2202,2202,i,identifier,0,75,27
569,2203,2203,;,operator,0,75,28
570,2205,2205,i,identifier,0,75,30
571,2207,2207,=,operator,0,75,32
572,2209,2211,nex,identifier,0,75,34
573,2212,2212,[,operator,0,75,37
574,2213,2213,i,identifier,0,75,38
575,2214,2214,],operator,0,75,39
576,2215,2215,),operator,0,75,40
577,2221,2222,if,keyword,0,76,4
578,2223,2223,(,operator,0,76,6
579,2224,2224,"!",operator,0,76,7
580,2225,2229,visit,identifier,0,76,8
581,2230,2230,[,operator,0,76,13
582,2231,2232,to,identifier,0,76,14
583,2233,2233,[,operator,0,76,16
584,2234,2234,i,identifier,0,76,17
585,2235,2235,],operator,0,76,18
586,2236,2236,],operator,0,76,19
587,2237,2237,),operator,0,76,20
588,2239,2239,{,operator,0,76,22
589,2249,2252,calc,identifier,0,77,8
590,2253,2253,(,operator,0,77,12
591,2254,2255,to,identifier,0,77,13
592,2256,2256,[,operator,0,77,15
593,2257,2257,i,identifier,0,77,16
594,2258,2258,],operator,0,77,17
595,2259,2259,),operator,0,77,18
596,2260,2260,;,operator,0,77,19
597,2266,2266,},operator,0,78,4
598,2268,2268,},operator,0,79,0
599,2270,2272,int,keyword,0,80,0
600,2274,2277,main,identifier,0,80,4
601,2278,2278,(,operator,0,80,8
602,2279,2279,),operator,0,80,9
603,2281,2281,{,operator,0,81,0
604,2287,2291,scanf,identifier,0,82,4
605,2292,2292,(,operator,0,82,9
606,2293,2296,"""%d""",string,0,82,10
607,2297,2297,",",operator,0,82,14
608,2299,2299,&,operator,0,82,16
609,2300,2300,n,identifier,0,82,17
610,2301,2301,),operator,0,82,18
611,2302,2302,;,operator,0,82,19
612,2308,2310,for,keyword,0,83,4
613,2312,2312,(,operator,0,83,8
614,2313,2315,int,keyword,0,83,9
615,2317,2317,i,identifier,0,83,13
616,2319,2319,=,operator,0,83,15
617,2321,2321,1,integer,0,83,17
618,2322,2322,",",operator,0,83,18
619,2324,2324,x,identifier,0,83,20
620,2325,2325,",",operator,0,83,21
621,2327,2327,y,identifier,0,83,23
622,2328,2328,;,operator,0,83,24
623,2330,2330,i,identifier,0,83,26
624,2332,2332,<,operator,0,83,28
625,2334,2334,n,identifier,0,83,30
626,2335,2335,;,operator,0,83,31
627,2337,2337,i,identifier,0,83,33
628,2338,2339,++,operator,0,83,34
629,2340,2340,),operator,0,83,36
630,2342,2342,{,operator,0,83,38
631,2352,2356,scanf,identifier,0,84,8
632,2357,2357,(,operator,0,84,13
633,2358,2363,"""%d%d""",string,0,84,14
634,2364,2364,",",operator,0,84,20
635,2366,2366,&,operator,0,84,22
636,2367,2367,x,identifier,0,84,23
637,2368,2368,",",operator,0,84,24
638,2370,2370,&,operator,0,84,26
639,2371,2371,y,identifier,0,84,27
640,2372,2372,),operator,0,84,28
641,2373,2373,;,operator,0,84,29
642,2383,2385,add,identifier,0,85,8
643,2386,2386,(,operator,0,85,11
644,2387,2387,x,identifier,0,85,12
645,2388,2388,",",operator,0,85,13
646,2390,2390,y,identifier,0,85,15
647,2391,2391,),operator,0,85,16
648,2392,2392,;,operator,0,85,17
649,2402,2404,add,identifier,0,86,8
650,2405,2405,(,operator,0,86,11
651,2406,2406,y,identifier,0,86,12
652,2407,2407,",",operator,0,86,13
653,2409,2409,x,identifier,0,86,15
654,2410,2410,),operator,0,86,16
655,2411,2411,;,operator,0,86,17
656,2417,2417,},operator,0,87,4
657,2423,2428,memset,identifier,0,88,4
658,2429,2429,(,operator,0,88,10
659,2430,2432,val,identifier,0,88,11
660,2433,2433,",",operator,0,88,14
661,2435,2435,-,operator,0,88,16
662,2436,2436,1,integer,0,88,17
663,2437,2437,",",operator,0,88,18
664,2439,2444,sizeof,keyword,0,88,20
665,2445,2445,(,operator,0,88,26
666,2446,2448,val,identifier,0,88,27
667,2449,2449,),operator,0,88,30
668,2450,2450,),operator,0,88,31
669,2451,2451,;,operator,0,88,32
670,2457,2459,for,keyword,0,89,4
671,2461,2461,(,operator,0,89,8
672,2462,2464,int,keyword,0,89,9
673,2466,2466,i,identifier,0,89,13
674,2468,2468,=,operator,0,89,15
675,2470,2470,1,integer,0,89,17
676,2471,2471,;,operator,0,89,18
677,2473,2473,i,identifier,0,89,20
678,2475,2476,<=,operator,0,89,22
679,2478,2478,n,identifier,0,89,25
680,2479,2479,;,operator,0,89,26
681,2481,2481,i,identifier,0,89,28
682,2482,2483,++,operator,0,89,29
683,2484,2484,),operator,0,89,31
684,2486,2486,{,operator,0,89,33
685,2496,2498,rem,identifier,0,90,8
686,2499,2499,[,operator,0,90,11
687,2500,2500,i,identifier,0,90,12
688,2501,2501,],operator,0,90,13
689,2502,2502,.,operator,0,90,14
690,2503,2503,l,identifier,0,90,15
691,2505,2505,=,operator,0,90,17
692,2507,2507,-,operator,0,90,19
693,2508,2510,1e8,floating,0,90,20
694,2511,2511,;,operator,0,90,23
695,2521,2523,rem,identifier,0,91,8
696,2524,2524,[,operator,0,91,11
697,2525,2525,i,identifier,0,91,12
698,2526,2526,],operator,0,91,13
699,2527,2527,.,operator,0,91,14
700,2528,2528,r,identifier,0,91,15
701,2530,2530,=,operator,0,91,17
702,2532,2534,1e8,floating,0,91,19
703,2535,2535,;,operator,0,91,22
704,2545,2547,rem,identifier,0,92,8
705,2548,2548,[,operator,0,92,11
706,2549,2549,i,identifier,0,92,12
707,2550,2550,],operator,0,92,13
708,2551,2551,.,operator,0,92,14
709,2552,2556,empty,identifier,0,92,15
710,2558,2558,=,operator,0,92,21
711,2560,2564,false,keyword,0,92,23
712,2565,2565,;,operator,0,92,28
713,2575,2577,rem,identifier,0,93,8
714,2578,2578,[,operator,0,93,11
715,2579,2579,i,identifier,0,93,12
716,2580,2580,],operator,0,93,13
717,2581,2581,.,operator,0,93,14
718,2582,2584,all,identifier,0,93,15
719,2586,2586,=,operator,0,93,19
720,2588,2591,true,keyword,0,93,21
721,2592,2592,;,operator,0,93,25
722,2598,2598,},operator,0,94,4
723,2604,2608,scanf,identifier,0,95,4
724,2609,2609,(,operator,0,95,9
725,2610,2613,"""%d""",string,0,95,10
726,2614,2614,",",operator,0,95,14
727,2616,2616,&,operator,0,95,16
728,2617,2617,K,identifier,0,95,17
729,2618,2618,),operator,0,95,18
730,2619,2619,;,operator,0,95,19
731,2625,2627,for,keyword,0,96,4
732,2629,2629,(,operator,0,96,8
733,2630,2632,int,keyword,0,96,9
734,2634,2634,i,identifier,0,96,13
735,2636,2636,=,operator,0,96,15
736,2638,2638,1,integer,0,96,17
737,2639,2639,",",operator,0,96,18
738,2641,2641,x,identifier,0,96,20
739,2642,2642,;,operator,0,96,21
740,2644,2644,i,identifier,0,96,23
741,2646,2647,<=,operator,0,96,25
742,2649,2649,K,identifier,0,96,28
743,2650,2650,;,operator,0,96,29
744,2652,2652,i,identifier,0,96,31
745,2653,2654,++,operator,0,96,32
746,2655,2655,),operator,0,96,34
747,2657,2657,{,operator,0,96,36
748,2667,2671,scanf,identifier,0,97,8
749,2672,2672,(,operator,0,97,13
750,2673,2676,"""%d""",string,0,97,14
751,2677,2677,",",operator,0,97,18
752,2679,2679,&,operator,0,97,20
753,2680,2680,x,identifier,0,97,21
754,2681,2681,),operator,0,97,22
755,2682,2682,;,operator,0,97,23
756,2692,2696,scanf,identifier,0,98,8
757,2697,2697,(,operator,0,98,13
758,2698,2701,"""%d""",string,0,98,14
759,2702,2702,",",operator,0,98,18
760,2704,2704,&,operator,0,98,20
761,2705,2707,val,identifier,0,98,21
762,2708,2708,[,operator,0,98,24
763,2709,2709,x,identifier,0,98,25
764,2710,2710,],operator,0,98,26
765,2711,2711,),operator,0,98,27
766,2712,2712,;,operator,0,98,28
767,2722,2724,rem,identifier,0,99,8
768,2725,2725,[,operator,0,99,11
769,2726,2726,x,identifier,0,99,12
770,2727,2727,],operator,0,99,13
771,2728,2728,.,operator,0,99,14
772,2729,2729,l,identifier,0,99,15
773,2731,2731,=,operator,0,99,17
774,2733,2735,rem,identifier,0,99,19
775,2736,2736,[,operator,0,99,22
776,2737,2737,x,identifier,0,99,23
777,2738,2738,],operator,0,99,24
778,2739,2739,.,operator,0,99,25
779,2740,2740,r,identifier,0,99,26
780,2742,2742,=,operator,0,99,28
781,2744,2746,val,identifier,0,99,30
782,2747,2747,[,operator,0,99,33
783,2748,2748,x,identifier,0,99,34
784,2749,2749,],operator,0,99,35
785,2750,2750,;,operator,0,99,36
786,2760,2762,rem,identifier,0,100,8
787,2763,2763,[,operator,0,100,11
788,2764,2764,x,identifier,0,100,12
789,2765,2765,],operator,0,100,13
790,2766,2766,.,operator,0,100,14
791,2767,2769,all,identifier,0,100,15
792,2771,2771,=,operator,0,100,19
793,2773,2777,false,keyword,0,100,21
794,2778,2778,;,operator,0,100,26
795,2784,2784,},operator,0,101,4
796,2790,2794,visit,identifier,0,102,4
797,2795,2795,[,operator,0,102,9
798,2796,2796,1,integer,0,102,10
799,2797,2797,],operator,0,102,11
800,2799,2799,=,operator,0,102,13
801,2801,2804,true,keyword,0,102,15
802,2805,2805,;,operator,0,102,19
803,2811,2812,if,keyword,0,103,4
804,2813,2813,(,operator,0,103,6
805,2814,2816,dfs,identifier,0,103,7
806,2817,2817,(,operator,0,103,10
807,2818,2818,1,integer,0,103,11
808,2819,2819,),operator,0,103,12
809,2820,2820,),operator,0,103,13
810,2822,2822,{,operator,0,103,15
811,2832,2837,memset,identifier,0,104,8
812,2838,2838,(,operator,0,104,14
813,2839,2841,ans,identifier,0,104,15
814,2842,2842,",",operator,0,104,18
815,2844,2844,0,integer,0,104,20
816,2845,2845,",",operator,0,104,21
817,2847,2852,sizeof,keyword,0,104,23
818,2853,2853,(,operator,0,104,29
819,2854,2856,ans,identifier,0,104,30
820,2857,2857,),operator,0,104,33
821,2858,2858,),operator,0,104,34
822,2859,2859,;,operator,0,104,35
823,2869,2870,fa,identifier,0,105,8
824,2871,2871,[,operator,0,105,10
825,2872,2872,1,integer,0,105,11
826,2873,2873,],operator,0,105,12
827,2875,2875,=,operator,0,105,14
828,2877,2877,0,integer,0,105,16
829,2878,2878,;,operator,0,105,17
830,2888,2890,ans,identifier,0,106,8
831,2891,2891,[,operator,0,106,11
832,2892,2892,0,integer,0,106,12
833,2893,2893,],operator,0,106,13
834,2895,2895,=,operator,0,106,15
835,2897,2899,rem,identifier,0,106,17
836,2900,2900,[,operator,0,106,20
837,2901,2901,1,integer,0,106,21
838,2902,2902,],operator,0,106,22
839,2903,2903,.,operator,0,106,23
840,2904,2904,l,identifier,0,106,24
841,2905,2905,;,operator,0,106,25
842,2915,2920,memset,identifier,0,107,8
843,2921,2921,(,operator,0,107,14
844,2922,2926,visit,identifier,0,107,15
845,2927,2927,",",operator,0,107,20
846,2929,2929,0,integer,0,107,22
847,2930,2930,",",operator,0,107,23
848,2932,2937,sizeof,keyword,0,107,25
849,2938,2938,(,operator,0,107,31
850,2939,2943,visit,identifier,0,107,32
851,2944,2944,),operator,0,107,37
852,2945,2945,),operator,0,107,38
853,2946,2946,;,operator,0,107,39
854,2956,2961,printf,identifier,0,108,8
855,2962,2962,(,operator,0,108,14
856,2963,2969,"""Yes\n""",string,0,108,15
857,2970,2970,),operator,0,108,22
858,2971,2971,;,operator,0,108,23
859,2981,2984,calc,identifier,0,109,8
860,2985,2985,(,operator,0,109,12
861,2986,2986,1,integer,0,109,13
862,2987,2987,),operator,0,109,14
863,2988,2988,;,operator,0,109,15
864,3027,3029,for,keyword,0,111,8
865,3031,3031,(,operator,0,111,12
866,3032,3034,int,keyword,0,111,13
867,3036,3036,i,identifier,0,111,17
868,3038,3038,=,operator,0,111,19
869,3040,3040,1,integer,0,111,21
870,3041,3041,;,operator,0,111,22
871,3043,3043,i,identifier,0,111,24
872,3045,3046,<=,operator,0,111,26
873,3048,3048,n,identifier,0,111,29
874,3049,3049,;,operator,0,111,30
875,3051,3051,i,identifier,0,111,32
876,3052,3053,++,operator,0,111,33
877,3054,3054,),operator,0,111,35
878,3068,3073,printf,identifier,0,112,12
879,3074,3074,(,operator,0,112,18
880,3075,3080,"""%d\n""",string,0,112,19
881,3081,3081,",",operator,0,112,25
882,3083,3085,ans,identifier,0,112,27
883,3086,3086,[,operator,0,112,30
884,3087,3087,i,identifier,0,112,31
885,3088,3088,],operator,0,112,32
886,3089,3089,),operator,0,112,33
887,3090,3090,;,operator,0,112,34
888,3100,3105,return,keyword,0,113,8
889,3107,3107,0,integer,0,113,15
890,3108,3108,;,operator,0,113,16
891,3114,3114,},operator,0,114,4
892,3120,3123,else,keyword,0,115,4
893,3125,3130,printf,identifier,0,115,9
894,3131,3131,(,operator,0,115,15
895,3132,3137,"""No\n""",string,0,115,16
896,3138,3138,),operator,0,115,22
897,3139,3139,;,operator,0,115,23
898,3141,3141,},operator,0,116,0
899,3142,3141,<EOF>,eof,0,116,1
