seqnr,start,stop,text,class,channel,line,column
0,0,23,"#include <bits/stdc++.h>",directive,1,1,0
1,25,29,using,keyword,0,2,0
2,31,39,namespace,keyword,0,2,6
3,41,43,std,identifier,0,2,16
4,44,44,;,operator,0,2,19
5,47,51,const,keyword,0,4,0
6,53,55,int,keyword,0,4,6
7,57,57,N,identifier,0,4,10
8,59,59,=,operator,0,4,12
9,61,66,100005,integer,0,4,14
10,67,67,;,operator,0,4,20
11,69,73,const,keyword,0,5,0
12,75,77,int,keyword,0,5,6
13,79,81,inf,identifier,0,5,10
14,83,83,=,operator,0,5,14
15,85,87,1e6,floating,0,5,16
16,88,88,;,operator,0,5,19
17,91,93,int,keyword,0,7,0
18,95,95,n,identifier,0,7,4
19,96,96,",",operator,0,7,5
20,98,98,k,identifier,0,7,7
21,99,99,;,operator,0,7,8
22,101,106,vector,identifier,0,8,0
23,107,107,<,operator,0,8,6
24,108,110,int,keyword,0,8,7
25,111,111,>,operator,0,8,10
26,113,113,G,identifier,0,8,12
27,114,114,[,operator,0,8,13
28,115,115,N,identifier,0,8,14
29,116,116,],operator,0,8,15
30,117,117,;,operator,0,8,16
31,119,121,int,keyword,0,9,0
32,123,123,L,identifier,0,9,4
33,124,124,[,operator,0,9,5
34,125,125,N,identifier,0,9,6
35,126,126,],operator,0,9,7
36,127,127,",",operator,0,9,8
37,129,129,R,identifier,0,9,10
38,130,130,[,operator,0,9,11
39,131,131,N,identifier,0,9,12
40,132,132,],operator,0,9,13
41,133,133,",",operator,0,9,14
42,135,135,a,identifier,0,9,16
43,136,136,[,operator,0,9,17
44,137,137,N,identifier,0,9,18
45,138,138,],operator,0,9,19
46,139,139,;,operator,0,9,20
47,141,143,int,keyword,0,10,0
48,145,150,parity,identifier,0,10,4
49,151,151,[,operator,0,10,10
50,152,152,N,identifier,0,10,11
51,153,153,],operator,0,10,12
52,154,154,;,operator,0,10,13
53,157,160,void,keyword,0,12,0
54,162,164,dfs,identifier,0,12,5
55,165,165,(,operator,0,12,8
56,166,168,int,keyword,0,12,9
57,170,170,u,identifier,0,12,13
58,171,171,",",operator,0,12,14
59,173,175,int,keyword,0,12,16
60,177,177,p,identifier,0,12,20
61,178,178,),operator,0,12,21
62,180,180,{,operator,0,12,23
63,183,183,L,identifier,0,13,1
64,184,184,[,operator,0,13,2
65,185,185,u,identifier,0,13,3
66,186,186,],operator,0,13,4
67,188,188,=,operator,0,13,6
68,190,190,-,operator,0,13,8
69,191,193,inf,identifier,0,13,9
70,194,194,",",operator,0,13,12
71,196,196,R,identifier,0,13,14
72,197,197,[,operator,0,13,15
73,198,198,u,identifier,0,13,16
74,199,199,],operator,0,13,17
75,201,201,=,operator,0,13,19
76,203,205,inf,identifier,0,13,21
77,206,206,;,operator,0,13,24
78,209,210,if,keyword,0,14,1
79,212,212,(,operator,0,14,4
80,213,213,a,identifier,0,14,5
81,214,214,[,operator,0,14,6
82,215,215,u,identifier,0,14,7
83,216,216,],operator,0,14,8
84,218,219,"!=",operator,0,14,10
85,221,221,-,operator,0,14,13
86,222,222,1,integer,0,14,14
87,223,223,),operator,0,14,15
88,225,225,L,identifier,0,14,17
89,226,226,[,operator,0,14,18
90,227,227,u,identifier,0,14,19
91,228,228,],operator,0,14,20
92,230,230,=,operator,0,14,22
93,232,232,R,identifier,0,14,24
94,233,233,[,operator,0,14,25
95,234,234,u,identifier,0,14,26
96,235,235,],operator,0,14,27
97,237,237,=,operator,0,14,29
98,239,239,a,identifier,0,14,31
99,240,240,[,operator,0,14,32
100,241,241,u,identifier,0,14,33
101,242,242,],operator,0,14,34
102,243,243,",",operator,0,14,35
103,245,250,parity,identifier,0,14,37
104,251,251,[,operator,0,14,43
105,252,252,u,identifier,0,14,44
106,253,253,],operator,0,14,45
107,255,255,=,operator,0,14,47
108,257,257,(,operator,0,14,49
109,258,258,a,identifier,0,14,50
110,259,259,[,operator,0,14,51
111,260,260,u,identifier,0,14,52
112,261,261,],operator,0,14,53
113,263,263,&,operator,0,14,55
114,265,265,1,integer,0,14,57
115,266,266,),operator,0,14,58
116,267,267,;,operator,0,14,59
117,270,272,for,keyword,0,15,1
118,274,274,(,operator,0,15,5
119,275,277,int,keyword,0,15,6
120,279,279,v,identifier,0,15,10
121,281,281,:,operator,0,15,12
122,283,283,G,identifier,0,15,14
123,284,284,[,operator,0,15,15
124,285,285,u,identifier,0,15,16
125,286,286,],operator,0,15,17
126,287,287,),operator,0,15,18
127,289,290,if,keyword,0,15,20
128,292,292,(,operator,0,15,23
129,293,293,v,identifier,0,15,24
130,295,296,"!=",operator,0,15,26
131,298,298,p,identifier,0,15,29
132,299,299,),operator,0,15,30
133,301,301,{,operator,0,15,32
134,305,307,dfs,identifier,0,16,2
135,308,308,(,operator,0,16,5
136,309,309,v,identifier,0,16,6
137,310,310,",",operator,0,16,7
138,312,312,u,identifier,0,16,9
139,313,313,),operator,0,16,10
140,314,314,;,operator,0,16,11
141,318,319,if,keyword,0,17,2
142,321,321,(,operator,0,17,5
143,322,327,parity,identifier,0,17,6
144,328,328,[,operator,0,17,12
145,329,329,v,identifier,0,17,13
146,330,330,],operator,0,17,14
147,332,333,"!=",operator,0,17,16
148,335,335,-,operator,0,17,19
149,336,336,1,integer,0,17,20
150,337,337,),operator,0,17,21
151,339,339,{,operator,0,17,23
152,344,345,if,keyword,0,18,3
153,347,347,(,operator,0,18,6
154,348,353,parity,identifier,0,18,7
155,354,354,[,operator,0,18,13
156,355,355,u,identifier,0,18,14
157,356,356,],operator,0,18,15
158,358,359,==,operator,0,18,17
159,361,361,-,operator,0,18,20
160,362,362,1,integer,0,18,21
161,363,363,),operator,0,18,22
162,365,370,parity,identifier,0,18,24
163,371,371,[,operator,0,18,30
164,372,372,u,identifier,0,18,31
165,373,373,],operator,0,18,32
166,375,375,=,operator,0,18,34
167,377,382,parity,identifier,0,18,36
168,383,383,[,operator,0,18,42
169,384,384,v,identifier,0,18,43
170,385,385,],operator,0,18,44
171,387,387,^,operator,0,18,46
172,389,389,1,integer,0,18,48
173,390,390,;,operator,0,18,49
174,395,398,else,keyword,0,19,3
175,400,401,if,keyword,0,19,8
176,403,403,(,operator,0,19,11
177,404,409,parity,identifier,0,19,12
178,410,410,[,operator,0,19,18
179,411,411,u,identifier,0,19,19
180,412,412,],operator,0,19,20
181,414,415,"!=",operator,0,19,22
182,417,422,parity,identifier,0,19,25
183,423,423,[,operator,0,19,31
184,424,424,v,identifier,0,19,32
185,425,425,],operator,0,19,33
186,427,427,^,operator,0,19,35
187,429,429,1,integer,0,19,37
188,430,430,),operator,0,19,38
189,432,432,{,operator,0,19,40
190,434,439,printf,identifier,0,19,42
191,440,440,(,operator,0,19,48
192,441,446,"""No\n""",string,0,19,49
193,447,447,),operator,0,19,55
194,448,448,;,operator,0,19,56
195,450,453,exit,identifier,0,19,58
196,454,454,(,operator,0,19,62
197,455,455,0,integer,0,19,63
198,456,456,),operator,0,19,64
199,457,457,;,operator,0,19,65
200,459,459,},operator,0,19,67
201,463,463,},operator,0,20,2
202,467,467,L,identifier,0,21,2
203,468,468,[,operator,0,21,3
204,469,469,u,identifier,0,21,4
205,470,470,],operator,0,21,5
206,472,472,=,operator,0,21,7
207,474,476,max,identifier,0,21,9
208,477,477,(,operator,0,21,12
209,478,478,L,identifier,0,21,13
210,479,479,[,operator,0,21,14
211,480,480,u,identifier,0,21,15
212,481,481,],operator,0,21,16
213,482,482,",",operator,0,21,17
214,484,484,L,identifier,0,21,19
215,485,485,[,operator,0,21,20
216,486,486,v,identifier,0,21,21
217,487,487,],operator,0,21,22
218,489,489,-,operator,0,21,24
219,491,491,1,integer,0,21,26
220,492,492,),operator,0,21,27
221,493,493,;,operator,0,21,28
222,497,497,R,identifier,0,22,2
223,498,498,[,operator,0,22,3
224,499,499,u,identifier,0,22,4
225,500,500,],operator,0,22,5
226,502,502,=,operator,0,22,7
227,504,506,min,identifier,0,22,9
228,507,507,(,operator,0,22,12
229,508,508,R,identifier,0,22,13
230,509,509,[,operator,0,22,14
231,510,510,u,identifier,0,22,15
232,511,511,],operator,0,22,16
233,512,512,",",operator,0,22,17
234,514,514,R,identifier,0,22,19
235,515,515,[,operator,0,22,20
236,516,516,v,identifier,0,22,21
237,517,517,],operator,0,22,22
238,519,519,+,operator,0,22,24
239,521,521,1,integer,0,22,26
240,522,522,),operator,0,22,27
241,523,523,;,operator,0,22,28
242,526,526,},operator,0,23,1
243,529,530,if,keyword,0,24,1
244,532,532,(,operator,0,24,4
245,533,533,L,identifier,0,24,5
246,534,534,[,operator,0,24,6
247,535,535,u,identifier,0,24,7
248,536,536,],operator,0,24,8
249,538,538,>,operator,0,24,10
250,540,540,R,identifier,0,24,12
251,541,541,[,operator,0,24,13
252,542,542,u,identifier,0,24,14
253,543,543,],operator,0,24,15
254,544,544,),operator,0,24,16
255,546,546,{,operator,0,24,18
256,548,553,printf,identifier,0,24,20
257,554,554,(,operator,0,24,26
258,555,560,"""No\n""",string,0,24,27
259,561,561,),operator,0,24,33
260,562,562,;,operator,0,24,34
261,564,567,exit,identifier,0,24,36
262,568,568,(,operator,0,24,40
263,569,569,0,integer,0,24,41
264,570,570,),operator,0,24,42
265,571,571,;,operator,0,24,43
266,573,573,},operator,0,24,45
267,575,575,},operator,0,25,0
268,578,581,void,keyword,0,27,0
269,583,586,fill,identifier,0,27,5
270,587,587,(,operator,0,27,9
271,588,590,int,keyword,0,27,10
272,592,592,u,identifier,0,27,14
273,593,593,",",operator,0,27,15
274,595,597,int,keyword,0,27,17
275,599,599,p,identifier,0,27,21
276,600,600,),operator,0,27,22
277,602,602,{,operator,0,27,24
278,605,607,for,keyword,0,28,1
279,609,609,(,operator,0,28,5
280,610,612,int,keyword,0,28,6
281,614,614,v,identifier,0,28,10
282,616,616,:,operator,0,28,12
283,618,618,G,identifier,0,28,14
284,619,619,[,operator,0,28,15
285,620,620,u,identifier,0,28,16
286,621,621,],operator,0,28,17
287,622,622,),operator,0,28,18
288,624,625,if,keyword,0,28,20
289,627,627,(,operator,0,28,23
290,628,628,v,identifier,0,28,24
291,630,631,"!=",operator,0,28,26
292,633,633,p,identifier,0,28,29
293,634,634,),operator,0,28,30
294,636,636,{,operator,0,28,32
295,640,642,int,keyword,0,29,2
296,644,646,val,identifier,0,29,6
297,648,648,=,operator,0,29,10
298,650,650,a,identifier,0,29,12
299,651,651,[,operator,0,29,13
300,652,652,u,identifier,0,29,14
301,653,653,],operator,0,29,15
302,655,655,+,operator,0,29,17
303,657,657,1,integer,0,29,19
304,658,658,;,operator,0,29,20
305,662,663,if,keyword,0,30,2
306,665,665,(,operator,0,30,5
307,666,666,"!",operator,0,30,6
308,667,667,(,operator,0,30,7
309,668,670,val,identifier,0,30,8
310,672,673,>=,operator,0,30,12
311,675,675,L,identifier,0,30,15
312,676,676,[,operator,0,30,16
313,677,677,v,identifier,0,30,17
314,678,678,],operator,0,30,18
315,680,681,&&,operator,0,30,20
316,683,685,val,identifier,0,30,23
317,687,688,<=,operator,0,30,27
318,690,690,R,identifier,0,30,30
319,691,691,[,operator,0,30,31
320,692,692,v,identifier,0,30,32
321,693,693,],operator,0,30,33
322,694,694,),operator,0,30,34
323,695,695,),operator,0,30,35
324,697,699,val,identifier,0,30,37
325,701,701,=,operator,0,30,41
326,703,703,a,identifier,0,30,43
327,704,704,[,operator,0,30,44
328,705,705,u,identifier,0,30,45
329,706,706,],operator,0,30,46
330,708,708,-,operator,0,30,48
331,710,710,1,integer,0,30,50
332,711,711,;,operator,0,30,51
333,715,716,if,keyword,0,31,2
334,718,718,(,operator,0,31,5
335,719,719,"!",operator,0,31,6
336,720,720,(,operator,0,31,7
337,721,723,val,identifier,0,31,8
338,725,726,>=,operator,0,31,12
339,728,728,L,identifier,0,31,15
340,729,729,[,operator,0,31,16
341,730,730,v,identifier,0,31,17
342,731,731,],operator,0,31,18
343,733,734,&&,operator,0,31,20
344,736,738,val,identifier,0,31,23
345,740,741,<=,operator,0,31,27
346,743,743,R,identifier,0,31,30
347,744,744,[,operator,0,31,31
348,745,745,v,identifier,0,31,32
349,746,746,],operator,0,31,33
350,747,747,),operator,0,31,34
351,748,748,),operator,0,31,35
352,750,750,{,operator,0,31,37
353,752,757,printf,identifier,0,31,39
354,758,758,(,operator,0,31,45
355,759,764,"""No\n""",string,0,31,46
356,765,765,),operator,0,31,52
357,766,766,;,operator,0,31,53
358,768,771,exit,identifier,0,31,55
359,772,772,(,operator,0,31,59
360,773,773,0,integer,0,31,60
361,774,774,),operator,0,31,61
362,775,775,;,operator,0,31,62
363,777,777,},operator,0,31,64
364,781,781,a,identifier,0,32,2
365,782,782,[,operator,0,32,3
366,783,783,v,identifier,0,32,4
367,784,784,],operator,0,32,5
368,786,786,=,operator,0,32,7
369,788,790,val,identifier,0,32,9
370,791,791,;,operator,0,32,12
371,795,798,fill,identifier,0,33,2
372,799,799,(,operator,0,33,6
373,800,800,v,identifier,0,33,7
374,801,801,",",operator,0,33,8
375,803,803,u,identifier,0,33,10
376,804,804,),operator,0,33,11
377,805,805,;,operator,0,33,12
378,808,808,},operator,0,34,1
379,810,810,},operator,0,35,0
380,813,815,int,keyword,0,37,0
381,817,820,main,identifier,0,37,4
382,821,821,(,operator,0,37,8
383,822,822,),operator,0,37,9
384,824,824,{,operator,0,37,11
385,827,834,ios_base,identifier,0,38,1
386,835,836,::,operator,0,38,9
387,837,851,sync_with_stdio,identifier,0,38,11
388,852,852,(,operator,0,38,26
389,853,857,false,keyword,0,38,27
390,858,858,),operator,0,38,32
391,859,859,;,operator,0,38,33
392,861,863,cin,identifier,0,38,35
393,864,864,.,operator,0,38,38
394,865,867,tie,identifier,0,38,39
395,868,868,(,operator,0,38,42
396,869,869,0,integer,0,38,43
397,870,870,),operator,0,38,44
398,871,871,;,operator,0,38,45
399,874,876,cin,identifier,0,39,1
400,878,878,>,operator,0,39,5
401,879,879,>,operator,0,39,6
402,881,881,n,identifier,0,39,8
403,882,882,;,operator,0,39,9
404,885,890,memset,identifier,0,40,1
405,891,891,(,operator,0,40,7
406,892,897,parity,identifier,0,40,8
407,898,898,",",operator,0,40,14
408,900,900,-,operator,0,40,16
409,901,901,1,integer,0,40,17
410,902,902,",",operator,0,40,18
411,904,909,sizeof,keyword,0,40,20
412,911,916,parity,identifier,0,40,27
413,917,917,),operator,0,40,33
414,918,918,;,operator,0,40,34
415,921,926,memset,identifier,0,41,1
416,927,927,(,operator,0,41,7
417,928,928,a,identifier,0,41,8
418,929,929,",",operator,0,41,9
419,931,931,-,operator,0,41,11
420,932,932,1,integer,0,41,12
421,933,933,",",operator,0,41,13
422,935,940,sizeof,keyword,0,41,15
423,942,942,a,identifier,0,41,22
424,943,943,),operator,0,41,23
425,944,944,;,operator,0,41,24
426,947,949,for,keyword,0,42,1
427,951,951,(,operator,0,42,5
428,952,954,int,keyword,0,42,6
429,956,956,i,identifier,0,42,10
430,958,958,=,operator,0,42,12
431,960,960,1,integer,0,42,14
432,961,961,;,operator,0,42,15
433,963,963,i,identifier,0,42,17
434,965,965,<,operator,0,42,19
435,967,967,n,identifier,0,42,21
436,968,968,;,operator,0,42,22
437,970,971,++,operator,0,42,24
438,972,972,i,identifier,0,42,26
439,973,973,),operator,0,42,27
440,975,975,{,operator,0,42,29
441,979,981,int,keyword,0,43,2
442,983,983,u,identifier,0,43,6
443,984,984,",",operator,0,43,7
444,986,986,v,identifier,0,43,9
445,987,987,;,operator,0,43,10
446,989,991,cin,identifier,0,43,12
447,993,993,>,operator,0,43,16
448,994,994,>,operator,0,43,17
449,996,996,u,identifier,0,43,19
450,998,998,>,operator,0,43,21
451,999,999,>,operator,0,43,22
452,1001,1001,v,identifier,0,43,24
453,1002,1002,;,operator,0,43,25
454,1006,1006,G,identifier,0,44,2
455,1007,1007,[,operator,0,44,3
456,1008,1008,u,identifier,0,44,4
457,1009,1009,],operator,0,44,5
458,1010,1010,.,operator,0,44,6
459,1011,1019,push_back,identifier,0,44,7
460,1020,1020,(,operator,0,44,16
461,1021,1021,v,identifier,0,44,17
462,1022,1022,),operator,0,44,18
463,1023,1023,;,operator,0,44,19
464,1025,1025,G,identifier,0,44,21
465,1026,1026,[,operator,0,44,22
466,1027,1027,v,identifier,0,44,23
467,1028,1028,],operator,0,44,24
468,1029,1029,.,operator,0,44,25
469,1030,1038,push_back,identifier,0,44,26
470,1039,1039,(,operator,0,44,35
471,1040,1040,u,identifier,0,44,36
472,1041,1041,),operator,0,44,37
473,1042,1042,;,operator,0,44,38
474,1045,1045,},operator,0,45,1
475,1048,1050,cin,identifier,0,46,1
476,1052,1052,>,operator,0,46,5
477,1053,1053,>,operator,0,46,6
478,1055,1055,k,identifier,0,46,8
479,1056,1056,;,operator,0,46,9
480,1059,1063,while,keyword,0,47,1
481,1064,1064,(,operator,0,47,6
482,1065,1065,k,identifier,0,47,7
483,1066,1067,--,operator,0,47,8
484,1068,1068,),operator,0,47,10
485,1070,1070,{,operator,0,47,12
486,1074,1076,int,keyword,0,48,2
487,1078,1078,v,identifier,0,48,6
488,1079,1079,",",operator,0,48,7
489,1081,1081,p,identifier,0,48,9
490,1082,1082,;,operator,0,48,10
491,1084,1086,cin,identifier,0,48,12
492,1088,1088,>,operator,0,48,16
493,1089,1089,>,operator,0,48,17
494,1091,1091,v,identifier,0,48,19
495,1093,1093,>,operator,0,48,21
496,1094,1094,>,operator,0,48,22
497,1096,1096,p,identifier,0,48,24
498,1097,1097,;,operator,0,48,25
499,1099,1099,a,identifier,0,48,27
500,1100,1100,[,operator,0,48,28
501,1101,1101,v,identifier,0,48,29
502,1102,1102,],operator,0,48,30
503,1104,1104,=,operator,0,48,32
504,1106,1106,p,identifier,0,48,34
505,1107,1107,;,operator,0,48,35
506,1110,1110,},operator,0,49,1
507,1114,1116,dfs,identifier,0,51,1
508,1117,1117,(,operator,0,51,4
509,1118,1118,1,integer,0,51,5
510,1119,1119,",",operator,0,51,6
511,1120,1120,-,operator,0,51,7
512,1121,1121,1,integer,0,51,8
513,1122,1122,),operator,0,51,9
514,1123,1123,;,operator,0,51,10
515,1126,1126,a,identifier,0,52,1
516,1127,1127,[,operator,0,52,2
517,1128,1128,1,integer,0,52,3
518,1129,1129,],operator,0,52,4
519,1131,1131,=,operator,0,52,6
520,1133,1133,L,identifier,0,52,8
521,1134,1134,[,operator,0,52,9
522,1135,1135,1,integer,0,52,10
523,1136,1136,],operator,0,52,11
524,1137,1137,;,operator,0,52,12
525,1140,1143,fill,identifier,0,53,1
526,1144,1144,(,operator,0,53,5
527,1145,1145,1,integer,0,53,6
528,1146,1146,",",operator,0,53,7
529,1147,1147,-,operator,0,53,8
530,1148,1148,1,integer,0,53,9
531,1149,1149,),operator,0,53,10
532,1150,1150,;,operator,0,53,11
533,1154,1159,printf,identifier,0,55,1
534,1160,1160,(,operator,0,55,7
535,1161,1167,"""Yes\n""",string,0,55,8
536,1168,1168,),operator,0,55,15
537,1169,1169,;,operator,0,55,16
538,1172,1174,for,keyword,0,56,1
539,1176,1176,(,operator,0,56,5
540,1177,1179,int,keyword,0,56,6
541,1181,1181,i,identifier,0,56,10
542,1183,1183,=,operator,0,56,12
543,1185,1185,1,integer,0,56,14
544,1186,1186,;,operator,0,56,15
545,1188,1188,i,identifier,0,56,17
546,1190,1191,<=,operator,0,56,19
547,1193,1193,n,identifier,0,56,22
548,1194,1194,;,operator,0,56,23
549,1196,1197,++,operator,0,56,25
550,1198,1198,i,identifier,0,56,27
551,1199,1199,),operator,0,56,28
552,1201,1206,printf,identifier,0,56,30
553,1207,1207,(,operator,0,56,36
554,1208,1213,"""%d\n""",string,0,56,37
555,1214,1214,",",operator,0,56,43
556,1216,1216,a,identifier,0,56,45
557,1217,1217,[,operator,0,56,46
558,1218,1218,i,identifier,0,56,47
559,1219,1219,],operator,0,56,48
560,1220,1220,),operator,0,56,49
561,1221,1221,;,operator,0,56,50
562,1223,1223,},operator,0,57,0
563,1224,1223,<EOF>,eof,0,57,1
