seqnr,start,stop,text,class,channel,line,column
0,0,23,"#include <bits/stdc++.h>",directive,1,1,0
1,25,29,using,keyword,0,2,0
2,31,39,namespace,keyword,0,2,6
3,41,43,std,identifier,0,2,16
4,44,44,;,operator,0,2,19
5,46,60,"#define X first",directive,1,3,0
6,62,77,"#define Y second",directive,1,4,0
7,79,98,"#define pb push_back",directive,1,5,0
8,100,106,typedef,keyword,0,6,0
9,108,111,pair,identifier,0,6,8
10,112,112,<,operator,0,6,12
11,113,115,int,keyword,0,6,13
12,116,116,",",operator,0,6,16
13,118,120,int,keyword,0,6,18
14,121,121,>,operator,0,6,21
15,123,124,ii,identifier,0,6,23
16,125,125,;,operator,0,6,25
17,127,133,typedef,keyword,0,7,0
18,135,138,long,keyword,0,7,8
19,140,143,long,keyword,0,7,13
20,145,146,ll,identifier,0,7,18
21,147,147,;,operator,0,7,20
22,150,154,const,keyword,0,9,0
23,156,158,int,keyword,0,9,6
24,160,163,maxn,identifier,0,9,10
25,165,165,=,operator,0,9,15
26,167,169,1e5,floating,0,9,17
27,170,170,+,operator,0,9,20
28,171,171,5,integer,0,9,21
29,172,172,;,operator,0,9,22
30,175,180,vector,identifier,0,11,0
31,181,181,<,operator,0,11,6
32,182,184,int,keyword,0,11,7
33,185,185,>,operator,0,11,10
34,187,189,adj,identifier,0,11,12
35,190,190,[,operator,0,11,15
36,191,194,maxn,identifier,0,11,16
37,195,195,],operator,0,11,20
38,196,196,;,operator,0,11,21
39,198,200,int,keyword,0,12,0
40,202,204,has,identifier,0,12,4
41,205,205,[,operator,0,12,7
42,206,209,maxn,identifier,0,12,8
43,210,210,],operator,0,12,12
44,211,211,;,operator,0,12,13
45,214,217,bool,keyword,0,14,0
46,219,222,flex,identifier,0,14,5
47,223,223,[,operator,0,14,9
48,224,227,maxn,identifier,0,14,10
49,228,228,],operator,0,14,14
50,229,229,;,operator,0,14,15
51,231,233,int,keyword,0,15,0
52,235,238,pari,identifier,0,15,4
53,239,239,[,operator,0,15,8
54,240,243,maxn,identifier,0,15,9
55,244,244,],operator,0,15,13
56,245,245,;,operator,0,15,14
57,248,250,int,keyword,0,17,0
58,252,253,lb,identifier,0,17,4
59,254,254,[,operator,0,17,6
60,255,258,maxn,identifier,0,17,7
61,259,259,],operator,0,17,11
62,260,260,",",operator,0,17,12
63,262,263,rb,identifier,0,17,14
64,264,264,[,operator,0,17,16
65,265,268,maxn,identifier,0,17,17
66,269,269,],operator,0,17,21
67,270,270,;,operator,0,17,22
68,273,275,int,keyword,0,19,0
69,277,279,ans,identifier,0,19,4
70,280,280,[,operator,0,19,7
71,281,284,maxn,identifier,0,19,8
72,285,285,],operator,0,19,12
73,286,286,;,operator,0,19,13
74,289,291,int,keyword,0,21,0
75,293,293,n,identifier,0,21,4
76,294,294,",",operator,0,21,5
77,296,296,k,identifier,0,21,7
78,297,297,;,operator,0,21,8
79,300,303,bool,keyword,0,23,0
80,305,309,solve,identifier,0,23,5
81,310,310,(,operator,0,23,10
82,311,313,int,keyword,0,23,11
83,315,315,u,identifier,0,23,15
84,316,316,",",operator,0,23,16
85,318,320,int,keyword,0,23,18
86,322,322,p,identifier,0,23,22
87,323,323,),operator,0,23,23
88,325,325,{,operator,0,24,0
89,359,361,for,keyword,0,26,1
90,362,362,(,operator,0,26,4
91,363,365,int,keyword,0,26,5
92,367,367,v,identifier,0,26,9
93,369,369,:,operator,0,26,11
94,371,373,adj,identifier,0,26,13
95,374,374,[,operator,0,26,16
96,375,375,u,identifier,0,26,17
97,376,376,],operator,0,26,18
98,377,377,),operator,0,26,19
99,380,380,{,operator,0,27,1
100,384,385,if,keyword,0,28,2
101,386,386,(,operator,0,28,4
102,387,387,v,identifier,0,28,5
103,389,390,==,operator,0,28,7
104,392,392,p,identifier,0,28,10
105,393,393,),operator,0,28,11
106,395,402,continue,keyword,0,28,13
107,403,403,;,operator,0,28,21
108,407,408,if,keyword,0,29,2
109,409,409,(,operator,0,29,4
110,410,410,"!",operator,0,29,5
111,411,415,solve,identifier,0,29,6
112,416,416,(,operator,0,29,11
113,417,417,v,identifier,0,29,12
114,418,418,",",operator,0,29,13
115,420,420,u,identifier,0,29,15
116,421,421,),operator,0,29,16
117,422,422,),operator,0,29,17
118,424,429,return,keyword,0,29,19
119,431,435,false,keyword,0,29,26
120,436,436,;,operator,0,29,31
121,439,439,},operator,0,30,1
122,442,443,lb,identifier,0,31,1
123,444,444,[,operator,0,31,3
124,445,445,u,identifier,0,31,4
125,446,446,],operator,0,31,5
126,448,448,=,operator,0,31,7
127,450,450,-,operator,0,31,9
128,451,453,1e9,floating,0,31,10
129,454,454,",",operator,0,31,13
130,456,457,rb,identifier,0,31,15
131,458,458,[,operator,0,31,17
132,459,459,u,identifier,0,31,18
133,460,460,],operator,0,31,19
134,462,462,=,operator,0,31,21
135,464,466,1e9,floating,0,31,23
136,467,467,;,operator,0,31,26
137,470,473,bool,keyword,0,32,1
138,475,481,allflex,identifier,0,32,6
139,483,483,=,operator,0,32,14
140,485,488,true,keyword,0,32,16
141,489,489,;,operator,0,32,20
142,492,495,pari,identifier,0,33,1
143,496,496,[,operator,0,33,5
144,497,497,u,identifier,0,33,6
145,498,498,],operator,0,33,7
146,500,500,=,operator,0,33,9
147,502,502,-,operator,0,33,11
148,503,503,1,integer,0,33,12
149,504,504,;,operator,0,33,13
150,507,509,for,keyword,0,34,1
151,510,510,(,operator,0,34,4
152,511,513,int,keyword,0,34,5
153,515,515,v,identifier,0,34,9
154,517,517,:,operator,0,34,11
155,519,521,adj,identifier,0,34,13
156,522,522,[,operator,0,34,16
157,523,523,u,identifier,0,34,17
158,524,524,],operator,0,34,18
159,525,525,),operator,0,34,19
160,528,528,{,operator,0,35,1
161,532,533,if,keyword,0,36,2
162,534,534,(,operator,0,36,4
163,535,535,v,identifier,0,36,5
164,537,538,==,operator,0,36,7
165,540,540,p,identifier,0,36,10
166,541,541,),operator,0,36,11
167,543,550,continue,keyword,0,36,13
168,551,551,;,operator,0,36,21
169,555,556,if,keyword,0,37,2
170,557,557,(,operator,0,37,4
171,558,561,flex,identifier,0,37,5
172,562,562,[,operator,0,37,9
173,563,563,v,identifier,0,37,10
174,564,564,],operator,0,37,11
175,565,565,),operator,0,37,12
176,567,574,continue,keyword,0,37,14
177,575,575,;,operator,0,37,22
178,579,585,allflex,identifier,0,38,2
179,587,587,=,operator,0,38,10
180,589,593,false,keyword,0,38,12
181,594,594,;,operator,0,38,17
182,598,599,if,keyword,0,39,2
183,600,600,(,operator,0,39,4
184,601,604,pari,identifier,0,39,5
185,605,605,[,operator,0,39,9
186,606,606,v,identifier,0,39,10
187,607,607,],operator,0,39,11
188,609,610,"!=",operator,0,39,13
189,612,612,-,operator,0,39,16
190,613,613,1,integer,0,39,17
191,615,616,&&,operator,0,39,19
192,618,621,pari,identifier,0,39,22
193,622,622,[,operator,0,39,26
194,623,623,u,identifier,0,39,27
195,624,624,],operator,0,39,28
196,626,627,==,operator,0,39,30
197,629,629,-,operator,0,39,33
198,630,630,1,integer,0,39,34
199,631,631,),operator,0,39,35
200,635,635,{,operator,0,40,2
201,640,643,pari,identifier,0,41,3
202,644,644,[,operator,0,41,7
203,645,645,u,identifier,0,41,8
204,646,646,],operator,0,41,9
205,648,648,=,operator,0,41,11
206,650,650,1,integer,0,41,13
207,651,651,-,operator,0,41,14
208,652,655,pari,identifier,0,41,15
209,656,656,[,operator,0,41,19
210,657,657,v,identifier,0,41,20
211,658,658,],operator,0,41,21
212,659,659,;,operator,0,41,22
213,663,663,},operator,0,42,2
214,667,670,else,keyword,0,43,2
215,672,673,if,keyword,0,43,7
216,674,674,(,operator,0,43,9
217,675,678,pari,identifier,0,43,10
218,679,679,[,operator,0,43,14
219,680,680,v,identifier,0,43,15
220,681,681,],operator,0,43,16
221,683,684,"!=",operator,0,43,18
222,686,686,-,operator,0,43,21
223,687,687,1,integer,0,43,22
224,689,690,&&,operator,0,43,24
225,692,695,pari,identifier,0,43,27
226,696,696,[,operator,0,43,31
227,697,697,u,identifier,0,43,32
228,698,698,],operator,0,43,33
229,700,701,==,operator,0,43,35
230,703,706,pari,identifier,0,43,38
231,707,707,[,operator,0,43,42
232,708,708,v,identifier,0,43,43
233,709,709,],operator,0,43,44
234,710,710,),operator,0,43,45
235,713,718,return,keyword,0,43,48
236,720,724,false,keyword,0,43,55
237,725,725,;,operator,0,43,60
238,729,730,lb,identifier,0,44,2
239,731,731,[,operator,0,44,4
240,732,732,u,identifier,0,44,5
241,733,733,],operator,0,44,6
242,735,735,=,operator,0,44,8
243,737,739,max,identifier,0,44,10
244,740,740,(,operator,0,44,13
245,741,742,lb,identifier,0,44,14
246,743,743,[,operator,0,44,16
247,744,744,u,identifier,0,44,17
248,745,745,],operator,0,44,18
249,746,746,",",operator,0,44,19
250,748,749,lb,identifier,0,44,21
251,750,750,[,operator,0,44,23
252,751,751,v,identifier,0,44,24
253,752,752,],operator,0,44,25
254,753,753,-,operator,0,44,26
255,754,754,1,integer,0,44,27
256,755,755,),operator,0,44,28
257,756,756,;,operator,0,44,29
258,760,761,rb,identifier,0,45,2
259,762,762,[,operator,0,45,4
260,763,763,u,identifier,0,45,5
261,764,764,],operator,0,45,6
262,766,766,=,operator,0,45,8
263,768,770,min,identifier,0,45,10
264,771,771,(,operator,0,45,13
265,772,773,rb,identifier,0,45,14
266,774,774,[,operator,0,45,16
267,775,775,u,identifier,0,45,17
268,776,776,],operator,0,45,18
269,777,777,",",operator,0,45,19
270,779,780,rb,identifier,0,45,21
271,781,781,[,operator,0,45,23
272,782,782,v,identifier,0,45,24
273,783,783,],operator,0,45,25
274,784,784,+,operator,0,45,26
275,785,785,1,integer,0,45,27
276,786,786,),operator,0,45,28
277,787,787,;,operator,0,45,29
278,790,790,},operator,0,46,1
279,858,859,if,keyword,0,48,1
280,860,860,(,operator,0,48,3
281,861,862,lb,identifier,0,48,4
282,863,863,[,operator,0,48,6
283,864,864,u,identifier,0,48,7
284,865,865,],operator,0,48,8
285,866,866,>,operator,0,48,9
286,868,869,rb,identifier,0,48,11
287,870,870,[,operator,0,48,13
288,871,871,u,identifier,0,48,14
289,872,872,],operator,0,48,15
290,873,873,),operator,0,48,16
291,875,880,return,keyword,0,48,18
292,882,886,false,keyword,0,48,25
293,887,887,;,operator,0,48,30
294,890,891,if,keyword,0,49,1
295,892,892,(,operator,0,49,3
296,893,895,has,identifier,0,49,4
297,896,896,[,operator,0,49,7
298,897,897,u,identifier,0,49,8
299,898,898,],operator,0,49,9
300,900,901,"!=",operator,0,49,11
301,903,903,-,operator,0,49,14
302,904,904,1,integer,0,49,15
303,905,905,),operator,0,49,16
304,908,908,{,operator,0,50,1
305,912,913,if,keyword,0,51,2
306,914,914,(,operator,0,51,4
307,915,915,"!",operator,0,51,5
308,916,916,(,operator,0,51,6
309,917,918,lb,identifier,0,51,7
310,919,919,[,operator,0,51,9
311,920,920,u,identifier,0,51,10
312,921,921,],operator,0,51,11
313,922,923,<=,operator,0,51,12
314,925,927,has,identifier,0,51,15
315,928,928,[,operator,0,51,18
316,929,929,u,identifier,0,51,19
317,930,930,],operator,0,51,20
318,932,933,&&,operator,0,51,22
319,935,937,has,identifier,0,51,25
320,938,938,[,operator,0,51,28
321,939,939,u,identifier,0,51,29
322,940,940,],operator,0,51,30
323,941,942,<=,operator,0,51,31
324,944,945,rb,identifier,0,51,34
325,946,946,[,operator,0,51,36
326,947,947,u,identifier,0,51,37
327,948,948,],operator,0,51,38
328,949,949,),operator,0,51,39
329,950,950,),operator,0,51,40
330,952,957,return,keyword,0,51,42
331,959,963,false,keyword,0,51,49
332,964,964,;,operator,0,51,54
333,968,969,if,keyword,0,52,2
334,970,970,(,operator,0,52,4
335,971,974,pari,identifier,0,52,5
336,975,975,[,operator,0,52,9
337,976,976,u,identifier,0,52,10
338,977,977,],operator,0,52,11
339,979,980,"!=",operator,0,52,13
340,982,982,-,operator,0,52,16
341,983,983,1,integer,0,52,17
342,985,986,&&,operator,0,52,19
343,988,990,has,identifier,0,52,22
344,991,991,[,operator,0,52,25
345,992,992,u,identifier,0,52,26
346,993,993,],operator,0,52,27
347,994,994,%,operator,0,52,28
348,995,995,2,integer,0,52,29
349,997,998,"!=",operator,0,52,31
350,1000,1003,pari,identifier,0,52,34
351,1004,1004,[,operator,0,52,38
352,1005,1005,u,identifier,0,52,39
353,1006,1006,],operator,0,52,40
354,1007,1007,),operator,0,52,41
355,1009,1014,return,keyword,0,52,43
356,1016,1020,false,keyword,0,52,50
357,1021,1021,;,operator,0,52,55
358,1025,1026,lb,identifier,0,53,2
359,1027,1027,[,operator,0,53,4
360,1028,1028,u,identifier,0,53,5
361,1029,1029,],operator,0,53,6
362,1031,1031,=,operator,0,53,8
363,1033,1034,rb,identifier,0,53,10
364,1035,1035,[,operator,0,53,12
365,1036,1036,u,identifier,0,53,13
366,1037,1037,],operator,0,53,14
367,1039,1039,=,operator,0,53,16
368,1041,1043,has,identifier,0,53,18
369,1044,1044,[,operator,0,53,21
370,1045,1045,u,identifier,0,53,22
371,1046,1046,],operator,0,53,23
372,1047,1047,;,operator,0,53,24
373,1051,1056,return,keyword,0,54,2
374,1058,1061,true,keyword,0,54,9
375,1062,1062,;,operator,0,54,13
376,1065,1065,},operator,0,55,1
377,1068,1069,if,keyword,0,56,1
378,1070,1070,(,operator,0,56,3
379,1071,1077,allflex,identifier,0,56,4
380,1078,1078,),operator,0,56,11
381,1080,1083,flex,identifier,0,56,13
382,1084,1084,[,operator,0,56,17
383,1085,1085,u,identifier,0,56,18
384,1086,1086,],operator,0,56,19
385,1088,1088,=,operator,0,56,21
386,1090,1093,true,keyword,0,56,23
387,1094,1094,;,operator,0,56,27
388,1097,1102,return,keyword,0,57,1
389,1104,1107,true,keyword,0,57,8
390,1108,1108,;,operator,0,57,12
391,1110,1110,},operator,0,58,0
392,1113,1116,void,keyword,0,60,0
393,1118,1122,recon,identifier,0,60,5
394,1123,1123,(,operator,0,60,10
395,1124,1126,int,keyword,0,60,11
396,1128,1128,u,identifier,0,60,15
397,1129,1129,",",operator,0,60,16
398,1131,1133,int,keyword,0,60,18
399,1135,1135,p,identifier,0,60,22
400,1136,1136,),operator,0,60,23
401,1138,1138,{,operator,0,61,0
402,1141,1142,if,keyword,0,62,1
403,1143,1143,(,operator,0,62,3
404,1144,1144,p,identifier,0,62,4
405,1145,1145,),operator,0,62,5
406,1148,1148,{,operator,0,63,1
407,1152,1153,if,keyword,0,64,2
408,1154,1154,(,operator,0,64,4
409,1155,1156,lb,identifier,0,64,5
410,1157,1157,[,operator,0,64,7
411,1158,1158,u,identifier,0,64,8
412,1159,1159,],operator,0,64,9
413,1160,1161,<=,operator,0,64,10
414,1163,1165,ans,identifier,0,64,13
415,1166,1166,[,operator,0,64,16
416,1167,1167,p,identifier,0,64,17
417,1168,1168,],operator,0,64,18
418,1169,1169,-,operator,0,64,19
419,1170,1170,1,integer,0,64,20
420,1172,1173,&&,operator,0,64,22
421,1175,1177,ans,identifier,0,64,25
422,1178,1178,[,operator,0,64,28
423,1179,1179,p,identifier,0,64,29
424,1180,1180,],operator,0,64,30
425,1181,1181,-,operator,0,64,31
426,1182,1182,1,integer,0,64,32
427,1183,1184,<=,operator,0,64,33
428,1186,1187,rb,identifier,0,64,36
429,1188,1188,[,operator,0,64,38
430,1189,1189,u,identifier,0,64,39
431,1190,1190,],operator,0,64,40
432,1191,1191,),operator,0,64,41
433,1193,1195,ans,identifier,0,64,43
434,1196,1196,[,operator,0,64,46
435,1197,1197,u,identifier,0,64,47
436,1198,1198,],operator,0,64,48
437,1200,1200,=,operator,0,64,50
438,1202,1204,ans,identifier,0,64,52
439,1205,1205,[,operator,0,64,55
440,1206,1206,p,identifier,0,64,56
441,1207,1207,],operator,0,64,57
442,1208,1208,-,operator,0,64,58
443,1209,1209,1,integer,0,64,59
444,1210,1210,;,operator,0,64,60
445,1214,1217,else,keyword,0,65,2
446,1219,1220,if,keyword,0,65,7
447,1221,1221,(,operator,0,65,9
448,1222,1223,lb,identifier,0,65,10
449,1224,1224,[,operator,0,65,12
450,1225,1225,u,identifier,0,65,13
451,1226,1226,],operator,0,65,14
452,1227,1228,<=,operator,0,65,15
453,1230,1232,ans,identifier,0,65,18
454,1233,1233,[,operator,0,65,21
455,1234,1234,p,identifier,0,65,22
456,1235,1235,],operator,0,65,23
457,1236,1236,+,operator,0,65,24
458,1237,1237,1,integer,0,65,25
459,1239,1240,&&,operator,0,65,27
460,1242,1244,ans,identifier,0,65,30
461,1245,1245,[,operator,0,65,33
462,1246,1246,p,identifier,0,65,34
463,1247,1247,],operator,0,65,35
464,1248,1248,+,operator,0,65,36
465,1249,1249,1,integer,0,65,37
466,1250,1251,<=,operator,0,65,38
467,1253,1254,rb,identifier,0,65,41
468,1255,1255,[,operator,0,65,43
469,1256,1256,u,identifier,0,65,44
470,1257,1257,],operator,0,65,45
471,1258,1258,),operator,0,65,46
472,1260,1262,ans,identifier,0,65,48
473,1263,1263,[,operator,0,65,51
474,1264,1264,u,identifier,0,65,52
475,1265,1265,],operator,0,65,53
476,1267,1267,=,operator,0,65,55
477,1269,1271,ans,identifier,0,65,57
478,1272,1272,[,operator,0,65,60
479,1273,1273,p,identifier,0,65,61
480,1274,1274,],operator,0,65,62
481,1275,1275,+,operator,0,65,63
482,1276,1276,1,integer,0,65,64
483,1277,1277,;,operator,0,65,65
484,1281,1284,else,keyword,0,66,2
485,1286,1291,assert,'assert',0,66,7
486,1292,1292,(,operator,0,66,13
487,1293,1297,false,keyword,0,66,14
488,1298,1298,),operator,0,66,19
489,1299,1299,;,operator,0,66,20
490,1302,1302,},operator,0,67,1
491,1305,1307,for,keyword,0,68,1
492,1308,1308,(,operator,0,68,4
493,1309,1311,int,keyword,0,68,5
494,1313,1313,v,identifier,0,68,9
495,1315,1315,:,operator,0,68,11
496,1317,1319,adj,identifier,0,68,13
497,1320,1320,[,operator,0,68,16
498,1321,1321,u,identifier,0,68,17
499,1322,1322,],operator,0,68,18
500,1323,1323,),operator,0,68,19
501,1326,1326,{,operator,0,69,1
502,1330,1331,if,keyword,0,70,2
503,1332,1332,(,operator,0,70,4
504,1333,1333,v,identifier,0,70,5
505,1335,1336,==,operator,0,70,7
506,1338,1338,p,identifier,0,70,10
507,1339,1339,),operator,0,70,11
508,1341,1348,continue,keyword,0,70,13
509,1349,1349,;,operator,0,70,21
510,1353,1357,recon,identifier,0,71,2
511,1358,1358,(,operator,0,71,7
512,1359,1359,v,identifier,0,71,8
513,1360,1360,",",operator,0,71,9
514,1362,1362,u,identifier,0,71,11
515,1363,1363,),operator,0,71,12
516,1364,1364,;,operator,0,71,13
517,1367,1367,},operator,0,72,1
518,1369,1369,},operator,0,73,0
519,1372,1374,int,keyword,0,75,0
520,1376,1379,main,identifier,0,75,4
521,1380,1380,(,operator,0,75,8
522,1381,1381,),operator,0,75,9
523,1383,1383,{,operator,0,76,0
524,1386,1390,scanf,identifier,0,77,1
525,1391,1391,(,operator,0,77,6
526,1392,1395,"""%d""",string,0,77,7
527,1396,1396,",",operator,0,77,11
528,1398,1398,&,operator,0,77,13
529,1399,1399,n,identifier,0,77,14
530,1400,1400,),operator,0,77,15
531,1401,1401,;,operator,0,77,16
532,1404,1406,for,keyword,0,78,1
533,1407,1407,(,operator,0,78,4
534,1408,1410,int,keyword,0,78,5
535,1412,1412,i,identifier,0,78,9
536,1414,1414,=,operator,0,78,11
537,1416,1416,1,integer,0,78,13
538,1417,1417,;,operator,0,78,14
539,1419,1419,i,identifier,0,78,16
540,1420,1421,<=,operator,0,78,17
541,1423,1423,n,identifier,0,78,20
542,1424,1424,-,operator,0,78,21
543,1425,1425,1,integer,0,78,22
544,1426,1426,;,operator,0,78,23
545,1428,1428,i,identifier,0,78,25
546,1429,1430,++,operator,0,78,26
547,1431,1431,),operator,0,78,28
548,1434,1434,{,operator,0,79,1
549,1438,1440,int,keyword,0,80,2
550,1442,1442,u,identifier,0,80,6
551,1443,1443,",",operator,0,80,7
552,1445,1445,v,identifier,0,80,9
553,1446,1446,;,operator,0,80,10
554,1448,1452,scanf,identifier,0,80,12
555,1453,1453,(,operator,0,80,17
556,1454,1460,"""%d %d""",string,0,80,18
557,1461,1461,",",operator,0,80,25
558,1463,1463,&,operator,0,80,27
559,1464,1464,u,identifier,0,80,28
560,1465,1465,",",operator,0,80,29
561,1467,1467,&,operator,0,80,31
562,1468,1468,v,identifier,0,80,32
563,1469,1469,),operator,0,80,33
564,1470,1470,;,operator,0,80,34
565,1474,1476,adj,identifier,0,81,2
566,1477,1477,[,operator,0,81,5
567,1478,1478,u,identifier,0,81,6
568,1479,1479,],operator,0,81,7
569,1480,1480,.,operator,0,81,8
570,1481,1482,pb,identifier,0,81,9
571,1483,1483,(,operator,0,81,11
572,1484,1484,v,identifier,0,81,12
573,1485,1485,),operator,0,81,13
574,1486,1486,;,operator,0,81,14
575,1488,1490,adj,identifier,0,81,16
576,1491,1491,[,operator,0,81,19
577,1492,1492,v,identifier,0,81,20
578,1493,1493,],operator,0,81,21
579,1494,1494,.,operator,0,81,22
580,1495,1496,pb,identifier,0,81,23
581,1497,1497,(,operator,0,81,25
582,1498,1498,u,identifier,0,81,26
583,1499,1499,),operator,0,81,27
584,1500,1500,;,operator,0,81,28
585,1503,1503,},operator,0,82,1
586,1506,1508,for,keyword,0,83,1
587,1509,1509,(,operator,0,83,4
588,1510,1512,int,keyword,0,83,5
589,1514,1514,i,identifier,0,83,9
590,1516,1516,=,operator,0,83,11
591,1518,1518,1,integer,0,83,13
592,1519,1519,;,operator,0,83,14
593,1521,1521,i,identifier,0,83,16
594,1522,1523,<=,operator,0,83,17
595,1525,1525,n,identifier,0,83,20
596,1526,1526,;,operator,0,83,21
597,1528,1528,i,identifier,0,83,23
598,1529,1530,++,operator,0,83,24
599,1531,1531,),operator,0,83,26
600,1533,1535,has,identifier,0,83,28
601,1536,1536,[,operator,0,83,31
602,1537,1537,u,identifier,0,83,32
603,1538,1538,],operator,0,83,33
604,1540,1540,=,operator,0,83,35
605,1542,1542,-,operator,0,83,37
606,1543,1543,1,integer,0,83,38
607,1544,1544,;,operator,0,83,39
608,1547,1551,scanf,identifier,0,84,1
609,1552,1552,(,operator,0,84,6
610,1553,1556,"""%d""",string,0,84,7
611,1557,1557,",",operator,0,84,11
612,1559,1559,&,operator,0,84,13
613,1560,1560,k,identifier,0,84,14
614,1561,1561,),operator,0,84,15
615,1562,1562,;,operator,0,84,16
616,1565,1567,for,keyword,0,85,1
617,1568,1568,(,operator,0,85,4
618,1569,1571,int,keyword,0,85,5
619,1573,1573,i,identifier,0,85,9
620,1575,1575,=,operator,0,85,11
621,1577,1577,1,integer,0,85,13
622,1578,1578,;,operator,0,85,14
623,1580,1580,i,identifier,0,85,16
624,1581,1582,<=,operator,0,85,17
625,1584,1584,k,identifier,0,85,20
626,1585,1585,;,operator,0,85,21
627,1587,1587,i,identifier,0,85,23
628,1588,1589,++,operator,0,85,24
629,1590,1590,),operator,0,85,26
630,1593,1593,{,operator,0,86,1
631,1597,1599,int,keyword,0,87,2
632,1601,1601,v,identifier,0,87,6
633,1602,1602,",",operator,0,87,7
634,1604,1604,p,identifier,0,87,9
635,1605,1605,;,operator,0,87,10
636,1607,1611,scanf,identifier,0,87,12
637,1612,1612,(,operator,0,87,17
638,1613,1619,"""%d %d""",string,0,87,18
639,1620,1620,",",operator,0,87,25
640,1622,1622,&,operator,0,87,27
641,1623,1623,v,identifier,0,87,28
642,1624,1624,",",operator,0,87,29
643,1626,1626,&,operator,0,87,31
644,1627,1627,p,identifier,0,87,32
645,1628,1628,),operator,0,87,33
646,1629,1629,;,operator,0,87,34
647,1633,1635,has,identifier,0,88,2
648,1636,1636,[,operator,0,88,5
649,1637,1637,v,identifier,0,88,6
650,1638,1638,],operator,0,88,7
651,1640,1640,=,operator,0,88,9
652,1642,1642,p,identifier,0,88,11
653,1643,1643,;,operator,0,88,12
654,1646,1646,},operator,0,89,1
655,1649,1650,if,keyword,0,90,1
656,1651,1651,(,operator,0,90,3
657,1652,1652,"!",operator,0,90,4
658,1653,1657,solve,identifier,0,90,5
659,1658,1658,(,operator,0,90,10
660,1659,1659,1,integer,0,90,11
661,1660,1660,",",operator,0,90,12
662,1662,1662,0,integer,0,90,14
663,1663,1663,),operator,0,90,15
664,1664,1664,),operator,0,90,16
665,1667,1667,{,operator,0,91,1
666,1671,1674,puts,identifier,0,92,2
667,1675,1675,(,operator,0,92,6
668,1676,1679,"""No""",string,0,92,7
669,1680,1680,),operator,0,92,11
670,1681,1681,;,operator,0,92,12
671,1683,1688,return,keyword,0,92,14
672,1690,1690,0,integer,0,92,21
673,1691,1691,;,operator,0,92,22
674,1694,1694,},operator,0,93,1
675,1697,1699,ans,identifier,0,94,1
676,1700,1700,[,operator,0,94,4
677,1701,1701,1,integer,0,94,5
678,1702,1702,],operator,0,94,6
679,1704,1704,=,operator,0,94,8
680,1706,1707,lb,identifier,0,94,10
681,1708,1708,[,operator,0,94,12
682,1709,1709,1,integer,0,94,13
683,1710,1710,],operator,0,94,14
684,1711,1711,;,operator,0,94,15
685,1714,1718,recon,identifier,0,95,1
686,1719,1719,(,operator,0,95,6
687,1720,1720,1,integer,0,95,7
688,1721,1721,",",operator,0,95,8
689,1723,1723,0,integer,0,95,10
690,1724,1724,),operator,0,95,11
691,1725,1725,;,operator,0,95,12
692,1728,1731,puts,identifier,0,96,1
693,1732,1732,(,operator,0,96,5
694,1733,1737,"""Yes""",string,0,96,6
695,1738,1738,),operator,0,96,11
696,1739,1739,;,operator,0,96,12
697,1742,1744,for,keyword,0,97,1
698,1745,1745,(,operator,0,97,4
699,1746,1748,int,keyword,0,97,5
700,1750,1750,i,identifier,0,97,9
701,1752,1752,=,operator,0,97,11
702,1754,1754,1,integer,0,97,13
703,1755,1755,;,operator,0,97,14
704,1757,1757,i,identifier,0,97,16
705,1758,1759,<=,operator,0,97,17
706,1761,1761,n,identifier,0,97,20
707,1762,1762,;,operator,0,97,21
708,1764,1764,i,identifier,0,97,23
709,1765,1766,++,operator,0,97,24
710,1767,1767,),operator,0,97,26
711,1769,1774,printf,identifier,0,97,28
712,1775,1775,(,operator,0,97,34
713,1776,1781,"""%d\n""",string,0,97,35
714,1782,1782,",",operator,0,97,41
715,1784,1786,ans,identifier,0,97,43
716,1787,1787,[,operator,0,97,46
717,1788,1788,i,identifier,0,97,47
718,1789,1789,],operator,0,97,48
719,1790,1790,),operator,0,97,49
720,1791,1791,;,operator,0,97,50
721,1793,1793,},operator,0,98,0
722,1794,1793,<EOF>,eof,0,98,1
