seqnr,start,stop,text,class,channel,line,column
0,0,23,"#include <bits/stdc++.h>",directive,1,1,0
1,25,45,"#define int long long",directive,1,2,0
2,47,53,typedef,keyword,0,3,0
3,55,58,long,keyword,0,3,8
4,60,63,long,keyword,0,3,13
5,65,66,ll,identifier,0,3,18
6,67,67,;,operator,0,3,20
7,69,73,using,keyword,0,4,0
8,75,83,namespace,keyword,0,4,6
9,85,87,std,identifier,0,4,16
10,88,88,;,operator,0,4,19
11,91,95,const,keyword,0,6,0
12,97,98,ll,identifier,0,6,6
13,100,102,MAX,identifier,0,6,9
14,104,104,=,operator,0,6,13
15,106,111,200000,integer,0,6,15
16,112,112,;,operator,0,6,21
17,114,118,const,keyword,0,7,0
18,120,121,ll,identifier,0,7,6
19,123,125,INF,identifier,0,7,9
20,127,127,=,operator,0,7,13
21,129,138,1001001001,integer,0,7,15
22,139,139,;,operator,0,7,25
23,141,145,const,keyword,0,8,0
24,147,148,ll,identifier,0,8,6
25,150,152,MOD,identifier,0,8,9
26,154,154,=,operator,0,8,13
27,156,165,1000000007,integer,0,8,15
28,166,166,;,operator,0,8,25
29,168,172,const,keyword,0,9,0
30,174,179,double,keyword,0,9,6
31,181,182,PI,identifier,0,9,13
32,183,183,=,operator,0,9,15
33,184,201,3.1415926535897932,floating,0,9,16
34,202,202,;,operator,0,9,34
35,205,206,ll,identifier,0,11,0
36,208,208,N,identifier,0,11,3
37,209,209,",",operator,0,11,4
38,211,211,K,identifier,0,11,6
39,212,212,",",operator,0,11,7
40,214,216,ans,identifier,0,11,9
41,217,217,=,operator,0,11,12
42,218,218,0,integer,0,11,13
43,219,219,",",operator,0,11,14
44,221,223,tmp,identifier,0,11,16
45,224,224,=,operator,0,11,19
46,225,225,0,integer,0,11,20
47,226,226,;,operator,0,11,21
48,228,233,vector,identifier,0,12,0
49,234,234,<,operator,0,12,6
50,235,236,ll,identifier,0,12,7
51,237,237,>,operator,0,12,9
52,239,239,P,identifier,0,12,11
53,240,240,;,operator,0,12,12
54,242,247,vector,identifier,0,13,0
55,248,248,<,operator,0,13,6
56,249,252,pair,identifier,0,13,7
57,253,253,<,operator,0,13,11
58,254,255,ll,identifier,0,13,12
59,256,256,",",operator,0,13,14
60,257,258,ll,identifier,0,13,15
61,259,259,>,operator,0,13,17
62,260,260,>,operator,0,13,18
63,262,263,PS,identifier,0,13,20
64,264,264,;,operator,0,13,22
65,266,271,vector,identifier,0,14,0
66,272,272,<,operator,0,14,6
67,273,278,vector,identifier,0,14,7
68,279,279,<,operator,0,14,13
69,280,283,pair,identifier,0,14,14
70,284,284,<,operator,0,14,18
71,285,286,ll,identifier,0,14,19
72,287,287,",",operator,0,14,21
73,288,289,ll,identifier,0,14,22
74,290,290,>,operator,0,14,24
75,291,291,>,operator,0,14,25
76,292,292,>,operator,0,14,26
77,294,294,G,identifier,0,14,28
78,295,295,;,operator,0,14,29
79,297,299,set,identifier,0,15,0
80,300,300,<,operator,0,15,3
81,301,302,ll,identifier,0,15,4
82,303,303,>,operator,0,15,6
83,305,306,ST,identifier,0,15,8
84,307,307,;,operator,0,15,10
85,309,314,string,identifier,0,16,0
86,316,316,S,identifier,0,16,7
87,317,317,;,operator,0,16,8
88,320,323,void,keyword,0,18,0
89,325,332,dijkstra,identifier,0,18,5
90,333,333,(,operator,0,18,13
91,334,334,),operator,0,18,14
92,336,336,{,operator,0,18,16
93,342,355,priority_queue,identifier,0,19,4
94,356,356,<,operator,0,19,18
95,357,360,pair,identifier,0,19,19
96,361,361,<,operator,0,19,23
97,362,363,ll,identifier,0,19,24
98,364,364,",",operator,0,19,26
99,365,366,ll,identifier,0,19,27
100,367,367,>,operator,0,19,29
101,368,368,",",operator,0,19,30
102,370,375,vector,identifier,0,19,32
103,376,376,<,operator,0,19,38
104,377,380,pair,identifier,0,19,39
105,381,381,<,operator,0,19,43
106,382,383,ll,identifier,0,19,44
107,384,384,",",operator,0,19,46
108,385,386,ll,identifier,0,19,47
109,387,387,>,operator,0,19,49
110,388,388,>,operator,0,19,50
111,389,389,",",operator,0,19,51
112,391,397,greater,identifier,0,19,53
113,398,398,<,operator,0,19,60
114,399,402,pair,identifier,0,19,61
115,403,403,<,operator,0,19,65
116,404,405,ll,identifier,0,19,66
117,406,406,",",operator,0,19,68
118,407,408,ll,identifier,0,19,69
119,409,409,>,operator,0,19,71
120,410,410,>,operator,0,19,72
121,411,411,>,operator,0,19,73
122,413,414,PQ,identifier,0,19,75
123,415,415,;,operator,0,19,77
124,421,422,PQ,identifier,0,20,4
125,423,423,.,operator,0,20,6
126,424,427,push,identifier,0,20,7
127,428,428,(,operator,0,20,11
128,429,437,make_pair,identifier,0,20,12
129,438,438,(,operator,0,20,21
130,439,439,0,integer,0,20,22
131,440,440,",",operator,0,20,23
132,442,442,N,identifier,0,20,25
133,443,443,),operator,0,20,26
134,444,444,),operator,0,20,27
135,445,445,;,operator,0,20,28
136,451,455,while,keyword,0,21,4
137,456,456,(,operator,0,21,9
138,457,457,"!",operator,0,21,10
139,458,459,PQ,identifier,0,21,11
140,460,460,.,operator,0,21,13
141,461,465,empty,identifier,0,21,14
142,466,466,(,operator,0,21,19
143,467,467,),operator,0,21,20
144,468,468,),operator,0,21,21
145,470,470,{,operator,0,21,23
146,480,483,pair,identifier,0,22,8
147,484,484,<,operator,0,22,12
148,485,486,ll,identifier,0,22,13
149,487,487,",",operator,0,22,15
150,488,489,ll,identifier,0,22,16
151,490,490,>,operator,0,22,18
152,492,493,pp,identifier,0,22,20
153,495,495,=,operator,0,22,23
154,497,498,PQ,identifier,0,22,25
155,499,499,.,operator,0,22,27
156,500,502,top,identifier,0,22,28
157,503,503,(,operator,0,22,31
158,504,504,),operator,0,22,32
159,505,505,;,operator,0,22,33
160,515,516,PQ,identifier,0,23,8
161,517,517,.,operator,0,23,10
162,518,520,pop,identifier,0,23,11
163,521,521,(,operator,0,23,14
164,522,522,),operator,0,23,15
165,523,523,;,operator,0,23,16
166,533,534,if,keyword,0,24,8
167,535,535,(,operator,0,24,10
168,536,536,P,identifier,0,24,11
169,537,537,[,operator,0,24,12
170,538,539,pp,identifier,0,24,13
171,540,540,.,operator,0,24,15
172,541,546,second,identifier,0,24,16
173,547,547,],operator,0,24,22
174,548,549,<=,operator,0,24,23
175,550,551,pp,identifier,0,24,25
176,552,552,.,operator,0,24,27
177,553,557,first,identifier,0,24,28
178,558,558,),operator,0,24,33
179,560,567,continue,keyword,0,24,35
180,568,568,;,operator,0,24,43
181,578,578,P,identifier,0,25,8
182,579,579,[,operator,0,25,9
183,580,581,pp,identifier,0,25,10
184,582,582,.,operator,0,25,12
185,583,588,second,identifier,0,25,13
186,589,589,],operator,0,25,19
187,591,591,=,operator,0,25,21
188,593,594,pp,identifier,0,25,23
189,595,595,.,operator,0,25,25
190,596,600,first,identifier,0,25,26
191,601,601,;,operator,0,25,31
192,611,613,for,keyword,0,26,8
193,614,614,(,operator,0,26,11
194,615,617,int,keyword,0,26,12
195,619,619,i,identifier,0,26,16
196,620,620,=,operator,0,26,17
197,621,621,0,integer,0,26,18
198,622,622,;,operator,0,26,19
199,623,623,i,identifier,0,26,20
200,624,624,<,operator,0,26,21
201,625,625,G,identifier,0,26,22
202,626,626,[,operator,0,26,23
203,627,628,pp,identifier,0,26,24
204,629,629,.,operator,0,26,26
205,630,635,second,identifier,0,26,27
206,636,636,],operator,0,26,33
207,637,637,.,operator,0,26,34
208,638,641,size,identifier,0,26,35
209,642,642,(,operator,0,26,39
210,643,643,),operator,0,26,40
211,644,644,;,operator,0,26,41
212,645,645,i,identifier,0,26,42
213,646,647,++,operator,0,26,43
214,648,648,),operator,0,26,45
215,650,650,{,operator,0,26,47
216,664,665,if,keyword,0,27,12
217,666,666,(,operator,0,27,14
218,667,667,P,identifier,0,27,15
219,668,668,[,operator,0,27,16
220,669,669,G,identifier,0,27,17
221,670,670,[,operator,0,27,18
222,671,672,pp,identifier,0,27,19
223,673,673,.,operator,0,27,21
224,674,679,second,identifier,0,27,22
225,680,680,],operator,0,27,28
226,681,681,[,operator,0,27,29
227,682,682,i,identifier,0,27,30
228,683,683,],operator,0,27,31
229,684,684,.,operator,0,27,32
230,685,689,first,identifier,0,27,33
231,690,690,],operator,0,27,38
232,691,691,>,operator,0,27,39
233,692,692,P,identifier,0,27,40
234,693,693,[,operator,0,27,41
235,694,695,pp,identifier,0,27,42
236,696,696,.,operator,0,27,44
237,697,702,second,identifier,0,27,45
238,703,703,],operator,0,27,51
239,704,704,+,operator,0,27,52
240,705,705,G,identifier,0,27,53
241,706,706,[,operator,0,27,54
242,707,708,pp,identifier,0,27,55
243,709,709,.,operator,0,27,57
244,710,715,second,identifier,0,27,58
245,716,716,],operator,0,27,64
246,717,717,[,operator,0,27,65
247,718,718,i,identifier,0,27,66
248,719,719,],operator,0,27,67
249,720,720,.,operator,0,27,68
250,721,726,second,identifier,0,27,69
251,727,727,),operator,0,27,75
252,729,730,PQ,identifier,0,27,77
253,731,731,.,operator,0,27,79
254,732,735,push,identifier,0,27,80
255,736,736,(,operator,0,27,84
256,737,745,make_pair,identifier,0,27,85
257,746,746,(,operator,0,27,94
258,747,747,P,identifier,0,27,95
259,748,748,[,operator,0,27,96
260,749,750,pp,identifier,0,27,97
261,751,751,.,operator,0,27,99
262,752,757,second,identifier,0,27,100
263,758,758,],operator,0,27,106
264,759,759,+,operator,0,27,107
265,760,760,G,identifier,0,27,108
266,761,761,[,operator,0,27,109
267,762,763,pp,identifier,0,27,110
268,764,764,.,operator,0,27,112
269,765,770,second,identifier,0,27,113
270,771,771,],operator,0,27,119
271,772,772,[,operator,0,27,120
272,773,773,i,identifier,0,27,121
273,774,774,],operator,0,27,122
274,775,775,.,operator,0,27,123
275,776,781,second,identifier,0,27,124
276,782,782,",",operator,0,27,130
277,784,784,G,identifier,0,27,132
278,785,785,[,operator,0,27,133
279,786,787,pp,identifier,0,27,134
280,788,788,.,operator,0,27,136
281,789,794,second,identifier,0,27,137
282,795,795,],operator,0,27,143
283,796,796,[,operator,0,27,144
284,797,797,i,identifier,0,27,145
285,798,798,],operator,0,27,146
286,799,799,.,operator,0,27,147
287,800,804,first,identifier,0,27,148
288,805,805,),operator,0,27,153
289,806,806,),operator,0,27,154
290,807,807,;,operator,0,27,155
291,817,817,},operator,0,28,8
292,823,823,},operator,0,29,4
293,825,825,},operator,0,30,0
294,828,833,signed,keyword,0,32,0
295,835,838,main,identifier,0,32,7
296,839,839,(,operator,0,32,11
297,840,840,),operator,0,32,12
298,841,841,{,operator,0,32,13
299,847,849,cin,identifier,0,33,4
300,851,851,>,operator,0,33,8
301,852,852,>,operator,0,33,9
302,854,854,N,identifier,0,33,11
303,855,855,;,operator,0,33,12
304,861,861,G,identifier,0,34,4
305,862,862,.,operator,0,34,5
306,863,868,resize,identifier,0,34,6
307,869,869,(,operator,0,34,12
308,870,870,N,identifier,0,34,13
309,871,871,+,operator,0,34,14
310,872,872,1,integer,0,34,15
311,873,873,),operator,0,34,16
312,874,874,;,operator,0,34,17
313,880,880,P,identifier,0,35,4
314,881,881,.,operator,0,35,5
315,882,887,resize,identifier,0,35,6
316,888,888,(,operator,0,35,12
317,889,889,N,identifier,0,35,13
318,890,890,+,operator,0,35,14
319,891,891,1,integer,0,35,15
320,892,892,",",operator,0,35,16
321,894,896,INF,identifier,0,35,18
322,897,897,),operator,0,35,21
323,898,898,;,operator,0,35,22
324,904,906,for,keyword,0,36,4
325,907,907,(,operator,0,36,7
326,908,910,int,keyword,0,36,8
327,912,912,i,identifier,0,36,12
328,913,913,=,operator,0,36,13
329,914,914,0,integer,0,36,14
330,915,915,;,operator,0,36,15
331,916,916,i,identifier,0,36,16
332,917,917,<,operator,0,36,17
333,918,918,N,identifier,0,36,18
334,919,919,-,operator,0,36,19
335,920,920,1,integer,0,36,20
336,921,921,;,operator,0,36,21
337,922,922,i,identifier,0,36,22
338,923,924,++,operator,0,36,23
339,925,925,),operator,0,36,25
340,927,927,{,operator,0,36,27
341,937,938,ll,identifier,0,37,8
342,940,940,a,identifier,0,37,11
343,941,941,",",operator,0,37,12
344,943,943,b,identifier,0,37,14
345,944,944,;,operator,0,37,15
346,954,956,cin,identifier,0,38,8
347,958,958,>,operator,0,38,12
348,959,959,>,operator,0,38,13
349,961,961,a,identifier,0,38,15
350,963,963,>,operator,0,38,17
351,964,964,>,operator,0,38,18
352,966,966,b,identifier,0,38,20
353,967,967,;,operator,0,38,21
354,977,977,a,identifier,0,39,8
355,978,979,--,operator,0,39,9
356,980,980,;,operator,0,39,11
357,990,990,b,identifier,0,40,8
358,991,992,--,operator,0,40,9
359,993,993,;,operator,0,40,11
360,1003,1003,G,identifier,0,41,8
361,1004,1004,[,operator,0,41,9
362,1005,1005,a,identifier,0,41,10
363,1006,1006,],operator,0,41,11
364,1007,1007,.,operator,0,41,12
365,1008,1016,push_back,identifier,0,41,13
366,1017,1017,(,operator,0,41,22
367,1018,1026,make_pair,identifier,0,41,23
368,1027,1027,(,operator,0,41,32
369,1028,1028,b,identifier,0,41,33
370,1029,1029,",",operator,0,41,34
371,1031,1031,1,integer,0,41,36
372,1032,1032,),operator,0,41,37
373,1033,1033,),operator,0,41,38
374,1034,1034,;,operator,0,41,39
375,1044,1044,G,identifier,0,42,8
376,1045,1045,[,operator,0,42,9
377,1046,1046,b,identifier,0,42,10
378,1047,1047,],operator,0,42,11
379,1048,1048,.,operator,0,42,12
380,1049,1057,push_back,identifier,0,42,13
381,1058,1058,(,operator,0,42,22
382,1059,1067,make_pair,identifier,0,42,23
383,1068,1068,(,operator,0,42,32
384,1069,1069,a,identifier,0,42,33
385,1070,1070,",",operator,0,42,34
386,1072,1072,1,integer,0,42,36
387,1073,1073,),operator,0,42,37
388,1074,1074,),operator,0,42,38
389,1075,1075,;,operator,0,42,39
390,1081,1081,},operator,0,43,4
391,1087,1089,cin,identifier,0,44,4
392,1091,1091,>,operator,0,44,8
393,1092,1092,>,operator,0,44,9
394,1094,1094,K,identifier,0,44,11
395,1095,1095,;,operator,0,44,12
396,1101,1103,for,keyword,0,45,4
397,1104,1104,(,operator,0,45,7
398,1105,1107,int,keyword,0,45,8
399,1109,1109,i,identifier,0,45,12
400,1110,1110,=,operator,0,45,13
401,1111,1111,0,integer,0,45,14
402,1112,1112,;,operator,0,45,15
403,1113,1113,i,identifier,0,45,16
404,1114,1114,<,operator,0,45,17
405,1115,1115,K,identifier,0,45,18
406,1116,1116,;,operator,0,45,19
407,1117,1117,i,identifier,0,45,20
408,1118,1119,++,operator,0,45,21
409,1120,1120,),operator,0,45,23
410,1122,1122,{,operator,0,45,25
411,1132,1133,ll,identifier,0,46,8
412,1135,1135,v,identifier,0,46,11
413,1136,1136,",",operator,0,46,12
414,1138,1138,p,identifier,0,46,14
415,1139,1139,;,operator,0,46,15
416,1149,1151,cin,identifier,0,47,8
417,1153,1153,>,operator,0,47,12
418,1154,1154,>,operator,0,47,13
419,1156,1156,v,identifier,0,47,15
420,1158,1158,>,operator,0,47,17
421,1159,1159,>,operator,0,47,18
422,1161,1161,p,identifier,0,47,20
423,1162,1162,;,operator,0,47,21
424,1172,1172,v,identifier,0,48,8
425,1173,1174,--,operator,0,48,9
426,1175,1175,;,operator,0,48,11
427,1185,1185,G,identifier,0,49,8
428,1186,1186,[,operator,0,49,9
429,1187,1187,N,identifier,0,49,10
430,1188,1188,],operator,0,49,11
431,1189,1189,.,operator,0,49,12
432,1190,1198,push_back,identifier,0,49,13
433,1199,1199,(,operator,0,49,22
434,1200,1208,make_pair,identifier,0,49,23
435,1209,1209,(,operator,0,49,32
436,1210,1210,v,identifier,0,49,33
437,1211,1211,",",operator,0,49,34
438,1213,1213,p,identifier,0,49,36
439,1214,1214,),operator,0,49,37
440,1215,1215,),operator,0,49,38
441,1216,1216,;,operator,0,49,39
442,1226,1227,PS,identifier,0,50,8
443,1228,1228,.,operator,0,50,10
444,1229,1237,push_back,identifier,0,50,11
445,1238,1238,(,operator,0,50,20
446,1239,1247,make_pair,identifier,0,50,21
447,1248,1248,(,operator,0,50,30
448,1249,1249,v,identifier,0,50,31
449,1250,1250,",",operator,0,50,32
450,1252,1252,p,identifier,0,50,34
451,1253,1253,),operator,0,50,35
452,1254,1254,),operator,0,50,36
453,1255,1255,;,operator,0,50,37
454,1261,1261,},operator,0,51,4
455,1267,1274,dijkstra,identifier,0,52,4
456,1275,1275,(,operator,0,52,12
457,1276,1276,),operator,0,52,13
458,1277,1277,;,operator,0,52,14
459,1283,1285,for,keyword,0,53,4
460,1286,1286,(,operator,0,53,7
461,1287,1289,int,keyword,0,53,8
462,1291,1291,i,identifier,0,53,12
463,1292,1292,=,operator,0,53,13
464,1293,1293,0,integer,0,53,14
465,1294,1294,;,operator,0,53,15
466,1295,1295,i,identifier,0,53,16
467,1296,1296,<,operator,0,53,17
468,1297,1297,K,identifier,0,53,18
469,1298,1298,;,operator,0,53,19
470,1299,1299,i,identifier,0,53,20
471,1300,1301,++,operator,0,53,21
472,1302,1302,),operator,0,53,23
473,1304,1304,{,operator,0,53,25
474,1314,1314,P,identifier,0,54,8
475,1315,1315,[,operator,0,54,9
476,1316,1317,PS,identifier,0,54,10
477,1318,1318,[,operator,0,54,12
478,1319,1319,i,identifier,0,54,13
479,1320,1320,],operator,0,54,14
480,1321,1321,.,operator,0,54,15
481,1322,1326,first,identifier,0,54,16
482,1327,1327,],operator,0,54,21
483,1329,1329,=,operator,0,54,23
484,1331,1332,PS,identifier,0,54,25
485,1333,1333,[,operator,0,54,27
486,1334,1334,i,identifier,0,54,28
487,1335,1335,],operator,0,54,29
488,1336,1336,.,operator,0,54,30
489,1337,1342,second,identifier,0,54,31
490,1343,1343,;,operator,0,54,37
491,1349,1349,},operator,0,55,4
492,1355,1357,for,keyword,0,56,4
493,1358,1358,(,operator,0,56,7
494,1359,1361,int,keyword,0,56,8
495,1363,1363,i,identifier,0,56,12
496,1364,1364,=,operator,0,56,13
497,1365,1365,0,integer,0,56,14
498,1366,1366,;,operator,0,56,15
499,1367,1367,i,identifier,0,56,16
500,1368,1368,<,operator,0,56,17
501,1369,1369,N,identifier,0,56,18
502,1370,1370,;,operator,0,56,19
503,1371,1371,i,identifier,0,56,20
504,1372,1373,++,operator,0,56,21
505,1374,1374,),operator,0,56,23
506,1376,1376,{,operator,0,56,25
507,1386,1389,cout,identifier,0,57,8
508,1391,1391,<,operator,0,57,13
509,1392,1392,<,operator,0,57,14
510,1394,1394,i,identifier,0,57,16
511,1396,1396,<,operator,0,57,18
512,1397,1397,<,operator,0,57,19
513,1399,1401,""" """,string,0,57,21
514,1403,1403,<,operator,0,57,25
515,1404,1404,<,operator,0,57,26
516,1406,1406,P,identifier,0,57,28
517,1407,1407,[,operator,0,57,29
518,1408,1408,i,identifier,0,57,30
519,1409,1409,],operator,0,57,31
520,1411,1411,<,operator,0,57,33
521,1412,1412,<,operator,0,57,34
522,1414,1417,endl,identifier,0,57,36
523,1418,1418,;,operator,0,57,40
524,1424,1424,},operator,0,58,4
525,1430,1432,for,keyword,0,59,4
526,1433,1433,(,operator,0,59,7
527,1434,1436,int,keyword,0,59,8
528,1438,1438,i,identifier,0,59,12
529,1439,1439,=,operator,0,59,13
530,1440,1440,0,integer,0,59,14
531,1441,1441,;,operator,0,59,15
532,1442,1442,i,identifier,0,59,16
533,1443,1443,<,operator,0,59,17
534,1444,1444,N,identifier,0,59,18
535,1445,1445,;,operator,0,59,19
536,1446,1446,i,identifier,0,59,20
537,1447,1448,++,operator,0,59,21
538,1449,1449,),operator,0,59,23
539,1451,1451,{,operator,0,59,25
540,1461,1463,for,keyword,0,60,8
541,1464,1464,(,operator,0,60,11
542,1465,1467,int,keyword,0,60,12
543,1469,1469,j,identifier,0,60,16
544,1470,1470,=,operator,0,60,17
545,1471,1471,0,integer,0,60,18
546,1472,1472,;,operator,0,60,19
547,1473,1473,j,identifier,0,60,20
548,1474,1474,<,operator,0,60,21
549,1475,1475,G,identifier,0,60,22
550,1476,1476,[,operator,0,60,23
551,1477,1477,i,identifier,0,60,24
552,1478,1478,],operator,0,60,25
553,1479,1479,.,operator,0,60,26
554,1480,1483,size,identifier,0,60,27
555,1484,1484,(,operator,0,60,31
556,1485,1485,),operator,0,60,32
557,1486,1486,;,operator,0,60,33
558,1487,1487,j,identifier,0,60,34
559,1488,1489,++,operator,0,60,35
560,1490,1490,),operator,0,60,37
561,1492,1492,{,operator,0,60,39
562,1506,1507,if,keyword,0,61,12
563,1508,1508,(,operator,0,61,14
564,1509,1511,abs,identifier,0,61,15
565,1512,1512,(,operator,0,61,18
566,1513,1513,P,identifier,0,61,19
567,1514,1514,[,operator,0,61,20
568,1515,1515,i,identifier,0,61,21
569,1516,1516,],operator,0,61,22
570,1517,1517,-,operator,0,61,23
571,1518,1518,P,identifier,0,61,24
572,1519,1519,[,operator,0,61,25
573,1520,1520,G,identifier,0,61,26
574,1521,1521,[,operator,0,61,27
575,1522,1522,i,identifier,0,61,28
576,1523,1523,],operator,0,61,29
577,1524,1524,[,operator,0,61,30
578,1525,1525,j,identifier,0,61,31
579,1526,1526,],operator,0,61,32
580,1527,1527,.,operator,0,61,33
581,1528,1532,first,identifier,0,61,34
582,1533,1533,],operator,0,61,39
583,1534,1534,),operator,0,61,40
584,1535,1536,"!=",operator,0,61,41
585,1537,1537,1,integer,0,61,43
586,1538,1538,),operator,0,61,44
587,1540,1540,{,operator,0,61,46
588,1558,1561,cout,identifier,0,62,16
589,1563,1563,<,operator,0,62,21
590,1564,1564,<,operator,0,62,22
591,1566,1569,"""No""",string,0,62,24
592,1571,1571,<,operator,0,62,29
593,1572,1572,<,operator,0,62,30
594,1574,1577,endl,identifier,0,62,32
595,1578,1578,;,operator,0,62,36
596,1596,1601,return,keyword,0,63,16
597,1603,1603,0,integer,0,63,23
598,1604,1604,;,operator,0,63,24
599,1618,1618,},operator,0,64,12
600,1628,1628,},operator,0,65,8
601,1634,1634,},operator,0,66,4
602,1640,1643,cout,identifier,0,67,4
603,1645,1645,<,operator,0,67,9
604,1646,1646,<,operator,0,67,10
605,1648,1652,"""Yes""",string,0,67,12
606,1654,1654,<,operator,0,67,18
607,1655,1655,<,operator,0,67,19
608,1657,1660,endl,identifier,0,67,21
609,1661,1661,;,operator,0,67,25
610,1667,1669,for,keyword,0,68,4
611,1670,1670,(,operator,0,68,7
612,1671,1673,int,keyword,0,68,8
613,1675,1675,i,identifier,0,68,12
614,1676,1676,=,operator,0,68,13
615,1677,1677,0,integer,0,68,14
616,1678,1678,;,operator,0,68,15
617,1679,1679,i,identifier,0,68,16
618,1680,1680,<,operator,0,68,17
619,1681,1681,N,identifier,0,68,18
620,1682,1682,;,operator,0,68,19
621,1683,1683,i,identifier,0,68,20
622,1684,1685,++,operator,0,68,21
623,1686,1686,),operator,0,68,23
624,1688,1688,{,operator,0,68,25
625,1698,1701,cout,identifier,0,69,8
626,1703,1703,<,operator,0,69,13
627,1704,1704,<,operator,0,69,14
628,1706,1706,P,identifier,0,69,16
629,1707,1707,[,operator,0,69,17
630,1708,1708,i,identifier,0,69,18
631,1709,1709,],operator,0,69,19
632,1711,1711,<,operator,0,69,21
633,1712,1712,<,operator,0,69,22
634,1714,1717,endl,identifier,0,69,24
635,1718,1718,;,operator,0,69,28
636,1724,1724,},operator,0,70,4
637,1730,1735,return,keyword,0,71,4
638,1737,1737,0,integer,0,71,11
639,1738,1738,;,operator,0,71,12
640,1740,1740,},operator,0,72,0
641,1741,1740,<EOF>,eof,0,72,1
