seqnr,start,stop,text,class,channel,line,column
0,0,18,"#include <iostream>",directive,1,1,0
1,20,36,"#include <string>",directive,1,2,0
2,38,55,"#include <cstdlib>",directive,1,3,0
3,57,72,"#include <cmath>",directive,1,4,0
4,74,90,"#include <vector>",directive,1,5,0
5,92,105,"#include <map>",directive,1,6,0
6,107,120,"#include <set>",directive,1,7,0
7,122,141,"#include <algorithm>",directive,1,8,0
8,143,158,"#include <queue>",directive,1,9,0
9,160,175,"#include <stack>",directive,1,10,0
10,177,197,"#include <functional>",directive,1,11,0
11,199,215,"#include <bitset>",directive,1,12,0
12,217,235,"#include <assert.h>",directive,1,13,0
13,237,241,using,keyword,0,14,0
14,243,251,namespace,keyword,0,14,6
15,253,255,std,identifier,0,14,16
16,256,256,;,operator,0,14,19
17,258,264,typedef,keyword,0,15,0
18,266,269,long,keyword,0,15,8
19,271,274,long,keyword,0,15,13
20,276,277,ll,identifier,0,15,18
21,278,278,;,operator,0,15,20
22,280,286,typedef,keyword,0,16,0
23,288,293,vector,identifier,0,16,8
24,294,294,<,operator,0,16,14
25,295,296,ll,identifier,0,16,15
26,297,297,>,operator,0,16,17
27,299,300,vl,identifier,0,16,19
28,301,301,;,operator,0,16,21
29,303,309,typedef,keyword,0,17,0
30,311,316,vector,identifier,0,17,8
31,317,317,<,operator,0,17,14
32,318,319,vl,identifier,0,17,15
33,320,320,>,operator,0,17,17
34,322,324,vvl,identifier,0,17,19
35,325,325,;,operator,0,17,22
36,327,333,typedef,keyword,0,18,0
37,335,340,vector,identifier,0,18,8
38,341,341,<,operator,0,18,14
39,342,345,char,keyword,0,18,15
40,346,346,>,operator,0,18,19
41,348,349,vc,identifier,0,18,21
42,350,350,;,operator,0,18,23
43,352,358,typedef,keyword,0,19,0
44,360,365,vector,identifier,0,19,8
45,366,366,<,operator,0,19,14
46,367,372,string,identifier,0,19,15
47,373,373,>,operator,0,19,21
48,375,376,vs,identifier,0,19,23
49,377,377,;,operator,0,19,25
50,379,385,typedef,keyword,0,20,0
51,387,392,vector,identifier,0,20,8
52,393,393,<,operator,0,20,14
53,394,397,bool,keyword,0,20,15
54,398,398,>,operator,0,20,19
55,400,401,vb,identifier,0,20,21
56,402,402,;,operator,0,20,23
57,404,410,typedef,keyword,0,21,0
58,412,417,vector,identifier,0,21,8
59,418,418,<,operator,0,21,14
60,419,424,double,keyword,0,21,15
61,425,425,>,operator,0,21,21
62,427,428,vd,identifier,0,21,23
63,429,429,;,operator,0,21,25
64,431,437,typedef,keyword,0,22,0
65,439,442,pair,identifier,0,22,8
66,443,443,<,operator,0,22,12
67,444,445,ll,identifier,0,22,13
68,446,446,",",operator,0,22,15
69,447,448,ll,identifier,0,22,16
70,449,449,>,operator,0,22,18
71,451,451,P,identifier,0,22,20
72,452,452,;,operator,0,22,21
73,454,460,typedef,keyword,0,23,0
74,462,467,vector,identifier,0,23,8
75,468,468,<,operator,0,23,14
76,469,469,P,identifier,0,23,15
77,470,470,>,operator,0,23,16
78,472,474,vpl,identifier,0,23,18
79,475,475,;,operator,0,23,21
80,477,483,typedef,keyword,0,24,0
81,485,489,tuple,identifier,0,24,8
82,490,490,<,operator,0,24,13
83,491,492,ll,identifier,0,24,14
84,493,493,",",operator,0,24,16
85,494,495,ll,identifier,0,24,17
86,496,496,",",operator,0,24,19
87,497,498,ll,identifier,0,24,20
88,499,499,>,operator,0,24,22
89,501,504,tapu,identifier,0,24,24
90,505,505,;,operator,0,24,28
91,507,546,"#define rep(i,n) for(ll i=0; i<(n); i++)",directive,1,25,0
92,548,592,"#define REP(i,a,b) for(int i=(a); i<(b); i++)",directive,1,26,0
93,594,630,"#define all(x) (x).begin(), (x).end()",directive,1,27,0
94,632,671,"#define rall(x) (x).rbegin(), (x).rend()",directive,1,28,0
95,673,677,const,keyword,0,29,0
96,679,681,int,keyword,0,29,6
97,683,685,inf,identifier,0,29,10
98,687,687,=,operator,0,29,14
99,689,689,1,integer,0,29,16
100,690,690,<,operator,0,29,17
101,691,691,<,operator,0,29,18
102,692,693,30,integer,0,29,19
103,694,694,;,operator,0,29,21
104,696,700,const,keyword,0,30,0
105,702,703,ll,identifier,0,30,6
106,705,708,linf,identifier,0,30,9
107,710,710,=,operator,0,30,14
108,712,714,1LL,integer,0,30,16
109,715,715,<,operator,0,30,19
110,716,716,<,operator,0,30,20
111,717,718,62,integer,0,30,21
112,719,719,;,operator,0,30,23
113,721,725,const,keyword,0,31,0
114,727,729,int,keyword,0,31,6
115,731,733,MAX,identifier,0,31,10
116,735,735,=,operator,0,31,14
117,737,742,510000,integer,0,31,16
118,743,743,;,operator,0,31,22
119,745,746,ll,identifier,0,32,0
120,748,749,dy,identifier,0,32,3
121,750,750,[,operator,0,32,5
122,751,751,8,integer,0,32,6
123,752,752,],operator,0,32,7
124,754,754,=,operator,0,32,9
125,756,756,{,operator,0,32,11
126,757,757,0,integer,0,32,12
127,758,758,",",operator,0,32,13
128,759,759,1,integer,0,32,14
129,760,760,",",operator,0,32,15
130,761,761,0,integer,0,32,16
131,762,762,",",operator,0,32,17
132,763,763,-,operator,0,32,18
133,764,764,1,integer,0,32,19
134,765,765,",",operator,0,32,20
135,766,766,1,integer,0,32,21
136,767,767,",",operator,0,32,22
137,768,768,-,operator,0,32,23
138,769,769,1,integer,0,32,24
139,770,770,",",operator,0,32,25
140,771,771,1,integer,0,32,26
141,772,772,",",operator,0,32,27
142,773,773,-,operator,0,32,28
143,774,774,1,integer,0,32,29
144,775,775,},operator,0,32,30
145,776,776,;,operator,0,32,31
146,778,779,ll,identifier,0,33,0
147,781,782,dx,identifier,0,33,3
148,783,783,[,operator,0,33,5
149,784,784,8,integer,0,33,6
150,785,785,],operator,0,33,7
151,787,787,=,operator,0,33,9
152,789,789,{,operator,0,33,11
153,790,790,1,integer,0,33,12
154,791,791,",",operator,0,33,13
155,792,792,0,integer,0,33,14
156,793,793,",",operator,0,33,15
157,794,794,-,operator,0,33,16
158,795,795,1,integer,0,33,17
159,796,796,",",operator,0,33,18
160,797,797,0,integer,0,33,19
161,798,798,",",operator,0,33,20
162,799,799,1,integer,0,33,21
163,800,800,",",operator,0,33,22
164,801,801,-,operator,0,33,23
165,802,802,1,integer,0,33,24
166,803,803,",",operator,0,33,25
167,804,804,-,operator,0,33,26
168,805,805,1,integer,0,33,27
169,806,806,",",operator,0,33,28
170,807,807,1,integer,0,33,29
171,808,808,},operator,0,33,30
172,809,809,;,operator,0,33,31
173,811,815,const,keyword,0,34,0
174,817,822,double,keyword,0,34,6
175,824,825,pi,identifier,0,34,13
176,827,827,=,operator,0,34,16
177,829,832,acos,identifier,0,34,18
178,833,833,(,operator,0,34,22
179,834,834,-,operator,0,34,23
180,835,835,1,integer,0,34,24
181,836,836,),operator,0,34,25
182,837,837,;,operator,0,34,26
183,839,843,const,keyword,0,35,0
184,845,850,double,keyword,0,35,6
185,852,854,eps,identifier,0,35,13
186,856,856,=,operator,0,35,17
187,858,861,1e-7,floating,0,35,19
188,862,862,;,operator,0,35,23
189,864,871,template,keyword,0,36,0
190,872,872,<,operator,0,36,8
191,873,880,typename,keyword,0,36,9
192,882,883,T1,identifier,0,36,18
193,884,884,",",operator,0,36,20
194,885,892,typename,keyword,0,36,21
195,894,895,T2,identifier,0,36,30
196,896,896,>,operator,0,36,32
197,898,903,inline,keyword,0,36,34
198,905,908,bool,keyword,0,36,41
199,910,914,chmin,identifier,0,36,46
200,915,915,(,operator,0,36,51
201,916,917,T1,identifier,0,36,52
202,919,919,&,operator,0,36,55
203,920,920,a,identifier,0,36,56
204,921,921,",",operator,0,36,57
205,922,923,T2,identifier,0,36,58
206,925,925,b,identifier,0,36,61
207,926,926,),operator,0,36,62
208,927,927,{,operator,0,36,63
209,930,931,if,keyword,0,37,1
210,932,932,(,operator,0,37,3
211,933,933,a,identifier,0,37,4
212,934,934,>,operator,0,37,5
213,935,935,b,identifier,0,37,6
214,936,936,),operator,0,37,7
215,937,937,{,operator,0,37,8
216,941,941,a,identifier,0,38,2
217,943,943,=,operator,0,38,4
218,945,945,b,identifier,0,38,6
219,946,946,;,operator,0,38,7
220,948,953,return,keyword,0,38,9
221,955,958,true,keyword,0,38,16
222,959,959,;,operator,0,38,20
223,962,962,},operator,0,39,1
224,965,968,else,keyword,0,40,1
225,970,975,return,keyword,0,40,6
226,977,981,false,keyword,0,40,13
227,982,982,;,operator,0,40,18
228,984,984,},operator,0,41,0
229,986,993,template,keyword,0,42,0
230,994,994,<,operator,0,42,8
231,995,1002,typename,keyword,0,42,9
232,1004,1005,T1,identifier,0,42,18
233,1006,1006,",",operator,0,42,20
234,1007,1014,typename,keyword,0,42,21
235,1016,1017,T2,identifier,0,42,30
236,1018,1018,>,operator,0,42,32
237,1020,1025,inline,keyword,0,42,34
238,1027,1030,bool,keyword,0,42,41
239,1032,1036,chmax,identifier,0,42,46
240,1037,1037,(,operator,0,42,51
241,1038,1039,T1,identifier,0,42,52
242,1041,1041,&,operator,0,42,55
243,1042,1042,a,identifier,0,42,56
244,1043,1043,",",operator,0,42,57
245,1044,1045,T2,identifier,0,42,58
246,1047,1047,b,identifier,0,42,61
247,1048,1048,),operator,0,42,62
248,1049,1049,{,operator,0,42,63
249,1052,1053,if,keyword,0,43,1
250,1054,1054,(,operator,0,43,3
251,1055,1055,a,identifier,0,43,4
252,1056,1056,<,operator,0,43,5
253,1057,1057,b,identifier,0,43,6
254,1058,1058,),operator,0,43,7
255,1059,1059,{,operator,0,43,8
256,1063,1063,a,identifier,0,44,2
257,1065,1065,=,operator,0,44,4
258,1067,1067,b,identifier,0,44,6
259,1068,1068,;,operator,0,44,7
260,1070,1075,return,keyword,0,44,9
261,1077,1080,true,keyword,0,44,16
262,1081,1081,;,operator,0,44,20
263,1084,1084,},operator,0,45,1
264,1087,1090,else,keyword,0,46,1
265,1092,1097,return,keyword,0,46,6
266,1099,1103,false,keyword,0,46,13
267,1104,1104,;,operator,0,46,18
268,1106,1106,},operator,0,47,0
269,1108,1115,template,keyword,0,48,0
270,1116,1116,<,operator,0,48,8
271,1117,1124,typename,keyword,0,48,9
272,1126,1127,T1,identifier,0,48,18
273,1128,1128,",",operator,0,48,20
274,1129,1136,typename,keyword,0,48,21
275,1138,1139,T2,identifier,0,48,30
276,1140,1140,>,operator,0,48,32
277,1142,1147,inline,keyword,0,48,34
278,1149,1152,void,keyword,0,48,41
279,1154,1159,print2,identifier,0,48,46
280,1160,1160,(,operator,0,48,52
281,1161,1162,T1,identifier,0,48,53
282,1164,1164,a,identifier,0,48,56
283,1165,1165,",",operator,0,48,57
284,1167,1168,T2,identifier,0,48,59
285,1170,1170,b,identifier,0,48,62
286,1171,1171,),operator,0,48,63
287,1172,1172,{,operator,0,48,64
288,1173,1176,cout,identifier,0,48,65
289,1178,1178,<,operator,0,48,70
290,1179,1179,<,operator,0,48,71
291,1181,1181,a,identifier,0,48,73
292,1183,1183,<,operator,0,48,75
293,1184,1184,<,operator,0,48,76
294,1186,1188,""" """,string,0,48,78
295,1190,1190,<,operator,0,48,82
296,1191,1191,<,operator,0,48,83
297,1193,1193,b,identifier,0,48,85
298,1195,1195,<,operator,0,48,87
299,1196,1196,<,operator,0,48,88
300,1198,1201,"""\n""",string,0,48,90
301,1202,1202,;,operator,0,48,94
302,1203,1203,},operator,0,48,95
303,1205,1212,template,keyword,0,49,0
304,1213,1213,<,operator,0,49,8
305,1214,1221,typename,keyword,0,49,9
306,1223,1224,T1,identifier,0,49,18
307,1225,1225,",",operator,0,49,20
308,1226,1233,typename,keyword,0,49,21
309,1235,1236,T2,identifier,0,49,30
310,1237,1237,",",operator,0,49,32
311,1238,1245,typename,keyword,0,49,33
312,1247,1248,T3,identifier,0,49,42
313,1249,1249,>,operator,0,49,44
314,1251,1256,inline,keyword,0,49,46
315,1258,1261,void,keyword,0,49,53
316,1263,1268,print3,identifier,0,49,58
317,1269,1269,(,operator,0,49,64
318,1270,1271,T1,identifier,0,49,65
319,1273,1273,a,identifier,0,49,68
320,1274,1274,",",operator,0,49,69
321,1276,1277,T2,identifier,0,49,71
322,1279,1279,b,identifier,0,49,74
323,1280,1280,",",operator,0,49,75
324,1282,1283,T3,identifier,0,49,77
325,1285,1285,c,identifier,0,49,80
326,1286,1286,),operator,0,49,81
327,1287,1287,{,operator,0,49,82
328,1290,1293,cout,identifier,0,50,1
329,1295,1295,<,operator,0,50,6
330,1296,1296,<,operator,0,50,7
331,1298,1298,a,identifier,0,50,9
332,1300,1300,<,operator,0,50,11
333,1301,1301,<,operator,0,50,12
334,1303,1305,""" """,string,0,50,14
335,1307,1307,<,operator,0,50,18
336,1308,1308,<,operator,0,50,19
337,1310,1310,b,identifier,0,50,21
338,1312,1312,<,operator,0,50,23
339,1313,1313,<,operator,0,50,24
340,1315,1317,""" """,string,0,50,26
341,1319,1319,<,operator,0,50,30
342,1320,1320,<,operator,0,50,31
343,1322,1322,c,identifier,0,50,33
344,1324,1324,<,operator,0,50,35
345,1325,1325,<,operator,0,50,36
346,1327,1330,"""\n""",string,0,50,38
347,1331,1331,;,operator,0,50,42
348,1333,1333,},operator,0,51,0
349,1335,1339,const,keyword,0,52,0
350,1341,1343,int,keyword,0,52,6
351,1345,1347,mod,identifier,0,52,10
352,1349,1349,=,operator,0,52,14
353,1351,1353,1e9,floating,0,52,16
354,1355,1355,+,operator,0,52,20
355,1357,1357,7,integer,0,52,22
356,1358,1358,;,operator,0,52,23
357,1390,1391,vl,identifier,0,55,0
358,1393,1397,depth,identifier,0,55,3
359,1398,1398,(,operator,0,55,8
360,1399,1404,101010,integer,0,55,9
361,1405,1405,",",operator,0,55,15
362,1406,1406,-,operator,0,55,16
363,1407,1407,1,integer,0,55,17
364,1408,1408,),operator,0,55,18
365,1409,1409,;,operator,0,55,19
366,1411,1412,vl,identifier,0,56,0
367,1414,1416,par,identifier,0,56,3
368,1417,1417,(,operator,0,56,6
369,1418,1423,101010,integer,0,56,7
370,1424,1424,",",operator,0,56,13
371,1425,1425,-,operator,0,56,14
372,1426,1426,1,integer,0,56,15
373,1427,1427,),operator,0,56,16
374,1428,1428,;,operator,0,56,17
375,1430,1431,vl,identifier,0,57,0
376,1433,1437,state,identifier,0,57,3
377,1438,1438,(,operator,0,57,8
378,1439,1444,101010,integer,0,57,9
379,1445,1445,",",operator,0,57,15
380,1446,1446,-,operator,0,57,16
381,1447,1447,1,integer,0,57,17
382,1448,1448,),operator,0,57,18
383,1449,1449,;,operator,0,57,19
384,1451,1453,vpl,identifier,0,58,0
385,1455,1457,num,identifier,0,58,4
386,1458,1458,(,operator,0,58,7
387,1459,1464,101010,integer,0,58,8
388,1465,1465,",",operator,0,58,14
389,1466,1466,P,identifier,0,58,15
390,1467,1467,(,operator,0,58,16
391,1468,1468,-,operator,0,58,17
392,1469,1471,inf,identifier,0,58,18
393,1472,1472,",",operator,0,58,21
394,1473,1475,inf,identifier,0,58,22
395,1476,1476,),operator,0,58,25
396,1477,1477,),operator,0,58,26
397,1478,1478,;,operator,0,58,27
398,1480,1482,vvl,identifier,0,59,0
399,1484,1484,G,identifier,0,59,4
400,1485,1485,(,operator,0,59,5
401,1486,1491,101010,integer,0,59,6
402,1492,1492,),operator,0,59,12
403,1493,1493,;,operator,0,59,13
404,1495,1497,vvl,identifier,0,60,0
405,1499,1499,d,identifier,0,60,4
406,1500,1500,(,operator,0,60,5
407,1501,1506,101010,integer,0,60,6
408,1507,1507,),operator,0,60,12
409,1508,1508,;,operator,0,60,13
410,1511,1514,void,keyword,0,62,0
411,1516,1518,dfs,identifier,0,62,5
412,1519,1519,(,operator,0,62,8
413,1520,1521,ll,identifier,0,62,9
414,1523,1523,u,identifier,0,62,12
415,1524,1524,",",operator,0,62,13
416,1526,1527,ll,identifier,0,62,15
417,1529,1529,p,identifier,0,62,18
418,1530,1530,),operator,0,62,19
419,1531,1531,{,operator,0,62,20
420,1534,1536,par,identifier,0,63,1
421,1537,1537,[,operator,0,63,4
422,1538,1538,u,identifier,0,63,5
423,1539,1539,],operator,0,63,6
424,1541,1541,=,operator,0,63,8
425,1543,1543,p,identifier,0,63,10
426,1544,1544,;,operator,0,63,11
427,1547,1549,for,keyword,0,64,1
428,1550,1550,(,operator,0,64,4
429,1551,1554,auto,keyword,0,64,5
430,1556,1556,v,identifier,0,64,10
431,1558,1558,:,operator,0,64,12
432,1560,1560,G,identifier,0,64,14
433,1561,1561,[,operator,0,64,15
434,1562,1562,u,identifier,0,64,16
435,1563,1563,],operator,0,64,17
436,1564,1564,),operator,0,64,18
437,1565,1565,{,operator,0,64,19
438,1569,1570,if,keyword,0,65,2
439,1571,1571,(,operator,0,65,4
440,1572,1572,v,identifier,0,65,5
441,1574,1575,==,operator,0,65,7
442,1577,1577,p,identifier,0,65,10
443,1578,1578,),operator,0,65,11
444,1580,1587,continue,keyword,0,65,13
445,1588,1588,;,operator,0,65,21
446,1592,1596,depth,identifier,0,66,2
447,1597,1597,[,operator,0,66,7
448,1598,1598,v,identifier,0,66,8
449,1599,1599,],operator,0,66,9
450,1601,1601,=,operator,0,66,11
451,1603,1607,depth,identifier,0,66,13
452,1608,1608,[,operator,0,66,18
453,1609,1609,u,identifier,0,66,19
454,1610,1610,],operator,0,66,20
455,1612,1612,+,operator,0,66,22
456,1614,1614,1,integer,0,66,24
457,1615,1615,;,operator,0,66,25
458,1619,1619,d,identifier,0,67,2
459,1620,1620,[,operator,0,67,3
460,1621,1625,depth,identifier,0,67,4
461,1626,1626,[,operator,0,67,9
462,1627,1627,v,identifier,0,67,10
463,1628,1628,],operator,0,67,11
464,1629,1629,],operator,0,67,12
465,1630,1630,.,operator,0,67,13
466,1631,1639,push_back,identifier,0,67,14
467,1640,1640,(,operator,0,67,23
468,1641,1641,v,identifier,0,67,24
469,1642,1642,),operator,0,67,25
470,1643,1643,;,operator,0,67,26
471,1647,1649,dfs,identifier,0,68,2
472,1650,1650,(,operator,0,68,5
473,1651,1651,v,identifier,0,68,6
474,1652,1652,",",operator,0,68,7
475,1653,1653,u,identifier,0,68,8
476,1654,1654,),operator,0,68,9
477,1655,1655,;,operator,0,68,10
478,1658,1658,},operator,0,69,1
479,1660,1660,},operator,0,70,0
480,1663,1666,bool,keyword,0,72,0
481,1668,1672,check,identifier,0,72,5
482,1673,1673,(,operator,0,72,10
483,1674,1675,ll,identifier,0,72,11
484,1677,1677,u,identifier,0,72,14
485,1678,1678,",",operator,0,72,15
486,1680,1681,ll,identifier,0,72,17
487,1683,1683,v,identifier,0,72,20
488,1684,1684,",",operator,0,72,21
489,1686,1686,P,identifier,0,72,23
490,1688,1688,p,identifier,0,72,25
491,1689,1689,),operator,0,72,26
492,1690,1690,{,operator,0,72,27
493,1693,1694,if,keyword,0,73,1
494,1695,1695,(,operator,0,73,3
495,1696,1700,state,identifier,0,73,4
496,1701,1701,[,operator,0,73,9
497,1702,1702,v,identifier,0,73,10
498,1703,1703,],operator,0,73,11
499,1705,1706,"!=",operator,0,73,13
500,1708,1708,-,operator,0,73,16
501,1709,1709,1,integer,0,73,17
502,1711,1712,&&,operator,0,73,19
503,1714,1718,state,identifier,0,73,22
504,1719,1719,[,operator,0,73,27
505,1720,1720,u,identifier,0,73,28
506,1721,1721,],operator,0,73,29
507,1723,1724,==,operator,0,73,31
508,1726,1730,state,identifier,0,73,34
509,1731,1731,[,operator,0,73,39
510,1732,1732,v,identifier,0,73,40
511,1733,1733,],operator,0,73,41
512,1734,1734,),operator,0,73,42
513,1736,1741,return,keyword,0,73,44
514,1743,1747,false,keyword,0,73,51
515,1748,1748,;,operator,0,73,56
516,1751,1755,state,identifier,0,74,1
517,1756,1756,[,operator,0,74,6
518,1757,1757,v,identifier,0,74,7
519,1758,1758,],operator,0,74,8
520,1760,1760,=,operator,0,74,10
521,1762,1762,1,integer,0,74,12
522,1764,1764,-,operator,0,74,14
523,1766,1770,state,identifier,0,74,16
524,1771,1771,[,operator,0,74,21
525,1772,1772,u,identifier,0,74,22
526,1773,1773,],operator,0,74,23
527,1774,1774,;,operator,0,74,24
528,1777,1781,chmax,identifier,0,75,1
529,1782,1782,(,operator,0,75,6
530,1783,1785,num,identifier,0,75,7
531,1786,1786,[,operator,0,75,10
532,1787,1787,v,identifier,0,75,11
533,1788,1788,],operator,0,75,12
534,1789,1789,.,operator,0,75,13
535,1790,1794,first,identifier,0,75,14
536,1795,1795,",",operator,0,75,19
537,1797,1797,p,identifier,0,75,21
538,1798,1798,.,operator,0,75,22
539,1799,1803,first,identifier,0,75,23
540,1804,1804,),operator,0,75,28
541,1805,1805,;,operator,0,75,29
542,1808,1812,chmin,identifier,0,76,1
543,1813,1813,(,operator,0,76,6
544,1814,1816,num,identifier,0,76,7
545,1817,1817,[,operator,0,76,10
546,1818,1818,v,identifier,0,76,11
547,1819,1819,],operator,0,76,12
548,1820,1820,.,operator,0,76,13
549,1821,1826,second,identifier,0,76,14
550,1827,1827,",",operator,0,76,20
551,1829,1829,p,identifier,0,76,22
552,1830,1830,.,operator,0,76,23
553,1831,1836,second,identifier,0,76,24
554,1837,1837,),operator,0,76,30
555,1838,1838,;,operator,0,76,31
556,1841,1846,return,keyword,0,77,1
557,1848,1850,num,identifier,0,77,8
558,1851,1851,[,operator,0,77,11
559,1852,1852,v,identifier,0,77,12
560,1853,1853,],operator,0,77,13
561,1854,1854,.,operator,0,77,14
562,1855,1859,first,identifier,0,77,15
563,1861,1862,<=,operator,0,77,21
564,1864,1866,num,identifier,0,77,24
565,1867,1867,[,operator,0,77,27
566,1868,1868,v,identifier,0,77,28
567,1869,1869,],operator,0,77,29
568,1870,1870,.,operator,0,77,30
569,1871,1876,second,identifier,0,77,31
570,1877,1877,;,operator,0,77,37
571,1879,1879,},operator,0,78,0
572,1882,1884,int,keyword,0,80,0
573,1886,1889,main,identifier,0,80,4
574,1890,1890,(,operator,0,80,8
575,1891,1891,),operator,0,80,9
576,1892,1892,{,operator,0,80,10
577,1895,1896,ll,identifier,0,81,1
578,1898,1898,n,identifier,0,81,4
579,1899,1899,;,operator,0,81,5
580,1901,1903,cin,identifier,0,81,7
581,1905,1905,>,operator,0,81,11
582,1906,1906,>,operator,0,81,12
583,1908,1908,n,identifier,0,81,14
584,1909,1909,;,operator,0,81,15
585,1912,1914,rep,identifier,0,82,1
586,1915,1915,(,operator,0,82,4
587,1916,1916,i,identifier,0,82,5
588,1917,1917,",",operator,0,82,6
589,1918,1918,n,identifier,0,82,7
590,1919,1919,-,operator,0,82,8
591,1920,1920,1,integer,0,82,9
592,1921,1921,),operator,0,82,10
593,1922,1922,{,operator,0,82,11
594,1926,1927,ll,identifier,0,83,2
595,1929,1929,a,identifier,0,83,5
596,1930,1930,",",operator,0,83,6
597,1931,1931,b,identifier,0,83,7
598,1932,1932,;,operator,0,83,8
599,1934,1936,cin,identifier,0,83,10
600,1938,1938,>,operator,0,83,14
601,1939,1939,>,operator,0,83,15
602,1941,1941,a,identifier,0,83,17
603,1943,1943,>,operator,0,83,19
604,1944,1944,>,operator,0,83,20
605,1946,1946,b,identifier,0,83,22
606,1947,1947,;,operator,0,83,23
607,1949,1949,a,identifier,0,83,25
608,1950,1951,--,operator,0,83,26
609,1952,1952,;,operator,0,83,28
610,1954,1954,b,identifier,0,83,30
611,1955,1956,--,operator,0,83,31
612,1957,1957,;,operator,0,83,33
613,1961,1961,G,identifier,0,84,2
614,1962,1962,[,operator,0,84,3
615,1963,1963,a,identifier,0,84,4
616,1964,1964,],operator,0,84,5
617,1965,1965,.,operator,0,84,6
618,1966,1974,push_back,identifier,0,84,7
619,1975,1975,(,operator,0,84,16
620,1976,1976,b,identifier,0,84,17
621,1977,1977,),operator,0,84,18
622,1978,1978,;,operator,0,84,19
623,1982,1982,G,identifier,0,85,2
624,1983,1983,[,operator,0,85,3
625,1984,1984,b,identifier,0,85,4
626,1985,1985,],operator,0,85,5
627,1986,1986,.,operator,0,85,6
628,1987,1995,push_back,identifier,0,85,7
629,1996,1996,(,operator,0,85,16
630,1997,1997,a,identifier,0,85,17
631,1998,1998,),operator,0,85,18
632,1999,1999,;,operator,0,85,19
633,2002,2002,},operator,0,86,1
634,2005,2006,ll,identifier,0,87,1
635,2008,2008,k,identifier,0,87,4
636,2009,2009,;,operator,0,87,5
637,2011,2013,cin,identifier,0,87,7
638,2015,2015,>,operator,0,87,11
639,2016,2016,>,operator,0,87,12
640,2018,2018,k,identifier,0,87,14
641,2019,2019,;,operator,0,87,15
642,2022,2026,while,keyword,0,88,1
643,2027,2027,(,operator,0,88,6
644,2028,2028,k,identifier,0,88,7
645,2029,2030,--,operator,0,88,8
646,2031,2031,),operator,0,88,10
647,2032,2032,{,operator,0,88,11
648,2036,2037,ll,identifier,0,89,2
649,2039,2039,v,identifier,0,89,5
650,2040,2040,",",operator,0,89,6
651,2041,2041,p,identifier,0,89,7
652,2042,2042,;,operator,0,89,8
653,2044,2046,cin,identifier,0,89,10
654,2048,2048,>,operator,0,89,14
655,2049,2049,>,operator,0,89,15
656,2051,2051,v,identifier,0,89,17
657,2053,2053,>,operator,0,89,19
658,2054,2054,>,operator,0,89,20
659,2056,2056,p,identifier,0,89,22
660,2057,2057,;,operator,0,89,23
661,2059,2059,v,identifier,0,89,25
662,2060,2061,--,operator,0,89,26
663,2062,2062,;,operator,0,89,28
664,2066,2068,num,identifier,0,90,2
665,2069,2069,[,operator,0,90,5
666,2070,2070,v,identifier,0,90,6
667,2071,2071,],operator,0,90,7
668,2073,2073,=,operator,0,90,9
669,2075,2075,P,identifier,0,90,11
670,2076,2076,(,operator,0,90,12
671,2077,2077,p,identifier,0,90,13
672,2078,2078,",",operator,0,90,14
673,2079,2079,p,identifier,0,90,15
674,2080,2080,),operator,0,90,16
675,2081,2081,;,operator,0,90,17
676,2085,2089,state,identifier,0,91,2
677,2090,2090,[,operator,0,91,7
678,2091,2091,v,identifier,0,91,8
679,2092,2092,],operator,0,91,9
680,2094,2094,=,operator,0,91,11
681,2096,2096,p,identifier,0,91,13
682,2098,2098,&,operator,0,91,15
683,2100,2100,1,integer,0,91,17
684,2101,2101,;,operator,0,91,18
685,2104,2104,},operator,0,92,1
686,2107,2111,depth,identifier,0,93,1
687,2112,2112,[,operator,0,93,6
688,2113,2113,0,integer,0,93,7
689,2114,2114,],operator,0,93,8
690,2116,2116,=,operator,0,93,10
691,2118,2118,0,integer,0,93,12
692,2119,2119,;,operator,0,93,13
693,2122,2122,d,identifier,0,94,1
694,2123,2123,[,operator,0,94,2
695,2124,2124,0,integer,0,94,3
696,2125,2125,],operator,0,94,4
697,2126,2126,.,operator,0,94,5
698,2127,2135,push_back,identifier,0,94,6
699,2136,2136,(,operator,0,94,15
700,2137,2137,0,integer,0,94,16
701,2138,2138,),operator,0,94,17
702,2139,2139,;,operator,0,94,18
703,2142,2144,dfs,identifier,0,95,1
704,2145,2145,(,operator,0,95,4
705,2146,2146,0,integer,0,95,5
706,2147,2147,",",operator,0,95,6
707,2148,2148,-,operator,0,95,7
708,2149,2149,1,integer,0,95,8
709,2150,2150,),operator,0,95,9
710,2151,2151,;,operator,0,95,10
711,2154,2156,for,keyword,0,96,1
712,2157,2157,(,operator,0,96,4
713,2158,2159,ll,identifier,0,96,5
714,2161,2161,i,identifier,0,96,8
715,2162,2162,=,operator,0,96,9
716,2163,2163,n,identifier,0,96,10
717,2164,2164,;,operator,0,96,11
718,2166,2166,i,identifier,0,96,13
719,2167,2168,>=,operator,0,96,14
720,2169,2169,1,integer,0,96,16
721,2170,2170,;,operator,0,96,17
722,2172,2172,i,identifier,0,96,19
723,2173,2174,--,operator,0,96,20
724,2175,2175,),operator,0,96,22
725,2176,2176,{,operator,0,96,23
726,2180,2182,for,keyword,0,97,2
727,2183,2183,(,operator,0,97,5
728,2184,2187,auto,keyword,0,97,6
729,2189,2189,u,identifier,0,97,11
730,2191,2191,:,operator,0,97,13
731,2193,2193,d,identifier,0,97,15
732,2194,2194,[,operator,0,97,16
733,2195,2195,i,identifier,0,97,17
734,2196,2196,],operator,0,97,18
735,2197,2197,),operator,0,97,19
736,2198,2198,{,operator,0,97,20
737,2203,2204,if,keyword,0,98,3
738,2205,2205,(,operator,0,98,5
739,2206,2210,state,identifier,0,98,6
740,2211,2211,[,operator,0,98,11
741,2212,2212,u,identifier,0,98,12
742,2213,2213,],operator,0,98,13
743,2215,2216,==,operator,0,98,15
744,2218,2218,-,operator,0,98,18
745,2219,2219,1,integer,0,98,19
746,2220,2220,),operator,0,98,20
747,2222,2229,continue,keyword,0,98,22
748,2230,2230,;,operator,0,98,30
749,2235,2235,P,identifier,0,99,3
750,2237,2238,pp,identifier,0,99,5
751,2240,2240,=,operator,0,99,8
752,2242,2242,P,identifier,0,99,10
753,2243,2243,(,operator,0,99,11
754,2244,2246,num,identifier,0,99,12
755,2247,2247,[,operator,0,99,15
756,2248,2248,u,identifier,0,99,16
757,2249,2249,],operator,0,99,17
758,2250,2250,.,operator,0,99,18
759,2251,2255,first,identifier,0,99,19
760,2257,2257,-,operator,0,99,25
761,2259,2259,1,integer,0,99,27
762,2260,2260,",",operator,0,99,28
763,2262,2264,num,identifier,0,99,30
764,2265,2265,[,operator,0,99,33
765,2266,2266,u,identifier,0,99,34
766,2267,2267,],operator,0,99,35
767,2268,2268,.,operator,0,99,36
768,2269,2274,second,identifier,0,99,37
769,2276,2276,+,operator,0,99,44
770,2278,2278,1,integer,0,99,46
771,2279,2279,),operator,0,99,47
772,2280,2280,;,operator,0,99,48
773,2285,2286,if,keyword,0,100,3
774,2287,2287,(,operator,0,100,5
775,2288,2288,"!",operator,0,100,6
776,2289,2293,check,identifier,0,100,7
777,2294,2294,(,operator,0,100,12
778,2295,2295,u,identifier,0,100,13
779,2296,2296,",",operator,0,100,14
780,2297,2299,par,identifier,0,100,15
781,2300,2300,[,operator,0,100,18
782,2301,2301,u,identifier,0,100,19
783,2302,2302,],operator,0,100,20
784,2303,2303,",",operator,0,100,21
785,2304,2305,pp,identifier,0,100,22
786,2306,2306,),operator,0,100,24
787,2307,2307,),operator,0,100,25
788,2308,2308,{,operator,0,100,26
789,2314,2317,puts,identifier,0,101,4
790,2318,2318,(,operator,0,101,8
791,2319,2322,"""No""",string,0,101,9
792,2323,2323,),operator,0,101,13
793,2324,2324,;,operator,0,101,14
794,2330,2335,return,keyword,0,102,4
795,2337,2337,0,integer,0,102,11
796,2338,2338,;,operator,0,102,12
797,2343,2343,},operator,0,103,3
798,2347,2347,},operator,0,104,2
799,2350,2350,},operator,0,105,1
800,2353,2356,puts,identifier,0,106,1
801,2357,2357,(,operator,0,106,5
802,2358,2362,"""Yes""",string,0,106,6
803,2363,2363,),operator,0,106,11
804,2364,2364,;,operator,0,106,12
805,2367,2368,vl,identifier,0,107,1
806,2370,2372,ans,identifier,0,107,4
807,2373,2373,(,operator,0,107,7
808,2374,2374,n,identifier,0,107,8
809,2375,2375,",",operator,0,107,9
810,2376,2376,-,operator,0,107,10
811,2377,2380,linf,identifier,0,107,11
812,2381,2381,),operator,0,107,15
813,2382,2382,;,operator,0,107,16
814,2385,2387,ans,identifier,0,108,1
815,2388,2388,[,operator,0,108,4
816,2389,2389,0,integer,0,108,5
817,2390,2390,],operator,0,108,6
818,2392,2392,=,operator,0,108,8
819,2394,2396,num,identifier,0,108,10
820,2397,2397,[,operator,0,108,13
821,2398,2398,0,integer,0,108,14
822,2399,2399,],operator,0,108,15
823,2400,2400,.,operator,0,108,16
824,2401,2406,second,identifier,0,108,17
825,2407,2407,;,operator,0,108,23
826,2410,2414,queue,identifier,0,109,1
827,2415,2415,<,operator,0,109,6
828,2416,2417,ll,identifier,0,109,7
829,2418,2418,>,operator,0,109,9
830,2420,2420,q,identifier,0,109,11
831,2421,2421,;,operator,0,109,12
832,2424,2424,q,identifier,0,110,1
833,2425,2425,.,operator,0,110,2
834,2426,2429,push,identifier,0,110,3
835,2430,2430,(,operator,0,110,7
836,2431,2431,0,integer,0,110,8
837,2432,2432,),operator,0,110,9
838,2433,2433,;,operator,0,110,10
839,2436,2440,while,keyword,0,111,1
840,2441,2441,(,operator,0,111,6
841,2442,2442,"!",operator,0,111,7
842,2443,2443,q,identifier,0,111,8
843,2444,2444,.,operator,0,111,9
844,2445,2449,empty,identifier,0,111,10
845,2450,2450,(,operator,0,111,15
846,2451,2451,),operator,0,111,16
847,2452,2452,),operator,0,111,17
848,2453,2453,{,operator,0,111,18
849,2457,2458,ll,identifier,0,112,2
850,2460,2460,u,identifier,0,112,5
851,2462,2462,=,operator,0,112,7
852,2464,2464,q,identifier,0,112,9
853,2465,2465,.,operator,0,112,10
854,2466,2470,front,identifier,0,112,11
855,2471,2471,(,operator,0,112,16
856,2472,2472,),operator,0,112,17
857,2473,2473,;,operator,0,112,18
858,2475,2475,q,identifier,0,112,20
859,2476,2476,.,operator,0,112,21
860,2477,2479,pop,identifier,0,112,22
861,2480,2480,(,operator,0,112,25
862,2481,2481,),operator,0,112,26
863,2482,2482,;,operator,0,112,27
864,2486,2488,for,keyword,0,113,2
865,2489,2489,(,operator,0,113,5
866,2490,2493,auto,keyword,0,113,6
867,2495,2495,v,identifier,0,113,11
868,2497,2497,:,operator,0,113,13
869,2499,2499,G,identifier,0,113,15
870,2500,2500,[,operator,0,113,16
871,2501,2501,u,identifier,0,113,17
872,2502,2502,],operator,0,113,18
873,2503,2503,),operator,0,113,19
874,2504,2504,{,operator,0,113,20
875,2509,2510,if,keyword,0,114,3
876,2511,2511,(,operator,0,114,5
877,2512,2514,ans,identifier,0,114,6
878,2515,2515,[,operator,0,114,9
879,2516,2516,v,identifier,0,114,10
880,2517,2517,],operator,0,114,11
881,2519,2520,"!=",operator,0,114,13
882,2522,2522,-,operator,0,114,16
883,2523,2526,linf,identifier,0,114,17
884,2527,2527,),operator,0,114,21
885,2529,2536,continue,keyword,0,114,23
886,2537,2537,;,operator,0,114,31
887,2542,2543,if,keyword,0,115,3
888,2544,2544,(,operator,0,115,5
889,2545,2547,num,identifier,0,115,6
890,2548,2548,[,operator,0,115,9
891,2549,2549,v,identifier,0,115,10
892,2550,2550,],operator,0,115,11
893,2551,2551,.,operator,0,115,12
894,2552,2556,first,identifier,0,115,13
895,2558,2559,<=,operator,0,115,19
896,2561,2563,ans,identifier,0,115,22
897,2564,2564,[,operator,0,115,25
898,2565,2565,u,identifier,0,115,26
899,2566,2566,],operator,0,115,27
900,2567,2567,-,operator,0,115,28
901,2568,2568,1,integer,0,115,29
902,2570,2571,&&,operator,0,115,31
903,2573,2575,ans,identifier,0,115,34
904,2576,2576,[,operator,0,115,37
905,2577,2577,u,identifier,0,115,38
906,2578,2578,],operator,0,115,39
907,2579,2579,-,operator,0,115,40
908,2580,2580,1,integer,0,115,41
909,2582,2583,<=,operator,0,115,43
910,2585,2587,num,identifier,0,115,46
911,2588,2588,[,operator,0,115,49
912,2589,2589,v,identifier,0,115,50
913,2590,2590,],operator,0,115,51
914,2591,2591,.,operator,0,115,52
915,2592,2597,second,identifier,0,115,53
916,2598,2598,),operator,0,115,59
917,2599,2599,{,operator,0,115,60
918,2605,2607,ans,identifier,0,116,4
919,2608,2608,[,operator,0,116,7
920,2609,2609,v,identifier,0,116,8
921,2610,2610,],operator,0,116,9
922,2612,2612,=,operator,0,116,11
923,2614,2616,ans,identifier,0,116,13
924,2617,2617,[,operator,0,116,16
925,2618,2618,u,identifier,0,116,17
926,2619,2619,],operator,0,116,18
927,2621,2621,-,operator,0,116,20
928,2623,2623,1,integer,0,116,22
929,2624,2624,;,operator,0,116,23
930,2629,2629,},operator,0,117,3
931,2630,2633,else,keyword,0,117,4
932,2634,2634,{,operator,0,117,8
933,2640,2642,ans,identifier,0,118,4
934,2643,2643,[,operator,0,118,7
935,2644,2644,v,identifier,0,118,8
936,2645,2645,],operator,0,118,9
937,2647,2647,=,operator,0,118,11
938,2649,2651,ans,identifier,0,118,13
939,2652,2652,[,operator,0,118,16
940,2653,2653,u,identifier,0,118,17
941,2654,2654,],operator,0,118,18
942,2656,2656,+,operator,0,118,20
943,2658,2658,1,integer,0,118,22
944,2659,2659,;,operator,0,118,23
945,2664,2664,},operator,0,119,3
946,2669,2669,q,identifier,0,120,3
947,2670,2670,.,operator,0,120,4
948,2671,2674,push,identifier,0,120,5
949,2675,2675,(,operator,0,120,9
950,2676,2676,v,identifier,0,120,10
951,2677,2677,),operator,0,120,11
952,2678,2678,;,operator,0,120,12
953,2682,2682,},operator,0,121,2
954,2685,2685,},operator,0,122,1
955,2688,2690,rep,identifier,0,123,1
956,2691,2691,(,operator,0,123,4
957,2692,2692,i,identifier,0,123,5
958,2693,2693,",",operator,0,123,6
959,2694,2694,n,identifier,0,123,7
960,2695,2695,),operator,0,123,8
961,2697,2700,cout,identifier,0,123,10
962,2702,2702,<,operator,0,123,15
963,2703,2703,<,operator,0,123,16
964,2705,2707,ans,identifier,0,123,18
965,2708,2708,[,operator,0,123,21
966,2709,2709,i,identifier,0,123,22
967,2710,2710,],operator,0,123,23
968,2712,2712,<,operator,0,123,25
969,2713,2713,<,operator,0,123,26
970,2715,2718,"""\n""",string,0,123,28
971,2719,2719,;,operator,0,123,32
972,2721,2721,},operator,0,124,0
973,2722,2721,<EOF>,eof,0,124,1
