seqnr,start,stop,text,class,channel,line,column
0,0,15,"#include<cstdio>",directive,1,1,0
1,17,33,"#include<cstring>",directive,1,2,0
2,35,53,"#include<algorithm>",directive,1,3,0
3,55,70,"#include<vector>",directive,1,4,0
4,72,76,using,keyword,0,5,0
5,78,86,namespace,keyword,0,5,6
6,88,90,std,identifier,0,5,16
7,91,91,;,operator,0,5,19
8,94,98,const,keyword,0,7,0
9,100,102,int,keyword,0,7,6
10,104,107,MAXN,identifier,0,7,10
11,108,108,=,operator,0,7,14
12,109,111,1e5,floating,0,7,15
13,112,112,+,operator,0,7,18
14,113,113,5,integer,0,7,19
15,114,114,;,operator,0,7,20
16,116,120,const,keyword,0,8,0
17,122,124,int,keyword,0,8,6
18,126,128,INF,identifier,0,8,10
19,129,129,=,operator,0,8,13
20,130,139,0x3f3f3f3f,integer,0,8,14
21,140,140,;,operator,0,8,24
22,143,145,int,keyword,0,10,0
23,147,147,n,identifier,0,10,4
24,148,148,",",operator,0,10,5
25,149,149,m,identifier,0,10,6
26,150,150,;,operator,0,10,7
27,152,154,int,keyword,0,11,0
28,156,157,mn,identifier,0,11,4
29,158,158,[,operator,0,11,6
30,159,162,MAXN,identifier,0,11,7
31,163,163,],operator,0,11,11
32,164,164,",",operator,0,11,12
33,165,166,mx,identifier,0,11,13
34,167,167,[,operator,0,11,15
35,168,171,MAXN,identifier,0,11,16
36,172,172,],operator,0,11,20
37,173,173,",",operator,0,11,21
38,174,174,p,identifier,0,11,22
39,175,175,[,operator,0,11,23
40,176,179,MAXN,identifier,0,11,24
41,180,180,],operator,0,11,28
42,181,181,;,operator,0,11,29
43,183,186,bool,keyword,0,12,0
44,188,191,flag,identifier,0,12,5
45,192,192,=,operator,0,12,9
46,193,193,1,integer,0,12,10
47,194,194,;,operator,0,12,11
48,196,201,vector,identifier,0,13,0
49,202,202,<,operator,0,13,6
50,203,205,int,keyword,0,13,7
51,206,206,>,operator,0,13,10
52,208,208,a,identifier,0,13,12
53,209,209,[,operator,0,13,13
54,210,213,MAXN,identifier,0,13,14
55,214,214,],operator,0,13,18
56,215,215,;,operator,0,13,19
57,218,221,bool,keyword,0,15,0
58,223,227,check,identifier,0,15,5
59,228,228,(,operator,0,15,10
60,229,231,int,keyword,0,15,11
61,233,233,x,identifier,0,15,15
62,234,234,",",operator,0,15,16
63,235,237,int,keyword,0,15,17
64,239,239,y,identifier,0,15,21
65,240,240,",",operator,0,15,22
66,241,243,int,keyword,0,15,23
67,245,247,val,identifier,0,15,27
68,248,248,),operator,0,15,30
69,249,249,{,operator,0,15,31
70,252,253,if,keyword,0,16,1
71,254,254,(,operator,0,16,3
72,255,255,y,identifier,0,16,4
73,256,257,==,operator,0,16,5
74,258,260,INF,identifier,0,16,7
75,261,261,),operator,0,16,10
76,265,270,return,keyword,0,17,2
77,272,272,1,integer,0,17,9
78,273,273,;,operator,0,17,10
79,276,277,if,keyword,0,18,1
80,278,278,(,operator,0,18,3
81,279,279,x,identifier,0,18,4
82,280,280,>,operator,0,18,5
83,281,283,val,identifier,0,18,6
84,284,285,||,operator,0,18,9
85,286,286,y,identifier,0,18,11
86,287,287,<,operator,0,18,12
87,288,290,val,identifier,0,18,13
88,291,291,),operator,0,18,16
89,295,300,return,keyword,0,19,2
90,302,302,0,integer,0,19,9
91,303,303,;,operator,0,19,10
92,306,307,if,keyword,0,20,1
93,308,308,(,operator,0,20,3
94,309,309,(,operator,0,20,4
95,310,312,val,identifier,0,20,5
96,313,313,-,operator,0,20,8
97,314,314,x,identifier,0,20,9
98,315,315,),operator,0,20,10
99,316,316,%,operator,0,20,11
100,317,317,2,integer,0,20,12
101,318,318,),operator,0,20,13
102,322,327,return,keyword,0,21,2
103,329,329,0,integer,0,21,9
104,330,330,;,operator,0,21,10
105,333,338,return,keyword,0,22,1
106,340,340,1,integer,0,22,8
107,341,341,;,operator,0,22,9
108,343,343,},operator,0,23,0
109,345,348,void,keyword,0,24,0
110,350,352,dfs,identifier,0,24,5
111,353,353,(,operator,0,24,8
112,354,356,int,keyword,0,24,9
113,358,358,x,identifier,0,24,13
114,359,359,",",operator,0,24,14
115,360,362,int,keyword,0,24,15
116,364,364,f,identifier,0,24,19
117,365,365,),operator,0,24,20
118,366,366,{,operator,0,24,21
119,369,371,for,keyword,0,25,1
120,372,372,(,operator,0,25,4
121,373,375,int,keyword,0,25,5
122,377,377,i,identifier,0,25,9
123,378,378,=,operator,0,25,10
124,379,379,0,integer,0,25,11
125,380,380,;,operator,0,25,12
126,381,381,i,identifier,0,25,13
127,382,382,<,operator,0,25,14
128,383,383,(,operator,0,25,15
129,384,386,int,keyword,0,25,16
130,387,387,),operator,0,25,19
131,388,388,a,identifier,0,25,20
132,389,389,[,operator,0,25,21
133,390,390,x,identifier,0,25,22
134,391,391,],operator,0,25,23
135,392,392,.,operator,0,25,24
136,393,396,size,identifier,0,25,25
137,397,397,(,operator,0,25,29
138,398,398,),operator,0,25,30
139,399,399,;,operator,0,25,31
140,400,400,i,identifier,0,25,32
141,401,402,++,operator,0,25,33
142,403,403,),operator,0,25,35
143,404,404,{,operator,0,25,36
144,408,410,int,keyword,0,26,2
145,412,412,u,identifier,0,26,6
146,413,413,=,operator,0,26,7
147,414,414,a,identifier,0,26,8
148,415,415,[,operator,0,26,9
149,416,416,x,identifier,0,26,10
150,417,417,],operator,0,26,11
151,418,418,[,operator,0,26,12
152,419,419,i,identifier,0,26,13
153,420,420,],operator,0,26,14
154,421,421,;,operator,0,26,15
155,425,426,if,keyword,0,27,2
156,427,427,(,operator,0,27,4
157,428,428,u,identifier,0,27,5
158,429,430,==,operator,0,27,6
159,431,431,f,identifier,0,27,8
160,432,432,),operator,0,27,9
161,437,444,continue,keyword,0,28,3
162,445,445,;,operator,0,28,11
163,449,451,dfs,identifier,0,29,2
164,452,452,(,operator,0,29,5
165,453,453,u,identifier,0,29,6
166,454,454,",",operator,0,29,7
167,455,455,x,identifier,0,29,8
168,456,456,),operator,0,29,9
169,457,457,;,operator,0,29,10
170,461,462,if,keyword,0,30,2
171,463,463,(,operator,0,30,4
172,464,465,mn,identifier,0,30,5
173,466,466,[,operator,0,30,7
174,467,467,u,identifier,0,30,8
175,468,468,],operator,0,30,9
176,469,470,==,operator,0,30,10
177,471,471,-,operator,0,30,12
178,472,474,INF,identifier,0,30,13
179,475,475,),operator,0,30,16
180,480,487,continue,keyword,0,31,3
181,488,488,;,operator,0,31,11
182,492,493,if,keyword,0,32,2
183,494,494,(,operator,0,32,4
184,495,496,mn,identifier,0,32,5
185,497,497,[,operator,0,32,7
186,498,498,x,identifier,0,32,8
187,499,499,],operator,0,32,9
188,500,501,==,operator,0,32,10
189,502,502,-,operator,0,32,12
190,503,505,INF,identifier,0,32,13
191,506,506,),operator,0,32,16
192,507,507,{,operator,0,32,17
193,512,513,mn,identifier,0,33,3
194,514,514,[,operator,0,33,5
195,515,515,x,identifier,0,33,6
196,516,516,],operator,0,33,7
197,517,517,=,operator,0,33,8
198,518,519,mn,identifier,0,33,9
199,520,520,[,operator,0,33,11
200,521,521,u,identifier,0,33,12
201,522,522,],operator,0,33,13
202,523,523,-,operator,0,33,14
203,524,524,1,integer,0,33,15
204,525,525,;,operator,0,33,16
205,530,531,mx,identifier,0,34,3
206,532,532,[,operator,0,34,5
207,533,533,x,identifier,0,34,6
208,534,534,],operator,0,34,7
209,535,535,=,operator,0,34,8
210,536,537,mx,identifier,0,34,9
211,538,538,[,operator,0,34,11
212,539,539,u,identifier,0,34,12
213,540,540,],operator,0,34,13
214,541,541,+,operator,0,34,14
215,542,542,1,integer,0,34,15
216,543,543,;,operator,0,34,16
217,547,547,},operator,0,35,2
218,551,554,else,keyword,0,36,2
219,555,555,{,operator,0,36,6
220,560,561,if,keyword,0,37,3
221,562,562,(,operator,0,37,5
222,563,564,mx,identifier,0,37,6
223,565,565,[,operator,0,37,8
224,566,566,x,identifier,0,37,9
225,567,567,],operator,0,37,10
226,568,568,%,operator,0,37,11
227,569,569,2,integer,0,37,12
228,570,571,==,operator,0,37,13
229,572,573,mx,identifier,0,37,15
230,574,574,[,operator,0,37,17
231,575,575,u,identifier,0,37,18
232,576,576,],operator,0,37,19
233,577,577,%,operator,0,37,20
234,578,578,2,integer,0,37,21
235,579,579,),operator,0,37,22
236,585,588,flag,identifier,0,38,4
237,589,589,=,operator,0,38,8
238,590,590,0,integer,0,38,9
239,591,591,;,operator,0,38,10
240,596,597,mx,identifier,0,39,3
241,598,598,[,operator,0,39,5
242,599,599,x,identifier,0,39,6
243,600,600,],operator,0,39,7
244,601,601,=,operator,0,39,8
245,602,604,min,identifier,0,39,9
246,605,605,(,operator,0,39,12
247,606,607,mx,identifier,0,39,13
248,608,608,[,operator,0,39,15
249,609,609,x,identifier,0,39,16
250,610,610,],operator,0,39,17
251,611,611,",",operator,0,39,18
252,612,613,mx,identifier,0,39,19
253,614,614,[,operator,0,39,21
254,615,615,u,identifier,0,39,22
255,616,616,],operator,0,39,23
256,617,617,+,operator,0,39,24
257,618,618,1,integer,0,39,25
258,619,619,),operator,0,39,26
259,620,620,;,operator,0,39,27
260,625,626,mn,identifier,0,40,3
261,627,627,[,operator,0,40,5
262,628,628,x,identifier,0,40,6
263,629,629,],operator,0,40,7
264,630,630,=,operator,0,40,8
265,631,633,max,identifier,0,40,9
266,634,634,(,operator,0,40,12
267,635,636,mn,identifier,0,40,13
268,637,637,[,operator,0,40,15
269,638,638,x,identifier,0,40,16
270,639,639,],operator,0,40,17
271,640,640,",",operator,0,40,18
272,641,642,mn,identifier,0,40,19
273,643,643,[,operator,0,40,21
274,644,644,u,identifier,0,40,22
275,645,645,],operator,0,40,23
276,646,646,-,operator,0,40,24
277,647,647,1,integer,0,40,25
278,648,648,),operator,0,40,26
279,649,649,;,operator,0,40,27
280,653,653,},operator,0,41,2
281,656,656,},operator,0,42,1
282,659,660,if,keyword,0,43,1
283,661,661,(,operator,0,43,3
284,662,662,p,identifier,0,43,4
285,663,663,[,operator,0,43,5
286,664,664,x,identifier,0,43,6
287,665,665,],operator,0,43,7
288,666,667,"!=",operator,0,43,8
289,668,668,-,operator,0,43,10
290,669,669,1,integer,0,43,11
291,670,670,),operator,0,43,12
292,671,671,{,operator,0,43,13
293,675,676,if,keyword,0,44,2
294,677,677,(,operator,0,44,4
295,678,682,check,identifier,0,44,5
296,683,683,(,operator,0,44,10
297,684,685,mn,identifier,0,44,11
298,686,686,[,operator,0,44,13
299,687,687,x,identifier,0,44,14
300,688,688,],operator,0,44,15
301,689,689,",",operator,0,44,16
302,690,691,mx,identifier,0,44,17
303,692,692,[,operator,0,44,19
304,693,693,x,identifier,0,44,20
305,694,694,],operator,0,44,21
306,695,695,",",operator,0,44,22
307,696,696,p,identifier,0,44,23
308,697,697,[,operator,0,44,24
309,698,698,x,identifier,0,44,25
310,699,699,],operator,0,44,26
311,700,700,),operator,0,44,27
312,701,702,==,operator,0,44,28
313,703,703,0,integer,0,44,30
314,704,704,),operator,0,44,31
315,709,712,flag,identifier,0,45,3
316,713,713,=,operator,0,45,7
317,714,714,0,integer,0,45,8
318,715,715,;,operator,0,45,9
319,719,720,mn,identifier,0,46,2
320,721,721,[,operator,0,46,4
321,722,722,x,identifier,0,46,5
322,723,723,],operator,0,46,6
323,724,724,=,operator,0,46,7
324,725,726,mx,identifier,0,46,8
325,727,727,[,operator,0,46,10
326,728,728,x,identifier,0,46,11
327,729,729,],operator,0,46,12
328,730,730,=,operator,0,46,13
329,731,731,p,identifier,0,46,14
330,732,732,[,operator,0,46,15
331,733,733,x,identifier,0,46,16
332,734,734,],operator,0,46,17
333,735,735,;,operator,0,46,18
334,738,738,},operator,0,47,1
335,740,740,},operator,0,48,0
336,743,746,void,keyword,0,50,0
337,748,751,dfs1,identifier,0,50,5
338,752,752,(,operator,0,50,9
339,753,755,int,keyword,0,50,10
340,757,757,x,identifier,0,50,14
341,758,758,",",operator,0,50,15
342,759,761,int,keyword,0,50,16
343,763,763,f,identifier,0,50,20
344,764,764,",",operator,0,50,21
345,765,767,int,keyword,0,50,22
346,769,772,minv,identifier,0,50,26
347,773,773,",",operator,0,50,30
348,774,776,int,keyword,0,50,31
349,778,781,maxv,identifier,0,50,35
350,782,782,),operator,0,50,39
351,783,783,{,operator,0,50,40
352,786,787,if,keyword,0,51,1
353,788,788,(,operator,0,51,3
354,789,792,maxv,identifier,0,51,4
355,793,794,"!=",operator,0,51,8
356,795,797,INF,identifier,0,51,10
357,798,798,),operator,0,51,13
358,799,799,{,operator,0,51,14
359,803,804,if,keyword,0,52,2
360,805,805,(,operator,0,52,4
361,806,807,mx,identifier,0,52,5
362,808,808,[,operator,0,52,7
363,809,809,x,identifier,0,52,8
364,810,810,],operator,0,52,9
365,811,812,==,operator,0,52,10
366,813,815,INF,identifier,0,52,12
367,816,816,),operator,0,52,15
368,817,817,{,operator,0,52,16
369,822,823,mx,identifier,0,53,3
370,824,824,[,operator,0,53,5
371,825,825,x,identifier,0,53,6
372,826,826,],operator,0,53,7
373,827,827,=,operator,0,53,8
374,828,831,maxv,identifier,0,53,9
375,832,832,+,operator,0,53,13
376,833,833,1,integer,0,53,14
377,834,834,;,operator,0,53,15
378,839,840,mn,identifier,0,54,3
379,841,841,[,operator,0,54,5
380,842,842,x,identifier,0,54,6
381,843,843,],operator,0,54,7
382,844,844,=,operator,0,54,8
383,845,848,minv,identifier,0,54,9
384,849,849,-,operator,0,54,13
385,850,850,1,integer,0,54,14
386,851,851,;,operator,0,54,15
387,855,855,},operator,0,55,2
388,859,862,else,keyword,0,56,2
389,863,863,{,operator,0,56,6
390,868,869,if,keyword,0,57,3
391,870,870,(,operator,0,57,5
392,871,874,maxv,identifier,0,57,6
393,875,875,%,operator,0,57,10
394,876,876,2,integer,0,57,11
395,877,878,==,operator,0,57,12
396,879,880,mx,identifier,0,57,14
397,881,881,[,operator,0,57,16
398,882,882,x,identifier,0,57,17
399,883,883,],operator,0,57,18
400,884,884,%,operator,0,57,19
401,885,885,2,integer,0,57,20
402,886,886,),operator,0,57,21
403,892,895,flag,identifier,0,58,4
404,896,896,=,operator,0,58,8
405,897,897,0,integer,0,58,9
406,898,898,;,operator,0,58,10
407,903,904,if,keyword,0,59,3
408,905,905,(,operator,0,59,5
409,906,906,p,identifier,0,59,6
410,907,907,[,operator,0,59,7
411,908,908,x,identifier,0,59,8
412,909,909,],operator,0,59,9
413,910,911,"!=",operator,0,59,10
414,912,912,-,operator,0,59,12
415,913,913,1,integer,0,59,13
416,914,914,),operator,0,59,14
417,915,915,{,operator,0,59,15
418,921,922,if,keyword,0,60,4
419,923,923,(,operator,0,60,6
420,924,928,check,identifier,0,60,7
421,929,929,(,operator,0,60,12
422,930,931,mn,identifier,0,60,13
423,932,932,[,operator,0,60,15
424,933,933,x,identifier,0,60,16
425,934,934,],operator,0,60,17
426,935,935,",",operator,0,60,18
427,936,937,mx,identifier,0,60,19
428,938,938,[,operator,0,60,21
429,939,939,x,identifier,0,60,22
430,940,940,],operator,0,60,23
431,941,941,",",operator,0,60,24
432,942,942,p,identifier,0,60,25
433,943,943,[,operator,0,60,26
434,944,944,x,identifier,0,60,27
435,945,945,],operator,0,60,28
436,946,946,),operator,0,60,29
437,947,948,==,operator,0,60,30
438,949,949,0,integer,0,60,32
439,950,950,),operator,0,60,33
440,957,960,flag,identifier,0,61,5
441,961,961,=,operator,0,61,9
442,962,962,0,integer,0,61,10
443,963,963,;,operator,0,61,11
444,968,968,},operator,0,62,3
445,973,976,else,keyword,0,63,3
446,977,977,{,operator,0,63,7
447,983,984,mn,identifier,0,64,4
448,985,985,[,operator,0,64,6
449,986,986,x,identifier,0,64,7
450,987,987,],operator,0,64,8
451,988,988,=,operator,0,64,9
452,989,991,max,identifier,0,64,10
453,992,992,(,operator,0,64,13
454,993,994,mn,identifier,0,64,14
455,995,995,[,operator,0,64,16
456,996,996,x,identifier,0,64,17
457,997,997,],operator,0,64,18
458,998,998,",",operator,0,64,19
459,999,1002,minv,identifier,0,64,20
460,1003,1003,-,operator,0,64,24
461,1004,1004,1,integer,0,64,25
462,1005,1005,),operator,0,64,26
463,1006,1006,;,operator,0,64,27
464,1012,1013,mx,identifier,0,65,4
465,1014,1014,[,operator,0,65,6
466,1015,1015,x,identifier,0,65,7
467,1016,1016,],operator,0,65,8
468,1017,1017,=,operator,0,65,9
469,1018,1020,min,identifier,0,65,10
470,1021,1021,(,operator,0,65,13
471,1022,1023,mx,identifier,0,65,14
472,1024,1024,[,operator,0,65,16
473,1025,1025,x,identifier,0,65,17
474,1026,1026,],operator,0,65,18
475,1027,1027,",",operator,0,65,19
476,1028,1031,maxv,identifier,0,65,20
477,1032,1032,+,operator,0,65,24
478,1033,1033,1,integer,0,65,25
479,1034,1034,),operator,0,65,26
480,1035,1035,;,operator,0,65,27
481,1040,1040,},operator,0,66,3
482,1044,1044,},operator,0,67,2
483,1047,1047,},operator,0,68,1
484,1050,1052,for,keyword,0,69,1
485,1053,1053,(,operator,0,69,4
486,1054,1056,int,keyword,0,69,5
487,1058,1058,i,identifier,0,69,9
488,1059,1059,=,operator,0,69,10
489,1060,1060,0,integer,0,69,11
490,1061,1061,;,operator,0,69,12
491,1062,1062,i,identifier,0,69,13
492,1063,1063,<,operator,0,69,14
493,1064,1064,(,operator,0,69,15
494,1065,1067,int,keyword,0,69,16
495,1068,1068,),operator,0,69,19
496,1069,1069,a,identifier,0,69,20
497,1070,1070,[,operator,0,69,21
498,1071,1071,x,identifier,0,69,22
499,1072,1072,],operator,0,69,23
500,1073,1073,.,operator,0,69,24
501,1074,1077,size,identifier,0,69,25
502,1078,1078,(,operator,0,69,29
503,1079,1079,),operator,0,69,30
504,1080,1080,;,operator,0,69,31
505,1081,1081,i,identifier,0,69,32
506,1082,1083,++,operator,0,69,33
507,1084,1084,),operator,0,69,35
508,1085,1085,{,operator,0,69,36
509,1089,1091,int,keyword,0,70,2
510,1093,1093,u,identifier,0,70,6
511,1094,1094,=,operator,0,70,7
512,1095,1095,a,identifier,0,70,8
513,1096,1096,[,operator,0,70,9
514,1097,1097,x,identifier,0,70,10
515,1098,1098,],operator,0,70,11
516,1099,1099,[,operator,0,70,12
517,1100,1100,i,identifier,0,70,13
518,1101,1101,],operator,0,70,14
519,1102,1102,;,operator,0,70,15
520,1106,1107,if,keyword,0,71,2
521,1108,1108,(,operator,0,71,4
522,1109,1109,u,identifier,0,71,5
523,1110,1111,==,operator,0,71,6
524,1112,1112,f,identifier,0,71,8
525,1113,1113,),operator,0,71,9
526,1118,1125,continue,keyword,0,72,3
527,1126,1126,;,operator,0,72,11
528,1130,1133,dfs1,identifier,0,73,2
529,1134,1134,(,operator,0,73,6
530,1135,1135,u,identifier,0,73,7
531,1136,1136,",",operator,0,73,8
532,1137,1137,x,identifier,0,73,9
533,1138,1138,",",operator,0,73,10
534,1139,1140,mn,identifier,0,73,11
535,1141,1141,[,operator,0,73,13
536,1142,1142,x,identifier,0,73,14
537,1143,1143,],operator,0,73,15
538,1144,1144,",",operator,0,73,16
539,1145,1146,mx,identifier,0,73,17
540,1147,1147,[,operator,0,73,19
541,1148,1148,x,identifier,0,73,20
542,1149,1149,],operator,0,73,21
543,1150,1150,),operator,0,73,22
544,1151,1151,;,operator,0,73,23
545,1154,1154,},operator,0,74,1
546,1157,1158,if,keyword,0,75,1
547,1159,1159,(,operator,0,75,3
548,1160,1161,mn,identifier,0,75,4
549,1162,1162,[,operator,0,75,6
550,1163,1163,x,identifier,0,75,7
551,1164,1164,],operator,0,75,8
552,1165,1165,>,operator,0,75,9
553,1166,1167,mx,identifier,0,75,10
554,1168,1168,[,operator,0,75,12
555,1169,1169,x,identifier,0,75,13
556,1170,1170,],operator,0,75,14
557,1171,1171,),operator,0,75,15
558,1175,1178,flag,identifier,0,76,2
559,1179,1179,=,operator,0,76,6
560,1180,1180,0,integer,0,76,7
561,1181,1181,;,operator,0,76,8
562,1183,1183,},operator,0,77,0
563,1186,1188,int,keyword,0,79,0
564,1190,1193,main,identifier,0,79,4
565,1194,1194,(,operator,0,79,8
566,1195,1195,),operator,0,79,9
567,1196,1196,{,operator,0,79,10
568,1199,1204,memset,identifier,0,80,1
569,1205,1205,(,operator,0,80,7
570,1206,1206,p,identifier,0,80,8
571,1207,1207,",",operator,0,80,9
572,1208,1208,-,operator,0,80,10
573,1209,1209,1,integer,0,80,11
574,1210,1210,",",operator,0,80,12
575,1211,1216,sizeof,keyword,0,80,13
576,1218,1218,p,identifier,0,80,20
577,1219,1219,),operator,0,80,21
578,1220,1220,;,operator,0,80,22
579,1223,1227,scanf,identifier,0,81,1
580,1228,1228,(,operator,0,81,6
581,1229,1232,"""%d""",string,0,81,7
582,1233,1233,",",operator,0,81,11
583,1234,1234,&,operator,0,81,12
584,1235,1235,n,identifier,0,81,13
585,1236,1236,),operator,0,81,14
586,1237,1237,;,operator,0,81,15
587,1240,1242,for,keyword,0,82,1
588,1243,1243,(,operator,0,82,4
589,1244,1246,int,keyword,0,82,5
590,1248,1248,i,identifier,0,82,9
591,1249,1249,=,operator,0,82,10
592,1250,1250,1,integer,0,82,11
593,1251,1251,;,operator,0,82,12
594,1252,1252,i,identifier,0,82,13
595,1253,1254,<=,operator,0,82,14
596,1255,1255,n,identifier,0,82,16
597,1256,1256,;,operator,0,82,17
598,1257,1257,i,identifier,0,82,18
599,1258,1259,++,operator,0,82,19
600,1260,1260,),operator,0,82,21
601,1261,1261,{,operator,0,82,22
602,1265,1266,mn,identifier,0,83,2
603,1267,1267,[,operator,0,83,4
604,1268,1268,i,identifier,0,83,5
605,1269,1269,],operator,0,83,6
606,1270,1270,=,operator,0,83,7
607,1271,1271,-,operator,0,83,8
608,1272,1274,INF,identifier,0,83,9
609,1275,1275,;,operator,0,83,12
610,1279,1280,mx,identifier,0,84,2
611,1281,1281,[,operator,0,84,4
612,1282,1282,i,identifier,0,84,5
613,1283,1283,],operator,0,84,6
614,1284,1284,=,operator,0,84,7
615,1285,1287,INF,identifier,0,84,8
616,1288,1288,;,operator,0,84,11
617,1291,1291,},operator,0,85,1
618,1294,1296,int,keyword,0,86,1
619,1298,1298,u,identifier,0,86,5
620,1299,1299,",",operator,0,86,6
621,1300,1300,v,identifier,0,86,7
622,1301,1301,;,operator,0,86,8
623,1304,1306,for,keyword,0,87,1
624,1307,1307,(,operator,0,87,4
625,1308,1310,int,keyword,0,87,5
626,1312,1312,i,identifier,0,87,9
627,1313,1313,=,operator,0,87,10
628,1314,1314,1,integer,0,87,11
629,1315,1315,;,operator,0,87,12
630,1316,1316,i,identifier,0,87,13
631,1317,1317,<,operator,0,87,14
632,1318,1318,n,identifier,0,87,15
633,1319,1319,;,operator,0,87,16
634,1320,1320,i,identifier,0,87,17
635,1321,1322,++,operator,0,87,18
636,1323,1323,),operator,0,87,20
637,1324,1324,{,operator,0,87,21
638,1328,1332,scanf,identifier,0,88,2
639,1333,1333,(,operator,0,88,7
640,1334,1339,"""%d%d""",string,0,88,8
641,1340,1340,",",operator,0,88,14
642,1341,1341,&,operator,0,88,15
643,1342,1342,u,identifier,0,88,16
644,1343,1343,",",operator,0,88,17
645,1344,1344,&,operator,0,88,18
646,1345,1345,v,identifier,0,88,19
647,1346,1346,),operator,0,88,20
648,1347,1347,;,operator,0,88,21
649,1351,1351,a,identifier,0,89,2
650,1352,1352,[,operator,0,89,3
651,1353,1353,u,identifier,0,89,4
652,1354,1354,],operator,0,89,5
653,1355,1355,.,operator,0,89,6
654,1356,1364,push_back,identifier,0,89,7
655,1365,1365,(,operator,0,89,16
656,1366,1366,v,identifier,0,89,17
657,1367,1367,),operator,0,89,18
658,1368,1368,;,operator,0,89,19
659,1372,1372,a,identifier,0,90,2
660,1373,1373,[,operator,0,90,3
661,1374,1374,v,identifier,0,90,4
662,1375,1375,],operator,0,90,5
663,1376,1376,.,operator,0,90,6
664,1377,1385,push_back,identifier,0,90,7
665,1386,1386,(,operator,0,90,16
666,1387,1387,u,identifier,0,90,17
667,1388,1388,),operator,0,90,18
668,1389,1389,;,operator,0,90,19
669,1392,1392,},operator,0,91,1
670,1395,1399,scanf,identifier,0,92,1
671,1400,1400,(,operator,0,92,6
672,1401,1404,"""%d""",string,0,92,7
673,1405,1405,",",operator,0,92,11
674,1406,1406,&,operator,0,92,12
675,1407,1407,m,identifier,0,92,13
676,1408,1408,),operator,0,92,14
677,1409,1409,;,operator,0,92,15
678,1412,1414,for,keyword,0,93,1
679,1415,1415,(,operator,0,93,4
680,1416,1418,int,keyword,0,93,5
681,1420,1420,i,identifier,0,93,9
682,1421,1421,=,operator,0,93,10
683,1422,1422,1,integer,0,93,11
684,1423,1423,;,operator,0,93,12
685,1424,1424,i,identifier,0,93,13
686,1425,1426,<=,operator,0,93,14
687,1427,1427,m,identifier,0,93,16
688,1428,1428,;,operator,0,93,17
689,1429,1429,i,identifier,0,93,18
690,1430,1431,++,operator,0,93,19
691,1432,1432,),operator,0,93,21
692,1433,1433,{,operator,0,93,22
693,1437,1441,scanf,identifier,0,94,2
694,1442,1442,(,operator,0,94,7
695,1443,1448,"""%d%d""",string,0,94,8
696,1449,1449,",",operator,0,94,14
697,1450,1450,&,operator,0,94,15
698,1451,1451,u,identifier,0,94,16
699,1452,1452,",",operator,0,94,17
700,1453,1453,&,operator,0,94,18
701,1454,1454,v,identifier,0,94,19
702,1455,1455,),operator,0,94,20
703,1456,1456,;,operator,0,94,21
704,1460,1460,p,identifier,0,95,2
705,1461,1461,[,operator,0,95,3
706,1462,1462,u,identifier,0,95,4
707,1463,1463,],operator,0,95,5
708,1464,1464,=,operator,0,95,6
709,1465,1465,v,identifier,0,95,7
710,1466,1466,;,operator,0,95,8
711,1469,1469,},operator,0,96,1
712,1472,1474,dfs,identifier,0,97,1
713,1475,1475,(,operator,0,97,4
714,1476,1476,1,integer,0,97,5
715,1477,1477,",",operator,0,97,6
716,1478,1478,0,integer,0,97,7
717,1479,1479,),operator,0,97,8
718,1480,1480,;,operator,0,97,9
719,1483,1486,dfs1,identifier,0,98,1
720,1487,1487,(,operator,0,98,5
721,1488,1488,1,integer,0,98,6
722,1489,1489,",",operator,0,98,7
723,1490,1490,0,integer,0,98,8
724,1491,1491,",",operator,0,98,9
725,1492,1492,-,operator,0,98,10
726,1493,1495,INF,identifier,0,98,11
727,1496,1496,",",operator,0,98,14
728,1497,1499,INF,identifier,0,98,15
729,1500,1500,),operator,0,98,18
730,1501,1501,;,operator,0,98,19
731,1504,1505,if,keyword,0,99,1
732,1506,1506,(,operator,0,99,3
733,1507,1510,flag,identifier,0,99,4
734,1511,1511,),operator,0,99,8
735,1512,1512,{,operator,0,99,9
736,1522,1525,puts,identifier,0,100,8
737,1526,1526,(,operator,0,100,12
738,1527,1531,"""Yes""",string,0,100,13
739,1532,1532,),operator,0,100,18
740,1533,1533,;,operator,0,100,19
741,1537,1539,for,keyword,0,101,2
742,1540,1540,(,operator,0,101,5
743,1541,1543,int,keyword,0,101,6
744,1545,1545,i,identifier,0,101,10
745,1546,1546,=,operator,0,101,11
746,1547,1547,1,integer,0,101,12
747,1548,1548,;,operator,0,101,13
748,1549,1549,i,identifier,0,101,14
749,1550,1551,<=,operator,0,101,15
750,1552,1552,n,identifier,0,101,17
751,1553,1553,;,operator,0,101,18
752,1554,1554,i,identifier,0,101,19
753,1555,1556,++,operator,0,101,20
754,1557,1557,),operator,0,101,22
755,1562,1567,printf,identifier,0,102,3
756,1568,1568,(,operator,0,102,9
757,1569,1574,"""%d\n""",string,0,102,10
758,1575,1575,",",operator,0,102,16
759,1576,1577,mx,identifier,0,102,17
760,1578,1578,[,operator,0,102,19
761,1579,1579,i,identifier,0,102,20
762,1580,1580,],operator,0,102,21
763,1581,1581,),operator,0,102,22
764,1582,1582,;,operator,0,102,23
765,1585,1585,},operator,0,103,1
766,1588,1591,else,keyword,0,104,1
767,1593,1596,puts,identifier,0,104,6
768,1597,1597,(,operator,0,104,10
769,1598,1601,"""No""",string,0,104,11
770,1602,1602,),operator,0,104,15
771,1603,1603,;,operator,0,104,16
772,1605,1605,},operator,0,105,0
773,1607,1606,<EOF>,eof,0,106,0
