seqnr,start,stop,text,class,channel,line,column
0,0,24,"#define _USE_MATH_DEFINES",directive,1,1,0
1,26,49,"#include <bits/stdc++.h>",directive,1,2,0
2,51,55,using,keyword,0,3,0
3,57,65,namespace,keyword,0,3,6
4,67,69,std,identifier,0,3,16
5,70,70,;,operator,0,3,19
6,72,75,void,keyword,0,4,0
7,77,79,err,identifier,0,4,5
8,81,81,(,operator,0,4,9
9,82,82,),operator,0,4,10
10,84,84,{,operator,0,4,12
11,88,91,cout,identifier,0,5,2
12,93,93,<,operator,0,5,7
13,94,94,<,operator,0,5,8
14,96,101,"""No\n""",string,0,5,10
15,102,102,;,operator,0,5,16
16,106,109,exit,identifier,0,6,2
17,110,110,(,operator,0,6,6
18,111,111,0,integer,0,6,7
19,112,112,),operator,0,6,8
20,113,113,;,operator,0,6,9
21,115,115,},operator,0,7,0
22,117,120,void,keyword,0,8,0
23,122,124,dfs,identifier,0,8,5
24,126,126,(,operator,0,8,9
25,127,129,int,keyword,0,8,10
26,131,133,cur,identifier,0,8,14
27,134,134,",",operator,0,8,17
28,136,138,int,keyword,0,8,19
29,140,142,par,identifier,0,8,23
30,143,143,",",operator,0,8,26
31,145,149,const,keyword,0,8,28
32,151,156,vector,identifier,0,8,34
33,157,157,<,operator,0,8,40
34,158,163,vector,identifier,0,8,41
35,164,164,<,operator,0,8,47
36,165,167,int,keyword,0,8,48
37,168,168,>,operator,0,8,51
38,169,169,>,operator,0,8,52
39,170,170,&,operator,0,8,53
40,172,172,g,identifier,0,8,55
41,173,173,",",operator,0,8,56
42,175,180,vector,identifier,0,8,58
43,181,181,<,operator,0,8,64
44,182,184,int,keyword,0,8,65
45,185,185,>,operator,0,8,68
46,186,186,&,operator,0,8,69
47,188,190,val,identifier,0,8,71
48,191,191,",",operator,0,8,74
49,193,198,vector,identifier,0,8,76
50,199,199,<,operator,0,8,82
51,200,202,int,keyword,0,8,83
52,203,203,>,operator,0,8,86
53,204,204,&,operator,0,8,87
54,206,209,done,identifier,0,8,89
55,210,210,",",operator,0,8,93
56,212,217,vector,identifier,0,8,95
57,218,218,<,operator,0,8,101
58,219,222,pair,identifier,0,8,102
59,223,223,<,operator,0,8,106
60,224,226,int,keyword,0,8,107
61,227,227,",",operator,0,8,110
62,229,231,int,keyword,0,8,112
63,232,232,>,operator,0,8,115
64,233,233,>,operator,0,8,116
65,234,234,&,operator,0,8,117
66,236,240,range,identifier,0,8,119
67,241,241,",",operator,0,8,124
68,243,248,vector,identifier,0,8,126
69,249,249,<,operator,0,8,132
70,250,252,int,keyword,0,8,133
71,253,253,>,operator,0,8,136
72,254,254,&,operator,0,8,137
73,256,261,parity,identifier,0,8,139
74,262,262,),operator,0,8,145
75,264,264,{,operator,0,8,147
76,268,269,if,keyword,0,9,2
77,271,271,(,operator,0,9,5
78,272,275,done,identifier,0,9,6
79,276,276,[,operator,0,9,10
80,277,279,cur,identifier,0,9,11
81,280,280,],operator,0,9,14
82,282,283,&&,operator,0,9,16
83,285,287,val,identifier,0,9,19
84,288,288,[,operator,0,9,22
85,289,291,cur,identifier,0,9,23
86,292,292,],operator,0,9,26
87,294,294,%,operator,0,9,28
88,296,296,2,integer,0,9,30
89,298,299,"!=",operator,0,9,32
90,301,306,parity,identifier,0,9,35
91,307,307,[,operator,0,9,41
92,308,310,cur,identifier,0,9,42
93,311,311,],operator,0,9,45
94,312,312,),operator,0,9,46
95,314,316,err,identifier,0,9,48
96,317,317,(,operator,0,9,51
97,318,318,),operator,0,9,52
98,319,319,;,operator,0,9,53
99,323,325,for,keyword,0,10,2
100,327,327,(,operator,0,10,6
101,328,330,int,keyword,0,10,7
102,332,336,child,identifier,0,10,11
103,338,338,:,operator,0,10,17
104,340,340,g,identifier,0,10,19
105,341,341,[,operator,0,10,20
106,342,344,cur,identifier,0,10,21
107,345,345,],operator,0,10,24
108,346,346,),operator,0,10,25
109,348,349,if,keyword,0,10,27
110,351,351,(,operator,0,10,30
111,352,356,child,identifier,0,10,31
112,358,359,"!=",operator,0,10,37
113,361,363,par,identifier,0,10,40
114,364,364,),operator,0,10,43
115,366,366,{,operator,0,10,45
116,372,377,parity,identifier,0,11,4
117,378,378,[,operator,0,11,10
118,379,383,child,identifier,0,11,11
119,384,384,],operator,0,11,16
120,386,387,^=,operator,0,11,18
121,389,394,parity,identifier,0,11,21
122,395,395,[,operator,0,11,27
123,396,398,cur,identifier,0,11,28
124,399,399,],operator,0,11,31
125,400,400,;,operator,0,11,32
126,406,408,dfs,identifier,0,12,4
127,410,410,(,operator,0,12,8
128,411,415,child,identifier,0,12,9
129,416,416,",",operator,0,12,14
130,418,420,cur,identifier,0,12,16
131,421,421,",",operator,0,12,19
132,423,423,g,identifier,0,12,21
133,424,424,",",operator,0,12,22
134,426,428,val,identifier,0,12,24
135,429,429,",",operator,0,12,27
136,431,434,done,identifier,0,12,29
137,435,435,",",operator,0,12,33
138,437,441,range,identifier,0,12,35
139,442,442,",",operator,0,12,40
140,444,449,parity,identifier,0,12,42
141,450,450,),operator,0,12,48
142,451,451,;,operator,0,12,49
143,455,455,},operator,0,13,2
144,457,457,},operator,0,14,0
145,459,462,void,keyword,0,15,0
146,464,467,dfs2,identifier,0,15,5
147,469,469,(,operator,0,15,10
148,470,472,int,keyword,0,15,11
149,474,476,cur,identifier,0,15,15
150,477,477,",",operator,0,15,18
151,479,481,int,keyword,0,15,20
152,483,485,par,identifier,0,15,24
153,486,486,",",operator,0,15,27
154,488,492,const,keyword,0,15,29
155,494,499,vector,identifier,0,15,35
156,500,500,<,operator,0,15,41
157,501,506,vector,identifier,0,15,42
158,507,507,<,operator,0,15,48
159,508,510,int,keyword,0,15,49
160,511,511,>,operator,0,15,52
161,512,512,>,operator,0,15,53
162,513,513,&,operator,0,15,54
163,515,515,g,identifier,0,15,56
164,516,516,",",operator,0,15,57
165,518,523,vector,identifier,0,15,59
166,524,524,<,operator,0,15,65
167,525,527,int,keyword,0,15,66
168,528,528,>,operator,0,15,69
169,529,529,&,operator,0,15,70
170,531,533,val,identifier,0,15,72
171,534,534,",",operator,0,15,75
172,536,541,vector,identifier,0,15,77
173,542,542,<,operator,0,15,83
174,543,545,int,keyword,0,15,84
175,546,546,>,operator,0,15,87
176,547,547,&,operator,0,15,88
177,549,552,done,identifier,0,15,90
178,553,553,",",operator,0,15,94
179,555,560,vector,identifier,0,15,96
180,561,561,<,operator,0,15,102
181,562,565,pair,identifier,0,15,103
182,566,566,<,operator,0,15,107
183,567,569,int,keyword,0,15,108
184,570,570,",",operator,0,15,111
185,572,574,int,keyword,0,15,113
186,575,575,>,operator,0,15,116
187,576,576,>,operator,0,15,117
188,577,577,&,operator,0,15,118
189,579,583,range,identifier,0,15,120
190,584,584,",",operator,0,15,125
191,586,591,vector,identifier,0,15,127
192,592,592,<,operator,0,15,133
193,593,595,int,keyword,0,15,134
194,596,596,>,operator,0,15,137
195,597,597,&,operator,0,15,138
196,599,604,parity,identifier,0,15,140
197,605,605,),operator,0,15,146
198,607,607,{,operator,0,15,148
199,611,614,pair,identifier,0,16,2
200,615,615,<,operator,0,16,6
201,616,618,int,keyword,0,16,7
202,619,619,",",operator,0,16,10
203,621,623,int,keyword,0,16,12
204,624,624,>,operator,0,16,15
205,626,628,get,identifier,0,16,17
206,630,630,=,operator,0,16,21
207,632,640,make_pair,identifier,0,16,23
208,641,641,(,operator,0,16,32
209,642,642,-,operator,0,16,33
210,643,645,1e9,floating,0,16,34
211,646,646,",",operator,0,16,37
212,648,650,1e9,floating,0,16,39
213,651,651,),operator,0,16,42
214,652,652,;,operator,0,16,43
215,656,658,for,keyword,0,17,2
216,660,660,(,operator,0,17,6
217,661,663,int,keyword,0,17,7
218,665,669,child,identifier,0,17,11
219,671,671,:,operator,0,17,17
220,673,673,g,identifier,0,17,19
221,674,674,[,operator,0,17,20
222,675,677,cur,identifier,0,17,21
223,678,678,],operator,0,17,24
224,679,679,),operator,0,17,25
225,681,682,if,keyword,0,17,27
226,684,684,(,operator,0,17,30
227,685,689,child,identifier,0,17,31
228,691,692,"!=",operator,0,17,37
229,694,696,par,identifier,0,17,40
230,697,697,),operator,0,17,43
231,699,699,{,operator,0,17,45
232,705,707,get,identifier,0,18,4
233,708,708,.,operator,0,18,7
234,709,713,first,identifier,0,18,8
235,715,715,=,operator,0,18,14
236,717,719,max,identifier,0,18,16
237,720,720,(,operator,0,18,19
238,721,723,get,identifier,0,18,20
239,724,724,.,operator,0,18,23
240,725,729,first,identifier,0,18,24
241,730,730,",",operator,0,18,29
242,732,736,range,identifier,0,18,31
243,737,737,[,operator,0,18,36
244,738,742,child,identifier,0,18,37
245,743,743,],operator,0,18,42
246,744,744,.,operator,0,18,43
247,745,749,first,identifier,0,18,44
248,751,751,-,operator,0,18,50
249,753,753,1,integer,0,18,52
250,754,754,),operator,0,18,53
251,755,755,;,operator,0,18,54
252,761,763,get,identifier,0,19,4
253,764,764,.,operator,0,19,7
254,765,770,second,identifier,0,19,8
255,772,772,=,operator,0,19,15
256,774,776,min,identifier,0,19,17
257,777,777,(,operator,0,19,20
258,778,780,get,identifier,0,19,21
259,781,781,.,operator,0,19,24
260,782,787,second,identifier,0,19,25
261,788,788,",",operator,0,19,31
262,790,794,range,identifier,0,19,33
263,795,795,[,operator,0,19,38
264,796,800,child,identifier,0,19,39
265,801,801,],operator,0,19,44
266,802,802,.,operator,0,19,45
267,803,808,second,identifier,0,19,46
268,810,810,+,operator,0,19,53
269,812,812,1,integer,0,19,55
270,813,813,),operator,0,19,56
271,814,814,;,operator,0,19,57
272,818,818,},operator,0,20,2
273,822,823,if,keyword,0,21,2
274,825,825,(,operator,0,21,5
275,826,826,"!",operator,0,21,6
276,827,830,done,identifier,0,21,7
277,831,831,[,operator,0,21,11
278,832,834,cur,identifier,0,21,12
279,835,835,],operator,0,21,15
280,837,838,||,operator,0,21,17
281,840,840,(,operator,0,21,20
282,841,843,get,identifier,0,21,21
283,844,844,.,operator,0,21,24
284,845,849,first,identifier,0,21,25
285,851,852,<=,operator,0,21,31
286,854,858,range,identifier,0,21,34
287,859,859,[,operator,0,21,39
288,860,862,cur,identifier,0,21,40
289,863,863,],operator,0,21,43
290,864,864,.,operator,0,21,44
291,865,869,first,identifier,0,21,45
292,871,872,&&,operator,0,21,51
293,874,876,get,identifier,0,21,54
294,877,877,.,operator,0,21,57
295,878,883,second,identifier,0,21,58
296,885,886,>=,operator,0,21,65
297,888,892,range,identifier,0,21,68
298,893,893,[,operator,0,21,73
299,894,896,cur,identifier,0,21,74
300,897,897,],operator,0,21,77
301,898,898,.,operator,0,21,78
302,899,904,second,identifier,0,21,79
303,905,905,),operator,0,21,85
304,906,906,),operator,0,21,86
305,908,908,{,operator,0,21,88
306,914,918,range,identifier,0,22,4
307,919,919,[,operator,0,22,9
308,920,922,cur,identifier,0,22,10
309,923,923,],operator,0,22,13
310,924,924,.,operator,0,22,14
311,925,929,first,identifier,0,22,15
312,931,931,=,operator,0,22,21
313,933,935,max,identifier,0,22,23
314,936,936,(,operator,0,22,26
315,937,939,get,identifier,0,22,27
316,940,940,.,operator,0,22,30
317,941,945,first,identifier,0,22,31
318,946,946,",",operator,0,22,36
319,948,952,range,identifier,0,22,38
320,953,953,[,operator,0,22,43
321,954,956,cur,identifier,0,22,44
322,957,957,],operator,0,22,47
323,958,958,.,operator,0,22,48
324,959,963,first,identifier,0,22,49
325,964,964,),operator,0,22,54
326,965,965,;,operator,0,22,55
327,971,975,range,identifier,0,23,4
328,976,976,[,operator,0,23,9
329,977,979,cur,identifier,0,23,10
330,980,980,],operator,0,23,13
331,981,981,.,operator,0,23,14
332,982,987,second,identifier,0,23,15
333,989,989,=,operator,0,23,22
334,991,993,min,identifier,0,23,24
335,994,994,(,operator,0,23,27
336,995,997,get,identifier,0,23,28
337,998,998,.,operator,0,23,31
338,999,1004,second,identifier,0,23,32
339,1005,1005,",",operator,0,23,38
340,1007,1011,range,identifier,0,23,40
341,1012,1012,[,operator,0,23,45
342,1013,1015,cur,identifier,0,23,46
343,1016,1016,],operator,0,23,49
344,1017,1017,.,operator,0,23,50
345,1018,1023,second,identifier,0,23,51
346,1024,1024,),operator,0,23,57
347,1025,1025,;,operator,0,23,58
348,1031,1033,for,keyword,0,24,4
349,1035,1035,(,operator,0,24,8
350,1036,1038,int,keyword,0,24,9
351,1040,1044,child,identifier,0,24,13
352,1046,1046,:,operator,0,24,19
353,1048,1048,g,identifier,0,24,21
354,1049,1049,[,operator,0,24,22
355,1050,1052,cur,identifier,0,24,23
356,1053,1053,],operator,0,24,26
357,1054,1054,),operator,0,24,27
358,1056,1057,if,keyword,0,24,29
359,1059,1059,(,operator,0,24,32
360,1060,1064,child,identifier,0,24,33
361,1066,1067,"!=",operator,0,24,39
362,1069,1071,par,identifier,0,24,42
363,1072,1072,),operator,0,24,45
364,1074,1074,{,operator,0,24,47
365,1082,1085,dfs2,identifier,0,25,6
366,1087,1087,(,operator,0,25,11
367,1088,1092,child,identifier,0,25,12
368,1093,1093,",",operator,0,25,17
369,1095,1097,cur,identifier,0,25,19
370,1098,1098,",",operator,0,25,22
371,1100,1100,g,identifier,0,25,24
372,1101,1101,",",operator,0,25,25
373,1103,1105,val,identifier,0,25,27
374,1106,1106,",",operator,0,25,30
375,1108,1111,done,identifier,0,25,32
376,1112,1112,",",operator,0,25,36
377,1114,1118,range,identifier,0,25,38
378,1119,1119,",",operator,0,25,43
379,1121,1126,parity,identifier,0,25,45
380,1127,1127,),operator,0,25,51
381,1128,1128,;,operator,0,25,52
382,1134,1134,},operator,0,26,4
383,1138,1138,},operator,0,27,2
384,1140,1143,else,keyword,0,27,4
385,1145,1145,{,operator,0,27,9
386,1151,1153,err,identifier,0,28,4
387,1154,1154,(,operator,0,28,7
388,1155,1155,),operator,0,28,8
389,1156,1156,;,operator,0,28,9
390,1160,1160,},operator,0,29,2
391,1162,1162,},operator,0,30,0
392,1164,1167,void,keyword,0,31,0
393,1169,1172,dfs3,identifier,0,31,5
394,1174,1174,(,operator,0,31,10
395,1175,1177,int,keyword,0,31,11
396,1179,1181,cur,identifier,0,31,15
397,1182,1182,",",operator,0,31,18
398,1184,1186,int,keyword,0,31,20
399,1188,1190,par,identifier,0,31,24
400,1191,1191,",",operator,0,31,27
401,1193,1196,pair,identifier,0,31,29
402,1197,1197,<,operator,0,31,33
403,1198,1200,int,keyword,0,31,34
404,1201,1201,",",operator,0,31,37
405,1203,1205,int,keyword,0,31,39
406,1206,1206,>,operator,0,31,42
407,1208,1212,candi,identifier,0,31,44
408,1213,1213,",",operator,0,31,49
409,1215,1219,const,keyword,0,31,51
410,1221,1226,vector,identifier,0,31,57
411,1227,1227,<,operator,0,31,63
412,1228,1233,vector,identifier,0,31,64
413,1234,1234,<,operator,0,31,70
414,1235,1237,int,keyword,0,31,71
415,1238,1238,>,operator,0,31,74
416,1239,1239,>,operator,0,31,75
417,1240,1240,&,operator,0,31,76
418,1242,1242,g,identifier,0,31,78
419,1243,1243,",",operator,0,31,79
420,1245,1250,vector,identifier,0,31,81
421,1251,1251,<,operator,0,31,87
422,1252,1254,int,keyword,0,31,88
423,1255,1255,>,operator,0,31,91
424,1256,1256,&,operator,0,31,92
425,1258,1260,val,identifier,0,31,94
426,1261,1261,",",operator,0,31,97
427,1263,1268,vector,identifier,0,31,99
428,1269,1269,<,operator,0,31,105
429,1270,1272,int,keyword,0,31,106
430,1273,1273,>,operator,0,31,109
431,1274,1274,&,operator,0,31,110
432,1276,1279,done,identifier,0,31,112
433,1280,1280,",",operator,0,31,116
434,1282,1287,vector,identifier,0,31,118
435,1288,1288,<,operator,0,31,124
436,1289,1292,pair,identifier,0,31,125
437,1293,1293,<,operator,0,31,129
438,1294,1296,int,keyword,0,31,130
439,1297,1297,",",operator,0,31,133
440,1299,1301,int,keyword,0,31,135
441,1302,1302,>,operator,0,31,138
442,1303,1303,>,operator,0,31,139
443,1304,1304,&,operator,0,31,140
444,1306,1310,range,identifier,0,31,142
445,1311,1311,",",operator,0,31,147
446,1313,1318,vector,identifier,0,31,149
447,1319,1319,<,operator,0,31,155
448,1320,1322,int,keyword,0,31,156
449,1323,1323,>,operator,0,31,159
450,1324,1324,&,operator,0,31,160
451,1326,1331,parity,identifier,0,31,162
452,1332,1332,),operator,0,31,168
453,1334,1334,{,operator,0,31,170
454,1338,1339,if,keyword,0,32,2
455,1341,1341,(,operator,0,32,5
456,1342,1345,done,identifier,0,32,6
457,1346,1346,[,operator,0,32,10
458,1347,1349,cur,identifier,0,32,11
459,1350,1350,],operator,0,32,14
460,1351,1351,),operator,0,32,15
461,1353,1353,{,operator,0,32,17
462,1359,1363,candi,identifier,0,33,4
463,1364,1364,.,operator,0,33,9
464,1365,1369,first,identifier,0,33,10
465,1371,1371,=,operator,0,33,16
466,1373,1375,val,identifier,0,33,18
467,1376,1376,[,operator,0,33,21
468,1377,1379,cur,identifier,0,33,22
469,1380,1380,],operator,0,33,25
470,1382,1382,-,operator,0,33,27
471,1384,1384,1,integer,0,33,29
472,1385,1385,;,operator,0,33,30
473,1391,1395,candi,identifier,0,34,4
474,1396,1396,.,operator,0,34,9
475,1397,1402,second,identifier,0,34,10
476,1404,1404,=,operator,0,34,17
477,1406,1408,val,identifier,0,34,19
478,1409,1409,[,operator,0,34,22
479,1410,1412,cur,identifier,0,34,23
480,1413,1413,],operator,0,34,26
481,1415,1415,+,operator,0,34,28
482,1417,1417,1,integer,0,34,30
483,1418,1418,;,operator,0,34,31
484,1422,1422,},operator,0,35,2
485,1424,1427,else,keyword,0,35,4
486,1429,1429,{,operator,0,35,9
487,1435,1437,int,keyword,0,36,4
488,1439,1439,c,identifier,0,36,8
489,1441,1441,=,operator,0,36,10
490,1443,1443,(,operator,0,36,12
491,1444,1448,candi,identifier,0,36,13
492,1449,1449,.,operator,0,36,18
493,1450,1454,first,identifier,0,36,19
494,1456,1456,%,operator,0,36,25
495,1458,1458,2,integer,0,36,27
496,1460,1461,==,operator,0,36,29
497,1463,1468,parity,identifier,0,36,32
498,1469,1469,[,operator,0,36,38
499,1470,1472,cur,identifier,0,36,39
500,1473,1473,],operator,0,36,42
501,1475,1475,?,operator,0,36,44
502,1477,1481,candi,identifier,0,36,46
503,1482,1482,.,operator,0,36,51
504,1483,1487,first,identifier,0,36,52
505,1489,1489,:,operator,0,36,58
506,1491,1495,candi,identifier,0,36,60
507,1496,1496,.,operator,0,36,65
508,1497,1502,second,identifier,0,36,66
509,1503,1503,),operator,0,36,72
510,1504,1504,;,operator,0,36,73
511,1510,1511,if,keyword,0,37,4
512,1513,1513,(,operator,0,37,7
513,1514,1518,range,identifier,0,37,8
514,1519,1519,[,operator,0,37,13
515,1520,1522,cur,identifier,0,37,14
516,1523,1523,],operator,0,37,17
517,1524,1524,.,operator,0,37,18
518,1525,1529,first,identifier,0,37,19
519,1531,1532,<=,operator,0,37,25
520,1534,1534,c,identifier,0,37,28
521,1536,1537,&&,operator,0,37,30
522,1539,1539,c,identifier,0,37,33
523,1541,1542,<=,operator,0,37,35
524,1544,1548,range,identifier,0,37,38
525,1549,1549,[,operator,0,37,43
526,1550,1552,cur,identifier,0,37,44
527,1553,1553,],operator,0,37,47
528,1554,1554,.,operator,0,37,48
529,1555,1560,second,identifier,0,37,49
530,1561,1561,),operator,0,37,55
531,1563,1563,{,operator,0,37,57
532,1571,1574,done,identifier,0,38,6
533,1575,1575,[,operator,0,38,10
534,1576,1578,cur,identifier,0,38,11
535,1579,1579,],operator,0,38,14
536,1581,1581,=,operator,0,38,16
537,1583,1586,true,keyword,0,38,18
538,1587,1587,;,operator,0,38,22
539,1595,1597,val,identifier,0,39,6
540,1598,1598,[,operator,0,39,9
541,1599,1601,cur,identifier,0,39,10
542,1602,1602,],operator,0,39,13
543,1604,1604,=,operator,0,39,15
544,1606,1606,c,identifier,0,39,17
545,1607,1607,;,operator,0,39,18
546,1615,1619,range,identifier,0,40,6
547,1620,1620,[,operator,0,40,11
548,1621,1623,cur,identifier,0,40,12
549,1624,1624,],operator,0,40,15
550,1626,1626,=,operator,0,40,17
551,1628,1636,make_pair,identifier,0,40,19
552,1637,1637,(,operator,0,40,28
553,1638,1638,c,identifier,0,40,29
554,1639,1639,",",operator,0,40,30
555,1641,1641,c,identifier,0,40,32
556,1642,1642,),operator,0,40,33
557,1643,1643,;,operator,0,40,34
558,1649,1649,},operator,0,41,4
559,1651,1654,else,keyword,0,41,6
560,1656,1656,{,operator,0,41,11
561,1664,1666,err,identifier,0,42,6
562,1667,1667,(,operator,0,42,9
563,1668,1668,),operator,0,42,10
564,1669,1669,;,operator,0,42,11
565,1675,1675,},operator,0,43,4
566,1679,1679,},operator,0,44,2
567,1683,1687,candi,identifier,0,45,2
568,1689,1689,=,operator,0,45,8
569,1691,1699,make_pair,identifier,0,45,10
570,1700,1700,(,operator,0,45,19
571,1701,1703,val,identifier,0,45,20
572,1704,1704,[,operator,0,45,23
573,1705,1707,cur,identifier,0,45,24
574,1708,1708,],operator,0,45,27
575,1710,1710,-,operator,0,45,29
576,1712,1712,1,integer,0,45,31
577,1713,1713,",",operator,0,45,32
578,1715,1717,val,identifier,0,45,34
579,1718,1718,[,operator,0,45,37
580,1719,1721,cur,identifier,0,45,38
581,1722,1722,],operator,0,45,41
582,1724,1724,+,operator,0,45,43
583,1726,1726,1,integer,0,45,45
584,1727,1727,),operator,0,45,46
585,1728,1728,;,operator,0,45,47
586,1732,1734,for,keyword,0,46,2
587,1736,1736,(,operator,0,46,6
588,1737,1739,int,keyword,0,46,7
589,1741,1745,child,identifier,0,46,11
590,1747,1747,:,operator,0,46,17
591,1749,1749,g,identifier,0,46,19
592,1750,1750,[,operator,0,46,20
593,1751,1753,cur,identifier,0,46,21
594,1754,1754,],operator,0,46,24
595,1755,1755,),operator,0,46,25
596,1757,1758,if,keyword,0,46,27
597,1760,1760,(,operator,0,46,30
598,1761,1765,child,identifier,0,46,31
599,1767,1768,"!=",operator,0,46,37
600,1770,1772,par,identifier,0,46,40
601,1773,1773,),operator,0,46,43
602,1775,1775,{,operator,0,46,45
603,1781,1784,dfs3,identifier,0,47,4
604,1786,1786,(,operator,0,47,9
605,1787,1791,child,identifier,0,47,10
606,1792,1792,",",operator,0,47,15
607,1794,1796,cur,identifier,0,47,17
608,1797,1797,",",operator,0,47,20
609,1799,1803,candi,identifier,0,47,22
610,1804,1804,",",operator,0,47,27
611,1806,1806,g,identifier,0,47,29
612,1807,1807,",",operator,0,47,30
613,1809,1811,val,identifier,0,47,32
614,1812,1812,",",operator,0,47,35
615,1814,1817,done,identifier,0,47,37
616,1818,1818,",",operator,0,47,41
617,1820,1824,range,identifier,0,47,43
618,1825,1825,",",operator,0,47,48
619,1827,1832,parity,identifier,0,47,50
620,1833,1833,),operator,0,47,56
621,1834,1834,;,operator,0,47,57
622,1838,1838,},operator,0,48,2
623,1840,1840,},operator,0,49,0
624,1842,1847,signed,keyword,0,50,0
625,1849,1852,main,identifier,0,50,7
626,1853,1853,(,operator,0,50,11
627,1854,1854,),operator,0,50,12
628,1856,1856,{,operator,0,50,14
629,1861,1863,ios,identifier,0,51,2
630,1864,1865,::,operator,0,51,5
631,1866,1880,sync_with_stdio,identifier,0,51,7
632,1881,1881,(,operator,0,51,22
633,1882,1886,false,keyword,0,51,23
634,1887,1887,),operator,0,51,28
635,1888,1888,;,operator,0,51,29
636,1890,1892,cin,identifier,0,51,31
637,1893,1893,.,operator,0,51,34
638,1894,1896,tie,identifier,0,51,35
639,1897,1897,(,operator,0,51,38
640,1898,1898,0,integer,0,51,39
641,1899,1899,),operator,0,51,40
642,1900,1900,;,operator,0,51,41
643,1904,1906,int,keyword,0,52,2
644,1908,1908,n,identifier,0,52,6
645,1909,1909,;,operator,0,52,7
646,1913,1915,cin,identifier,0,53,2
647,1917,1917,>,operator,0,53,6
648,1918,1918,>,operator,0,53,7
649,1920,1920,n,identifier,0,53,9
650,1921,1921,;,operator,0,53,10
651,1925,1930,vector,identifier,0,54,2
652,1931,1931,<,operator,0,54,8
653,1932,1937,vector,identifier,0,54,9
654,1938,1938,<,operator,0,54,15
655,1939,1941,int,keyword,0,54,16
656,1942,1942,>,operator,0,54,19
657,1943,1943,>,operator,0,54,20
658,1945,1945,g,identifier,0,54,22
659,1946,1946,(,operator,0,54,23
660,1947,1947,n,identifier,0,54,24
661,1948,1948,),operator,0,54,25
662,1949,1949,;,operator,0,54,26
663,1953,1955,for,keyword,0,55,2
664,1957,1957,(,operator,0,55,6
665,1958,1960,int,keyword,0,55,7
666,1962,1962,i,identifier,0,55,11
667,1964,1964,=,operator,0,55,13
668,1966,1966,1,integer,0,55,15
669,1967,1967,;,operator,0,55,16
670,1969,1969,i,identifier,0,55,18
671,1971,1971,<,operator,0,55,20
672,1973,1973,n,identifier,0,55,22
673,1974,1974,;,operator,0,55,23
674,1976,1976,i,identifier,0,55,25
675,1977,1978,++,operator,0,55,26
676,1979,1979,),operator,0,55,28
677,1981,1981,{,operator,0,55,30
678,1987,1989,int,keyword,0,56,4
679,1991,1991,a,identifier,0,56,8
680,1992,1992,",",operator,0,56,9
681,1994,1994,b,identifier,0,56,11
682,1995,1995,;,operator,0,56,12
683,2001,2003,cin,identifier,0,57,4
684,2005,2005,>,operator,0,57,8
685,2006,2006,>,operator,0,57,9
686,2008,2008,a,identifier,0,57,11
687,2010,2010,>,operator,0,57,13
688,2011,2011,>,operator,0,57,14
689,2013,2013,b,identifier,0,57,16
690,2014,2014,;,operator,0,57,17
691,2020,2020,a,identifier,0,58,4
692,2021,2022,--,operator,0,58,5
693,2023,2023,;,operator,0,58,7
694,2029,2029,b,identifier,0,59,4
695,2030,2031,--,operator,0,59,5
696,2032,2032,;,operator,0,59,7
697,2038,2038,g,identifier,0,60,4
698,2039,2039,[,operator,0,60,5
699,2040,2040,a,identifier,0,60,6
700,2041,2041,],operator,0,60,7
701,2042,2042,.,operator,0,60,8
702,2043,2051,push_back,identifier,0,60,9
703,2052,2052,(,operator,0,60,18
704,2053,2053,b,identifier,0,60,19
705,2054,2054,),operator,0,60,20
706,2055,2055,;,operator,0,60,21
707,2061,2061,g,identifier,0,61,4
708,2062,2062,[,operator,0,61,5
709,2063,2063,b,identifier,0,61,6
710,2064,2064,],operator,0,61,7
711,2065,2065,.,operator,0,61,8
712,2066,2074,push_back,identifier,0,61,9
713,2075,2075,(,operator,0,61,18
714,2076,2076,a,identifier,0,61,19
715,2077,2077,),operator,0,61,20
716,2078,2078,;,operator,0,61,21
717,2082,2082,},operator,0,62,2
718,2086,2088,int,keyword,0,63,2
719,2090,2090,k,identifier,0,63,6
720,2091,2091,;,operator,0,63,7
721,2095,2097,cin,identifier,0,64,2
722,2099,2099,>,operator,0,64,6
723,2100,2100,>,operator,0,64,7
724,2102,2102,k,identifier,0,64,9
725,2103,2103,;,operator,0,64,10
726,2107,2112,vector,identifier,0,65,2
727,2113,2113,<,operator,0,65,8
728,2114,2116,int,keyword,0,65,9
729,2117,2117,>,operator,0,65,12
730,2119,2121,val,identifier,0,65,14
731,2122,2122,(,operator,0,65,17
732,2123,2123,n,identifier,0,65,18
733,2124,2124,),operator,0,65,19
734,2125,2125,;,operator,0,65,20
735,2129,2134,vector,identifier,0,66,2
736,2135,2135,<,operator,0,66,8
737,2136,2138,int,keyword,0,66,9
738,2139,2139,>,operator,0,66,12
739,2141,2144,done,identifier,0,66,14
740,2145,2145,(,operator,0,66,18
741,2146,2146,n,identifier,0,66,19
742,2147,2147,),operator,0,66,20
743,2148,2148,;,operator,0,66,21
744,2152,2157,vector,identifier,0,67,2
745,2158,2158,<,operator,0,67,8
746,2159,2162,pair,identifier,0,67,9
747,2163,2163,<,operator,0,67,13
748,2164,2166,int,keyword,0,67,14
749,2167,2167,",",operator,0,67,17
750,2169,2171,int,keyword,0,67,19
751,2172,2172,>,operator,0,67,22
752,2173,2173,>,operator,0,67,23
753,2175,2179,range,identifier,0,67,25
754,2180,2180,(,operator,0,67,30
755,2181,2181,n,identifier,0,67,31
756,2182,2182,",",operator,0,67,32
757,2184,2192,make_pair,identifier,0,67,34
758,2193,2193,(,operator,0,67,43
759,2194,2194,-,operator,0,67,44
760,2195,2197,1e9,floating,0,67,45
761,2198,2198,",",operator,0,67,48
762,2200,2202,1e9,floating,0,67,50
763,2203,2203,),operator,0,67,53
764,2204,2204,),operator,0,67,54
765,2205,2205,;,operator,0,67,55
766,2209,2211,int,keyword,0,68,2
767,2213,2216,root,identifier,0,68,6
768,2217,2217,;,operator,0,68,10
769,2221,2223,for,keyword,0,69,2
770,2225,2225,(,operator,0,69,6
771,2226,2228,int,keyword,0,69,7
772,2230,2230,i,identifier,0,69,11
773,2232,2232,=,operator,0,69,13
774,2234,2234,0,integer,0,69,15
775,2235,2235,;,operator,0,69,16
776,2237,2237,i,identifier,0,69,18
777,2239,2239,<,operator,0,69,20
778,2241,2241,k,identifier,0,69,22
779,2242,2242,;,operator,0,69,23
780,2244,2244,i,identifier,0,69,25
781,2245,2246,++,operator,0,69,26
782,2247,2247,),operator,0,69,28
783,2249,2249,{,operator,0,69,30
784,2255,2257,int,keyword,0,70,4
785,2259,2259,v,identifier,0,70,8
786,2260,2260,",",operator,0,70,9
787,2262,2262,p,identifier,0,70,11
788,2263,2263,;,operator,0,70,12
789,2269,2271,cin,identifier,0,71,4
790,2273,2273,>,operator,0,71,8
791,2274,2274,>,operator,0,71,9
792,2276,2276,v,identifier,0,71,11
793,2278,2278,>,operator,0,71,13
794,2279,2279,>,operator,0,71,14
795,2281,2281,p,identifier,0,71,16
796,2282,2282,;,operator,0,71,17
797,2288,2288,v,identifier,0,72,4
798,2289,2290,--,operator,0,72,5
799,2291,2291,;,operator,0,72,7
800,2297,2299,val,identifier,0,73,4
801,2300,2300,[,operator,0,73,7
802,2301,2301,v,identifier,0,73,8
803,2302,2302,],operator,0,73,9
804,2304,2304,=,operator,0,73,11
805,2306,2306,p,identifier,0,73,13
806,2307,2307,;,operator,0,73,14
807,2313,2316,done,identifier,0,74,4
808,2317,2317,[,operator,0,74,8
809,2318,2318,v,identifier,0,74,9
810,2319,2319,],operator,0,74,10
811,2321,2321,=,operator,0,74,12
812,2323,2326,true,keyword,0,74,14
813,2327,2327,;,operator,0,74,18
814,2333,2337,range,identifier,0,75,4
815,2338,2338,[,operator,0,75,9
816,2339,2339,v,identifier,0,75,10
817,2340,2340,],operator,0,75,11
818,2342,2342,=,operator,0,75,13
819,2344,2352,make_pair,identifier,0,75,15
820,2353,2353,(,operator,0,75,24
821,2354,2354,p,identifier,0,75,25
822,2355,2355,",",operator,0,75,26
823,2357,2357,p,identifier,0,75,28
824,2358,2358,),operator,0,75,29
825,2359,2359,;,operator,0,75,30
826,2365,2368,root,identifier,0,76,4
827,2370,2370,=,operator,0,76,9
828,2372,2372,v,identifier,0,76,11
829,2373,2373,;,operator,0,76,12
830,2377,2377,},operator,0,77,2
831,2381,2386,vector,identifier,0,78,2
832,2387,2387,<,operator,0,78,8
833,2388,2390,int,keyword,0,78,9
834,2391,2391,>,operator,0,78,12
835,2393,2398,parity,identifier,0,78,14
836,2399,2399,(,operator,0,78,20
837,2400,2400,n,identifier,0,78,21
838,2401,2401,",",operator,0,78,22
839,2403,2405,val,identifier,0,78,24
840,2406,2406,[,operator,0,78,27
841,2407,2410,root,identifier,0,78,28
842,2411,2411,],operator,0,78,32
843,2413,2413,%,operator,0,78,34
844,2415,2415,2,integer,0,78,36
845,2416,2416,),operator,0,78,37
846,2417,2417,;,operator,0,78,38
847,2421,2423,dfs,identifier,0,79,2
848,2425,2425,(,operator,0,79,6
849,2426,2429,root,identifier,0,79,7
850,2430,2430,",",operator,0,79,11
851,2432,2432,-,operator,0,79,13
852,2433,2433,1,integer,0,79,14
853,2434,2434,",",operator,0,79,15
854,2436,2436,g,identifier,0,79,17
855,2437,2437,",",operator,0,79,18
856,2439,2441,val,identifier,0,79,20
857,2442,2442,",",operator,0,79,23
858,2444,2447,done,identifier,0,79,25
859,2448,2448,",",operator,0,79,29
860,2450,2454,range,identifier,0,79,31
861,2455,2455,",",operator,0,79,36
862,2457,2462,parity,identifier,0,79,38
863,2463,2463,),operator,0,79,44
864,2464,2464,;,operator,0,79,45
865,2468,2471,dfs2,identifier,0,80,2
866,2473,2473,(,operator,0,80,7
867,2474,2477,root,identifier,0,80,8
868,2478,2478,",",operator,0,80,12
869,2480,2480,-,operator,0,80,14
870,2481,2481,1,integer,0,80,15
871,2482,2482,",",operator,0,80,16
872,2484,2484,g,identifier,0,80,18
873,2485,2485,",",operator,0,80,19
874,2487,2489,val,identifier,0,80,21
875,2490,2490,",",operator,0,80,24
876,2492,2495,done,identifier,0,80,26
877,2496,2496,",",operator,0,80,30
878,2498,2502,range,identifier,0,80,32
879,2503,2503,",",operator,0,80,37
880,2505,2510,parity,identifier,0,80,39
881,2511,2511,),operator,0,80,45
882,2512,2512,;,operator,0,80,46
883,2516,2519,dfs3,identifier,0,81,2
884,2521,2521,(,operator,0,81,7
885,2522,2525,root,identifier,0,81,8
886,2526,2526,",",operator,0,81,12
887,2528,2528,-,operator,0,81,14
888,2529,2529,1,integer,0,81,15
889,2530,2530,",",operator,0,81,16
890,2532,2536,range,identifier,0,81,18
891,2537,2537,[,operator,0,81,23
892,2538,2541,root,identifier,0,81,24
893,2542,2542,],operator,0,81,28
894,2543,2543,",",operator,0,81,29
895,2545,2545,g,identifier,0,81,31
896,2546,2546,",",operator,0,81,32
897,2548,2550,val,identifier,0,81,34
898,2551,2551,",",operator,0,81,37
899,2553,2556,done,identifier,0,81,39
900,2557,2557,",",operator,0,81,43
901,2559,2563,range,identifier,0,81,45
902,2564,2564,",",operator,0,81,50
903,2566,2571,parity,identifier,0,81,52
904,2572,2572,),operator,0,81,58
905,2573,2573,;,operator,0,81,59
906,2577,2580,cout,identifier,0,82,2
907,2582,2582,<,operator,0,82,7
908,2583,2583,<,operator,0,82,8
909,2585,2591,"""Yes\n""",string,0,82,10
910,2592,2592,;,operator,0,82,17
911,2596,2598,for,keyword,0,83,2
912,2600,2600,(,operator,0,83,6
913,2601,2603,int,keyword,0,83,7
914,2605,2605,i,identifier,0,83,11
915,2607,2607,=,operator,0,83,13
916,2609,2609,0,integer,0,83,15
917,2610,2610,;,operator,0,83,16
918,2612,2612,i,identifier,0,83,18
919,2614,2614,<,operator,0,83,20
920,2616,2616,n,identifier,0,83,22
921,2617,2617,;,operator,0,83,23
922,2619,2619,i,identifier,0,83,25
923,2620,2621,++,operator,0,83,26
924,2622,2622,),operator,0,83,28
925,2624,2624,{,operator,0,83,30
926,2630,2633,cout,identifier,0,84,4
927,2635,2635,<,operator,0,84,9
928,2636,2636,<,operator,0,84,10
929,2638,2640,val,identifier,0,84,12
930,2641,2641,[,operator,0,84,15
931,2642,2642,i,identifier,0,84,16
932,2643,2643,],operator,0,84,17
933,2645,2645,<,operator,0,84,19
934,2646,2646,<,operator,0,84,20
935,2648,2651,'\n',character,0,84,22
936,2652,2652,;,operator,0,84,26
937,2656,2656,},operator,0,85,2
938,2660,2665,return,keyword,0,86,2
939,2667,2667,0,integer,0,86,9
940,2668,2668,;,operator,0,86,10
941,2670,2670,},operator,0,87,0
942,2671,2670,<EOF>,eof,0,87,1
