seqnr,start,stop,text,class,channel,line,column
0,0,13,"#define STOPIT",directive,1,1,0
1,15,38,"#include <bits/stdc++.h>",directive,1,2,0
2,40,141,"#define loop(n) for (int ngtkana_is_a_genius = 0; ngtkana_is_a_genius < int(n); ngtkana_is_a_genius++)",directive,1,3,0
3,143,214,"#define rep(i, begin, end) for (int i = int(begin); (i) < int(end); i++)",directive,1,4,0
4,216,248,"#define all(v) v.begin(), v.end()",directive,1,5,0
5,250,309,"#define rand(l, r) std::uniform_int_distribution<>(l, r)(mt)",directive,1,6,0
6,311,315,using,keyword,0,7,0
7,317,320,lint,identifier,0,7,6
8,322,322,=,operator,0,7,11
9,324,327,long,keyword,0,7,13
10,329,332,long,keyword,0,7,18
11,333,333,;,operator,0,7,22
12,335,338,auto,keyword,0,8,0
13,340,341,mt,identifier,0,8,5
14,343,343,=,operator,0,8,8
15,345,347,std,identifier,0,8,10
16,348,349,::,operator,0,8,13
17,350,359,mt19937_64,identifier,0,8,15
18,360,360,(,operator,0,8,25
19,361,363,std,identifier,0,8,26
20,364,365,::,operator,0,8,29
21,366,378,random_device,identifier,0,8,31
22,379,379,{,operator,0,8,44
23,380,380,},operator,0,8,45
24,381,381,(,operator,0,8,46
25,382,382,),operator,0,8,47
26,383,383,),operator,0,8,48
27,384,384,;,operator,0,8,49
28,386,389,auto,keyword,0,9,0
29,391,393,cmn,identifier,0,9,5
30,395,395,=,operator,0,9,9
31,397,397,[,operator,0,9,11
32,398,398,],operator,0,9,12
33,399,399,(,operator,0,9,13
34,400,403,auto,keyword,0,9,14
35,404,404,&,operator,0,9,18
36,406,406,a,identifier,0,9,20
37,407,407,",",operator,0,9,21
38,409,412,auto,keyword,0,9,23
39,414,414,b,identifier,0,9,28
40,415,415,),operator,0,9,29
41,416,416,{,operator,0,9,30
42,418,419,if,keyword,0,9,32
43,421,421,(,operator,0,9,35
44,422,422,a,identifier,0,9,36
45,424,424,>,operator,0,9,38
46,426,426,b,identifier,0,9,40
47,427,427,),operator,0,9,41
48,429,429,{,operator,0,9,43
49,430,430,a,identifier,0,9,44
50,432,432,=,operator,0,9,46
51,434,434,b,identifier,0,9,48
52,435,435,;,operator,0,9,49
53,437,442,return,keyword,0,9,51
54,444,447,true,keyword,0,9,58
55,448,448,;,operator,0,9,62
56,449,449,},operator,0,9,63
57,451,456,return,keyword,0,9,65
58,458,462,false,keyword,0,9,72
59,463,463,;,operator,0,9,77
60,465,465,},operator,0,9,79
61,466,466,;,operator,0,9,80
62,468,471,auto,keyword,0,10,0
63,473,475,cmx,identifier,0,10,5
64,477,477,=,operator,0,10,9
65,479,479,[,operator,0,10,11
66,480,480,],operator,0,10,12
67,481,481,(,operator,0,10,13
68,482,485,auto,keyword,0,10,14
69,486,486,&,operator,0,10,18
70,488,488,a,identifier,0,10,20
71,489,489,",",operator,0,10,21
72,491,494,auto,keyword,0,10,23
73,496,496,b,identifier,0,10,28
74,497,497,),operator,0,10,29
75,498,498,{,operator,0,10,30
76,500,501,if,keyword,0,10,32
77,503,503,(,operator,0,10,35
78,504,504,a,identifier,0,10,36
79,506,506,<,operator,0,10,38
80,508,508,b,identifier,0,10,40
81,509,509,),operator,0,10,41
82,511,511,{,operator,0,10,43
83,512,512,a,identifier,0,10,44
84,514,514,=,operator,0,10,46
85,516,516,b,identifier,0,10,48
86,517,517,;,operator,0,10,49
87,519,524,return,keyword,0,10,51
88,526,529,true,keyword,0,10,58
89,530,530,;,operator,0,10,62
90,531,531,},operator,0,10,63
91,533,538,return,keyword,0,10,65
92,540,544,false,keyword,0,10,72
93,545,545,;,operator,0,10,77
94,547,547,},operator,0,10,79
95,548,548,;,operator,0,10,80
96,550,553,void,keyword,0,11,0
97,555,564,debug_impl,identifier,0,11,5
98,565,565,(,operator,0,11,15
99,566,566,),operator,0,11,16
100,568,568,{,operator,0,11,18
101,570,572,std,identifier,0,11,20
102,573,574,::,operator,0,11,23
103,575,578,cerr,identifier,0,11,25
104,580,580,<,operator,0,11,30
105,581,581,<,operator,0,11,31
106,583,585,std,identifier,0,11,33
107,586,587,::,operator,0,11,36
108,588,591,endl,identifier,0,11,38
109,592,592,;,operator,0,11,42
110,594,594,},operator,0,11,44
111,596,603,template,keyword,0,12,0
112,605,605,<,operator,0,12,9
113,606,613,typename,keyword,0,12,10
114,615,618,Head,identifier,0,12,19
115,619,619,",",operator,0,12,23
116,621,628,typename,keyword,0,12,25
117,629,631,...,operator,0,12,33
118,633,636,Tail,identifier,0,12,37
119,637,637,>,operator,0,12,41
120,639,642,void,keyword,0,13,0
121,644,653,debug_impl,identifier,0,13,5
122,654,654,(,operator,0,13,15
123,655,658,Head,identifier,0,13,16
124,660,663,head,identifier,0,13,21
125,664,664,",",operator,0,13,25
126,666,669,Tail,identifier,0,13,27
127,670,672,...,operator,0,13,31
128,674,677,tail,identifier,0,13,35
129,678,678,),operator,0,13,39
130,680,680,{,operator,0,13,41
131,682,684,std,identifier,0,13,43
132,685,686,::,operator,0,13,46
133,687,690,cerr,identifier,0,13,48
134,692,692,<,operator,0,13,53
135,693,693,<,operator,0,13,54
136,695,697,""" """,string,0,13,56
137,699,699,<,operator,0,13,60
138,700,700,<,operator,0,13,61
139,702,705,head,identifier,0,13,63
140,706,706,;,operator,0,13,67
141,708,717,debug_impl,identifier,0,13,69
142,718,718,(,operator,0,13,79
143,719,722,tail,identifier,0,13,80
144,723,725,...,operator,0,13,84
145,726,726,),operator,0,13,87
146,727,727,;,operator,0,13,88
147,729,729,},operator,0,13,90
148,731,744,"#ifndef STOPIT",directive,1,14,0
149,746,921,"#define debug(...)\\n  do {\\n    std::cerr << std::boolalpha << ""["" << #__VA_ARGS__ << ""]:"";\\n    debug_impl(__VA_ARGS__);\\n    std::cerr << std::noboolalpha;\\n  } while (false)",directive,1,15,0
150,923,927,"#else",directive,1,21,0
151,929,949,"#define debug(...) 0;",directive,1,22,0
152,951,956,"#endif",directive,1,23,0
153,959,966,template,keyword,0,25,0
154,968,968,<,operator,0,25,9
155,970,977,typename,keyword,0,25,11
156,979,987,Container,identifier,0,25,20
157,988,988,",",operator,0,25,29
158,990,997,typename,keyword,0,25,31
159,999,1003,Value,identifier,0,25,40
160,1005,1005,=,operator,0,25,46
161,1007,1014,typename,keyword,0,25,48
162,1016,1024,Container,identifier,0,25,57
163,1025,1026,::,operator,0,25,66
164,1027,1036,value_type,identifier,0,25,68
165,1037,1037,",",operator,0,25,78
166,1039,1041,std,identifier,0,25,80
167,1042,1043,::,operator,0,25,83
168,1044,1054,enable_if_t,identifier,0,25,85
169,1055,1055,<,operator,0,25,96
170,1056,1056,"!",operator,0,25,97
171,1057,1059,std,identifier,0,25,98
172,1060,1061,::,operator,0,25,101
173,1062,1068,is_same,identifier,0,25,103
174,1069,1069,<,operator,0,25,110
175,1071,1079,Container,identifier,0,25,112
176,1080,1080,",",operator,0,25,121
177,1082,1084,std,identifier,0,25,123
178,1085,1086,::,operator,0,25,126
179,1087,1092,string,identifier,0,25,128
180,1094,1094,>,operator,0,25,135
181,1095,1096,::,operator,0,25,136
182,1097,1101,value,identifier,0,25,138
183,1102,1102,",",operator,0,25,143
184,1104,1106,std,identifier,0,25,145
185,1107,1108,::,operator,0,25,148
186,1109,1117,nullptr_t,identifier,0,25,150
187,1118,1118,>,operator,0,25,159
188,1120,1120,=,operator,0,25,161
189,1122,1128,nullptr,keyword,0,25,163
190,1129,1129,>,operator,0,25,170
191,1131,1133,std,identifier,0,26,0
192,1134,1135,::,operator,0,26,3
193,1136,1142,istream,identifier,0,26,5
194,1143,1143,&,operator,0,26,12
195,1145,1152,operator,keyword,0,26,14
196,1153,1153,>,operator,0,26,22
197,1154,1154,>,operator,0,26,23
198,1156,1156,(,operator,0,26,25
199,1157,1159,std,identifier,0,26,26
200,1160,1161,::,operator,0,26,29
201,1162,1168,istream,identifier,0,26,31
202,1169,1169,&,operator,0,26,38
203,1171,1172,is,identifier,0,26,40
204,1173,1173,",",operator,0,26,42
205,1175,1183,Container,identifier,0,26,44
206,1184,1184,&,operator,0,26,53
207,1186,1186,v,identifier,0,26,55
208,1187,1187,),operator,0,26,56
209,1191,1191,{,operator,0,27,2
210,1193,1195,for,keyword,0,27,4
211,1197,1197,(,operator,0,27,8
212,1198,1201,auto,keyword,0,27,9
213,1203,1203,&,operator,0,27,14
214,1205,1205,x,identifier,0,27,16
215,1207,1207,:,operator,0,27,18
216,1209,1209,v,identifier,0,27,20
217,1210,1210,),operator,0,27,21
218,1212,1212,{,operator,0,27,23
219,1214,1215,is,identifier,0,27,25
220,1217,1217,>,operator,0,27,28
221,1218,1218,>,operator,0,27,29
222,1220,1220,x,identifier,0,27,31
223,1221,1221,;,operator,0,27,32
224,1223,1223,},operator,0,27,34
225,1225,1230,return,keyword,0,27,36
226,1232,1233,is,identifier,0,27,43
227,1234,1234,;,operator,0,27,45
228,1236,1236,},operator,0,27,47
229,1239,1246,template,keyword,0,29,0
230,1248,1248,<,operator,0,29,9
231,1250,1257,typename,keyword,0,29,11
232,1259,1267,Container,identifier,0,29,20
233,1268,1268,",",operator,0,29,29
234,1270,1277,typename,keyword,0,29,31
235,1279,1283,Value,identifier,0,29,40
236,1285,1285,=,operator,0,29,46
237,1287,1294,typename,keyword,0,29,48
238,1296,1304,Container,identifier,0,29,57
239,1305,1306,::,operator,0,29,66
240,1307,1316,value_type,identifier,0,29,68
241,1317,1317,",",operator,0,29,78
242,1319,1321,std,identifier,0,29,80
243,1322,1323,::,operator,0,29,83
244,1324,1334,enable_if_t,identifier,0,29,85
245,1335,1335,<,operator,0,29,96
246,1336,1336,"!",operator,0,29,97
247,1337,1339,std,identifier,0,29,98
248,1340,1341,::,operator,0,29,101
249,1342,1348,is_same,identifier,0,29,103
250,1349,1349,<,operator,0,29,110
251,1351,1359,Container,identifier,0,29,112
252,1360,1360,",",operator,0,29,121
253,1362,1364,std,identifier,0,29,123
254,1365,1366,::,operator,0,29,126
255,1367,1372,string,identifier,0,29,128
256,1374,1374,>,operator,0,29,135
257,1375,1376,::,operator,0,29,136
258,1377,1381,value,identifier,0,29,138
259,1382,1382,",",operator,0,29,143
260,1384,1386,std,identifier,0,29,145
261,1387,1388,::,operator,0,29,148
262,1389,1397,nullptr_t,identifier,0,29,150
263,1398,1398,>,operator,0,29,159
264,1400,1400,=,operator,0,29,161
265,1402,1408,nullptr,keyword,0,29,163
266,1410,1410,>,operator,0,29,171
267,1412,1414,std,identifier,0,30,0
268,1415,1416,::,operator,0,30,3
269,1417,1423,ostream,identifier,0,30,5
270,1424,1424,&,operator,0,30,12
271,1426,1433,operator,keyword,0,30,14
272,1434,1434,<,operator,0,30,22
273,1435,1435,<,operator,0,30,23
274,1437,1437,(,operator,0,30,25
275,1438,1440,std,identifier,0,30,26
276,1441,1442,::,operator,0,30,29
277,1443,1449,ostream,identifier,0,30,31
278,1450,1450,&,operator,0,30,38
279,1452,1453,os,identifier,0,30,40
280,1454,1454,",",operator,0,30,42
281,1456,1464,Container,identifier,0,30,44
282,1466,1470,const,keyword,0,30,54
283,1471,1471,&,operator,0,30,59
284,1473,1473,v,identifier,0,30,61
285,1474,1474,),operator,0,30,62
286,1476,1476,{,operator,0,30,64
287,1479,1480,os,identifier,0,31,1
288,1482,1482,<,operator,0,31,4
289,1483,1483,<,operator,0,31,5
290,1485,1487,"""{""",string,0,31,7
291,1488,1488,;,operator,0,31,10
292,1492,1494,for,keyword,0,32,2
293,1496,1496,(,operator,0,32,6
294,1497,1500,auto,keyword,0,32,7
295,1502,1503,it,identifier,0,32,12
296,1505,1505,=,operator,0,32,15
297,1507,1507,v,identifier,0,32,17
298,1508,1508,.,operator,0,32,18
299,1509,1513,begin,identifier,0,32,19
300,1514,1514,(,operator,0,32,24
301,1515,1515,),operator,0,32,25
302,1516,1516,;,operator,0,32,26
303,1518,1519,it,identifier,0,32,28
304,1521,1522,"!=",operator,0,32,31
305,1524,1524,v,identifier,0,32,34
306,1525,1525,.,operator,0,32,35
307,1526,1528,end,identifier,0,32,36
308,1529,1529,(,operator,0,32,39
309,1530,1530,),operator,0,32,40
310,1531,1531,;,operator,0,32,41
311,1533,1534,it,identifier,0,32,43
312,1535,1536,++,operator,0,32,45
313,1537,1537,),operator,0,32,47
314,1543,1543,{,operator,0,33,4
315,1544,1545,os,identifier,0,33,5
316,1547,1547,<,operator,0,33,8
317,1548,1548,<,operator,0,33,9
318,1550,1550,(,operator,0,33,11
319,1551,1552,it,identifier,0,33,12
320,1554,1555,"!=",operator,0,33,15
321,1557,1557,v,identifier,0,33,18
322,1558,1558,.,operator,0,33,19
323,1559,1563,begin,identifier,0,33,20
324,1564,1564,(,operator,0,33,25
325,1565,1565,),operator,0,33,26
326,1567,1567,?,operator,0,33,28
327,1569,1571,""",""",string,0,33,30
328,1573,1573,:,operator,0,33,34
329,1575,1576,"""""",string,0,33,36
330,1577,1577,),operator,0,33,38
331,1579,1579,<,operator,0,33,40
332,1580,1580,<,operator,0,33,41
333,1582,1582,*,operator,0,33,43
334,1583,1584,it,identifier,0,33,44
335,1585,1585,;,operator,0,33,46
336,1586,1586,},operator,0,33,47
337,1590,1595,return,keyword,0,34,2
338,1597,1598,os,identifier,0,34,9
339,1600,1600,<,operator,0,34,12
340,1601,1601,<,operator,0,34,13
341,1603,1605,"""}""",string,0,34,15
342,1606,1606,;,operator,0,34,18
343,1608,1608,},operator,0,35,0
344,1611,1618,template,keyword,0,37,0
345,1620,1620,<,operator,0,37,9
346,1622,1629,template,keyword,0,37,11
347,1631,1631,<,operator,0,37,20
348,1633,1640,typename,keyword,0,37,22
349,1642,1644,...,operator,0,37,31
350,1646,1646,>,operator,0,37,35
351,1648,1652,class,keyword,0,37,37
352,1654,1658,Tuple,identifier,0,37,43
353,1659,1659,",",operator,0,37,48
354,1662,1669,typename,keyword,0,37,51
355,1670,1672,...,operator,0,37,59
356,1674,1677,Args,identifier,0,37,63
357,1678,1678,",",operator,0,37,67
358,1680,1682,std,identifier,0,37,69
359,1683,1684,::,operator,0,37,72
360,1685,1690,size_t,identifier,0,37,74
361,1692,1694,...,operator,0,37,81
362,1696,1699,Inds,identifier,0,37,85
363,1700,1700,",",operator,0,37,89
364,1702,1704,std,identifier,0,37,91
365,1705,1706,::,operator,0,37,94
366,1707,1712,size_t,identifier,0,37,96
367,1714,1714,=,operator,0,37,103
368,1716,1718,std,identifier,0,37,105
369,1719,1720,::,operator,0,37,108
370,1721,1730,tuple_size,identifier,0,37,110
371,1731,1731,<,operator,0,37,120
372,1733,1737,Tuple,identifier,0,37,122
373,1739,1739,<,operator,0,37,128
374,1741,1744,Args,identifier,0,37,130
375,1746,1748,...,operator,0,37,135
376,1750,1750,>,operator,0,37,139
377,1752,1752,>,operator,0,37,141
378,1753,1754,::,operator,0,37,142
379,1755,1759,value,identifier,0,37,144
380,1761,1761,>,operator,0,37,150
381,1763,1765,std,identifier,0,38,0
382,1766,1767,::,operator,0,38,3
383,1768,1774,istream,identifier,0,38,5
384,1775,1775,&,operator,0,38,12
385,1777,1792,tuple_input_impl,identifier,0,38,14
386,1793,1793,(,operator,0,38,30
387,1794,1796,std,identifier,0,38,31
388,1797,1798,::,operator,0,38,34
389,1799,1805,istream,identifier,0,38,36
390,1806,1806,&,operator,0,38,43
391,1808,1809,os,identifier,0,38,45
392,1810,1810,",",operator,0,38,47
393,1812,1816,Tuple,identifier,0,38,49
394,1817,1817,<,operator,0,38,54
395,1818,1821,Args,identifier,0,38,55
396,1822,1824,...,operator,0,38,59
397,1825,1825,>,operator,0,38,62
398,1826,1826,&,operator,0,38,63
399,1828,1832,tuple,identifier,0,38,65
400,1833,1833,",",operator,0,38,70
401,1835,1837,std,identifier,0,38,72
402,1838,1839,::,operator,0,38,75
403,1840,1855,integer_sequence,identifier,0,38,77
404,1856,1856,<,operator,0,38,93
405,1857,1859,std,identifier,0,38,94
406,1860,1861,::,operator,0,38,97
407,1862,1867,size_t,identifier,0,38,99
408,1868,1868,",",operator,0,38,105
409,1870,1873,Inds,identifier,0,38,107
410,1874,1876,...,operator,0,38,111
411,1877,1877,>,operator,0,38,114
412,1878,1878,),operator,0,38,115
413,1882,1882,{,operator,0,39,2
414,1884,1884,(,operator,0,39,4
415,1885,1888,void,keyword,0,39,5
416,1889,1889,),operator,0,39,9
417,1890,1892,std,identifier,0,39,10
418,1893,1894,::,operator,0,39,13
419,1895,1910,initializer_list,identifier,0,39,15
420,1911,1911,<,operator,0,39,31
421,1912,1914,int,keyword,0,39,32
422,1915,1915,>,operator,0,39,35
423,1916,1916,{,operator,0,39,36
424,1917,1917,(,operator,0,39,37
425,1918,1918,(,operator,0,39,38
426,1919,1922,void,keyword,0,39,39
427,1923,1923,),operator,0,39,43
428,1924,1924,(,operator,0,39,44
429,1925,1926,os,identifier,0,39,45
430,1928,1928,>,operator,0,39,48
431,1929,1929,>,operator,0,39,49
432,1931,1933,std,identifier,0,39,51
433,1934,1935,::,operator,0,39,54
434,1936,1938,get,identifier,0,39,56
435,1939,1939,<,operator,0,39,59
436,1941,1944,Inds,identifier,0,39,61
437,1946,1946,>,operator,0,39,66
438,1947,1947,(,operator,0,39,67
439,1948,1952,tuple,identifier,0,39,68
440,1953,1953,),operator,0,39,73
441,1954,1954,),operator,0,39,74
442,1955,1955,",",operator,0,39,75
443,1957,1957,0,integer,0,39,77
444,1958,1958,),operator,0,39,78
445,1959,1961,...,operator,0,39,79
446,1962,1962,},operator,0,39,82
447,1963,1963,;,operator,0,39,83
448,1965,1970,return,keyword,0,39,85
449,1972,1973,os,identifier,0,39,92
450,1974,1974,;,operator,0,39,94
451,1976,1976,},operator,0,39,96
452,1978,1985,template,keyword,0,40,0
453,1987,1987,<,operator,0,40,9
454,1989,1996,template,keyword,0,40,11
455,1998,1998,<,operator,0,40,20
456,2000,2007,typename,keyword,0,40,22
457,2009,2011,...,operator,0,40,31
458,2013,2013,>,operator,0,40,35
459,2015,2019,class,keyword,0,40,37
460,2021,2025,Tuple,identifier,0,40,43
461,2026,2026,",",operator,0,40,48
462,2029,2036,typename,keyword,0,40,51
463,2037,2039,...,operator,0,40,59
464,2041,2044,Args,identifier,0,40,63
465,2045,2045,",",operator,0,40,67
466,2047,2049,std,identifier,0,40,69
467,2050,2051,::,operator,0,40,72
468,2052,2057,size_t,identifier,0,40,74
469,2059,2059,=,operator,0,40,81
470,2061,2063,std,identifier,0,40,83
471,2064,2065,::,operator,0,40,86
472,2066,2075,tuple_size,identifier,0,40,88
473,2076,2076,<,operator,0,40,98
474,2078,2082,Tuple,identifier,0,40,100
475,2084,2084,<,operator,0,40,106
476,2086,2089,Args,identifier,0,40,108
477,2091,2093,...,operator,0,40,113
478,2095,2095,>,operator,0,40,117
479,2097,2097,>,operator,0,40,119
480,2098,2099,::,operator,0,40,120
481,2100,2104,value,identifier,0,40,122
482,2106,2106,>,operator,0,40,128
483,2108,2110,std,identifier,0,41,0
484,2111,2112,::,operator,0,41,3
485,2113,2119,istream,identifier,0,41,5
486,2120,2120,&,operator,0,41,12
487,2122,2129,operator,keyword,0,41,14
488,2130,2130,>,operator,0,41,22
489,2131,2131,>,operator,0,41,23
490,2133,2133,(,operator,0,41,25
491,2134,2136,std,identifier,0,41,26
492,2137,2138,::,operator,0,41,29
493,2139,2145,istream,identifier,0,41,31
494,2146,2146,&,operator,0,41,38
495,2148,2149,os,identifier,0,41,40
496,2150,2150,",",operator,0,41,42
497,2152,2156,Tuple,identifier,0,41,44
498,2157,2157,<,operator,0,41,49
499,2158,2161,Args,identifier,0,41,50
500,2162,2164,...,operator,0,41,54
501,2165,2165,>,operator,0,41,57
502,2166,2166,&,operator,0,41,58
503,2168,2172,tuple,identifier,0,41,60
504,2173,2173,),operator,0,41,65
505,2177,2177,{,operator,0,42,2
506,2179,2184,return,keyword,0,42,4
507,2186,2201,tuple_input_impl,identifier,0,42,11
508,2202,2202,(,operator,0,42,27
509,2203,2204,os,identifier,0,42,28
510,2205,2205,",",operator,0,42,30
511,2207,2211,tuple,identifier,0,42,32
512,2212,2212,",",operator,0,42,37
513,2214,2216,std,identifier,0,42,39
514,2217,2218,::,operator,0,42,42
515,2219,2236,index_sequence_for,identifier,0,42,44
516,2237,2237,<,operator,0,42,62
517,2238,2241,Args,identifier,0,42,63
518,2242,2244,...,operator,0,42,67
519,2245,2245,>,operator,0,42,70
520,2246,2246,(,operator,0,42,71
521,2247,2247,),operator,0,42,72
522,2248,2248,),operator,0,42,73
523,2249,2249,;,operator,0,42,74
524,2251,2251,},operator,0,42,76
525,2254,2261,template,keyword,0,44,0
526,2263,2263,<,operator,0,44,9
527,2265,2272,template,keyword,0,44,11
528,2274,2274,<,operator,0,44,20
529,2276,2283,typename,keyword,0,44,22
530,2285,2287,...,operator,0,44,31
531,2289,2289,>,operator,0,44,35
532,2291,2295,class,keyword,0,44,37
533,2297,2301,Tuple,identifier,0,44,43
534,2302,2302,",",operator,0,44,48
535,2305,2312,typename,keyword,0,44,51
536,2313,2315,...,operator,0,44,59
537,2317,2320,Args,identifier,0,44,63
538,2321,2321,",",operator,0,44,67
539,2323,2325,std,identifier,0,44,69
540,2326,2327,::,operator,0,44,72
541,2328,2333,size_t,identifier,0,44,74
542,2335,2337,...,operator,0,44,81
543,2339,2342,Inds,identifier,0,44,85
544,2343,2343,",",operator,0,44,89
545,2345,2347,std,identifier,0,44,91
546,2348,2349,::,operator,0,44,94
547,2350,2355,size_t,identifier,0,44,96
548,2357,2357,=,operator,0,44,103
549,2359,2361,std,identifier,0,44,105
550,2362,2363,::,operator,0,44,108
551,2364,2373,tuple_size,identifier,0,44,110
552,2374,2374,<,operator,0,44,120
553,2376,2380,Tuple,identifier,0,44,122
554,2382,2382,<,operator,0,44,128
555,2384,2387,Args,identifier,0,44,130
556,2389,2391,...,operator,0,44,135
557,2393,2393,>,operator,0,44,139
558,2395,2395,>,operator,0,44,141
559,2396,2397,::,operator,0,44,142
560,2398,2402,value,identifier,0,44,144
561,2404,2404,>,operator,0,44,150
562,2406,2408,std,identifier,0,45,0
563,2409,2410,::,operator,0,45,3
564,2411,2417,ostream,identifier,0,45,5
565,2418,2418,&,operator,0,45,12
566,2420,2436,tuple_output_impl,identifier,0,45,14
567,2437,2437,(,operator,0,45,31
568,2438,2440,std,identifier,0,45,32
569,2441,2442,::,operator,0,45,35
570,2443,2449,ostream,identifier,0,45,37
571,2450,2450,&,operator,0,45,44
572,2452,2453,os,identifier,0,45,46
573,2454,2454,",",operator,0,45,48
574,2456,2460,const,keyword,0,45,50
575,2462,2466,Tuple,identifier,0,45,56
576,2467,2467,<,operator,0,45,61
577,2468,2471,Args,identifier,0,45,62
578,2472,2474,...,operator,0,45,66
579,2475,2475,>,operator,0,45,69
580,2476,2476,&,operator,0,45,70
581,2478,2482,tuple,identifier,0,45,72
582,2483,2483,",",operator,0,45,77
583,2485,2487,std,identifier,0,45,79
584,2488,2489,::,operator,0,45,82
585,2490,2505,integer_sequence,identifier,0,45,84
586,2506,2506,<,operator,0,45,100
587,2507,2509,std,identifier,0,45,101
588,2510,2511,::,operator,0,45,104
589,2512,2517,size_t,identifier,0,45,106
590,2518,2518,",",operator,0,45,112
591,2520,2523,Inds,identifier,0,45,114
592,2524,2526,...,operator,0,45,118
593,2527,2527,>,operator,0,45,121
594,2528,2528,),operator,0,45,122
595,2532,2532,{,operator,0,46,2
596,2534,2535,os,identifier,0,46,4
597,2537,2537,<,operator,0,46,7
598,2538,2538,<,operator,0,46,8
599,2540,2542,"""(""",string,0,46,10
600,2543,2543,;,operator,0,46,13
601,2545,2545,(,operator,0,46,15
602,2546,2549,void,keyword,0,46,16
603,2550,2550,),operator,0,46,20
604,2551,2553,std,identifier,0,46,21
605,2554,2555,::,operator,0,46,24
606,2556,2571,initializer_list,identifier,0,46,26
607,2572,2572,<,operator,0,46,42
608,2573,2575,int,keyword,0,46,43
609,2576,2576,>,operator,0,46,46
610,2577,2577,{,operator,0,46,47
611,2578,2578,(,operator,0,46,48
612,2579,2579,(,operator,0,46,49
613,2580,2583,void,keyword,0,46,50
614,2584,2584,),operator,0,46,54
615,2585,2585,(,operator,0,46,55
616,2586,2587,os,identifier,0,46,56
617,2589,2589,<,operator,0,46,59
618,2590,2590,<,operator,0,46,60
619,2592,2592,(,operator,0,46,62
620,2593,2596,Inds,identifier,0,46,63
621,2598,2598,>,operator,0,46,68
622,2600,2600,0,integer,0,46,70
623,2602,2602,?,operator,0,46,72
624,2604,2606,""",""",string,0,46,74
625,2608,2608,:,operator,0,46,78
626,2610,2611,"""""",string,0,46,80
627,2612,2612,),operator,0,46,82
628,2614,2614,<,operator,0,46,84
629,2615,2615,<,operator,0,46,85
630,2617,2619,std,identifier,0,46,87
631,2620,2621,::,operator,0,46,90
632,2622,2624,get,identifier,0,46,92
633,2625,2625,<,operator,0,46,95
634,2627,2630,Inds,identifier,0,46,97
635,2632,2632,>,operator,0,46,102
636,2633,2633,(,operator,0,46,103
637,2634,2638,tuple,identifier,0,46,104
638,2639,2639,),operator,0,46,109
639,2640,2640,),operator,0,46,110
640,2641,2641,",",operator,0,46,111
641,2643,2643,0,integer,0,46,113
642,2644,2644,),operator,0,46,114
643,2645,2647,...,operator,0,46,115
644,2648,2648,},operator,0,46,118
645,2649,2649,;,operator,0,46,119
646,2651,2656,return,keyword,0,46,121
647,2658,2659,os,identifier,0,46,128
648,2661,2661,<,operator,0,46,131
649,2662,2662,<,operator,0,46,132
650,2664,2666,""")""",string,0,46,134
651,2667,2667,;,operator,0,46,137
652,2669,2669,},operator,0,46,139
653,2671,2678,template,keyword,0,47,0
654,2680,2680,<,operator,0,47,9
655,2682,2689,template,keyword,0,47,11
656,2691,2691,<,operator,0,47,20
657,2693,2700,typename,keyword,0,47,22
658,2702,2704,...,operator,0,47,31
659,2706,2706,>,operator,0,47,35
660,2708,2712,class,keyword,0,47,37
661,2714,2718,Tuple,identifier,0,47,43
662,2719,2719,",",operator,0,47,48
663,2722,2729,typename,keyword,0,47,51
664,2730,2732,...,operator,0,47,59
665,2734,2737,Args,identifier,0,47,63
666,2738,2738,",",operator,0,47,67
667,2740,2742,std,identifier,0,47,69
668,2743,2744,::,operator,0,47,72
669,2745,2750,size_t,identifier,0,47,74
670,2752,2752,=,operator,0,47,81
671,2754,2756,std,identifier,0,47,83
672,2757,2758,::,operator,0,47,86
673,2759,2768,tuple_size,identifier,0,47,88
674,2769,2769,<,operator,0,47,98
675,2771,2775,Tuple,identifier,0,47,100
676,2777,2777,<,operator,0,47,106
677,2779,2782,Args,identifier,0,47,108
678,2784,2786,...,operator,0,47,113
679,2788,2788,>,operator,0,47,117
680,2790,2790,>,operator,0,47,119
681,2791,2792,::,operator,0,47,120
682,2793,2797,value,identifier,0,47,122
683,2799,2799,>,operator,0,47,128
684,2801,2803,std,identifier,0,48,0
685,2804,2805,::,operator,0,48,3
686,2806,2812,ostream,identifier,0,48,5
687,2813,2813,&,operator,0,48,12
688,2815,2822,operator,keyword,0,48,14
689,2823,2823,<,operator,0,48,22
690,2824,2824,<,operator,0,48,23
691,2826,2826,(,operator,0,48,25
692,2827,2829,std,identifier,0,48,26
693,2830,2831,::,operator,0,48,29
694,2832,2838,ostream,identifier,0,48,31
695,2839,2839,&,operator,0,48,38
696,2841,2842,os,identifier,0,48,40
697,2843,2843,",",operator,0,48,42
698,2845,2849,const,keyword,0,48,44
699,2851,2855,Tuple,identifier,0,48,50
700,2856,2856,<,operator,0,48,55
701,2857,2860,Args,identifier,0,48,56
702,2861,2863,...,operator,0,48,60
703,2864,2864,>,operator,0,48,63
704,2865,2865,&,operator,0,48,64
705,2867,2871,tuple,identifier,0,48,66
706,2872,2872,),operator,0,48,71
707,2875,2875,{,operator,0,49,1
708,2877,2882,return,keyword,0,49,3
709,2884,2900,tuple_output_impl,identifier,0,49,10
710,2901,2901,(,operator,0,49,27
711,2902,2903,os,identifier,0,49,28
712,2904,2904,",",operator,0,49,30
713,2906,2910,tuple,identifier,0,49,32
714,2911,2911,",",operator,0,49,37
715,2913,2915,std,identifier,0,49,39
716,2916,2917,::,operator,0,49,42
717,2918,2935,index_sequence_for,identifier,0,49,44
718,2936,2936,<,operator,0,49,62
719,2937,2940,Args,identifier,0,49,63
720,2941,2943,...,operator,0,49,67
721,2944,2944,>,operator,0,49,70
722,2945,2945,(,operator,0,49,71
723,2946,2946,),operator,0,49,72
724,2947,2947,),operator,0,49,73
725,2948,2948,;,operator,0,49,74
726,2950,2950,},operator,0,49,76
727,2977,2984,template,keyword,0,52,0
728,2986,2986,<,operator,0,52,9
729,2988,2992,class,keyword,0,52,11
730,2994,2996,...,operator,0,52,17
731,2998,3001,Keys,identifier,0,52,21
732,3003,3003,>,operator,0,52,26
733,3005,3009,class,keyword,0,53,0
734,3011,3015,fmt_t,identifier,0,53,6
735,3017,3017,{,operator,0,53,12
736,3023,3027,using,keyword,0,54,4
737,3029,3037,storage_t,identifier,0,54,10
738,3039,3039,=,operator,0,54,20
739,3041,3043,std,identifier,0,54,22
740,3044,3045,::,operator,0,54,25
741,3046,3050,tuple,identifier,0,54,27
742,3051,3051,<,operator,0,54,32
743,3053,3056,Keys,identifier,0,54,34
744,3058,3060,...,operator,0,54,39
745,3062,3062,>,operator,0,54,43
746,3063,3063,;,operator,0,54,44
747,3069,3077,storage_t,identifier,0,55,4
748,3079,3085,storage,identifier,0,55,14
749,3086,3086,;,operator,0,55,21
750,3092,3097,static,keyword,0,56,4
751,3099,3107,constexpr,keyword,0,56,11
752,3109,3111,std,identifier,0,56,21
753,3112,3113,::,operator,0,56,24
754,3114,3119,size_t,identifier,0,56,26
755,3121,3121,N,identifier,0,56,33
756,3123,3123,=,operator,0,56,35
757,3125,3130,sizeof,keyword,0,56,37
758,3132,3134,...,operator,0,56,44
759,3136,3136,(,operator,0,56,48
760,3137,3140,Keys,identifier,0,56,49
761,3141,3141,),operator,0,56,53
762,3142,3142,;,operator,0,56,54
763,3176,3183,template,keyword,0,59,4
764,3185,3185,<,operator,0,59,13
765,3187,3189,std,identifier,0,59,15
766,3190,3191,::,operator,0,59,18
767,3192,3197,size_t,identifier,0,59,20
768,3199,3199,I,identifier,0,59,27
769,3200,3200,",",operator,0,59,28
770,3202,3206,class,keyword,0,59,30
771,3208,3212,Value,identifier,0,59,36
772,3214,3214,>,operator,0,59,42
773,3222,3225,auto,keyword,0,60,6
774,3227,3245,is_exact_match_impl,identifier,0,60,11
775,3246,3246,(,operator,0,60,30
776,3247,3250,long,keyword,0,60,31
777,3251,3251,",",operator,0,60,35
778,3253,3257,Value,identifier,0,60,37
779,3258,3258,),operator,0,60,42
780,3260,3264,const,keyword,0,60,44
781,3274,3274,{,operator,0,61,8
782,3276,3281,return,keyword,0,61,10
783,3283,3287,false,keyword,0,61,17
784,3288,3288,;,operator,0,61,22
785,3290,3290,},operator,0,61,24
786,3297,3304,template,keyword,0,63,4
787,3306,3306,<,operator,0,63,13
788,3308,3310,std,identifier,0,63,15
789,3311,3312,::,operator,0,63,18
790,3313,3318,size_t,identifier,0,63,20
791,3320,3320,I,identifier,0,63,27
792,3321,3321,",",operator,0,63,28
793,3323,3327,class,keyword,0,63,30
794,3329,3333,Value,identifier,0,63,36
795,3334,3334,",",operator,0,63,41
796,3342,3344,std,identifier,0,64,6
797,3345,3346,::,operator,0,64,9
798,3347,3357,enable_if_t,identifier,0,64,11
799,3358,3358,<,operator,0,64,22
800,3368,3370,std,identifier,0,65,8
801,3371,3372,::,operator,0,65,11
802,3373,3379,is_same,identifier,0,65,13
803,3380,3380,<,operator,0,65,20
804,3382,3384,std,identifier,0,65,22
805,3385,3386,::,operator,0,65,25
806,3387,3393,decay_t,identifier,0,65,27
807,3394,3394,<,operator,0,65,34
808,3396,3400,Value,identifier,0,65,36
809,3402,3402,>,operator,0,65,42
810,3404,3404,",",operator,0,65,44
811,3406,3409,char,keyword,0,65,46
812,3411,3411,>,operator,0,65,51
813,3412,3413,::,operator,0,65,52
814,3414,3418,value,identifier,0,65,54
815,3428,3429,==,operator,0,66,8
816,3431,3433,std,identifier,0,66,11
817,3434,3435,::,operator,0,66,14
818,3436,3442,is_same,identifier,0,66,16
819,3443,3443,<,operator,0,66,23
820,3445,3447,std,identifier,0,66,25
821,3448,3449,::,operator,0,66,28
822,3450,3464,tuple_element_t,identifier,0,66,30
823,3465,3465,<,operator,0,66,45
824,3467,3467,I,identifier,0,66,47
825,3468,3468,",",operator,0,66,48
826,3470,3478,storage_t,identifier,0,66,50
827,3480,3480,>,operator,0,66,60
828,3481,3481,",",operator,0,66,61
829,3483,3486,char,keyword,0,66,63
830,3488,3488,>,operator,0,66,68
831,3489,3490,::,operator,0,66,69
832,3491,3495,value,identifier,0,66,71
833,3496,3496,",",operator,0,66,76
834,3504,3506,std,identifier,0,67,6
835,3507,3508,::,operator,0,67,9
836,3509,3517,nullptr_t,identifier,0,67,11
837,3519,3519,>,operator,0,67,21
838,3521,3521,=,operator,0,67,23
839,3523,3529,nullptr,keyword,0,67,25
840,3530,3530,",",operator,0,67,32
841,3538,3542,class,keyword,0,68,6
842,3544,3544,=,operator,0,68,12
843,3546,3553,decltype,keyword,0,68,14
844,3554,3554,(,operator,0,68,22
845,3555,3557,std,identifier,0,68,23
846,3558,3559,::,operator,0,68,26
847,3560,3566,declval,identifier,0,68,28
848,3567,3567,<,operator,0,68,35
849,3569,3573,Value,identifier,0,68,37
850,3575,3575,>,operator,0,68,43
851,3576,3576,(,operator,0,68,44
852,3577,3577,),operator,0,68,45
853,3579,3580,==,operator,0,68,47
854,3582,3584,std,identifier,0,68,50
855,3585,3586,::,operator,0,68,53
856,3587,3589,get,identifier,0,68,55
857,3590,3590,<,operator,0,68,58
858,3592,3592,I,identifier,0,68,60
859,3594,3594,>,operator,0,68,62
860,3595,3595,(,operator,0,68,63
861,3596,3598,std,identifier,0,68,64
862,3599,3600,::,operator,0,68,67
863,3601,3607,declval,identifier,0,68,69
864,3608,3608,<,operator,0,68,76
865,3610,3618,storage_t,identifier,0,68,78
866,3620,3620,>,operator,0,68,88
867,3621,3621,(,operator,0,68,89
868,3622,3622,),operator,0,68,90
869,3623,3623,),operator,0,68,91
870,3624,3624,),operator,0,68,92
871,3626,3626,>,operator,0,68,94
872,3634,3637,auto,keyword,0,69,6
873,3639,3657,is_exact_match_impl,identifier,0,69,11
874,3658,3658,(,operator,0,69,30
875,3659,3661,int,keyword,0,69,31
876,3662,3662,",",operator,0,69,34
877,3664,3668,Value,identifier,0,69,36
878,3670,3670,x,identifier,0,69,42
879,3671,3671,),operator,0,69,43
880,3673,3677,const,keyword,0,69,45
881,3687,3687,{,operator,0,70,8
882,3689,3694,return,keyword,0,70,10
883,3696,3696,x,identifier,0,70,17
884,3698,3699,==,operator,0,70,19
885,3701,3703,std,identifier,0,70,22
886,3704,3705,::,operator,0,70,25
887,3706,3708,get,identifier,0,70,27
888,3709,3709,<,operator,0,70,30
889,3711,3711,I,identifier,0,70,32
890,3713,3713,>,operator,0,70,34
891,3714,3714,(,operator,0,70,35
892,3715,3721,storage,identifier,0,70,36
893,3722,3722,),operator,0,70,43
894,3723,3723,;,operator,0,70,44
895,3725,3725,},operator,0,70,46
896,3732,3739,template,keyword,0,72,4
897,3741,3741,<,operator,0,72,13
898,3743,3747,class,keyword,0,72,15
899,3749,3753,Value,identifier,0,72,21
900,3754,3754,",",operator,0,72,26
901,3756,3758,std,identifier,0,72,28
902,3759,3760,::,operator,0,72,31
903,3761,3766,size_t,identifier,0,72,33
904,3768,3770,...,operator,0,72,40
905,3772,3773,Is,identifier,0,72,44
906,3775,3775,>,operator,0,72,47
907,3783,3786,auto,keyword,0,73,6
908,3788,3808,find_exact_match_impl,identifier,0,73,11
909,3809,3809,(,operator,0,73,32
910,3810,3814,Value,identifier,0,73,33
911,3816,3816,x,identifier,0,73,39
912,3817,3817,",",operator,0,73,40
913,3819,3821,std,identifier,0,73,42
914,3822,3823,::,operator,0,73,45
915,3824,3839,integer_sequence,identifier,0,73,47
916,3840,3840,<,operator,0,73,63
917,3842,3844,std,identifier,0,73,65
918,3845,3846,::,operator,0,73,68
919,3847,3852,size_t,identifier,0,73,70
920,3853,3853,",",operator,0,73,76
921,3855,3856,Is,identifier,0,73,78
922,3858,3860,...,operator,0,73,81
923,3862,3862,>,operator,0,73,85
924,3863,3863,),operator,0,73,86
925,3865,3869,const,keyword,0,73,88
926,3871,3871,{,operator,0,73,94
927,3881,3884,auto,keyword,0,74,8
928,3886,3888,ret,identifier,0,74,13
929,3890,3890,=,operator,0,74,17
930,3892,3896,false,keyword,0,74,19
931,3897,3897,;,operator,0,74,24
932,3907,3907,(,operator,0,75,8
933,3908,3911,void,keyword,0,75,9
934,3912,3912,),operator,0,75,13
935,3913,3915,std,identifier,0,75,14
936,3916,3917,::,operator,0,75,17
937,3918,3933,initializer_list,identifier,0,75,19
938,3934,3934,<,operator,0,75,35
939,3936,3938,std,identifier,0,75,37
940,3939,3940,::,operator,0,75,40
941,3941,3949,nullptr_t,identifier,0,75,42
942,3951,3951,>,operator,0,75,52
943,3963,3963,{,operator,0,76,10
944,3965,3965,(,operator,0,76,12
945,3966,3968,ret,identifier,0,76,13
946,3970,3971,|=,operator,0,76,17
947,3973,3991,is_exact_match_impl,identifier,0,76,20
948,3992,3992,<,operator,0,76,39
949,3994,3995,Is,identifier,0,76,41
950,3997,3997,>,operator,0,76,44
951,3998,3998,(,operator,0,76,45
952,3999,4001,int,keyword,0,76,46
953,4002,4002,{,operator,0,76,49
954,4003,4003,},operator,0,76,50
955,4004,4004,",",operator,0,76,51
956,4006,4006,x,identifier,0,76,53
957,4007,4007,),operator,0,76,54
958,4008,4008,",",operator,0,76,55
959,4010,4016,nullptr,keyword,0,76,57
960,4017,4017,),operator,0,76,64
961,4019,4021,...,operator,0,76,66
962,4024,4024,},operator,0,76,71
963,4025,4025,;,operator,0,76,72
964,4035,4040,return,keyword,0,77,8
965,4042,4044,ret,identifier,0,77,15
966,4045,4045,;,operator,0,77,18
967,4053,4053,},operator,0,78,6
968,4060,4067,template,keyword,0,80,4
969,4069,4069,<,operator,0,80,13
970,4071,4075,class,keyword,0,80,15
971,4077,4081,Value,identifier,0,80,21
972,4083,4083,>,operator,0,80,27
973,4091,4094,auto,keyword,0,81,6
974,4096,4113,exists_exact_match,identifier,0,81,11
975,4114,4114,(,operator,0,81,29
976,4115,4119,Value,identifier,0,81,30
977,4121,4121,x,identifier,0,81,36
978,4122,4122,),operator,0,81,37
979,4124,4128,const,keyword,0,81,39
980,4136,4136,{,operator,0,82,6
981,4139,4144,return,keyword,0,82,9
982,4146,4166,find_exact_match_impl,identifier,0,82,16
983,4167,4167,(,operator,0,82,37
984,4168,4168,x,identifier,0,82,38
985,4169,4169,",",operator,0,82,39
986,4171,4173,std,identifier,0,82,41
987,4174,4175,::,operator,0,82,44
988,4176,4194,make_index_sequence,identifier,0,82,46
989,4195,4195,<,operator,0,82,65
990,4197,4197,N,identifier,0,82,67
991,4199,4199,>,operator,0,82,69
992,4200,4200,(,operator,0,82,70
993,4201,4201,),operator,0,82,71
994,4202,4202,),operator,0,82,72
995,4203,4203,;,operator,0,82,73
996,4205,4205,},operator,0,82,75
997,4237,4244,template,keyword,0,85,4
998,4246,4246,<,operator,0,85,13
999,4248,4252,class,keyword,0,85,15
1000,4254,4258,Tuple,identifier,0,85,21
1001,4259,4259,",",operator,0,85,26
1002,4262,4264,std,identifier,0,85,29
1003,4265,4266,::,operator,0,85,32
1004,4267,4272,size_t,identifier,0,85,34
1005,4274,4276,...,operator,0,85,41
1006,4278,4279,Is,identifier,0,85,45
1007,4281,4281,>,operator,0,85,48
1008,4287,4289,std,identifier,0,86,4
1009,4290,4291,::,operator,0,86,7
1010,4292,4297,string,identifier,0,86,9
1011,4299,4315,tuple_format_impl,identifier,0,86,16
1012,4316,4316,(,operator,0,86,33
1013,4317,4321,const,keyword,0,86,34
1014,4323,4327,Tuple,identifier,0,86,40
1015,4328,4328,&,operator,0,86,45
1016,4330,4334,tuple,identifier,0,86,47
1017,4335,4335,",",operator,0,86,52
1018,4337,4339,std,identifier,0,86,54
1019,4340,4341,::,operator,0,86,57
1020,4342,4357,integer_sequence,identifier,0,86,59
1021,4358,4358,<,operator,0,86,75
1022,4360,4362,std,identifier,0,86,77
1023,4363,4364,::,operator,0,86,80
1024,4365,4370,size_t,identifier,0,86,82
1025,4371,4371,",",operator,0,86,88
1026,4373,4374,Is,identifier,0,86,90
1027,4376,4378,...,operator,0,86,93
1028,4380,4380,>,operator,0,86,97
1029,4381,4381,),operator,0,86,98
1030,4383,4387,const,keyword,0,86,100
1031,4389,4389,{,operator,0,86,106
1032,4397,4399,std,identifier,0,87,6
1033,4400,4401,::,operator,0,87,9
1034,4402,4407,string,identifier,0,87,11
1035,4409,4411,ret,identifier,0,87,18
1036,4413,4413,=,operator,0,87,22
1037,4415,4417,"""(""",string,0,87,24
1038,4418,4418,;,operator,0,87,27
1039,4426,4426,(,operator,0,88,6
1040,4427,4430,void,keyword,0,88,7
1041,4431,4431,),operator,0,88,11
1042,4432,4434,std,identifier,0,88,12
1043,4435,4436,::,operator,0,88,15
1044,4437,4452,initializer_list,identifier,0,88,17
1045,4453,4453,<,operator,0,88,33
1046,4455,4457,std,identifier,0,88,35
1047,4458,4459,::,operator,0,88,38
1048,4460,4468,nullptr_t,identifier,0,88,40
1049,4470,4470,>,operator,0,88,50
1050,4480,4480,{,operator,0,89,8
1051,4482,4482,(,operator,0,89,10
1052,4483,4485,ret,identifier,0,89,11
1053,4487,4487,=,operator,0,89,15
1054,4489,4491,ret,identifier,0,89,17
1055,4493,4493,+,operator,0,89,21
1056,4495,4495,(,operator,0,89,23
1057,4496,4497,Is,identifier,0,89,24
1058,4499,4500,==,operator,0,89,27
1059,4502,4502,0,integer,0,89,30
1060,4504,4504,?,operator,0,89,32
1061,4506,4507,"""""",string,0,89,34
1062,4509,4509,:,operator,0,89,37
1063,4511,4513,""",""",string,0,89,39
1064,4514,4514,),operator,0,89,42
1065,4516,4516,+,operator,0,89,44
1066,4518,4523,format,identifier,0,89,46
1067,4524,4524,(,operator,0,89,52
1068,4525,4527,std,identifier,0,89,53
1069,4528,4529,::,operator,0,89,56
1070,4530,4532,get,identifier,0,89,58
1071,4533,4533,<,operator,0,89,61
1072,4535,4536,Is,identifier,0,89,63
1073,4538,4538,>,operator,0,89,66
1074,4539,4539,(,operator,0,89,67
1075,4540,4544,tuple,identifier,0,89,68
1076,4545,4545,),operator,0,89,73
1077,4546,4546,),operator,0,89,74
1078,4547,4547,",",operator,0,89,75
1079,4549,4555,nullptr,keyword,0,89,77
1080,4556,4556,),operator,0,89,84
1081,4558,4560,...,operator,0,89,86
1082,4562,4562,},operator,0,89,90
1083,4563,4563,;,operator,0,89,91
1084,4571,4576,return,keyword,0,90,6
1085,4578,4580,ret,identifier,0,90,13
1086,4582,4582,+,operator,0,90,17
1087,4584,4586,""")""",string,0,90,19
1088,4587,4587,;,operator,0,90,22
1089,4593,4593,},operator,0,91,4
1090,4620,4627,template,keyword,0,94,4
1091,4629,4629,<,operator,0,94,13
1092,4631,4635,class,keyword,0,94,15
1093,4637,4641,Value,identifier,0,94,21
1094,4643,4643,>,operator,0,94,27
1095,4649,4651,std,identifier,0,95,4
1096,4652,4653,::,operator,0,95,7
1097,4654,4659,string,identifier,0,95,9
1098,4661,4672,usual_format,identifier,0,95,16
1099,4673,4673,(,operator,0,95,28
1100,4674,4677,long,keyword,0,95,29
1101,4678,4678,",",operator,0,95,33
1102,4680,4684,Value,identifier,0,95,35
1103,4686,4686,x,identifier,0,95,41
1104,4687,4687,),operator,0,95,42
1105,4689,4693,const,keyword,0,95,44
1106,4701,4701,{,operator,0,96,6
1107,4703,4708,return,keyword,0,96,8
1108,4710,4712,std,identifier,0,96,15
1109,4713,4714,::,operator,0,96,18
1110,4715,4723,to_string,identifier,0,96,20
1111,4724,4724,(,operator,0,96,29
1112,4725,4725,x,identifier,0,96,30
1113,4726,4726,),operator,0,96,31
1114,4727,4727,;,operator,0,96,32
1115,4729,4729,},operator,0,96,34
1116,4736,4743,template,keyword,0,98,4
1117,4745,4745,<,operator,0,98,13
1118,4747,4751,class,keyword,0,98,15
1119,4753,4757,Value,identifier,0,98,21
1120,4758,4758,",",operator,0,98,26
1121,4760,4762,std,identifier,0,98,28
1122,4763,4764,::,operator,0,98,31
1123,4765,4775,enable_if_t,identifier,0,98,33
1124,4776,4776,<,operator,0,98,44
1125,4778,4780,std,identifier,0,98,46
1126,4781,4782,::,operator,0,98,49
1127,4783,4789,is_same,identifier,0,98,51
1128,4790,4790,<,operator,0,98,58
1129,4792,4794,std,identifier,0,98,60
1130,4795,4796,::,operator,0,98,63
1131,4797,4803,decay_t,identifier,0,98,65
1132,4804,4804,<,operator,0,98,72
1133,4806,4810,Value,identifier,0,98,74
1134,4812,4812,>,operator,0,98,80
1135,4813,4813,",",operator,0,98,81
1136,4815,4818,char,keyword,0,98,83
1137,4820,4820,>,operator,0,98,88
1138,4821,4822,::,operator,0,98,89
1139,4823,4827,value,identifier,0,98,91
1140,4828,4828,",",operator,0,98,96
1141,4830,4832,std,identifier,0,98,98
1142,4833,4834,::,operator,0,98,101
1143,4835,4843,nullptr_t,identifier,0,98,103
1144,4845,4845,>,operator,0,98,113
1145,4847,4847,=,operator,0,98,115
1146,4849,4855,nullptr,keyword,0,98,117
1147,4857,4857,>,operator,0,98,125
1148,4863,4865,std,identifier,0,99,4
1149,4866,4867,::,operator,0,99,7
1150,4868,4873,string,identifier,0,99,9
1151,4875,4886,usual_format,identifier,0,99,16
1152,4887,4887,(,operator,0,99,28
1153,4888,4890,int,keyword,0,99,29
1154,4891,4891,",",operator,0,99,32
1155,4893,4897,Value,identifier,0,99,34
1156,4899,4899,c,identifier,0,99,40
1157,4900,4900,),operator,0,99,41
1158,4902,4906,const,keyword,0,99,43
1159,4914,4914,{,operator,0,100,6
1160,4916,4921,return,keyword,0,100,8
1161,4923,4925,std,identifier,0,100,15
1162,4926,4927,::,operator,0,100,18
1163,4928,4933,string,identifier,0,100,20
1164,4934,4934,{,operator,0,100,26
1165,4935,4938,'\'',character,0,100,27
1166,4939,4939,},operator,0,100,31
1167,4941,4941,+,operator,0,100,33
1168,4943,4945,std,identifier,0,100,35
1169,4946,4947,::,operator,0,100,38
1170,4948,4953,string,identifier,0,100,40
1171,4954,4954,{,operator,0,100,46
1172,4955,4955,c,identifier,0,100,47
1173,4956,4956,},operator,0,100,48
1174,4958,4958,+,operator,0,100,50
1175,4960,4962,std,identifier,0,100,52
1176,4963,4964,::,operator,0,100,55
1177,4965,4970,string,identifier,0,100,57
1178,4971,4971,{,operator,0,100,63
1179,4972,4975,'\'',character,0,100,64
1180,4976,4976,},operator,0,100,68
1181,4977,4977,;,operator,0,100,69
1182,4979,4979,},operator,0,100,71
1183,4986,4988,std,identifier,0,102,4
1184,4989,4990,::,operator,0,102,7
1185,4991,4996,string,identifier,0,102,9
1186,4998,5009,usual_format,identifier,0,102,16
1187,5010,5010,(,operator,0,102,28
1188,5011,5013,int,keyword,0,102,29
1189,5014,5014,",",operator,0,102,32
1190,5016,5019,char,keyword,0,102,34
1191,5021,5025,const,keyword,0,102,39
1192,5026,5026,*,operator,0,102,44
1193,5028,5028,s,identifier,0,102,46
1194,5029,5029,),operator,0,102,47
1195,5031,5035,const,keyword,0,102,49
1196,5043,5043,{,operator,0,103,6
1197,5045,5050,return,keyword,0,103,8
1198,5052,5055,"""\""""",string,0,103,15
1199,5057,5057,+,operator,0,103,20
1200,5059,5061,std,identifier,0,103,22
1201,5062,5063,::,operator,0,103,25
1202,5064,5069,string,identifier,0,103,27
1203,5070,5070,(,operator,0,103,33
1204,5071,5071,s,identifier,0,103,34
1205,5072,5072,),operator,0,103,35
1206,5074,5074,+,operator,0,103,37
1207,5076,5079,"""\""""",string,0,103,39
1208,5080,5080,;,operator,0,103,43
1209,5082,5082,},operator,0,103,45
1210,5089,5091,std,identifier,0,105,4
1211,5092,5093,::,operator,0,105,7
1212,5094,5099,string,identifier,0,105,9
1213,5101,5112,usual_format,identifier,0,105,16
1214,5113,5113,(,operator,0,105,28
1215,5114,5116,int,keyword,0,105,29
1216,5117,5117,",",operator,0,105,32
1217,5119,5121,std,identifier,0,105,34
1218,5122,5123,::,operator,0,105,37
1219,5124,5129,string,identifier,0,105,39
1220,5131,5135,const,keyword,0,105,46
1221,5137,5137,s,identifier,0,105,52
1222,5138,5138,),operator,0,105,53
1223,5140,5144,const,keyword,0,105,55
1224,5152,5152,{,operator,0,106,6
1225,5154,5159,return,keyword,0,106,8
1226,5161,5164,"""\""""",string,0,106,15
1227,5166,5166,+,operator,0,106,20
1228,5168,5168,s,identifier,0,106,22
1229,5170,5170,+,operator,0,106,24
1230,5172,5175,"""\""""",string,0,106,26
1231,5176,5176,;,operator,0,106,30
1232,5178,5178,},operator,0,106,32
1233,5185,5192,template,keyword,0,108,4
1234,5194,5194,<,operator,0,108,13
1235,5196,5200,class,keyword,0,108,15
1236,5202,5210,Container,identifier,0,108,21
1237,5211,5211,",",operator,0,108,30
1238,5213,5217,class,keyword,0,108,32
1239,5219,5219,=,operator,0,108,38
1240,5221,5228,typename,keyword,0,108,40
1241,5230,5238,Container,identifier,0,108,49
1242,5239,5240,::,operator,0,108,58
1243,5241,5250,value_type,identifier,0,108,60
1244,5252,5252,>,operator,0,108,71
1245,5258,5260,std,identifier,0,109,4
1246,5261,5262,::,operator,0,109,7
1247,5263,5268,string,identifier,0,109,9
1248,5270,5281,usual_format,identifier,0,109,16
1249,5282,5282,(,operator,0,109,28
1250,5283,5285,int,keyword,0,109,29
1251,5286,5286,",",operator,0,109,32
1252,5288,5296,Container,identifier,0,109,34
1253,5298,5302,const,keyword,0,109,44
1254,5304,5304,&,operator,0,109,50
1255,5306,5306,v,identifier,0,109,52
1256,5307,5307,),operator,0,109,53
1257,5309,5313,const,keyword,0,109,55
1258,5315,5315,{,operator,0,109,61
1259,5323,5328,return,keyword,0,110,6
1260,5330,5332,"""{""",string,0,110,13
1261,5334,5334,+,operator,0,110,17
1262,5336,5338,std,identifier,0,110,19
1263,5339,5340,::,operator,0,110,22
1264,5341,5350,accumulate,identifier,0,110,24
1265,5351,5351,(,operator,0,110,34
1266,5352,5352,v,identifier,0,110,35
1267,5353,5353,.,operator,0,110,36
1268,5354,5358,begin,identifier,0,110,37
1269,5359,5359,(,operator,0,110,42
1270,5360,5360,),operator,0,110,43
1271,5361,5361,",",operator,0,110,44
1272,5363,5363,v,identifier,0,110,46
1273,5365,5365,.,operator,0,110,48
1274,5366,5368,end,identifier,0,110,49
1275,5369,5369,(,operator,0,110,52
1276,5370,5370,),operator,0,110,53
1277,5371,5371,",",operator,0,110,54
1278,5373,5375,std,identifier,0,110,56
1279,5376,5377,::,operator,0,110,59
1280,5378,5383,string,identifier,0,110,61
1281,5384,5384,{,operator,0,110,67
1282,5385,5385,},operator,0,110,68
1283,5386,5386,",",operator,0,110,69
1284,5396,5396,[,operator,0,111,8
1285,5397,5400,this,keyword,0,111,9
1286,5401,5401,],operator,0,111,13
1287,5402,5402,(,operator,0,111,14
1288,5403,5406,auto,keyword,0,111,15
1289,5408,5412,const,keyword,0,111,20
1290,5413,5413,&,operator,0,111,25
1291,5415,5415,s,identifier,0,111,27
1292,5416,5416,",",operator,0,111,28
1293,5418,5421,auto,keyword,0,111,30
1294,5423,5427,const,keyword,0,111,35
1295,5429,5429,x,identifier,0,111,41
1296,5430,5430,),operator,0,111,42
1297,5432,5432,{,operator,0,111,44
1298,5434,5439,return,keyword,0,111,46
1299,5441,5441,s,identifier,0,111,53
1300,5443,5443,+,operator,0,111,55
1301,5445,5445,(,operator,0,111,57
1302,5446,5446,s,identifier,0,111,58
1303,5447,5447,.,operator,0,111,59
1304,5448,5452,empty,identifier,0,111,60
1305,5453,5453,(,operator,0,111,65
1306,5454,5454,),operator,0,111,66
1307,5456,5456,?,operator,0,111,68
1308,5458,5459,"""""",string,0,111,70
1309,5461,5461,:,operator,0,111,73
1310,5463,5465,""",""",string,0,111,75
1311,5466,5466,),operator,0,111,78
1312,5468,5468,+,operator,0,111,80
1313,5470,5473,this,keyword,0,111,82
1314,5474,5475,->,operator,0,111,86
1315,5476,5481,format,identifier,0,111,88
1316,5482,5482,(,operator,0,111,94
1317,5483,5483,x,identifier,0,111,95
1318,5484,5484,),operator,0,111,96
1319,5485,5485,;,operator,0,111,97
1320,5487,5487,},operator,0,111,99
1321,5488,5488,),operator,0,111,100
1322,5498,5498,+,operator,0,112,8
1323,5500,5502,"""}""",string,0,112,10
1324,5503,5503,;,operator,0,112,13
1325,5509,5509,},operator,0,113,4
1326,5516,5523,template,keyword,0,115,4
1327,5525,5525,<,operator,0,115,13
1328,5527,5531,class,keyword,0,115,15
1329,5533,5537,Tuple,identifier,0,115,21
1330,5538,5538,",",operator,0,115,26
1331,5540,5542,std,identifier,0,115,28
1332,5543,5544,::,operator,0,115,31
1333,5545,5550,size_t,identifier,0,115,33
1334,5552,5552,N,identifier,0,115,40
1335,5554,5554,=,operator,0,115,42
1336,5556,5558,std,identifier,0,115,44
1337,5559,5560,::,operator,0,115,47
1338,5561,5570,tuple_size,identifier,0,115,49
1339,5571,5571,<,operator,0,115,59
1340,5573,5577,Tuple,identifier,0,115,61
1341,5579,5579,>,operator,0,115,67
1342,5580,5581,::,operator,0,115,68
1343,5582,5586,value,identifier,0,115,70
1344,5588,5588,>,operator,0,115,76
1345,5594,5596,std,identifier,0,116,4
1346,5597,5598,::,operator,0,116,7
1347,5599,5604,string,identifier,0,116,9
1348,5606,5617,usual_format,identifier,0,116,16
1349,5618,5618,(,operator,0,116,28
1350,5619,5621,int,keyword,0,116,29
1351,5622,5622,",",operator,0,116,32
1352,5624,5628,Tuple,identifier,0,116,34
1353,5630,5634,const,keyword,0,116,40
1354,5635,5635,&,operator,0,116,45
1355,5637,5641,tuple,identifier,0,116,47
1356,5642,5642,),operator,0,116,52
1357,5644,5648,const,keyword,0,116,54
1358,5656,5656,{,operator,0,117,6
1359,5658,5663,return,keyword,0,117,8
1360,5665,5681,tuple_format_impl,identifier,0,117,15
1361,5682,5682,(,operator,0,117,32
1362,5683,5687,tuple,identifier,0,117,33
1363,5688,5688,",",operator,0,117,38
1364,5690,5692,std,identifier,0,117,40
1365,5693,5694,::,operator,0,117,43
1366,5695,5713,make_index_sequence,identifier,0,117,45
1367,5714,5714,<,operator,0,117,64
1368,5716,5716,N,identifier,0,117,66
1369,5718,5718,>,operator,0,117,68
1370,5719,5719,(,operator,0,117,69
1371,5720,5720,),operator,0,117,70
1372,5721,5721,),operator,0,117,71
1373,5722,5722,;,operator,0,117,72
1374,5724,5724,},operator,0,117,74
1375,5745,5752,template,keyword,0,120,4
1376,5754,5754,<,operator,0,120,13
1377,5756,5760,class,keyword,0,120,15
1378,5762,5766,Value,identifier,0,120,21
1379,5768,5768,>,operator,0,120,27
1380,5770,5772,std,identifier,0,120,29
1381,5773,5774,::,operator,0,120,32
1382,5775,5780,string,identifier,0,120,34
1383,5782,5787,format,identifier,0,120,41
1384,5788,5788,(,operator,0,120,47
1385,5789,5793,Value,identifier,0,120,48
1386,5794,5795,&&,operator,0,120,53
1387,5797,5797,x,identifier,0,120,56
1388,5798,5798,),operator,0,120,57
1389,5800,5804,const,keyword,0,120,59
1390,5812,5812,{,operator,0,121,6
1391,5814,5819,return,keyword,0,121,8
1392,5821,5838,exists_exact_match,identifier,0,121,15
1393,5839,5839,(,operator,0,121,33
1394,5840,5840,x,identifier,0,121,34
1395,5841,5841,),operator,0,121,35
1396,5843,5843,?,operator,0,121,37
1397,5845,5847,std,identifier,0,121,39
1398,5848,5849,::,operator,0,121,42
1399,5850,5855,string,identifier,0,121,44
1400,5856,5856,{,operator,0,121,50
1401,5857,5859,'_',character,0,121,51
1402,5860,5860,},operator,0,121,54
1403,5862,5862,:,operator,0,121,56
1404,5864,5875,usual_format,identifier,0,121,58
1405,5876,5876,(,operator,0,121,70
1406,5877,5879,int,keyword,0,121,71
1407,5880,5880,{,operator,0,121,74
1408,5881,5881,},operator,0,121,75
1409,5882,5882,",",operator,0,121,76
1410,5884,5884,x,identifier,0,121,78
1411,5885,5885,),operator,0,121,79
1412,5886,5886,;,operator,0,121,80
1413,5888,5888,},operator,0,121,82
1414,5893,5898,public,keyword,0,123,2
1415,5899,5899,:,operator,0,123,8
1416,5905,5909,fmt_t,identifier,0,124,4
1417,5910,5910,(,operator,0,124,9
1418,5911,5911,),operator,0,124,10
1419,5912,5912,=,operator,0,124,11
1420,5913,5919,default,keyword,0,124,12
1421,5920,5920,;,operator,0,124,19
1422,5926,5933,template,keyword,0,125,4
1423,5935,5935,<,operator,0,125,13
1424,5937,5940,Keys,identifier,0,125,15
1425,5942,5944,...,operator,0,125,20
1426,5946,5946,>,operator,0,125,24
1427,5948,5952,fmt_t,identifier,0,125,26
1428,5953,5953,(,operator,0,125,31
1429,5954,5957,Keys,identifier,0,125,32
1430,5958,5959,&&,operator,0,125,36
1431,5961,5963,...,operator,0,125,39
1432,5965,5968,keys,identifier,0,125,43
1433,5970,5970,),operator,0,125,48
1434,5972,5972,:,operator,0,125,50
1435,5974,5980,storage,identifier,0,125,52
1436,5981,5981,(,operator,0,125,59
1437,5982,5985,keys,identifier,0,125,60
1438,5987,5989,...,operator,0,125,65
1439,5991,5991,),operator,0,125,69
1440,5992,5992,{,operator,0,125,70
1441,5993,5993,},operator,0,125,71
1442,6000,6007,template,keyword,0,127,4
1443,6009,6009,<,operator,0,127,13
1444,6011,6015,class,keyword,0,127,15
1445,6017,6021,Value,identifier,0,127,21
1446,6023,6023,>,operator,0,127,27
1447,6025,6027,std,identifier,0,127,29
1448,6028,6029,::,operator,0,127,32
1449,6030,6035,string,identifier,0,127,34
1450,6037,6044,operator,keyword,0,127,41
1451,6045,6045,(,operator,0,127,49
1452,6046,6046,),operator,0,127,50
1453,6047,6047,(,operator,0,127,51
1454,6048,6052,Value,identifier,0,127,52
1455,6053,6054,&&,operator,0,127,57
1456,6056,6056,x,identifier,0,127,60
1457,6057,6057,),operator,0,127,61
1458,6059,6063,const,keyword,0,127,63
1459,6071,6071,{,operator,0,128,6
1460,6073,6078,return,keyword,0,128,8
1461,6080,6085,format,identifier,0,128,15
1462,6086,6086,(,operator,0,128,21
1463,6087,6087,x,identifier,0,128,22
1464,6088,6088,),operator,0,128,23
1465,6089,6089,;,operator,0,128,24
1466,6091,6091,},operator,0,128,26
1467,6093,6093,},operator,0,129,0
1468,6094,6094,;,operator,0,129,1
1469,6096,6103,template,keyword,0,130,0
1470,6105,6105,<,operator,0,130,9
1471,6107,6111,class,keyword,0,130,11
1472,6113,6115,...,operator,0,130,17
1473,6117,6120,Keys,identifier,0,130,21
1474,6122,6122,>,operator,0,130,26
1475,6124,6127,auto,keyword,0,130,28
1476,6129,6131,fmt,identifier,0,130,33
1477,6132,6132,(,operator,0,130,36
1478,6133,6136,Keys,identifier,0,130,37
1479,6137,6138,&&,operator,0,130,41
1480,6140,6142,...,operator,0,130,44
1481,6144,6147,keys,identifier,0,130,48
1482,6148,6148,),operator,0,130,52
1483,6152,6152,{,operator,0,131,2
1484,6154,6159,return,keyword,0,131,4
1485,6161,6165,fmt_t,identifier,0,131,11
1486,6166,6166,<,operator,0,131,16
1487,6168,6171,Keys,identifier,0,131,18
1488,6173,6175,...,operator,0,131,23
1489,6177,6177,>,operator,0,131,27
1490,6178,6178,(,operator,0,131,28
1491,6179,6181,std,identifier,0,131,29
1492,6182,6183,::,operator,0,131,32
1493,6184,6190,forward,identifier,0,131,34
1494,6191,6191,<,operator,0,131,41
1495,6193,6196,Keys,identifier,0,131,43
1496,6198,6198,>,operator,0,131,48
1497,6199,6199,(,operator,0,131,49
1498,6200,6203,keys,identifier,0,131,50
1499,6204,6204,),operator,0,131,54
1500,6206,6208,...,operator,0,131,56
1501,6210,6210,),operator,0,131,60
1502,6211,6211,;,operator,0,131,61
1503,6213,6213,},operator,0,131,63
1504,6216,6219,void,keyword,0,133,0
1505,6221,6223,err,identifier,0,133,5
1506,6224,6224,(,operator,0,133,8
1507,6225,6225,),operator,0,133,9
1508,6227,6227,{,operator,0,133,11
1509,6229,6231,std,identifier,0,133,13
1510,6232,6233,::,operator,0,133,16
1511,6234,6237,cout,identifier,0,133,18
1512,6239,6239,<,operator,0,133,23
1513,6240,6240,<,operator,0,133,24
1514,6242,6245,"""No""",string,0,133,26
1515,6247,6247,<,operator,0,133,31
1516,6248,6248,<,operator,0,133,32
1517,6250,6252,std,identifier,0,133,34
1518,6253,6254,::,operator,0,133,37
1519,6255,6258,endl,identifier,0,133,39
1520,6259,6259,;,operator,0,133,43
1521,6261,6264,exit,identifier,0,133,45
1522,6265,6265,(,operator,0,133,49
1523,6266,6266,0,integer,0,133,50
1524,6267,6267,),operator,0,133,51
1525,6268,6268,;,operator,0,133,52
1526,6270,6270,},operator,0,133,54
1527,6272,6334,"#define require(exp) do { if (!(exp)) { err(); } } while(false)",directive,1,134,0
1528,6337,6339,int,keyword,0,136,0
1529,6341,6344,main,identifier,0,136,4
1530,6345,6345,(,operator,0,136,8
1531,6346,6346,),operator,0,136,9
1532,6348,6348,{,operator,0,136,11
1533,6352,6354,std,identifier,0,137,2
1534,6355,6356,::,operator,0,137,5
1535,6357,6359,cin,identifier,0,137,7
1536,6360,6360,.,operator,0,137,10
1537,6361,6363,tie,identifier,0,137,11
1538,6364,6364,(,operator,0,137,14
1539,6365,6365,0,integer,0,137,15
1540,6366,6366,),operator,0,137,16
1541,6367,6367,;,operator,0,137,17
1542,6369,6371,std,identifier,0,137,19
1543,6372,6373,::,operator,0,137,22
1544,6374,6376,cin,identifier,0,137,24
1545,6377,6377,.,operator,0,137,27
1546,6378,6392,sync_with_stdio,identifier,0,137,28
1547,6393,6393,(,operator,0,137,43
1548,6394,6398,false,keyword,0,137,44
1549,6399,6399,),operator,0,137,49
1550,6400,6400,;,operator,0,137,50
1551,6404,6406,int,keyword,0,138,2
1552,6408,6408,n,identifier,0,138,6
1553,6409,6409,;,operator,0,138,7
1554,6411,6413,std,identifier,0,138,9
1555,6414,6415,::,operator,0,138,12
1556,6416,6418,cin,identifier,0,138,14
1557,6420,6420,>,operator,0,138,18
1558,6421,6421,>,operator,0,138,19
1559,6423,6423,n,identifier,0,138,21
1560,6424,6424,;,operator,0,138,22
1561,6428,6430,std,identifier,0,139,2
1562,6431,6432,::,operator,0,139,5
1563,6433,6438,vector,identifier,0,139,7
1564,6439,6439,<,operator,0,139,13
1565,6441,6443,std,identifier,0,139,15
1566,6444,6445,::,operator,0,139,18
1567,6446,6451,vector,identifier,0,139,20
1568,6452,6452,<,operator,0,139,26
1569,6454,6456,int,keyword,0,139,28
1570,6458,6458,>,operator,0,139,32
1571,6460,6460,>,operator,0,139,34
1572,6462,6466,graph,identifier,0,139,36
1573,6467,6467,(,operator,0,139,41
1574,6468,6468,n,identifier,0,139,42
1575,6469,6469,),operator,0,139,43
1576,6470,6470,;,operator,0,139,44
1577,6474,6477,loop,identifier,0,140,2
1578,6478,6478,(,operator,0,140,6
1579,6479,6479,n,identifier,0,140,7
1580,6480,6480,-,operator,0,140,8
1581,6481,6481,1,integer,0,140,9
1582,6482,6482,),operator,0,140,10
1583,6484,6484,{,operator,0,140,12
1584,6490,6492,int,keyword,0,141,4
1585,6494,6494,u,identifier,0,141,8
1586,6495,6495,",",operator,0,141,9
1587,6497,6497,v,identifier,0,141,11
1588,6498,6498,;,operator,0,141,12
1589,6500,6502,std,identifier,0,141,14
1590,6503,6504,::,operator,0,141,17
1591,6505,6507,cin,identifier,0,141,19
1592,6509,6509,>,operator,0,141,23
1593,6510,6510,>,operator,0,141,24
1594,6512,6512,u,identifier,0,141,26
1595,6514,6514,>,operator,0,141,28
1596,6515,6515,>,operator,0,141,29
1597,6517,6517,v,identifier,0,141,31
1598,6518,6518,;,operator,0,141,32
1599,6524,6524,u,identifier,0,142,4
1600,6525,6526,--,operator,0,142,5
1601,6527,6527,",",operator,0,142,7
1602,6529,6529,v,identifier,0,142,9
1603,6530,6531,--,operator,0,142,10
1604,6532,6532,;,operator,0,142,12
1605,6538,6542,graph,identifier,0,143,4
1606,6543,6543,.,operator,0,143,9
1607,6544,6545,at,identifier,0,143,10
1608,6546,6546,(,operator,0,143,12
1609,6547,6547,u,identifier,0,143,13
1610,6548,6548,),operator,0,143,14
1611,6549,6549,.,operator,0,143,15
1612,6550,6561,emplace_back,identifier,0,143,16
1613,6562,6562,(,operator,0,143,28
1614,6563,6563,v,identifier,0,143,29
1615,6564,6564,),operator,0,143,30
1616,6565,6565,;,operator,0,143,31
1617,6571,6575,graph,identifier,0,144,4
1618,6576,6576,.,operator,0,144,9
1619,6577,6578,at,identifier,0,144,10
1620,6579,6579,(,operator,0,144,12
1621,6580,6580,v,identifier,0,144,13
1622,6581,6581,),operator,0,144,14
1623,6582,6582,.,operator,0,144,15
1624,6583,6594,emplace_back,identifier,0,144,16
1625,6595,6595,(,operator,0,144,28
1626,6596,6596,u,identifier,0,144,29
1627,6597,6597,),operator,0,144,30
1628,6598,6598,;,operator,0,144,31
1629,6602,6602,},operator,0,145,2
1630,6606,6610,debug,identifier,0,146,2
1631,6611,6611,(,operator,0,146,7
1632,6612,6616,graph,identifier,0,146,8
1633,6617,6617,),operator,0,146,13
1634,6618,6618,;,operator,0,146,14
1635,6622,6624,std,identifier,0,147,2
1636,6625,6626,::,operator,0,147,5
1637,6627,6632,vector,identifier,0,147,7
1638,6633,6633,<,operator,0,147,13
1639,6635,6637,int,keyword,0,147,15
1640,6639,6639,>,operator,0,147,19
1641,6641,6649,value_vec,identifier,0,147,21
1642,6650,6650,(,operator,0,147,30
1643,6651,6651,n,identifier,0,147,31
1644,6652,6652,",",operator,0,147,32
1645,6654,6654,-,operator,0,147,34
1646,6655,6655,1,integer,0,147,35
1647,6656,6656,),operator,0,147,36
1648,6657,6657,;,operator,0,147,37
1649,6661,6661,{,operator,0,148,2
1650,6667,6669,int,keyword,0,149,4
1651,6671,6671,k,identifier,0,149,8
1652,6672,6672,;,operator,0,149,9
1653,6674,6676,std,identifier,0,149,11
1654,6677,6678,::,operator,0,149,14
1655,6679,6681,cin,identifier,0,149,16
1656,6683,6683,>,operator,0,149,20
1657,6684,6684,>,operator,0,149,21
1658,6686,6686,k,identifier,0,149,23
1659,6687,6687,;,operator,0,149,24
1660,6693,6696,loop,identifier,0,150,4
1661,6697,6697,(,operator,0,150,8
1662,6698,6698,k,identifier,0,150,9
1663,6699,6699,),operator,0,150,10
1664,6701,6701,{,operator,0,150,12
1665,6709,6711,int,keyword,0,151,6
1666,6713,6713,v,identifier,0,151,10
1667,6714,6714,",",operator,0,151,11
1668,6716,6716,p,identifier,0,151,13
1669,6717,6717,;,operator,0,151,14
1670,6719,6721,std,identifier,0,151,16
1671,6722,6723,::,operator,0,151,19
1672,6724,6726,cin,identifier,0,151,21
1673,6728,6728,>,operator,0,151,25
1674,6729,6729,>,operator,0,151,26
1675,6731,6731,v,identifier,0,151,28
1676,6733,6733,>,operator,0,151,30
1677,6734,6734,>,operator,0,151,31
1678,6736,6736,p,identifier,0,151,33
1679,6737,6737,;,operator,0,151,34
1680,6745,6745,v,identifier,0,152,6
1681,6746,6747,--,operator,0,152,7
1682,6748,6748,;,operator,0,152,9
1683,6756,6764,value_vec,identifier,0,153,6
1684,6765,6765,.,operator,0,153,15
1685,6766,6767,at,identifier,0,153,16
1686,6768,6768,(,operator,0,153,18
1687,6769,6769,v,identifier,0,153,19
1688,6770,6770,),operator,0,153,20
1689,6772,6772,=,operator,0,153,22
1690,6774,6774,p,identifier,0,153,24
1691,6775,6775,;,operator,0,153,25
1692,6781,6781,},operator,0,154,4
1693,6785,6785,},operator,0,155,2
1694,6789,6793,debug,identifier,0,156,2
1695,6794,6794,(,operator,0,156,7
1696,6795,6803,value_vec,identifier,0,156,8
1697,6804,6804,),operator,0,156,17
1698,6805,6805,;,operator,0,156,18
1699,6810,6812,int,keyword,0,158,2
1700,6814,6817,root,identifier,0,158,6
1701,6819,6819,=,operator,0,158,11
1702,6821,6821,0,integer,0,158,13
1703,6822,6822,;,operator,0,158,14
1704,6826,6828,int,keyword,0,159,2
1705,6830,6832,inf,identifier,0,159,6
1706,6834,6834,=,operator,0,159,10
1707,6836,6838,std,identifier,0,159,12
1708,6839,6840,::,operator,0,159,15
1709,6841,6854,numeric_limits,identifier,0,159,17
1710,6855,6855,<,operator,0,159,31
1711,6857,6859,int,keyword,0,159,33
1712,6861,6861,>,operator,0,159,37
1713,6862,6863,::,operator,0,159,38
1714,6864,6866,max,identifier,0,159,40
1715,6867,6867,(,operator,0,159,43
1716,6868,6868,),operator,0,159,44
1717,6869,6869,;,operator,0,159,45
1718,6873,6875,std,identifier,0,160,2
1719,6876,6877,::,operator,0,160,5
1720,6878,6883,vector,identifier,0,160,7
1721,6884,6884,<,operator,0,160,13
1722,6886,6888,int,keyword,0,160,15
1723,6890,6890,>,operator,0,160,19
1724,6892,6900,constrain,identifier,0,160,21
1725,6901,6901,(,operator,0,160,30
1726,6902,6902,n,identifier,0,160,31
1727,6903,6903,",",operator,0,160,32
1728,6905,6909,false,keyword,0,160,34
1729,6910,6910,),operator,0,160,39
1730,6911,6911,;,operator,0,160,40
1731,6915,6917,std,identifier,0,161,2
1732,6918,6919,::,operator,0,161,5
1733,6920,6925,vector,identifier,0,161,7
1734,6926,6926,<,operator,0,161,13
1735,6928,6930,int,keyword,0,161,15
1736,6932,6932,>,operator,0,161,19
1737,6934,6940,min_vec,identifier,0,161,21
1738,6941,6941,(,operator,0,161,28
1739,6942,6942,n,identifier,0,161,29
1740,6943,6943,",",operator,0,161,30
1741,6945,6945,-,operator,0,161,32
1742,6946,6948,inf,identifier,0,161,33
1743,6949,6949,),operator,0,161,36
1744,6950,6950,",",operator,0,161,37
1745,6952,6958,max_vec,identifier,0,161,39
1746,6959,6959,(,operator,0,161,46
1747,6960,6960,n,identifier,0,161,47
1748,6961,6961,",",operator,0,161,48
1749,6963,6965,inf,identifier,0,161,50
1750,6966,6966,),operator,0,161,53
1751,6967,6967,;,operator,0,161,54
1752,6971,6974,auto,keyword,0,162,2
1753,6976,6978,dfs,identifier,0,162,7
1754,6980,6980,=,operator,0,162,11
1755,6982,6982,[,operator,0,162,13
1756,6983,6983,&,operator,0,162,14
1757,6984,6984,],operator,0,162,15
1758,6985,6985,(,operator,0,162,16
1759,6986,6989,auto,keyword,0,162,17
1760,6990,6991,&&,operator,0,162,21
1761,6993,6995,dfs,identifier,0,162,24
1762,6996,6996,",",operator,0,162,27
1763,6998,7000,int,keyword,0,162,29
1764,7002,7004,crr,identifier,0,162,33
1765,7005,7005,",",operator,0,162,36
1766,7007,7009,int,keyword,0,162,38
1767,7011,7013,prv,identifier,0,162,42
1768,7014,7014,),operator,0,162,45
1769,7016,7017,->,operator,0,162,47
1770,7019,7022,void,keyword,0,162,50
1771,7024,7024,{,operator,0,162,55
1772,7030,7032,int,keyword,0,163,4
1773,7033,7033,&,operator,0,163,7
1774,7035,7037,min,identifier,0,163,9
1775,7039,7039,=,operator,0,163,13
1776,7041,7047,min_vec,identifier,0,163,15
1777,7048,7048,.,operator,0,163,22
1778,7049,7050,at,identifier,0,163,23
1779,7051,7051,(,operator,0,163,25
1780,7052,7054,crr,identifier,0,163,26
1781,7055,7055,),operator,0,163,29
1782,7056,7056,;,operator,0,163,30
1783,7062,7064,int,keyword,0,164,4
1784,7065,7065,&,operator,0,164,7
1785,7067,7069,max,identifier,0,164,9
1786,7071,7071,=,operator,0,164,13
1787,7073,7079,max_vec,identifier,0,164,15
1788,7080,7080,.,operator,0,164,22
1789,7081,7082,at,identifier,0,164,23
1790,7083,7083,(,operator,0,164,25
1791,7084,7086,crr,identifier,0,164,26
1792,7087,7087,),operator,0,164,29
1793,7088,7088,;,operator,0,164,30
1794,7094,7096,int,keyword,0,165,4
1795,7098,7102,value,identifier,0,165,8
1796,7104,7104,=,operator,0,165,14
1797,7106,7114,value_vec,identifier,0,165,16
1798,7115,7115,.,operator,0,165,25
1799,7116,7117,at,identifier,0,165,26
1800,7118,7118,(,operator,0,165,28
1801,7119,7121,crr,identifier,0,165,29
1802,7122,7122,),operator,0,165,32
1803,7123,7123,;,operator,0,165,33
1804,7129,7131,for,keyword,0,166,4
1805,7133,7133,(,operator,0,166,8
1806,7134,7136,int,keyword,0,166,9
1807,7138,7140,nxt,identifier,0,166,13
1808,7142,7142,:,operator,0,166,17
1809,7144,7148,graph,identifier,0,166,19
1810,7149,7149,.,operator,0,166,24
1811,7150,7151,at,identifier,0,166,25
1812,7152,7152,(,operator,0,166,27
1813,7153,7155,crr,identifier,0,166,28
1814,7156,7156,),operator,0,166,31
1815,7157,7157,),operator,0,166,32
1816,7159,7159,{,operator,0,166,34
1817,7167,7168,if,keyword,0,167,6
1818,7170,7170,(,operator,0,167,9
1819,7171,7173,nxt,identifier,0,167,10
1820,7175,7176,==,operator,0,167,14
1821,7178,7180,prv,identifier,0,167,17
1822,7181,7181,),operator,0,167,20
1823,7183,7190,continue,keyword,0,167,22
1824,7191,7191,;,operator,0,167,30
1825,7199,7201,dfs,identifier,0,168,6
1826,7202,7202,(,operator,0,168,9
1827,7203,7205,dfs,identifier,0,168,10
1828,7206,7206,",",operator,0,168,13
1829,7208,7210,nxt,identifier,0,168,15
1830,7211,7211,",",operator,0,168,18
1831,7213,7215,crr,identifier,0,168,20
1832,7216,7216,),operator,0,168,23
1833,7217,7217,;,operator,0,168,24
1834,7225,7226,if,keyword,0,169,6
1835,7228,7228,(,operator,0,169,9
1836,7229,7237,constrain,identifier,0,169,10
1837,7238,7238,.,operator,0,169,19
1838,7239,7240,at,identifier,0,169,20
1839,7241,7241,(,operator,0,169,22
1840,7242,7244,nxt,identifier,0,169,23
1841,7245,7245,),operator,0,169,26
1842,7246,7246,),operator,0,169,27
1843,7248,7248,{,operator,0,169,29
1844,7258,7266,constrain,identifier,0,170,8
1845,7267,7267,.,operator,0,170,17
1846,7268,7269,at,identifier,0,170,18
1847,7270,7270,(,operator,0,170,20
1848,7271,7273,crr,identifier,0,170,21
1849,7274,7274,),operator,0,170,24
1850,7276,7276,=,operator,0,170,26
1851,7278,7281,true,keyword,0,170,28
1852,7282,7282,;,operator,0,170,32
1853,7292,7294,int,keyword,0,171,8
1854,7296,7301,nxtmin,identifier,0,171,12
1855,7303,7303,=,operator,0,171,19
1856,7305,7311,min_vec,identifier,0,171,21
1857,7312,7312,.,operator,0,171,28
1858,7313,7314,at,identifier,0,171,29
1859,7315,7315,(,operator,0,171,31
1860,7316,7318,nxt,identifier,0,171,32
1861,7319,7319,),operator,0,171,35
1862,7320,7320,;,operator,0,171,36
1863,7330,7332,int,keyword,0,172,8
1864,7334,7339,nxtmax,identifier,0,172,12
1865,7341,7341,=,operator,0,172,19
1866,7343,7349,max_vec,identifier,0,172,21
1867,7350,7350,.,operator,0,172,28
1868,7351,7352,at,identifier,0,172,29
1869,7353,7353,(,operator,0,172,31
1870,7354,7356,nxt,identifier,0,172,32
1871,7357,7357,),operator,0,172,35
1872,7358,7358,;,operator,0,172,36
1873,7368,7373,assert,'assert',0,173,8
1874,7374,7374,(,operator,0,173,14
1875,7375,7380,nxtmin,identifier,0,173,15
1876,7382,7383,"!=",operator,0,173,22
1877,7385,7385,-,operator,0,173,25
1878,7386,7388,inf,identifier,0,173,26
1879,7389,7389,),operator,0,173,29
1880,7390,7390,;,operator,0,173,30
1881,7400,7405,assert,'assert',0,174,8
1882,7406,7406,(,operator,0,174,14
1883,7407,7412,nxtmax,identifier,0,174,15
1884,7414,7415,"!=",operator,0,174,22
1885,7418,7420,inf,identifier,0,174,26
1886,7421,7421,),operator,0,174,29
1887,7422,7422,;,operator,0,174,30
1888,7432,7434,cmx,identifier,0,175,8
1889,7435,7435,(,operator,0,175,11
1890,7436,7438,min,identifier,0,175,12
1891,7439,7439,",",operator,0,175,15
1892,7441,7446,nxtmin,identifier,0,175,17
1893,7448,7448,-,operator,0,175,24
1894,7450,7450,1,integer,0,175,26
1895,7451,7451,),operator,0,175,27
1896,7452,7452,;,operator,0,175,28
1897,7462,7464,cmn,identifier,0,176,8
1898,7465,7465,(,operator,0,176,11
1899,7466,7468,max,identifier,0,176,12
1900,7469,7469,",",operator,0,176,15
1901,7471,7476,nxtmax,identifier,0,176,17
1902,7478,7478,+,operator,0,176,24
1903,7480,7480,1,integer,0,176,26
1904,7481,7481,),operator,0,176,27
1905,7482,7482,;,operator,0,176,28
1906,7490,7490,},operator,0,177,6
1907,7496,7496,},operator,0,178,4
1908,7502,7503,if,keyword,0,179,4
1909,7505,7505,(,operator,0,179,7
1910,7506,7514,constrain,identifier,0,179,8
1911,7515,7515,.,operator,0,179,17
1912,7516,7517,at,identifier,0,179,18
1913,7518,7518,(,operator,0,179,20
1914,7519,7521,crr,identifier,0,179,21
1915,7522,7522,),operator,0,179,24
1916,7523,7523,),operator,0,179,25
1917,7525,7525,{,operator,0,179,27
1918,7533,7539,require,identifier,0,180,6
1919,7540,7540,(,operator,0,180,13
1920,7541,7541,(,operator,0,180,14
1921,7542,7542,(,operator,0,180,15
1922,7543,7545,max,identifier,0,180,16
1923,7546,7546,-,operator,0,180,19
1924,7547,7549,min,identifier,0,180,20
1925,7550,7550,),operator,0,180,23
1926,7551,7551,%,operator,0,180,24
1927,7552,7552,2,integer,0,180,25
1928,7554,7555,==,operator,0,180,27
1929,7557,7557,0,integer,0,180,30
1930,7558,7558,),operator,0,180,31
1931,7560,7561,&&,operator,0,180,33
1932,7563,7565,min,identifier,0,180,36
1933,7567,7568,<=,operator,0,180,40
1934,7570,7572,max,identifier,0,180,43
1935,7573,7573,),operator,0,180,46
1936,7574,7574,;,operator,0,180,47
1937,7580,7580,},operator,0,181,4
1938,7586,7587,if,keyword,0,182,4
1939,7589,7589,(,operator,0,182,7
1940,7590,7594,value,identifier,0,182,8
1941,7596,7597,"!=",operator,0,182,14
1942,7599,7599,-,operator,0,182,17
1943,7600,7600,1,integer,0,182,18
1944,7601,7601,),operator,0,182,19
1945,7603,7603,{,operator,0,182,21
1946,7611,7612,if,keyword,0,183,6
1947,7614,7614,(,operator,0,183,9
1948,7615,7623,constrain,identifier,0,183,10
1949,7624,7624,.,operator,0,183,19
1950,7625,7626,at,identifier,0,183,20
1951,7627,7627,(,operator,0,183,22
1952,7628,7630,crr,identifier,0,183,23
1953,7631,7631,),operator,0,183,26
1954,7632,7632,),operator,0,183,27
1955,7634,7634,{,operator,0,183,29
1956,7644,7650,require,identifier,0,184,8
1957,7651,7651,(,operator,0,184,15
1958,7652,7654,min,identifier,0,184,16
1959,7656,7657,<=,operator,0,184,20
1960,7659,7663,value,identifier,0,184,23
1961,7665,7666,&&,operator,0,184,29
1962,7668,7672,value,identifier,0,184,32
1963,7674,7675,<=,operator,0,184,38
1964,7677,7679,max,identifier,0,184,41
1965,7681,7682,&&,operator,0,184,45
1966,7684,7684,(,operator,0,184,48
1967,7685,7685,(,operator,0,184,49
1968,7686,7690,value,identifier,0,184,50
1969,7692,7692,-,operator,0,184,56
1970,7694,7696,min,identifier,0,184,58
1971,7697,7697,),operator,0,184,61
1972,7698,7698,%,operator,0,184,62
1973,7699,7699,2,integer,0,184,63
1974,7700,7701,==,operator,0,184,64
1975,7702,7702,0,integer,0,184,66
1976,7703,7703,),operator,0,184,67
1977,7704,7704,),operator,0,184,68
1978,7705,7705,;,operator,0,184,69
1979,7713,7713,},operator,0,185,6
1980,7715,7718,else,keyword,0,185,8
1981,7720,7720,{,operator,0,185,13
1982,7730,7738,constrain,identifier,0,186,8
1983,7739,7739,.,operator,0,186,17
1984,7740,7741,at,identifier,0,186,18
1985,7742,7742,(,operator,0,186,20
1986,7743,7745,crr,identifier,0,186,21
1987,7746,7746,),operator,0,186,24
1988,7748,7748,=,operator,0,186,26
1989,7750,7753,true,keyword,0,186,28
1990,7754,7754,;,operator,0,186,32
1991,7762,7762,},operator,0,187,6
1992,7770,7772,min,identifier,0,188,6
1993,7774,7774,=,operator,0,188,10
1994,7776,7778,max,identifier,0,188,12
1995,7780,7780,=,operator,0,188,16
1996,7782,7786,value,identifier,0,188,18
1997,7787,7787,;,operator,0,188,23
1998,7793,7793,},operator,0,189,4
1999,7797,7797,},operator,0,190,2
2000,7798,7798,;,operator,0,190,3
2001,7802,7804,dfs,identifier,0,191,2
2002,7805,7805,(,operator,0,191,5
2003,7806,7808,dfs,identifier,0,191,6
2004,7809,7809,",",operator,0,191,9
2005,7811,7814,root,identifier,0,191,11
2006,7815,7815,",",operator,0,191,15
2007,7817,7820,root,identifier,0,191,17
2008,7821,7821,),operator,0,191,21
2009,7822,7822,;,operator,0,191,22
2010,7826,7830,debug,identifier,0,192,2
2011,7831,7831,(,operator,0,192,7
2012,7832,7840,constrain,identifier,0,192,8
2013,7841,7841,",",operator,0,192,17
2014,7842,7844,fmt,identifier,0,192,18
2015,7845,7845,(,operator,0,192,21
2016,7846,7846,-,operator,0,192,22
2017,7847,7849,inf,identifier,0,192,23
2018,7850,7850,),operator,0,192,26
2019,7851,7851,(,operator,0,192,27
2020,7852,7858,min_vec,identifier,0,192,28
2021,7859,7859,),operator,0,192,35
2022,7860,7860,",",operator,0,192,36
2023,7862,7864,fmt,identifier,0,192,38
2024,7865,7865,(,operator,0,192,41
2025,7866,7868,inf,identifier,0,192,42
2026,7869,7869,),operator,0,192,45
2027,7870,7870,(,operator,0,192,46
2028,7871,7877,max_vec,identifier,0,192,47
2029,7878,7878,),operator,0,192,54
2030,7879,7879,),operator,0,192,55
2031,7880,7880,;,operator,0,192,56
2032,7885,7887,std,identifier,0,194,2
2033,7888,7889,::,operator,0,194,5
2034,7890,7895,vector,identifier,0,194,7
2035,7896,7896,<,operator,0,194,13
2036,7898,7900,int,keyword,0,194,15
2037,7902,7902,>,operator,0,194,19
2038,7904,7906,ans,identifier,0,194,21
2039,7907,7907,(,operator,0,194,24
2040,7908,7908,n,identifier,0,194,25
2041,7909,7909,),operator,0,194,26
2042,7910,7910,;,operator,0,194,27
2043,7914,7916,ans,identifier,0,195,2
2044,7917,7917,.,operator,0,195,5
2045,7918,7919,at,identifier,0,195,6
2046,7920,7920,(,operator,0,195,8
2047,7921,7924,root,identifier,0,195,9
2048,7925,7925,),operator,0,195,13
2049,7927,7927,=,operator,0,195,15
2050,7929,7937,constrain,identifier,0,195,17
2051,7938,7938,.,operator,0,195,26
2052,7939,7940,at,identifier,0,195,27
2053,7941,7941,(,operator,0,195,29
2054,7942,7945,root,identifier,0,195,30
2055,7946,7946,),operator,0,195,34
2056,7948,7948,?,operator,0,195,36
2057,7950,7956,min_vec,identifier,0,195,38
2058,7957,7957,.,operator,0,195,45
2059,7958,7959,at,identifier,0,195,46
2060,7960,7960,(,operator,0,195,48
2061,7961,7964,root,identifier,0,195,49
2062,7965,7965,),operator,0,195,53
2063,7967,7967,:,operator,0,195,55
2064,7969,7969,0,integer,0,195,57
2065,7970,7970,;,operator,0,195,58
2066,7974,7977,auto,keyword,0,196,2
2067,7979,7981,efs,identifier,0,196,7
2068,7983,7983,=,operator,0,196,11
2069,7985,7985,[,operator,0,196,13
2070,7986,7986,&,operator,0,196,14
2071,7987,7987,],operator,0,196,15
2072,7988,7988,(,operator,0,196,16
2073,7989,7992,auto,keyword,0,196,17
2074,7993,7994,&&,operator,0,196,21
2075,7996,7998,efs,identifier,0,196,24
2076,7999,7999,",",operator,0,196,27
2077,8001,8003,int,keyword,0,196,29
2078,8005,8007,crr,identifier,0,196,33
2079,8008,8008,",",operator,0,196,36
2080,8010,8012,int,keyword,0,196,38
2081,8014,8016,prv,identifier,0,196,42
2082,8017,8017,),operator,0,196,45
2083,8019,8020,->,operator,0,196,47
2084,8022,8025,void,keyword,0,196,50
2085,8027,8027,{,operator,0,196,55
2086,8033,8035,for,keyword,0,197,4
2087,8037,8037,(,operator,0,197,8
2088,8038,8040,int,keyword,0,197,9
2089,8042,8044,nxt,identifier,0,197,13
2090,8046,8046,:,operator,0,197,17
2091,8048,8052,graph,identifier,0,197,19
2092,8053,8053,.,operator,0,197,24
2093,8054,8055,at,identifier,0,197,25
2094,8056,8056,(,operator,0,197,27
2095,8057,8059,crr,identifier,0,197,28
2096,8060,8060,),operator,0,197,31
2097,8061,8061,),operator,0,197,32
2098,8063,8063,{,operator,0,197,34
2099,8071,8072,if,keyword,0,198,6
2100,8074,8074,(,operator,0,198,9
2101,8075,8077,nxt,identifier,0,198,10
2102,8079,8080,==,operator,0,198,14
2103,8082,8084,prv,identifier,0,198,17
2104,8085,8085,),operator,0,198,20
2105,8087,8094,continue,keyword,0,198,22
2106,8095,8095,;,operator,0,198,30
2107,8103,8105,int,keyword,0,199,6
2108,8107,8112,nxtmin,identifier,0,199,10
2109,8114,8114,=,operator,0,199,17
2110,8116,8122,min_vec,identifier,0,199,19
2111,8123,8123,.,operator,0,199,26
2112,8124,8125,at,identifier,0,199,27
2113,8126,8126,(,operator,0,199,29
2114,8127,8129,nxt,identifier,0,199,30
2115,8130,8130,),operator,0,199,33
2116,8131,8131,;,operator,0,199,34
2117,8139,8141,int,keyword,0,200,6
2118,8143,8148,nxtmax,identifier,0,200,10
2119,8150,8150,=,operator,0,200,17
2120,8152,8158,max_vec,identifier,0,200,19
2121,8159,8159,.,operator,0,200,26
2122,8160,8161,at,identifier,0,200,27
2123,8162,8162,(,operator,0,200,29
2124,8163,8165,nxt,identifier,0,200,30
2125,8166,8166,),operator,0,200,33
2126,8167,8167,;,operator,0,200,34
2127,8175,8177,int,keyword,0,201,6
2128,8179,8184,nxtans,identifier,0,201,10
2129,8186,8186,=,operator,0,201,17
2130,8188,8190,ans,identifier,0,201,19
2131,8191,8191,.,operator,0,201,22
2132,8192,8193,at,identifier,0,201,23
2133,8194,8194,(,operator,0,201,25
2134,8195,8197,crr,identifier,0,201,26
2135,8198,8198,),operator,0,201,29
2136,8200,8200,-,operator,0,201,31
2137,8202,8202,1,integer,0,201,33
2138,8203,8203,;,operator,0,201,34
2139,8211,8212,if,keyword,0,202,6
2140,8214,8214,(,operator,0,202,9
2141,8215,8220,nxtans,identifier,0,202,10
2142,8222,8222,<,operator,0,202,17
2143,8224,8229,nxtmin,identifier,0,202,19
2144,8230,8230,),operator,0,202,25
2145,8232,8232,{,operator,0,202,27
2146,8242,8247,nxtans,identifier,0,203,8
2147,8249,8250,+=,operator,0,203,15
2148,8252,8252,2,integer,0,203,18
2149,8253,8253,;,operator,0,203,19
2150,8261,8261,},operator,0,204,6
2151,8269,8274,assert,'assert',0,205,6
2152,8275,8275,(,operator,0,205,12
2153,8276,8281,nxtmin,identifier,0,205,13
2154,8283,8284,<=,operator,0,205,20
2155,8286,8291,nxtans,identifier,0,205,23
2156,8293,8294,&&,operator,0,205,30
2157,8296,8301,nxtans,identifier,0,205,33
2158,8303,8304,<=,operator,0,205,40
2159,8306,8311,nxtmax,identifier,0,205,43
2160,8312,8312,),operator,0,205,49
2161,8313,8313,;,operator,0,205,50
2162,8321,8323,ans,identifier,0,206,6
2163,8324,8324,.,operator,0,206,9
2164,8325,8326,at,identifier,0,206,10
2165,8327,8327,(,operator,0,206,12
2166,8328,8330,nxt,identifier,0,206,13
2167,8331,8331,),operator,0,206,16
2168,8333,8333,=,operator,0,206,18
2169,8335,8340,nxtans,identifier,0,206,20
2170,8341,8341,;,operator,0,206,26
2171,8349,8351,efs,identifier,0,207,6
2172,8352,8352,(,operator,0,207,9
2173,8353,8355,efs,identifier,0,207,10
2174,8356,8356,",",operator,0,207,13
2175,8358,8360,nxt,identifier,0,207,15
2176,8361,8361,",",operator,0,207,18
2177,8363,8365,crr,identifier,0,207,20
2178,8366,8366,),operator,0,207,23
2179,8367,8367,;,operator,0,207,24
2180,8373,8373,},operator,0,208,4
2181,8377,8377,},operator,0,209,2
2182,8378,8378,;,operator,0,209,3
2183,8382,8384,efs,identifier,0,210,2
2184,8385,8385,(,operator,0,210,5
2185,8386,8388,efs,identifier,0,210,6
2186,8389,8389,",",operator,0,210,9
2187,8391,8394,root,identifier,0,210,11
2188,8395,8395,",",operator,0,210,15
2189,8397,8400,root,identifier,0,210,17
2190,8401,8401,),operator,0,210,21
2191,8402,8402,;,operator,0,210,22
2192,8407,8409,std,identifier,0,212,2
2193,8410,8411,::,operator,0,212,5
2194,8412,8415,cout,identifier,0,212,7
2195,8417,8417,<,operator,0,212,12
2196,8418,8418,<,operator,0,212,13
2197,8420,8424,"""Yes""",string,0,212,15
2198,8426,8426,<,operator,0,212,21
2199,8427,8427,<,operator,0,212,22
2200,8429,8431,std,identifier,0,212,24
2201,8432,8433,::,operator,0,212,27
2202,8434,8437,endl,identifier,0,212,29
2203,8438,8438,;,operator,0,212,33
2204,8442,8444,for,keyword,0,213,2
2205,8446,8446,(,operator,0,213,6
2206,8447,8449,int,keyword,0,213,7
2207,8451,8451,x,identifier,0,213,11
2208,8453,8453,:,operator,0,213,13
2209,8455,8457,ans,identifier,0,213,15
2210,8458,8458,),operator,0,213,18
2211,8460,8460,{,operator,0,213,20
2212,8466,8468,std,identifier,0,214,4
2213,8469,8470,::,operator,0,214,7
2214,8471,8474,cout,identifier,0,214,9
2215,8476,8476,<,operator,0,214,14
2216,8477,8477,<,operator,0,214,15
2217,8479,8479,x,identifier,0,214,17
2218,8481,8481,<,operator,0,214,19
2219,8482,8482,<,operator,0,214,20
2220,8484,8486,std,identifier,0,214,22
2221,8487,8488,::,operator,0,214,25
2222,8489,8492,endl,identifier,0,214,27
2223,8493,8493,;,operator,0,214,31
2224,8497,8497,},operator,0,215,2
2225,8501,8506,return,keyword,0,216,2
2226,8508,8508,0,integer,0,216,9
2227,8509,8509,;,operator,0,216,10
2228,8511,8511,},operator,0,217,0
2229,8512,8511,<EOF>,eof,0,217,1
