seqnr,start,stop,text,class,channel,line,column
0,0,23,"#include <bits/stdc++.h>",directive,1,1,0
1,25,29,using,keyword,0,2,0
2,31,39,namespace,keyword,0,2,6
3,41,43,std,identifier,0,2,16
4,44,44,;,operator,0,2,19
5,47,49,int,keyword,0,4,0
6,51,51,n,identifier,0,4,4
7,52,52,",",operator,0,4,5
8,54,54,k,identifier,0,4,7
9,55,55,",",operator,0,4,8
10,57,60,root,identifier,0,4,10
11,62,62,=,operator,0,4,15
12,64,64,0,integer,0,4,17
13,65,65,;,operator,0,4,18
14,67,72,vector,identifier,0,5,0
15,73,73,<,operator,0,5,6
16,74,79,vector,identifier,0,5,7
17,80,80,<,operator,0,5,13
18,81,83,int,keyword,0,5,14
19,84,84,>,operator,0,5,17
20,85,85,>,operator,0,5,18
21,87,87,g,identifier,0,5,20
22,88,88,;,operator,0,5,21
23,90,95,vector,identifier,0,6,0
24,96,96,<,operator,0,6,6
25,97,99,int,keyword,0,6,7
26,100,100,>,operator,0,6,10
27,102,104,res,identifier,0,6,12
28,105,105,",",operator,0,6,15
29,107,107,l,identifier,0,6,17
30,108,108,",",operator,0,6,18
31,110,110,r,identifier,0,6,20
32,111,111,;,operator,0,6,21
33,114,117,bool,keyword,0,8,0
34,119,123,solve,identifier,0,8,5
35,124,124,(,operator,0,8,10
36,125,125,),operator,0,8,11
37,126,126,;,operator,0,8,12
38,128,131,bool,keyword,0,9,0
39,133,135,dfs,identifier,0,9,5
40,136,136,(,operator,0,9,8
41,137,139,int,keyword,0,9,9
42,141,143,now,identifier,0,9,13
43,144,144,",",operator,0,9,16
44,146,148,int,keyword,0,9,18
45,150,152,par,identifier,0,9,22
46,153,153,",",operator,0,9,25
47,155,157,int,keyword,0,9,27
48,159,162,dist,identifier,0,9,31
49,163,163,),operator,0,9,35
50,164,164,;,operator,0,9,36
51,167,169,int,keyword,0,11,0
52,171,174,main,identifier,0,11,4
53,175,175,(,operator,0,11,8
54,176,176,),operator,0,11,9
55,178,178,{,operator,0,11,11
56,182,184,cin,identifier,0,12,2
57,186,186,>,operator,0,12,6
58,187,187,>,operator,0,12,7
59,189,189,n,identifier,0,12,9
60,190,190,;,operator,0,12,10
61,194,194,g,identifier,0,13,2
62,195,195,.,operator,0,13,3
63,196,201,resize,identifier,0,13,4
64,202,202,(,operator,0,13,10
65,203,203,n,identifier,0,13,11
66,204,204,),operator,0,13,12
67,205,205,;,operator,0,13,13
68,209,209,l,identifier,0,14,2
69,210,210,.,operator,0,14,3
70,211,216,assign,identifier,0,14,4
71,217,217,(,operator,0,14,10
72,218,218,n,identifier,0,14,11
73,219,219,",",operator,0,14,12
74,221,221,-,operator,0,14,14
75,222,222,3,integer,0,14,15
76,224,224,*,operator,0,14,17
77,226,226,n,identifier,0,14,19
78,227,227,),operator,0,14,20
79,228,228,;,operator,0,14,21
80,232,232,r,identifier,0,15,2
81,233,233,.,operator,0,15,3
82,234,239,assign,identifier,0,15,4
83,240,240,(,operator,0,15,10
84,241,241,n,identifier,0,15,11
85,242,242,",",operator,0,15,12
86,244,244,3,integer,0,15,14
87,246,246,*,operator,0,15,16
88,248,248,n,identifier,0,15,18
89,249,249,),operator,0,15,19
90,250,250,;,operator,0,15,20
91,254,256,res,identifier,0,16,2
92,257,257,.,operator,0,16,5
93,258,263,resize,identifier,0,16,6
94,264,264,(,operator,0,16,12
95,265,265,n,identifier,0,16,13
96,266,266,",",operator,0,16,14
97,268,268,-,operator,0,16,16
98,269,269,1,integer,0,16,17
99,270,270,),operator,0,16,18
100,271,271,;,operator,0,16,19
101,275,277,for,keyword,0,17,2
102,279,279,(,operator,0,17,6
103,280,282,int,keyword,0,17,7
104,284,284,i,identifier,0,17,11
105,286,286,=,operator,0,17,13
106,288,288,0,integer,0,17,15
107,289,289,;,operator,0,17,16
108,291,291,i,identifier,0,17,18
109,293,293,<,operator,0,17,20
110,295,295,n,identifier,0,17,22
111,297,297,-,operator,0,17,24
112,299,299,1,integer,0,17,26
113,300,300,;,operator,0,17,27
114,302,303,++,operator,0,17,29
115,304,304,i,identifier,0,17,31
116,305,305,),operator,0,17,32
117,307,307,{,operator,0,17,34
118,313,315,int,keyword,0,18,4
119,317,317,a,identifier,0,18,8
120,318,318,",",operator,0,18,9
121,320,320,b,identifier,0,18,11
122,321,321,;,operator,0,18,12
123,327,329,cin,identifier,0,19,4
124,331,331,>,operator,0,19,8
125,332,332,>,operator,0,19,9
126,334,334,a,identifier,0,19,11
127,336,336,>,operator,0,19,13
128,337,337,>,operator,0,19,14
129,339,339,b,identifier,0,19,16
130,340,340,;,operator,0,19,17
131,346,346,g,identifier,0,20,4
132,347,347,[,operator,0,20,5
133,348,349,--,operator,0,20,6
134,350,350,a,identifier,0,20,8
135,351,351,],operator,0,20,9
136,352,352,.,operator,0,20,10
137,353,361,push_back,identifier,0,20,11
138,362,362,(,operator,0,20,20
139,363,364,--,operator,0,20,21
140,365,365,b,identifier,0,20,23
141,366,366,),operator,0,20,24
142,367,367,;,operator,0,20,25
143,373,373,g,identifier,0,21,4
144,374,374,[,operator,0,21,5
145,375,375,b,identifier,0,21,6
146,376,376,],operator,0,21,7
147,377,377,.,operator,0,21,8
148,378,386,push_back,identifier,0,21,9
149,387,387,(,operator,0,21,18
150,388,388,a,identifier,0,21,19
151,389,389,),operator,0,21,20
152,390,390,;,operator,0,21,21
153,394,394,},operator,0,22,2
154,398,400,cin,identifier,0,23,2
155,402,402,>,operator,0,23,6
156,403,403,>,operator,0,23,7
157,405,405,k,identifier,0,23,9
158,406,406,;,operator,0,23,10
159,410,412,for,keyword,0,24,2
160,414,414,(,operator,0,24,6
161,415,417,int,keyword,0,24,7
162,419,419,i,identifier,0,24,11
163,421,421,=,operator,0,24,13
164,423,423,0,integer,0,24,15
165,424,424,;,operator,0,24,16
166,426,426,i,identifier,0,24,18
167,428,428,<,operator,0,24,20
168,430,430,k,identifier,0,24,22
169,431,431,;,operator,0,24,23
170,433,434,++,operator,0,24,25
171,435,435,i,identifier,0,24,27
172,436,436,),operator,0,24,28
173,438,438,{,operator,0,24,30
174,444,446,int,keyword,0,25,4
175,448,451,node,identifier,0,25,8
176,452,452,",",operator,0,25,12
177,454,454,p,identifier,0,25,14
178,455,455,;,operator,0,25,15
179,461,463,cin,identifier,0,26,4
180,465,465,>,operator,0,26,8
181,466,466,>,operator,0,26,9
182,468,471,node,identifier,0,26,11
183,473,473,>,operator,0,26,16
184,474,474,>,operator,0,26,17
185,476,476,p,identifier,0,26,19
186,477,477,;,operator,0,26,20
187,483,484,--,operator,0,27,4
188,485,488,node,identifier,0,27,6
189,489,489,;,operator,0,27,10
190,495,495,l,identifier,0,28,4
191,496,496,[,operator,0,28,5
192,497,500,node,identifier,0,28,6
193,501,501,],operator,0,28,10
194,503,503,=,operator,0,28,12
195,505,505,r,identifier,0,28,14
196,506,506,[,operator,0,28,15
197,507,510,node,identifier,0,28,16
198,511,511,],operator,0,28,20
199,513,513,=,operator,0,28,22
200,515,517,res,identifier,0,28,24
201,518,518,[,operator,0,28,27
202,519,522,node,identifier,0,28,28
203,523,523,],operator,0,28,32
204,525,525,=,operator,0,28,34
205,527,527,p,identifier,0,28,36
206,528,528,;,operator,0,28,37
207,534,537,root,identifier,0,29,4
208,539,539,=,operator,0,29,9
209,541,544,node,identifier,0,29,11
210,545,545,;,operator,0,29,15
211,549,549,},operator,0,30,2
212,553,554,if,keyword,0,31,2
213,556,556,(,operator,0,31,5
214,557,561,solve,identifier,0,31,6
215,562,562,(,operator,0,31,11
216,563,563,),operator,0,31,12
217,564,564,),operator,0,31,13
218,566,566,{,operator,0,31,15
219,572,575,cout,identifier,0,32,4
220,577,577,<,operator,0,32,9
221,578,578,<,operator,0,32,10
222,580,584,"""Yes""",string,0,32,12
223,586,586,<,operator,0,32,18
224,587,587,<,operator,0,32,19
225,589,592,endl,identifier,0,32,21
226,593,593,;,operator,0,32,25
227,599,601,for,keyword,0,33,4
228,603,603,(,operator,0,33,8
229,604,607,auto,keyword,0,33,9
230,609,609,&,operator,0,33,14
231,610,610,p,identifier,0,33,15
232,612,612,:,operator,0,33,17
233,614,616,res,identifier,0,33,19
234,617,617,),operator,0,33,22
235,619,622,cout,identifier,0,33,24
236,624,624,<,operator,0,33,29
237,625,625,<,operator,0,33,30
238,627,627,p,identifier,0,33,32
239,629,629,<,operator,0,33,34
240,630,630,<,operator,0,33,35
241,632,635,endl,identifier,0,33,37
242,636,636,;,operator,0,33,41
243,640,640,},operator,0,34,2
244,642,645,else,keyword,0,34,4
245,651,654,cout,identifier,0,35,4
246,656,656,<,operator,0,35,9
247,657,657,<,operator,0,35,10
248,659,662,"""No""",string,0,35,12
249,664,664,<,operator,0,35,17
250,665,665,<,operator,0,35,18
251,667,670,endl,identifier,0,35,20
252,671,671,;,operator,0,35,24
253,675,680,return,keyword,0,36,2
254,682,682,0,integer,0,36,9
255,683,683,;,operator,0,36,10
256,685,685,},operator,0,37,0
257,688,691,bool,keyword,0,39,0
258,693,697,solve,identifier,0,39,5
259,698,698,(,operator,0,39,10
260,699,699,),operator,0,39,11
261,701,701,{,operator,0,39,13
262,705,706,if,keyword,0,40,2
263,708,708,(,operator,0,40,5
264,709,709,"!",operator,0,40,6
265,710,712,dfs,identifier,0,40,7
266,713,713,(,operator,0,40,10
267,714,717,root,identifier,0,40,11
268,718,718,",",operator,0,40,15
269,720,720,-,operator,0,40,17
270,721,721,1,integer,0,40,18
271,722,722,",",operator,0,40,19
272,724,726,res,identifier,0,40,21
273,727,727,[,operator,0,40,24
274,728,731,root,identifier,0,40,25
275,732,732,],operator,0,40,29
276,734,734,&,operator,0,40,31
277,736,736,1,integer,0,40,33
278,737,737,),operator,0,40,34
279,738,738,),operator,0,40,35
280,740,745,return,keyword,0,40,37
281,747,747,0,integer,0,40,44
282,748,748,;,operator,0,40,45
283,752,757,return,keyword,0,41,2
284,759,759,1,integer,0,41,9
285,760,760,;,operator,0,41,10
286,762,762,},operator,0,42,0
287,764,767,bool,keyword,0,43,0
288,769,771,dfs,identifier,0,43,5
289,772,772,(,operator,0,43,8
290,773,775,int,keyword,0,43,9
291,777,779,now,identifier,0,43,13
292,780,780,",",operator,0,43,16
293,782,784,int,keyword,0,43,18
294,786,788,par,identifier,0,43,22
295,789,789,",",operator,0,43,25
296,791,793,int,keyword,0,43,27
297,795,798,dist,identifier,0,43,31
298,799,799,),operator,0,43,35
299,801,801,{,operator,0,43,37
300,805,806,if,keyword,0,44,2
301,808,808,(,operator,0,44,5
302,809,811,res,identifier,0,44,6
303,812,812,[,operator,0,44,9
304,813,815,now,identifier,0,44,10
305,816,816,],operator,0,44,13
306,818,819,>=,operator,0,44,15
307,821,821,0,integer,0,44,18
308,823,824,&&,operator,0,44,20
309,826,826,(,operator,0,44,23
310,827,827,(,operator,0,44,24
311,828,830,res,identifier,0,44,25
312,831,831,[,operator,0,44,28
313,832,834,now,identifier,0,44,29
314,835,835,],operator,0,44,32
315,837,837,^,operator,0,44,34
316,839,842,dist,identifier,0,44,36
317,843,843,),operator,0,44,40
318,845,845,&,operator,0,44,42
319,847,847,1,integer,0,44,44
320,848,848,),operator,0,44,45
321,849,849,),operator,0,44,46
322,851,856,return,keyword,0,44,48
323,858,858,0,integer,0,44,55
324,859,859,;,operator,0,44,56
325,863,864,if,keyword,0,45,2
326,866,866,(,operator,0,45,5
327,867,869,par,identifier,0,45,6
328,871,872,>=,operator,0,45,10
329,874,874,0,integer,0,45,13
330,875,875,),operator,0,45,14
331,881,881,l,identifier,0,46,4
332,882,882,[,operator,0,46,5
333,883,885,now,identifier,0,46,6
334,886,886,],operator,0,46,9
335,888,888,=,operator,0,46,11
336,890,892,max,identifier,0,46,13
337,893,893,(,operator,0,46,16
338,894,894,l,identifier,0,46,17
339,895,895,[,operator,0,46,18
340,896,898,now,identifier,0,46,19
341,899,899,],operator,0,46,22
342,900,900,",",operator,0,46,23
343,902,902,l,identifier,0,46,25
344,903,903,[,operator,0,46,26
345,904,906,par,identifier,0,46,27
346,907,907,],operator,0,46,30
347,909,909,-,operator,0,46,32
348,911,911,1,integer,0,46,34
349,912,912,),operator,0,46,35
350,913,913,",",operator,0,46,36
351,915,915,r,identifier,0,46,38
352,916,916,[,operator,0,46,39
353,917,919,now,identifier,0,46,40
354,920,920,],operator,0,46,43
355,922,922,=,operator,0,46,45
356,924,926,min,identifier,0,46,47
357,927,927,(,operator,0,46,50
358,928,928,r,identifier,0,46,51
359,929,929,[,operator,0,46,52
360,930,932,now,identifier,0,46,53
361,933,933,],operator,0,46,56
362,934,934,",",operator,0,46,57
363,936,936,r,identifier,0,46,59
364,937,937,[,operator,0,46,60
365,938,940,par,identifier,0,46,61
366,941,941,],operator,0,46,64
367,943,943,+,operator,0,46,66
368,945,945,1,integer,0,46,68
369,946,946,),operator,0,46,69
370,947,947,;,operator,0,46,70
371,951,953,for,keyword,0,47,2
372,955,955,(,operator,0,47,6
373,956,959,auto,keyword,0,47,7
374,961,962,to,identifier,0,47,12
375,964,964,:,operator,0,47,15
376,966,966,g,identifier,0,47,17
377,967,967,[,operator,0,47,18
378,968,970,now,identifier,0,47,19
379,971,971,],operator,0,47,22
380,972,972,),operator,0,47,23
381,978,979,if,keyword,0,48,4
382,981,981,(,operator,0,48,7
383,982,983,to,identifier,0,48,8
384,985,986,"!=",operator,0,48,11
385,988,990,par,identifier,0,48,14
386,991,991,),operator,0,48,17
387,993,993,{,operator,0,48,19
388,1001,1002,if,keyword,0,49,6
389,1004,1004,(,operator,0,49,9
390,1005,1005,"!",operator,0,49,10
391,1006,1008,dfs,identifier,0,49,11
392,1009,1009,(,operator,0,49,14
393,1010,1011,to,identifier,0,49,15
394,1012,1012,",",operator,0,49,17
395,1014,1016,now,identifier,0,49,19
396,1017,1017,",",operator,0,49,22
397,1019,1022,dist,identifier,0,49,24
398,1024,1024,^,operator,0,49,29
399,1026,1026,1,integer,0,49,31
400,1027,1027,),operator,0,49,32
401,1028,1028,),operator,0,49,33
402,1030,1035,return,keyword,0,49,35
403,1037,1037,0,integer,0,49,42
404,1038,1038,;,operator,0,49,43
405,1046,1046,l,identifier,0,50,6
406,1047,1047,[,operator,0,50,7
407,1048,1050,now,identifier,0,50,8
408,1051,1051,],operator,0,50,11
409,1053,1053,=,operator,0,50,13
410,1055,1057,max,identifier,0,50,15
411,1058,1058,(,operator,0,50,18
412,1059,1059,l,identifier,0,50,19
413,1060,1060,[,operator,0,50,20
414,1061,1063,now,identifier,0,50,21
415,1064,1064,],operator,0,50,24
416,1065,1065,",",operator,0,50,25
417,1067,1067,l,identifier,0,50,27
418,1068,1068,[,operator,0,50,28
419,1069,1070,to,identifier,0,50,29
420,1071,1071,],operator,0,50,31
421,1073,1073,-,operator,0,50,33
422,1075,1075,1,integer,0,50,35
423,1076,1076,),operator,0,50,36
424,1077,1077,;,operator,0,50,37
425,1085,1085,r,identifier,0,51,6
426,1086,1086,[,operator,0,51,7
427,1087,1089,now,identifier,0,51,8
428,1090,1090,],operator,0,51,11
429,1092,1092,=,operator,0,51,13
430,1094,1096,min,identifier,0,51,15
431,1097,1097,(,operator,0,51,18
432,1098,1098,r,identifier,0,51,19
433,1099,1099,[,operator,0,51,20
434,1100,1102,now,identifier,0,51,21
435,1103,1103,],operator,0,51,24
436,1104,1104,",",operator,0,51,25
437,1106,1106,r,identifier,0,51,27
438,1107,1107,[,operator,0,51,28
439,1108,1109,to,identifier,0,51,29
440,1110,1110,],operator,0,51,31
441,1112,1112,+,operator,0,51,33
442,1114,1114,1,integer,0,51,35
443,1115,1115,),operator,0,51,36
444,1116,1116,;,operator,0,51,37
445,1122,1122,},operator,0,52,4
446,1126,1127,if,keyword,0,53,2
447,1129,1129,(,operator,0,53,5
448,1130,1130,l,identifier,0,53,6
449,1131,1131,[,operator,0,53,7
450,1132,1134,now,identifier,0,53,8
451,1135,1135,],operator,0,53,11
452,1137,1137,>,operator,0,53,13
453,1139,1139,r,identifier,0,53,15
454,1140,1140,[,operator,0,53,16
455,1141,1143,now,identifier,0,53,17
456,1144,1144,],operator,0,53,20
457,1145,1145,),operator,0,53,21
458,1147,1152,return,keyword,0,53,23
459,1154,1154,0,integer,0,53,30
460,1155,1155,;,operator,0,53,31
461,1159,1161,res,identifier,0,54,2
462,1162,1162,[,operator,0,54,5
463,1163,1165,now,identifier,0,54,6
464,1166,1166,],operator,0,54,9
465,1168,1168,=,operator,0,54,11
466,1170,1170,l,identifier,0,54,13
467,1171,1171,[,operator,0,54,14
468,1172,1174,now,identifier,0,54,15
469,1175,1175,],operator,0,54,18
470,1176,1176,;,operator,0,54,19
471,1180,1180,l,identifier,0,55,2
472,1181,1181,[,operator,0,55,3
473,1182,1184,now,identifier,0,55,4
474,1185,1185,],operator,0,55,7
475,1187,1187,=,operator,0,55,9
476,1189,1189,r,identifier,0,55,11
477,1190,1190,[,operator,0,55,12
478,1191,1193,now,identifier,0,55,13
479,1194,1194,],operator,0,55,16
480,1196,1196,=,operator,0,55,18
481,1198,1200,res,identifier,0,55,20
482,1201,1201,[,operator,0,55,23
483,1202,1204,now,identifier,0,55,24
484,1205,1205,],operator,0,55,27
485,1206,1206,;,operator,0,55,28
486,1210,1215,return,keyword,0,56,2
487,1217,1217,1,integer,0,56,9
488,1218,1218,;,operator,0,56,10
489,1220,1220,},operator,0,57,0
490,1222,1221,<EOF>,eof,0,58,0
