seqnr,start,stop,text,class,channel,line,column
0,0,22,"#include<bits/stdc++.h>",directive,1,1,0
1,24,28,using,keyword,0,2,0
2,30,38,namespace,keyword,0,2,6
3,40,42,std,identifier,0,2,16
4,43,43,;,operator,0,2,19
5,46,52,typedef,keyword,0,4,0
6,54,57,pair,identifier,0,4,8
7,58,58,<,operator,0,4,12
8,59,61,int,keyword,0,4,13
9,62,62,",",operator,0,4,16
10,64,66,int,keyword,0,4,18
11,67,67,>,operator,0,4,21
12,69,71,pii,identifier,0,4,23
13,72,72,;,operator,0,4,26
14,75,77,int,keyword,0,6,0
15,79,79,N,identifier,0,6,4
16,80,80,",",operator,0,6,5
17,82,82,K,identifier,0,6,7
18,83,83,;,operator,0,6,8
19,85,90,vector,identifier,0,7,0
20,91,91,<,operator,0,7,6
21,92,97,vector,identifier,0,7,7
22,98,98,<,operator,0,7,13
23,99,101,int,keyword,0,7,14
24,102,102,>,operator,0,7,17
25,104,104,>,operator,0,7,19
26,106,108,adj,identifier,0,7,21
27,109,109,;,operator,0,7,24
28,111,116,vector,identifier,0,8,0
29,117,117,<,operator,0,8,6
30,118,120,int,keyword,0,8,7
31,121,121,>,operator,0,8,10
32,123,125,col,identifier,0,8,12
33,126,126,;,operator,0,8,15
34,128,133,vector,identifier,0,9,0
35,134,134,<,operator,0,9,6
36,135,137,pii,identifier,0,9,7
37,138,138,>,operator,0,9,10
38,140,141,dp,identifier,0,9,12
39,142,142,;,operator,0,9,14
40,144,149,vector,identifier,0,10,0
41,150,150,<,operator,0,10,6
42,151,153,int,keyword,0,10,7
43,154,154,>,operator,0,10,10
44,156,159,pari,identifier,0,10,12
45,160,160,;,operator,0,10,16
46,163,166,void,keyword,0,12,0
47,168,170,dfs,identifier,0,12,5
48,171,171,(,operator,0,12,8
49,172,174,int,keyword,0,12,9
50,176,176,u,identifier,0,12,13
51,177,177,",",operator,0,12,14
52,179,181,int,keyword,0,12,16
53,183,183,p,identifier,0,12,20
54,184,184,),operator,0,12,21
55,186,186,{,operator,0,12,23
56,192,194,for,keyword,0,13,4
57,195,195,(,operator,0,13,7
58,196,198,int,keyword,0,13,8
59,200,200,i,identifier,0,13,12
60,202,202,=,operator,0,13,14
61,204,204,0,integer,0,13,16
62,205,205,;,operator,0,13,17
63,207,207,i,identifier,0,13,19
64,209,209,<,operator,0,13,21
65,211,213,adj,identifier,0,13,23
66,214,214,[,operator,0,13,26
67,215,215,u,identifier,0,13,27
68,216,216,],operator,0,13,28
69,217,217,.,operator,0,13,29
70,218,221,size,identifier,0,13,30
71,222,222,(,operator,0,13,34
72,223,223,),operator,0,13,35
73,224,224,;,operator,0,13,36
74,226,226,i,identifier,0,13,38
75,227,228,++,operator,0,13,39
76,229,229,),operator,0,13,41
77,231,231,{,operator,0,13,43
78,241,243,int,keyword,0,14,8
79,245,245,v,identifier,0,14,12
80,247,247,=,operator,0,14,14
81,249,251,adj,identifier,0,14,16
82,252,252,[,operator,0,14,19
83,253,253,u,identifier,0,14,20
84,254,254,],operator,0,14,21
85,255,255,[,operator,0,14,22
86,256,256,i,identifier,0,14,23
87,257,257,],operator,0,14,24
88,258,258,;,operator,0,14,25
89,268,269,if,keyword,0,15,8
90,270,270,(,operator,0,15,10
91,271,271,v,identifier,0,15,11
92,273,274,==,operator,0,15,13
93,276,276,p,identifier,0,15,16
94,277,277,),operator,0,15,17
95,279,286,continue,keyword,0,15,19
96,287,287,;,operator,0,15,27
97,297,300,pari,identifier,0,16,8
98,301,301,[,operator,0,16,12
99,302,302,v,identifier,0,16,13
100,303,303,],operator,0,16,14
101,305,305,=,operator,0,16,16
102,307,310,pari,identifier,0,16,18
103,311,311,[,operator,0,16,22
104,312,312,u,identifier,0,16,23
105,313,313,],operator,0,16,24
106,315,315,^,operator,0,16,26
107,317,317,1,integer,0,16,28
108,318,318,;,operator,0,16,29
109,328,330,dfs,identifier,0,17,8
110,331,331,(,operator,0,17,11
111,332,332,v,identifier,0,17,12
112,333,333,",",operator,0,17,13
113,335,335,u,identifier,0,17,15
114,336,336,),operator,0,17,16
115,337,337,;,operator,0,17,17
116,343,343,},operator,0,18,4
117,345,345,},operator,0,19,0
118,348,351,bool,keyword,0,21,0
119,353,356,dfs1,identifier,0,21,5
120,357,357,(,operator,0,21,9
121,358,360,int,keyword,0,21,10
122,362,362,u,identifier,0,21,14
123,363,363,",",operator,0,21,15
124,365,367,int,keyword,0,21,17
125,369,369,p,identifier,0,21,21
126,370,370,),operator,0,21,22
127,372,372,{,operator,0,21,24
128,378,379,dp,identifier,0,22,4
129,380,380,[,operator,0,22,6
130,381,381,u,identifier,0,22,7
131,382,382,],operator,0,22,8
132,384,384,=,operator,0,22,10
133,386,388,pii,identifier,0,22,12
134,389,389,(,operator,0,22,15
135,390,390,0,integer,0,22,16
136,391,391,",",operator,0,22,17
137,393,395,1e5,floating,0,22,19
138,396,396,),operator,0,22,22
139,397,397,;,operator,0,22,23
140,403,405,for,keyword,0,23,4
141,406,406,(,operator,0,23,7
142,407,409,int,keyword,0,23,8
143,411,411,i,identifier,0,23,12
144,413,413,=,operator,0,23,14
145,415,415,0,integer,0,23,16
146,416,416,;,operator,0,23,17
147,418,418,i,identifier,0,23,19
148,420,420,<,operator,0,23,21
149,422,424,adj,identifier,0,23,23
150,425,425,[,operator,0,23,26
151,426,426,u,identifier,0,23,27
152,427,427,],operator,0,23,28
153,428,428,.,operator,0,23,29
154,429,432,size,identifier,0,23,30
155,433,433,(,operator,0,23,34
156,434,434,),operator,0,23,35
157,435,435,;,operator,0,23,36
158,437,437,i,identifier,0,23,38
159,438,439,++,operator,0,23,39
160,440,440,),operator,0,23,41
161,442,442,{,operator,0,23,43
162,452,454,int,keyword,0,24,8
163,456,456,v,identifier,0,24,12
164,458,458,=,operator,0,24,14
165,460,462,adj,identifier,0,24,16
166,463,463,[,operator,0,24,19
167,464,464,u,identifier,0,24,20
168,465,465,],operator,0,24,21
169,466,466,[,operator,0,24,22
170,467,467,i,identifier,0,24,23
171,468,468,],operator,0,24,24
172,469,469,;,operator,0,24,25
173,479,480,if,keyword,0,25,8
174,481,481,(,operator,0,25,10
175,482,482,v,identifier,0,25,11
176,484,485,==,operator,0,25,13
177,487,487,p,identifier,0,25,16
178,488,488,),operator,0,25,17
179,490,497,continue,keyword,0,25,19
180,498,498,;,operator,0,25,27
181,508,509,if,keyword,0,26,8
182,510,510,(,operator,0,26,10
183,511,511,"!",operator,0,26,11
184,512,515,dfs1,identifier,0,26,12
185,516,516,(,operator,0,26,16
186,517,517,v,identifier,0,26,17
187,518,518,",",operator,0,26,18
188,520,520,u,identifier,0,26,20
189,521,521,),operator,0,26,21
190,522,522,),operator,0,26,22
191,524,529,return,keyword,0,26,24
192,531,535,false,keyword,0,26,31
193,536,536,;,operator,0,26,36
194,546,547,dp,identifier,0,27,8
195,548,548,[,operator,0,27,10
196,549,549,u,identifier,0,27,11
197,550,550,],operator,0,27,12
198,551,551,.,operator,0,27,13
199,552,556,first,identifier,0,27,14
200,558,558,=,operator,0,27,20
201,560,562,max,identifier,0,27,22
202,563,563,(,operator,0,27,25
203,564,565,dp,identifier,0,27,26
204,566,566,[,operator,0,27,28
205,567,567,u,identifier,0,27,29
206,568,568,],operator,0,27,30
207,569,569,.,operator,0,27,31
208,570,574,first,identifier,0,27,32
209,575,575,",",operator,0,27,37
210,577,578,dp,identifier,0,27,39
211,579,579,[,operator,0,27,41
212,580,580,v,identifier,0,27,42
213,581,581,],operator,0,27,43
214,582,582,.,operator,0,27,44
215,583,587,first,identifier,0,27,45
216,589,589,-,operator,0,27,51
217,591,591,1,integer,0,27,53
218,592,592,),operator,0,27,54
219,593,593,;,operator,0,27,55
220,603,604,dp,identifier,0,28,8
221,605,605,[,operator,0,28,10
222,606,606,u,identifier,0,28,11
223,607,607,],operator,0,28,12
224,608,608,.,operator,0,28,13
225,609,614,second,identifier,0,28,14
226,616,616,=,operator,0,28,21
227,618,620,min,identifier,0,28,23
228,621,621,(,operator,0,28,26
229,622,623,dp,identifier,0,28,27
230,624,624,[,operator,0,28,29
231,625,625,u,identifier,0,28,30
232,626,626,],operator,0,28,31
233,627,627,.,operator,0,28,32
234,628,633,second,identifier,0,28,33
235,634,634,",",operator,0,28,39
236,636,637,dp,identifier,0,28,41
237,638,638,[,operator,0,28,43
238,639,639,v,identifier,0,28,44
239,640,640,],operator,0,28,45
240,641,641,.,operator,0,28,46
241,642,647,second,identifier,0,28,47
242,649,649,+,operator,0,28,54
243,651,651,1,integer,0,28,56
244,652,652,),operator,0,28,57
245,653,653,;,operator,0,28,58
246,659,659,},operator,0,29,4
247,665,666,if,keyword,0,30,4
248,667,667,(,operator,0,30,6
249,668,670,col,identifier,0,30,7
250,671,671,[,operator,0,30,10
251,672,672,u,identifier,0,30,11
252,673,673,],operator,0,30,12
253,675,676,"!=",operator,0,30,14
254,678,678,-,operator,0,30,17
255,679,679,1,integer,0,30,18
256,680,680,),operator,0,30,19
257,682,682,{,operator,0,30,21
258,692,693,if,keyword,0,31,8
259,694,694,(,operator,0,31,10
260,695,696,dp,identifier,0,31,11
261,697,697,[,operator,0,31,13
262,698,698,u,identifier,0,31,14
263,699,699,],operator,0,31,15
264,700,700,.,operator,0,31,16
265,701,705,first,identifier,0,31,17
266,707,708,<=,operator,0,31,23
267,710,712,col,identifier,0,31,26
268,713,713,[,operator,0,31,29
269,714,714,u,identifier,0,31,30
270,715,715,],operator,0,31,31
271,717,718,&&,operator,0,31,33
272,720,722,col,identifier,0,31,36
273,723,723,[,operator,0,31,39
274,724,724,u,identifier,0,31,40
275,725,725,],operator,0,31,41
276,727,728,<=,operator,0,31,43
277,730,731,dp,identifier,0,31,46
278,732,732,[,operator,0,31,48
279,733,733,u,identifier,0,31,49
280,734,734,],operator,0,31,50
281,735,735,.,operator,0,31,51
282,736,741,second,identifier,0,31,52
283,742,742,),operator,0,31,58
284,744,744,{,operator,0,31,60
285,758,759,dp,identifier,0,32,12
286,760,760,[,operator,0,32,14
287,761,761,u,identifier,0,32,15
288,762,762,],operator,0,32,16
289,764,764,=,operator,0,32,18
290,766,768,pii,identifier,0,32,20
291,769,769,(,operator,0,32,23
292,770,772,col,identifier,0,32,24
293,773,773,[,operator,0,32,27
294,774,774,u,identifier,0,32,28
295,775,775,],operator,0,32,29
296,776,776,",",operator,0,32,30
297,778,780,col,identifier,0,32,32
298,781,781,[,operator,0,32,35
299,782,782,u,identifier,0,32,36
300,783,783,],operator,0,32,37
301,784,784,),operator,0,32,38
302,785,785,;,operator,0,32,39
303,799,804,return,keyword,0,33,12
304,806,809,true,keyword,0,33,19
305,810,810,;,operator,0,33,23
306,820,820,},operator,0,34,8
307,830,833,else,keyword,0,35,8
308,835,840,return,keyword,0,35,13
309,842,846,false,keyword,0,35,20
310,847,847,;,operator,0,35,25
311,853,853,},operator,0,36,4
312,859,862,else,keyword,0,37,4
313,864,869,return,keyword,0,37,9
314,871,872,dp,identifier,0,37,16
315,873,873,[,operator,0,37,18
316,874,874,u,identifier,0,37,19
317,875,875,],operator,0,37,20
318,876,876,.,operator,0,37,21
319,877,881,first,identifier,0,37,22
320,883,884,<=,operator,0,37,28
321,886,887,dp,identifier,0,37,31
322,888,888,[,operator,0,37,33
323,889,889,u,identifier,0,37,34
324,890,890,],operator,0,37,35
325,891,891,.,operator,0,37,36
326,892,897,second,identifier,0,37,37
327,898,898,;,operator,0,37,43
328,900,900,},operator,0,38,0
329,903,908,vector,identifier,0,40,0
330,909,909,<,operator,0,40,6
331,910,912,int,keyword,0,40,7
332,913,913,>,operator,0,40,10
333,915,917,sol,identifier,0,40,12
334,918,918,;,operator,0,40,15
335,921,924,void,keyword,0,42,0
336,926,929,dfs2,identifier,0,42,5
337,930,930,(,operator,0,42,9
338,931,933,int,keyword,0,42,10
339,935,935,u,identifier,0,42,14
340,936,936,",",operator,0,42,15
341,938,940,int,keyword,0,42,17
342,942,942,p,identifier,0,42,21
343,943,943,),operator,0,42,22
344,945,945,{,operator,0,42,24
345,951,953,for,keyword,0,43,4
346,954,954,(,operator,0,43,7
347,955,957,int,keyword,0,43,8
348,959,959,i,identifier,0,43,12
349,961,961,=,operator,0,43,14
350,963,963,0,integer,0,43,16
351,964,964,;,operator,0,43,17
352,966,966,i,identifier,0,43,19
353,968,968,<,operator,0,43,21
354,970,972,adj,identifier,0,43,23
355,973,973,[,operator,0,43,26
356,974,974,u,identifier,0,43,27
357,975,975,],operator,0,43,28
358,976,976,.,operator,0,43,29
359,977,980,size,identifier,0,43,30
360,981,981,(,operator,0,43,34
361,982,982,),operator,0,43,35
362,983,983,;,operator,0,43,36
363,985,985,i,identifier,0,43,38
364,986,987,++,operator,0,43,39
365,988,988,),operator,0,43,41
366,990,990,{,operator,0,43,43
367,1000,1002,int,keyword,0,44,8
368,1004,1004,v,identifier,0,44,12
369,1006,1006,=,operator,0,44,14
370,1008,1010,adj,identifier,0,44,16
371,1011,1011,[,operator,0,44,19
372,1012,1012,u,identifier,0,44,20
373,1013,1013,],operator,0,44,21
374,1014,1014,[,operator,0,44,22
375,1015,1015,i,identifier,0,44,23
376,1016,1016,],operator,0,44,24
377,1017,1017,;,operator,0,44,25
378,1027,1028,if,keyword,0,45,8
379,1029,1029,(,operator,0,45,10
380,1030,1030,v,identifier,0,45,11
381,1032,1033,==,operator,0,45,13
382,1035,1035,p,identifier,0,45,16
383,1036,1036,),operator,0,45,17
384,1038,1045,continue,keyword,0,45,19
385,1046,1046,;,operator,0,45,27
386,1056,1058,sol,identifier,0,46,8
387,1059,1059,[,operator,0,46,11
388,1060,1060,v,identifier,0,46,12
389,1061,1061,],operator,0,46,13
390,1063,1063,=,operator,0,46,15
391,1065,1065,(,operator,0,46,17
392,1066,1067,dp,identifier,0,46,18
393,1068,1068,[,operator,0,46,20
394,1069,1069,v,identifier,0,46,21
395,1070,1070,],operator,0,46,22
396,1071,1071,.,operator,0,46,23
397,1072,1076,first,identifier,0,46,24
398,1078,1079,<=,operator,0,46,30
399,1081,1083,sol,identifier,0,46,33
400,1084,1084,[,operator,0,46,36
401,1085,1085,u,identifier,0,46,37
402,1086,1086,],operator,0,46,38
403,1088,1088,-,operator,0,46,40
404,1090,1090,1,integer,0,46,42
405,1091,1091,),operator,0,46,43
406,1092,1092,?,operator,0,46,44
407,1094,1096,sol,identifier,0,46,46
408,1097,1097,[,operator,0,46,49
409,1098,1098,u,identifier,0,46,50
410,1099,1099,],operator,0,46,51
411,1101,1101,-,operator,0,46,53
412,1103,1103,1,integer,0,46,55
413,1105,1105,:,operator,0,46,57
414,1107,1109,sol,identifier,0,46,59
415,1110,1110,[,operator,0,46,62
416,1111,1111,u,identifier,0,46,63
417,1112,1112,],operator,0,46,64
418,1114,1114,+,operator,0,46,66
419,1116,1116,1,integer,0,46,68
420,1117,1117,;,operator,0,46,69
421,1127,1130,dfs2,identifier,0,47,8
422,1131,1131,(,operator,0,47,12
423,1132,1132,v,identifier,0,47,13
424,1133,1133,",",operator,0,47,14
425,1135,1135,u,identifier,0,47,16
426,1136,1136,),operator,0,47,17
427,1137,1137,;,operator,0,47,18
428,1143,1143,},operator,0,48,4
429,1145,1145,},operator,0,49,0
430,1148,1150,int,keyword,0,51,0
431,1152,1155,main,identifier,0,51,4
432,1156,1156,(,operator,0,51,8
433,1157,1157,),operator,0,51,9
434,1159,1159,{,operator,0,51,11
435,1165,1169,scanf,identifier,0,52,4
436,1170,1170,(,operator,0,52,9
437,1171,1174,"""%d""",string,0,52,10
438,1175,1175,",",operator,0,52,14
439,1177,1177,&,operator,0,52,16
440,1178,1178,N,identifier,0,52,17
441,1179,1179,),operator,0,52,18
442,1180,1180,;,operator,0,52,19
443,1186,1188,adj,identifier,0,53,4
444,1189,1189,.,operator,0,53,7
445,1190,1195,resize,identifier,0,53,8
446,1196,1196,(,operator,0,53,14
447,1197,1197,N,identifier,0,53,15
448,1198,1198,),operator,0,53,16
449,1199,1199,;,operator,0,53,17
450,1205,1207,for,keyword,0,54,4
451,1208,1208,(,operator,0,54,7
452,1209,1211,int,keyword,0,54,8
453,1213,1213,i,identifier,0,54,12
454,1215,1215,=,operator,0,54,14
455,1217,1217,0,integer,0,54,16
456,1218,1218,;,operator,0,54,17
457,1220,1220,i,identifier,0,54,19
458,1222,1222,<,operator,0,54,21
459,1224,1224,N,identifier,0,54,23
460,1226,1226,-,operator,0,54,25
461,1228,1228,1,integer,0,54,27
462,1229,1229,;,operator,0,54,28
463,1231,1231,i,identifier,0,54,30
464,1232,1233,++,operator,0,54,31
465,1234,1234,),operator,0,54,33
466,1236,1236,{,operator,0,54,35
467,1246,1248,int,keyword,0,55,8
468,1250,1250,u,identifier,0,55,12
469,1251,1251,",",operator,0,55,13
470,1253,1253,v,identifier,0,55,15
471,1254,1254,;,operator,0,55,16
472,1256,1260,scanf,identifier,0,55,18
473,1261,1261,(,operator,0,55,23
474,1262,1268,"""%d %d""",string,0,55,24
475,1269,1269,",",operator,0,55,31
476,1271,1271,&,operator,0,55,33
477,1272,1272,u,identifier,0,55,34
478,1273,1273,",",operator,0,55,35
479,1275,1275,&,operator,0,55,37
480,1276,1276,v,identifier,0,55,38
481,1277,1277,),operator,0,55,39
482,1278,1278,;,operator,0,55,40
483,1288,1288,u,identifier,0,56,8
484,1289,1290,--,operator,0,56,9
485,1291,1291,;,operator,0,56,11
486,1293,1293,v,identifier,0,56,13
487,1294,1295,--,operator,0,56,14
488,1296,1296,;,operator,0,56,16
489,1306,1308,adj,identifier,0,57,8
490,1309,1309,[,operator,0,57,11
491,1310,1310,u,identifier,0,57,12
492,1311,1311,],operator,0,57,13
493,1312,1312,.,operator,0,57,14
494,1313,1321,push_back,identifier,0,57,15
495,1322,1322,(,operator,0,57,24
496,1323,1323,v,identifier,0,57,25
497,1324,1324,),operator,0,57,26
498,1325,1325,;,operator,0,57,27
499,1335,1337,adj,identifier,0,58,8
500,1338,1338,[,operator,0,58,11
501,1339,1339,v,identifier,0,58,12
502,1340,1340,],operator,0,58,13
503,1341,1341,.,operator,0,58,14
504,1342,1350,push_back,identifier,0,58,15
505,1351,1351,(,operator,0,58,24
506,1352,1352,u,identifier,0,58,25
507,1353,1353,),operator,0,58,26
508,1354,1354,;,operator,0,58,27
509,1360,1360,},operator,0,59,4
510,1366,1368,col,identifier,0,60,4
511,1370,1370,=,operator,0,60,8
512,1372,1377,vector,identifier,0,60,10
513,1378,1378,<,operator,0,60,16
514,1379,1381,int,keyword,0,60,17
515,1382,1382,>,operator,0,60,20
516,1383,1383,(,operator,0,60,21
517,1384,1384,N,identifier,0,60,22
518,1385,1385,",",operator,0,60,23
519,1387,1387,-,operator,0,60,25
520,1388,1388,1,integer,0,60,26
521,1389,1389,),operator,0,60,27
522,1390,1390,;,operator,0,60,28
523,1396,1400,scanf,identifier,0,61,4
524,1401,1401,(,operator,0,61,9
525,1402,1405,"""%d""",string,0,61,10
526,1406,1406,",",operator,0,61,14
527,1408,1408,&,operator,0,61,16
528,1409,1409,K,identifier,0,61,17
529,1410,1410,),operator,0,61,18
530,1411,1411,;,operator,0,61,19
531,1417,1419,for,keyword,0,62,4
532,1420,1420,(,operator,0,62,7
533,1421,1423,int,keyword,0,62,8
534,1425,1425,i,identifier,0,62,12
535,1427,1427,=,operator,0,62,14
536,1429,1429,0,integer,0,62,16
537,1430,1430,;,operator,0,62,17
538,1432,1432,i,identifier,0,62,19
539,1434,1434,<,operator,0,62,21
540,1436,1436,K,identifier,0,62,23
541,1437,1437,;,operator,0,62,24
542,1439,1439,i,identifier,0,62,26
543,1440,1441,++,operator,0,62,27
544,1442,1442,),operator,0,62,29
545,1444,1444,{,operator,0,62,31
546,1454,1456,int,keyword,0,63,8
547,1458,1458,u,identifier,0,63,12
548,1459,1459,",",operator,0,63,13
549,1461,1461,c,identifier,0,63,15
550,1462,1462,;,operator,0,63,16
551,1464,1468,scanf,identifier,0,63,18
552,1469,1469,(,operator,0,63,23
553,1470,1476,"""%d %d""",string,0,63,24
554,1477,1477,",",operator,0,63,31
555,1479,1479,&,operator,0,63,33
556,1480,1480,u,identifier,0,63,34
557,1481,1481,",",operator,0,63,35
558,1483,1483,&,operator,0,63,37
559,1484,1484,c,identifier,0,63,38
560,1485,1485,),operator,0,63,39
561,1486,1486,;,operator,0,63,40
562,1496,1498,col,identifier,0,64,8
563,1499,1499,[,operator,0,64,11
564,1500,1501,--,operator,0,64,12
565,1502,1502,u,identifier,0,64,14
566,1503,1503,],operator,0,64,15
567,1505,1505,=,operator,0,64,17
568,1507,1507,c,identifier,0,64,19
569,1508,1508,;,operator,0,64,20
570,1514,1514,},operator,0,65,4
571,1520,1523,pari,identifier,0,66,4
572,1525,1525,=,operator,0,66,9
573,1527,1532,vector,identifier,0,66,11
574,1533,1533,<,operator,0,66,17
575,1534,1536,int,keyword,0,66,18
576,1537,1537,>,operator,0,66,21
577,1538,1538,(,operator,0,66,22
578,1539,1539,N,identifier,0,66,23
579,1540,1540,",",operator,0,66,24
580,1542,1542,0,integer,0,66,26
581,1543,1543,),operator,0,66,27
582,1544,1544,;,operator,0,66,28
583,1550,1552,dfs,identifier,0,67,4
584,1553,1553,(,operator,0,67,7
585,1554,1554,0,integer,0,67,8
586,1555,1555,",",operator,0,67,9
587,1557,1557,-,operator,0,67,11
588,1558,1558,1,integer,0,67,12
589,1559,1559,),operator,0,67,13
590,1560,1560,;,operator,0,67,14
591,1566,1568,int,keyword,0,68,4
592,1570,1570,p,identifier,0,68,8
593,1572,1572,=,operator,0,68,10
594,1574,1574,-,operator,0,68,12
595,1575,1575,1,integer,0,68,13
596,1576,1576,;,operator,0,68,14
597,1582,1584,for,keyword,0,69,4
598,1585,1585,(,operator,0,69,7
599,1586,1588,int,keyword,0,69,8
600,1590,1590,i,identifier,0,69,12
601,1592,1592,=,operator,0,69,14
602,1594,1594,0,integer,0,69,16
603,1595,1595,;,operator,0,69,17
604,1597,1597,i,identifier,0,69,19
605,1599,1599,<,operator,0,69,21
606,1601,1601,N,identifier,0,69,23
607,1602,1602,;,operator,0,69,24
608,1604,1604,i,identifier,0,69,26
609,1605,1606,++,operator,0,69,27
610,1607,1607,),operator,0,69,29
611,1609,1610,if,keyword,0,69,31
612,1611,1611,(,operator,0,69,33
613,1612,1614,col,identifier,0,69,34
614,1615,1615,[,operator,0,69,37
615,1616,1616,i,identifier,0,69,38
616,1617,1617,],operator,0,69,39
617,1619,1620,"!=",operator,0,69,41
618,1622,1622,-,operator,0,69,44
619,1623,1623,1,integer,0,69,45
620,1624,1624,),operator,0,69,46
621,1626,1626,{,operator,0,69,48
622,1636,1637,if,keyword,0,70,8
623,1638,1638,(,operator,0,70,10
624,1639,1639,p,identifier,0,70,11
625,1641,1642,==,operator,0,70,13
626,1644,1644,-,operator,0,70,16
627,1645,1645,1,integer,0,70,17
628,1646,1646,),operator,0,70,18
629,1648,1648,p,identifier,0,70,20
630,1650,1650,=,operator,0,70,22
631,1652,1652,(,operator,0,70,24
632,1653,1655,col,identifier,0,70,25
633,1656,1656,[,operator,0,70,28
634,1657,1657,i,identifier,0,70,29
635,1658,1658,],operator,0,70,30
636,1660,1660,%,operator,0,70,32
637,1662,1662,2,integer,0,70,34
638,1663,1663,),operator,0,70,35
639,1665,1665,^,operator,0,70,37
640,1667,1670,pari,identifier,0,70,39
641,1671,1671,[,operator,0,70,43
642,1672,1672,i,identifier,0,70,44
643,1673,1673,],operator,0,70,45
644,1674,1674,;,operator,0,70,46
645,1684,1687,else,keyword,0,71,8
646,1689,1690,if,keyword,0,71,13
647,1691,1691,(,operator,0,71,15
648,1692,1692,p,identifier,0,71,16
649,1694,1695,"!=",operator,0,71,18
650,1697,1697,(,operator,0,71,21
651,1698,1700,col,identifier,0,71,22
652,1701,1701,[,operator,0,71,25
653,1702,1702,i,identifier,0,71,26
654,1703,1703,],operator,0,71,27
655,1705,1705,%,operator,0,71,29
656,1707,1707,2,integer,0,71,31
657,1708,1708,),operator,0,71,32
658,1710,1710,^,operator,0,71,34
659,1712,1715,pari,identifier,0,71,36
660,1716,1716,[,operator,0,71,40
661,1717,1717,i,identifier,0,71,41
662,1718,1718,],operator,0,71,42
663,1719,1719,),operator,0,71,43
664,1721,1721,{,operator,0,71,45
665,1735,1740,printf,identifier,0,72,12
666,1741,1741,(,operator,0,72,18
667,1742,1745,"""No""",string,0,72,19
668,1746,1746,),operator,0,72,23
669,1747,1747,;,operator,0,72,24
670,1761,1766,return,keyword,0,73,12
671,1768,1768,0,integer,0,73,19
672,1769,1769,;,operator,0,73,20
673,1779,1779,},operator,0,74,8
674,1785,1785,},operator,0,75,4
675,1791,1792,dp,identifier,0,76,4
676,1794,1794,=,operator,0,76,7
677,1796,1801,vector,identifier,0,76,9
678,1802,1802,<,operator,0,76,15
679,1803,1805,pii,identifier,0,76,16
680,1806,1806,>,operator,0,76,19
681,1807,1807,(,operator,0,76,20
682,1808,1808,N,identifier,0,76,21
683,1809,1809,),operator,0,76,22
684,1810,1810,;,operator,0,76,23
685,1816,1817,if,keyword,0,77,4
686,1818,1818,(,operator,0,77,6
687,1819,1822,dfs1,identifier,0,77,7
688,1823,1823,(,operator,0,77,11
689,1824,1824,0,integer,0,77,12
690,1825,1825,",",operator,0,77,13
691,1827,1827,-,operator,0,77,15
692,1828,1828,1,integer,0,77,16
693,1829,1829,),operator,0,77,17
694,1830,1830,),operator,0,77,18
695,1832,1832,{,operator,0,77,20
696,1842,1847,printf,identifier,0,78,8
697,1848,1848,(,operator,0,78,14
698,1849,1855,"""Yes\n""",string,0,78,15
699,1856,1856,),operator,0,78,22
700,1857,1857,;,operator,0,78,23
701,1867,1869,sol,identifier,0,79,8
702,1871,1871,=,operator,0,79,12
703,1873,1878,vector,identifier,0,79,14
704,1879,1879,<,operator,0,79,20
705,1880,1882,int,keyword,0,79,21
706,1883,1883,>,operator,0,79,24
707,1884,1884,(,operator,0,79,25
708,1885,1885,N,identifier,0,79,26
709,1886,1886,),operator,0,79,27
710,1887,1887,;,operator,0,79,28
711,1897,1899,sol,identifier,0,80,8
712,1900,1900,[,operator,0,80,11
713,1901,1901,0,integer,0,80,12
714,1902,1902,],operator,0,80,13
715,1904,1904,=,operator,0,80,15
716,1906,1907,dp,identifier,0,80,17
717,1908,1908,[,operator,0,80,19
718,1909,1909,0,integer,0,80,20
719,1910,1910,],operator,0,80,21
720,1911,1911,.,operator,0,80,22
721,1912,1916,first,identifier,0,80,23
722,1917,1917,;,operator,0,80,28
723,1927,1930,dfs2,identifier,0,81,8
724,1931,1931,(,operator,0,81,12
725,1932,1932,0,integer,0,81,13
726,1933,1933,",",operator,0,81,14
727,1935,1935,-,operator,0,81,16
728,1936,1936,1,integer,0,81,17
729,1937,1937,),operator,0,81,18
730,1938,1938,;,operator,0,81,19
731,1948,1950,for,keyword,0,82,8
732,1951,1951,(,operator,0,82,11
733,1952,1954,int,keyword,0,82,12
734,1956,1956,i,identifier,0,82,16
735,1958,1958,=,operator,0,82,18
736,1960,1960,0,integer,0,82,20
737,1961,1961,;,operator,0,82,21
738,1963,1963,i,identifier,0,82,23
739,1965,1965,<,operator,0,82,25
740,1967,1967,N,identifier,0,82,27
741,1968,1968,;,operator,0,82,28
742,1970,1970,i,identifier,0,82,30
743,1971,1972,++,operator,0,82,31
744,1973,1973,),operator,0,82,33
745,1975,1975,{,operator,0,82,35
746,1989,1994,printf,identifier,0,83,12
747,1995,1995,(,operator,0,83,18
748,1996,2001,"""%d\n""",string,0,83,19
749,2002,2002,",",operator,0,83,25
750,2004,2006,sol,identifier,0,83,27
751,2007,2007,[,operator,0,83,30
752,2008,2008,i,identifier,0,83,31
753,2009,2009,],operator,0,83,32
754,2010,2010,),operator,0,83,33
755,2011,2011,;,operator,0,83,34
756,2021,2021,},operator,0,84,8
757,2027,2027,},operator,0,85,4
758,2033,2036,else,keyword,0,86,4
759,2038,2043,printf,identifier,0,86,9
760,2044,2044,(,operator,0,86,15
761,2045,2048,"""No""",string,0,86,16
762,2049,2049,),operator,0,86,20
763,2050,2050,;,operator,0,86,21
764,2052,2052,},operator,0,87,0
765,2054,2053,<EOF>,eof,0,88,0
