seqnr,start,stop,text,class,channel,line,column
0,0,23,"#include <bits/stdc++.h>",directive,1,1,0
1,25,29,using,keyword,0,2,0
2,31,39,namespace,keyword,0,2,6
3,41,43,std,identifier,0,2,16
4,44,44,;,operator,0,2,19
5,46,52,typedef,keyword,0,3,0
6,54,57,long,keyword,0,3,8
7,59,62,long,keyword,0,3,13
8,64,65,LL,identifier,0,3,18
9,66,66,;,operator,0,3,20
10,68,72,const,keyword,0,4,0
11,74,76,int,keyword,0,4,6
12,78,81,RLEN,identifier,0,4,10
13,82,82,=,operator,0,4,14
14,83,83,1,integer,0,4,15
15,84,84,<,operator,0,4,16
16,85,85,<,operator,0,4,17
17,86,87,18,integer,0,4,18
18,88,88,|,operator,0,4,20
19,89,89,1,integer,0,4,21
20,90,90,;,operator,0,4,22
21,92,97,inline,keyword,0,5,0
22,99,102,char,keyword,0,5,7
23,104,105,nc,identifier,0,5,12
24,106,106,(,operator,0,5,14
25,107,107,),operator,0,5,15
26,109,109,{,operator,0,5,17
27,115,120,static,keyword,0,6,4
28,122,125,char,keyword,0,6,11
29,127,130,ibuf,identifier,0,6,16
30,131,131,[,operator,0,6,20
31,132,135,RLEN,identifier,0,6,21
32,136,136,],operator,0,6,25
33,137,137,",",operator,0,6,26
34,138,138,*,operator,0,6,27
35,139,140,ib,identifier,0,6,28
36,141,141,",",operator,0,6,30
37,142,142,*,operator,0,6,31
38,143,144,ob,identifier,0,6,32
39,145,145,;,operator,0,6,34
40,151,151,(,operator,0,7,4
41,152,153,ib,identifier,0,7,5
42,154,155,==,operator,0,7,7
43,156,157,ob,identifier,0,7,9
44,158,158,),operator,0,7,11
45,160,161,&&,operator,0,7,13
46,163,163,(,operator,0,7,16
47,164,165,ob,identifier,0,7,17
48,166,166,=,operator,0,7,19
49,167,167,(,operator,0,7,20
50,168,169,ib,identifier,0,7,21
51,170,170,=,operator,0,7,23
52,171,174,ibuf,identifier,0,7,24
53,175,175,),operator,0,7,28
54,176,176,+,operator,0,7,29
55,177,181,fread,identifier,0,7,30
56,182,182,(,operator,0,7,35
57,183,186,ibuf,identifier,0,7,36
58,187,187,",",operator,0,7,40
59,188,188,1,integer,0,7,41
60,189,189,",",operator,0,7,42
61,190,193,RLEN,identifier,0,7,43
62,194,194,",",operator,0,7,47
63,195,199,stdin,identifier,0,7,48
64,200,200,),operator,0,7,53
65,201,201,),operator,0,7,54
66,202,202,;,operator,0,7,55
67,208,213,return,keyword,0,8,4
68,215,215,(,operator,0,8,11
69,216,217,ib,identifier,0,8,12
70,218,219,==,operator,0,8,14
71,220,221,ob,identifier,0,8,16
72,222,222,),operator,0,8,18
73,224,224,?,operator,0,8,20
74,226,226,-,operator,0,8,22
75,227,227,1,integer,0,8,23
76,229,229,:,operator,0,8,25
77,231,231,*,operator,0,8,27
78,232,233,ib,identifier,0,8,28
79,234,235,++,operator,0,8,30
80,236,236,;,operator,0,8,32
81,238,238,},operator,0,9,0
82,240,245,inline,keyword,0,10,0
83,247,249,int,keyword,0,10,7
84,251,252,rd,identifier,0,10,11
85,253,253,(,operator,0,10,13
86,254,254,),operator,0,10,14
87,256,256,{,operator,0,10,16
88,262,265,char,keyword,0,11,4
89,267,268,ch,identifier,0,11,9
90,269,269,=,operator,0,11,11
91,270,271,nc,identifier,0,11,12
92,272,272,(,operator,0,11,14
93,273,273,),operator,0,11,15
94,274,274,;,operator,0,11,16
95,276,278,int,keyword,0,11,18
96,280,280,i,identifier,0,11,22
97,281,281,=,operator,0,11,23
98,282,282,0,integer,0,11,24
99,283,283,",",operator,0,11,25
100,284,284,f,identifier,0,11,26
101,285,285,=,operator,0,11,27
102,286,286,1,integer,0,11,28
103,287,287,;,operator,0,11,29
104,293,297,while,keyword,0,12,4
105,298,298,(,operator,0,12,9
106,299,299,"!",operator,0,12,10
107,300,306,isdigit,identifier,0,12,11
108,307,307,(,operator,0,12,18
109,308,309,ch,identifier,0,12,19
110,310,310,),operator,0,12,21
111,311,311,),operator,0,12,22
112,313,313,{,operator,0,12,24
113,314,315,if,keyword,0,12,25
114,316,316,(,operator,0,12,27
115,317,318,ch,identifier,0,12,28
116,319,320,==,operator,0,12,30
117,321,323,'-',character,0,12,32
118,324,324,),operator,0,12,35
119,325,325,f,identifier,0,12,36
120,326,326,=,operator,0,12,37
121,327,327,-,operator,0,12,38
122,328,328,1,integer,0,12,39
123,329,329,;,operator,0,12,40
124,331,332,ch,identifier,0,12,42
125,333,333,=,operator,0,12,44
126,334,335,nc,identifier,0,12,45
127,336,336,(,operator,0,12,47
128,337,337,),operator,0,12,48
129,338,338,;,operator,0,12,49
130,339,339,},operator,0,12,50
131,345,349,while,keyword,0,13,4
132,350,350,(,operator,0,13,9
133,351,357,isdigit,identifier,0,13,10
134,358,358,(,operator,0,13,17
135,359,360,ch,identifier,0,13,18
136,361,361,),operator,0,13,20
137,362,362,),operator,0,13,21
138,364,364,{,operator,0,13,23
139,365,365,i,identifier,0,13,24
140,366,366,=,operator,0,13,25
141,367,367,(,operator,0,13,26
142,368,368,i,identifier,0,13,27
143,369,369,<,operator,0,13,28
144,370,370,<,operator,0,13,29
145,371,371,1,integer,0,13,30
146,372,372,),operator,0,13,31
147,373,373,+,operator,0,13,32
148,374,374,(,operator,0,13,33
149,375,375,i,identifier,0,13,34
150,376,376,<,operator,0,13,35
151,377,377,<,operator,0,13,36
152,378,378,3,integer,0,13,37
153,379,379,),operator,0,13,38
154,380,380,+,operator,0,13,39
155,381,382,ch,identifier,0,13,40
156,383,383,-,operator,0,13,42
157,384,386,'0',character,0,13,43
158,387,387,;,operator,0,13,46
159,389,390,ch,identifier,0,13,48
160,391,391,=,operator,0,13,50
161,392,393,nc,identifier,0,13,51
162,394,394,(,operator,0,13,53
163,395,395,),operator,0,13,54
164,396,396,;,operator,0,13,55
165,397,397,},operator,0,13,56
166,403,408,return,keyword,0,14,4
167,410,410,i,identifier,0,14,11
168,411,411,*,operator,0,14,12
169,412,412,f,identifier,0,14,13
170,413,413,;,operator,0,14,14
171,415,415,},operator,0,15,0
172,418,422,const,keyword,0,17,0
173,424,426,int,keyword,0,17,6
174,428,428,N,identifier,0,17,10
175,429,429,=,operator,0,17,11
176,430,432,1e5,floating,0,17,12
177,433,433,+,operator,0,17,15
178,434,435,50,integer,0,17,16
179,436,436,",",operator,0,17,18
180,438,440,INF,identifier,0,17,20
181,441,441,=,operator,0,17,23
182,442,451,0x3f3f3f3f,integer,0,17,24
183,452,452,;,operator,0,17,34
184,454,456,int,keyword,0,18,0
185,458,458,n,identifier,0,18,4
186,459,459,",",operator,0,18,5
187,461,461,k,identifier,0,18,7
188,462,462,",",operator,0,18,8
189,464,465,li,identifier,0,18,10
190,466,466,[,operator,0,18,12
191,467,467,N,identifier,0,18,13
192,468,468,],operator,0,18,14
193,469,469,",",operator,0,18,15
194,471,472,ri,identifier,0,18,17
195,473,473,[,operator,0,18,19
196,474,474,N,identifier,0,18,20
197,475,475,],operator,0,18,21
198,476,476,",",operator,0,18,22
199,478,480,odd,identifier,0,18,24
200,481,481,[,operator,0,18,27
201,482,482,N,identifier,0,18,28
202,483,483,],operator,0,18,29
203,484,484,",",operator,0,18,30
204,486,488,ans,identifier,0,18,32
205,489,489,[,operator,0,18,35
206,490,490,N,identifier,0,18,36
207,491,491,],operator,0,18,37
208,492,492,;,operator,0,18,38
209,494,505,"#define L li",directive,1,19,0
210,507,518,"#define R ri",directive,1,20,0
211,520,525,vector,identifier,0,21,0
212,527,527,<,operator,0,21,7
213,528,530,int,keyword,0,21,8
214,531,531,>,operator,0,21,11
215,533,536,edge,identifier,0,21,13
216,537,537,[,operator,0,21,17
217,538,538,N,identifier,0,21,18
218,539,539,],operator,0,21,19
219,540,540,;,operator,0,21,20
220,542,547,inline,keyword,0,22,0
221,549,552,void,keyword,0,22,7
222,554,559,getans,identifier,0,22,12
223,560,560,(,operator,0,22,18
224,561,563,int,keyword,0,22,19
225,565,565,x,identifier,0,22,23
226,566,566,",",operator,0,22,24
227,567,569,int,keyword,0,22,25
228,571,571,f,identifier,0,22,29
229,572,572,),operator,0,22,30
230,574,574,{,operator,0,22,32
231,580,581,if,keyword,0,23,4
232,582,582,(,operator,0,23,6
233,583,583,"!",operator,0,23,7
234,584,584,f,identifier,0,23,8
235,585,585,),operator,0,23,9
236,587,587,{,operator,0,23,11
237,588,590,ans,identifier,0,23,12
238,591,591,[,operator,0,23,15
239,592,592,x,identifier,0,23,16
240,593,593,],operator,0,23,17
241,594,594,=,operator,0,23,18
242,595,595,(,operator,0,23,19
243,596,596,(,operator,0,23,20
244,597,598,li,identifier,0,23,21
245,599,599,[,operator,0,23,23
246,600,600,x,identifier,0,23,24
247,601,601,],operator,0,23,25
248,602,602,&,operator,0,23,26
249,603,603,1,integer,0,23,27
250,604,604,),operator,0,23,28
251,605,606,==,operator,0,23,29
252,607,609,odd,identifier,0,23,31
253,610,610,[,operator,0,23,34
254,611,611,x,identifier,0,23,35
255,612,612,],operator,0,23,36
256,613,613,),operator,0,23,37
257,615,615,?,operator,0,23,39
258,617,618,li,identifier,0,23,41
259,619,619,[,operator,0,23,43
260,620,620,x,identifier,0,23,44
261,621,621,],operator,0,23,45
262,623,623,:,operator,0,23,47
263,625,625,(,operator,0,23,49
264,626,627,li,identifier,0,23,50
265,628,628,[,operator,0,23,52
266,629,629,x,identifier,0,23,53
267,630,630,],operator,0,23,54
268,631,631,+,operator,0,23,55
269,632,632,1,integer,0,23,56
270,633,633,),operator,0,23,57
271,634,634,;,operator,0,23,58
272,635,635,},operator,0,23,59
273,641,644,else,keyword,0,24,4
274,646,646,{,operator,0,24,9
275,647,649,ans,identifier,0,24,10
276,650,650,[,operator,0,24,13
277,651,651,x,identifier,0,24,14
278,652,652,],operator,0,24,15
279,653,653,=,operator,0,24,16
280,654,656,ans,identifier,0,24,17
281,657,657,[,operator,0,24,20
282,658,658,f,identifier,0,24,21
283,659,659,],operator,0,24,22
284,660,660,-,operator,0,24,23
285,661,661,1,integer,0,24,24
286,662,662,;,operator,0,24,25
287,664,665,if,keyword,0,24,27
288,666,666,(,operator,0,24,29
289,667,669,ans,identifier,0,24,30
290,670,670,[,operator,0,24,33
291,671,671,x,identifier,0,24,34
292,672,672,],operator,0,24,35
293,673,673,<,operator,0,24,36
294,674,675,li,identifier,0,24,37
295,676,676,[,operator,0,24,39
296,677,677,x,identifier,0,24,40
297,678,678,],operator,0,24,41
298,679,679,),operator,0,24,42
299,681,683,ans,identifier,0,24,44
300,684,684,[,operator,0,24,47
301,685,685,x,identifier,0,24,48
302,686,686,],operator,0,24,49
303,687,688,+=,operator,0,24,50
304,689,689,2,integer,0,24,52
305,690,690,;,operator,0,24,53
306,691,691,},operator,0,24,54
307,697,699,for,keyword,0,25,4
308,700,700,(,operator,0,25,7
309,701,703,int,keyword,0,25,8
310,705,705,e,identifier,0,25,12
311,706,706,=,operator,0,25,13
312,707,710,edge,identifier,0,25,14
313,711,711,[,operator,0,25,18
314,712,712,x,identifier,0,25,19
315,713,713,],operator,0,25,20
316,714,714,.,operator,0,25,21
317,715,718,size,identifier,0,25,22
318,719,719,(,operator,0,25,26
319,720,720,),operator,0,25,27
320,721,721,-,operator,0,25,28
321,722,722,1,integer,0,25,29
322,723,723,;,operator,0,25,30
323,724,724,e,identifier,0,25,31
324,725,726,>=,operator,0,25,32
325,727,727,0,integer,0,25,34
326,728,728,;,operator,0,25,35
327,729,729,e,identifier,0,25,36
328,730,731,--,operator,0,25,37
329,732,732,),operator,0,25,39
330,734,734,{,operator,0,25,41
331,744,746,int,keyword,0,26,8
332,748,748,v,identifier,0,26,12
333,749,749,=,operator,0,26,13
334,750,753,edge,identifier,0,26,14
335,754,754,[,operator,0,26,18
336,755,755,x,identifier,0,26,19
337,756,756,],operator,0,26,20
338,757,757,[,operator,0,26,21
339,758,758,e,identifier,0,26,22
340,759,759,],operator,0,26,23
341,760,760,;,operator,0,26,24
342,762,763,if,keyword,0,26,26
343,764,764,(,operator,0,26,28
344,765,765,v,identifier,0,26,29
345,766,767,==,operator,0,26,30
346,768,768,f,identifier,0,26,32
347,769,769,),operator,0,26,33
348,771,778,continue,keyword,0,26,35
349,779,779,;,operator,0,26,43
350,789,794,getans,identifier,0,27,8
351,795,795,(,operator,0,27,14
352,796,796,v,identifier,0,27,15
353,797,797,",",operator,0,27,16
354,798,798,x,identifier,0,27,17
355,799,799,),operator,0,27,18
356,800,800,;,operator,0,27,19
357,806,806,},operator,0,28,4
358,808,808,},operator,0,29,0
359,810,815,inline,keyword,0,30,0
360,817,820,void,keyword,0,30,7
361,822,828,dfs_son,identifier,0,30,12
362,829,829,(,operator,0,30,19
363,830,832,int,keyword,0,30,20
364,834,834,x,identifier,0,30,24
365,835,835,",",operator,0,30,25
366,836,838,int,keyword,0,30,26
367,840,840,f,identifier,0,30,30
368,841,841,),operator,0,30,31
369,843,843,{,operator,0,30,33
370,849,851,for,keyword,0,31,4
371,852,852,(,operator,0,31,7
372,853,855,int,keyword,0,31,8
373,857,857,e,identifier,0,31,12
374,858,858,=,operator,0,31,13
375,859,862,edge,identifier,0,31,14
376,863,863,[,operator,0,31,18
377,864,864,x,identifier,0,31,19
378,865,865,],operator,0,31,20
379,866,866,.,operator,0,31,21
380,867,870,size,identifier,0,31,22
381,871,871,(,operator,0,31,26
382,872,872,),operator,0,31,27
383,873,873,-,operator,0,31,28
384,874,874,1,integer,0,31,29
385,875,875,;,operator,0,31,30
386,876,876,e,identifier,0,31,31
387,877,878,>=,operator,0,31,32
388,879,879,0,integer,0,31,34
389,880,880,;,operator,0,31,35
390,881,881,e,identifier,0,31,36
391,882,883,--,operator,0,31,37
392,884,884,),operator,0,31,39
393,886,886,{,operator,0,31,41
394,896,898,int,keyword,0,32,8
395,900,900,v,identifier,0,32,12
396,901,901,=,operator,0,32,13
397,902,905,edge,identifier,0,32,14
398,906,906,[,operator,0,32,18
399,907,907,x,identifier,0,32,19
400,908,908,],operator,0,32,20
401,909,909,[,operator,0,32,21
402,910,910,e,identifier,0,32,22
403,911,911,],operator,0,32,23
404,912,912,;,operator,0,32,24
405,914,915,if,keyword,0,32,26
406,916,916,(,operator,0,32,28
407,917,917,v,identifier,0,32,29
408,918,919,==,operator,0,32,30
409,920,920,f,identifier,0,32,32
410,921,921,),operator,0,32,33
411,923,930,continue,keyword,0,32,35
412,931,931,;,operator,0,32,43
413,941,947,dfs_son,identifier,0,33,8
414,948,948,(,operator,0,33,15
415,949,949,v,identifier,0,33,16
416,950,950,",",operator,0,33,17
417,951,951,x,identifier,0,33,18
418,952,952,),operator,0,33,19
419,953,953,;,operator,0,33,20
420,963,963,R,identifier,0,34,8
421,964,964,[,operator,0,34,9
422,965,965,x,identifier,0,34,10
423,966,966,],operator,0,34,11
424,967,967,=,operator,0,34,12
425,968,970,min,identifier,0,34,13
426,971,971,(,operator,0,34,16
427,972,972,R,identifier,0,34,17
428,973,973,[,operator,0,34,18
429,974,974,x,identifier,0,34,19
430,975,975,],operator,0,34,20
431,976,976,",",operator,0,34,21
432,977,977,R,identifier,0,34,22
433,978,978,[,operator,0,34,23
434,979,979,v,identifier,0,34,24
435,980,980,],operator,0,34,25
436,981,981,+,operator,0,34,26
437,982,982,1,integer,0,34,27
438,983,983,),operator,0,34,28
439,984,984,;,operator,0,34,29
440,986,986,L,identifier,0,34,31
441,987,987,[,operator,0,34,32
442,988,988,x,identifier,0,34,33
443,989,989,],operator,0,34,34
444,990,990,=,operator,0,34,35
445,991,993,max,identifier,0,34,36
446,994,994,(,operator,0,34,39
447,995,995,L,identifier,0,34,40
448,996,996,[,operator,0,34,41
449,997,997,x,identifier,0,34,42
450,998,998,],operator,0,34,43
451,999,999,",",operator,0,34,44
452,1000,1000,L,identifier,0,34,45
453,1001,1001,[,operator,0,34,46
454,1002,1002,v,identifier,0,34,47
455,1003,1003,],operator,0,34,48
456,1004,1004,-,operator,0,34,49
457,1005,1005,1,integer,0,34,50
458,1006,1006,),operator,0,34,51
459,1007,1007,;,operator,0,34,52
460,1017,1018,if,keyword,0,35,8
461,1019,1019,(,operator,0,35,10
462,1020,1020,~,operator,0,35,11
463,1021,1023,odd,identifier,0,35,12
464,1024,1024,[,operator,0,35,15
465,1025,1025,v,identifier,0,35,16
466,1026,1026,],operator,0,35,17
467,1027,1027,),operator,0,35,18
468,1029,1029,{,operator,0,35,20
469,1043,1044,if,keyword,0,36,12
470,1045,1045,(,operator,0,36,14
471,1046,1046,"!",operator,0,36,15
472,1047,1047,~,operator,0,36,16
473,1048,1050,odd,identifier,0,36,17
474,1051,1051,[,operator,0,36,20
475,1052,1052,x,identifier,0,36,21
476,1053,1053,],operator,0,36,22
477,1054,1054,),operator,0,36,23
478,1056,1058,odd,identifier,0,36,25
479,1059,1059,[,operator,0,36,28
480,1060,1060,x,identifier,0,36,29
481,1061,1061,],operator,0,36,30
482,1062,1062,=,operator,0,36,31
483,1063,1063,(,operator,0,36,32
484,1064,1064,"!",operator,0,36,33
485,1065,1067,odd,identifier,0,36,34
486,1068,1068,[,operator,0,36,37
487,1069,1069,v,identifier,0,36,38
488,1070,1070,],operator,0,36,39
489,1071,1071,),operator,0,36,40
490,1072,1072,;,operator,0,36,41
491,1086,1089,else,keyword,0,37,12
492,1091,1092,if,keyword,0,37,17
493,1093,1093,(,operator,0,37,19
494,1094,1096,odd,identifier,0,37,20
495,1097,1097,[,operator,0,37,23
496,1098,1098,x,identifier,0,37,24
497,1099,1099,],operator,0,37,25
498,1100,1101,==,operator,0,37,26
499,1102,1104,odd,identifier,0,37,28
500,1105,1105,[,operator,0,37,31
501,1106,1106,v,identifier,0,37,32
502,1107,1107,],operator,0,37,33
503,1108,1108,),operator,0,37,34
504,1110,1110,{,operator,0,37,36
505,1128,1131,puts,identifier,0,38,16
506,1132,1132,(,operator,0,38,20
507,1133,1136,"""No""",string,0,38,21
508,1137,1137,),operator,0,38,25
509,1138,1138,;,operator,0,38,26
510,1156,1159,exit,identifier,0,39,16
511,1160,1160,(,operator,0,39,20
512,1161,1161,0,integer,0,39,21
513,1162,1162,),operator,0,39,22
514,1163,1163,;,operator,0,39,23
515,1177,1177,},operator,0,40,12
516,1187,1187,},operator,0,41,8
517,1193,1193,},operator,0,42,4
518,1195,1195,},operator,0,43,0
519,1197,1202,inline,keyword,0,44,0
520,1204,1207,void,keyword,0,44,7
521,1209,1214,dfs_fa,identifier,0,44,12
522,1215,1215,(,operator,0,44,18
523,1216,1218,int,keyword,0,44,19
524,1220,1220,x,identifier,0,44,23
525,1221,1221,",",operator,0,44,24
526,1222,1224,int,keyword,0,44,25
527,1226,1226,f,identifier,0,44,29
528,1227,1227,),operator,0,44,30
529,1229,1229,{,operator,0,44,32
530,1235,1236,if,keyword,0,45,4
531,1237,1237,(,operator,0,45,6
532,1238,1238,f,identifier,0,45,7
533,1239,1239,),operator,0,45,8
534,1241,1241,{,operator,0,45,10
535,1251,1251,R,identifier,0,46,8
536,1252,1252,[,operator,0,46,9
537,1253,1253,x,identifier,0,46,10
538,1254,1254,],operator,0,46,11
539,1255,1255,=,operator,0,46,12
540,1256,1258,min,identifier,0,46,13
541,1259,1259,(,operator,0,46,16
542,1260,1260,R,identifier,0,46,17
543,1261,1261,[,operator,0,46,18
544,1262,1262,x,identifier,0,46,19
545,1263,1263,],operator,0,46,20
546,1264,1264,",",operator,0,46,21
547,1266,1266,R,identifier,0,46,23
548,1267,1267,[,operator,0,46,24
549,1268,1268,f,identifier,0,46,25
550,1269,1269,],operator,0,46,26
551,1270,1270,+,operator,0,46,27
552,1271,1271,1,integer,0,46,28
553,1272,1272,),operator,0,46,29
554,1273,1273,;,operator,0,46,30
555,1283,1283,L,identifier,0,47,8
556,1284,1284,[,operator,0,47,9
557,1285,1285,x,identifier,0,47,10
558,1286,1286,],operator,0,47,11
559,1287,1287,=,operator,0,47,12
560,1288,1290,max,identifier,0,47,13
561,1291,1291,(,operator,0,47,16
562,1292,1292,L,identifier,0,47,17
563,1293,1293,[,operator,0,47,18
564,1294,1294,x,identifier,0,47,19
565,1295,1295,],operator,0,47,20
566,1296,1296,",",operator,0,47,21
567,1298,1298,L,identifier,0,47,23
568,1299,1299,[,operator,0,47,24
569,1300,1300,f,identifier,0,47,25
570,1301,1301,],operator,0,47,26
571,1302,1302,-,operator,0,47,27
572,1303,1303,1,integer,0,47,28
573,1304,1304,),operator,0,47,29
574,1305,1305,;,operator,0,47,30
575,1315,1316,if,keyword,0,48,8
576,1317,1317,(,operator,0,48,10
577,1318,1318,~,operator,0,48,11
578,1319,1321,odd,identifier,0,48,12
579,1322,1322,[,operator,0,48,15
580,1323,1323,x,identifier,0,48,16
581,1324,1324,],operator,0,48,17
582,1325,1325,),operator,0,48,18
583,1327,1329,odd,identifier,0,48,20
584,1330,1330,[,operator,0,48,23
585,1331,1331,x,identifier,0,48,24
586,1332,1332,],operator,0,48,25
587,1333,1333,=,operator,0,48,26
588,1334,1334,(,operator,0,48,27
589,1335,1335,"!",operator,0,48,28
590,1336,1338,odd,identifier,0,48,29
591,1339,1339,[,operator,0,48,32
592,1340,1340,f,identifier,0,48,33
593,1341,1341,],operator,0,48,34
594,1342,1342,),operator,0,48,35
595,1343,1343,;,operator,0,48,36
596,1349,1349,},operator,0,49,4
597,1356,1357,if,keyword,0,50,4
598,1358,1358,(,operator,0,50,6
599,1359,1359,(,operator,0,50,7
600,1360,1360,L,identifier,0,50,8
601,1361,1361,[,operator,0,50,9
602,1362,1362,x,identifier,0,50,10
603,1363,1363,],operator,0,50,11
604,1364,1364,>,operator,0,50,12
605,1365,1365,R,identifier,0,50,13
606,1366,1366,[,operator,0,50,14
607,1367,1367,x,identifier,0,50,15
608,1368,1368,],operator,0,50,16
609,1369,1369,),operator,0,50,17
610,1371,1372,||,operator,0,50,19
611,1374,1374,(,operator,0,50,22
612,1375,1375,L,identifier,0,50,23
613,1376,1376,[,operator,0,50,24
614,1377,1377,x,identifier,0,50,25
615,1378,1378,],operator,0,50,26
616,1379,1380,==,operator,0,50,27
617,1381,1381,R,identifier,0,50,29
618,1382,1382,[,operator,0,50,30
619,1383,1383,x,identifier,0,50,31
620,1384,1384,],operator,0,50,32
621,1386,1387,&&,operator,0,50,34
622,1389,1389,(,operator,0,50,37
623,1390,1390,(,operator,0,50,38
624,1391,1391,L,identifier,0,50,39
625,1392,1392,[,operator,0,50,40
626,1393,1393,x,identifier,0,50,41
627,1394,1394,],operator,0,50,42
628,1395,1395,&,operator,0,50,43
629,1396,1396,1,integer,0,50,44
630,1397,1397,),operator,0,50,45
631,1398,1399,"!=",operator,0,50,46
632,1400,1402,odd,identifier,0,50,48
633,1403,1403,[,operator,0,50,51
634,1404,1404,x,identifier,0,50,52
635,1405,1405,],operator,0,50,53
636,1406,1406,),operator,0,50,54
637,1407,1407,),operator,0,50,55
638,1408,1408,),operator,0,50,56
639,1410,1410,{,operator,0,50,58
640,1420,1423,puts,identifier,0,51,8
641,1424,1424,(,operator,0,51,12
642,1425,1428,"""No""",string,0,51,13
643,1429,1429,),operator,0,51,17
644,1430,1430,;,operator,0,51,18
645,1432,1435,exit,identifier,0,51,20
646,1436,1436,(,operator,0,51,24
647,1437,1437,0,integer,0,51,25
648,1438,1438,),operator,0,51,26
649,1439,1439,;,operator,0,51,27
650,1445,1445,},operator,0,52,4
651,1451,1453,for,keyword,0,53,4
652,1454,1454,(,operator,0,53,7
653,1455,1457,int,keyword,0,53,8
654,1459,1459,e,identifier,0,53,12
655,1460,1460,=,operator,0,53,13
656,1461,1464,edge,identifier,0,53,14
657,1465,1465,[,operator,0,53,18
658,1466,1466,x,identifier,0,53,19
659,1467,1467,],operator,0,53,20
660,1468,1468,.,operator,0,53,21
661,1469,1472,size,identifier,0,53,22
662,1473,1473,(,operator,0,53,26
663,1474,1474,),operator,0,53,27
664,1475,1475,-,operator,0,53,28
665,1476,1476,1,integer,0,53,29
666,1477,1477,;,operator,0,53,30
667,1478,1478,e,identifier,0,53,31
668,1479,1480,>=,operator,0,53,32
669,1481,1481,0,integer,0,53,34
670,1482,1482,;,operator,0,53,35
671,1483,1483,e,identifier,0,53,36
672,1484,1485,--,operator,0,53,37
673,1486,1486,),operator,0,53,39
674,1488,1488,{,operator,0,53,41
675,1498,1500,int,keyword,0,54,8
676,1502,1502,v,identifier,0,54,12
677,1503,1503,=,operator,0,54,13
678,1504,1507,edge,identifier,0,54,14
679,1508,1508,[,operator,0,54,18
680,1509,1509,x,identifier,0,54,19
681,1510,1510,],operator,0,54,20
682,1511,1511,[,operator,0,54,21
683,1512,1512,e,identifier,0,54,22
684,1513,1513,],operator,0,54,23
685,1514,1514,;,operator,0,54,24
686,1516,1517,if,keyword,0,54,26
687,1518,1518,(,operator,0,54,28
688,1519,1519,v,identifier,0,54,29
689,1520,1521,==,operator,0,54,30
690,1522,1522,f,identifier,0,54,32
691,1523,1523,),operator,0,54,33
692,1525,1532,continue,keyword,0,54,35
693,1533,1533,;,operator,0,54,43
694,1543,1548,dfs_fa,identifier,0,55,8
695,1549,1549,(,operator,0,55,14
696,1550,1550,v,identifier,0,55,15
697,1551,1551,",",operator,0,55,16
698,1552,1552,x,identifier,0,55,17
699,1553,1553,),operator,0,55,18
700,1554,1554,;,operator,0,55,19
701,1560,1560,},operator,0,56,4
702,1562,1562,},operator,0,57,0
703,1564,1566,int,keyword,0,58,0
704,1568,1571,main,identifier,0,58,4
705,1572,1572,(,operator,0,58,8
706,1573,1573,),operator,0,58,9
707,1575,1575,{,operator,0,58,11
708,1581,1581,n,identifier,0,59,4
709,1582,1582,=,operator,0,59,5
710,1583,1584,rd,identifier,0,59,6
711,1585,1585,(,operator,0,59,8
712,1586,1586,),operator,0,59,9
713,1587,1587,;,operator,0,59,10
714,1593,1595,for,keyword,0,60,4
715,1596,1596,(,operator,0,60,7
716,1597,1599,int,keyword,0,60,8
717,1601,1601,i,identifier,0,60,12
718,1602,1602,=,operator,0,60,13
719,1603,1603,1,integer,0,60,14
720,1604,1604,;,operator,0,60,15
721,1605,1605,i,identifier,0,60,16
722,1606,1607,<=,operator,0,60,17
723,1608,1608,n,identifier,0,60,19
724,1609,1609,;,operator,0,60,20
725,1610,1610,i,identifier,0,60,21
726,1611,1612,++,operator,0,60,22
727,1613,1613,),operator,0,60,24
728,1615,1616,li,identifier,0,60,26
729,1617,1617,[,operator,0,60,28
730,1618,1618,i,identifier,0,60,29
731,1619,1619,],operator,0,60,30
732,1620,1620,=,operator,0,60,31
733,1621,1621,-,operator,0,60,32
734,1622,1624,INF,identifier,0,60,33
735,1625,1625,",",operator,0,60,36
736,1627,1628,ri,identifier,0,60,38
737,1629,1629,[,operator,0,60,40
738,1630,1630,i,identifier,0,60,41
739,1631,1631,],operator,0,60,42
740,1632,1632,=,operator,0,60,43
741,1633,1635,INF,identifier,0,60,44
742,1636,1636,",",operator,0,60,47
743,1638,1640,odd,identifier,0,60,49
744,1641,1641,[,operator,0,60,52
745,1642,1642,i,identifier,0,60,53
746,1643,1643,],operator,0,60,54
747,1644,1644,=,operator,0,60,55
748,1645,1645,-,operator,0,60,56
749,1646,1646,1,integer,0,60,57
750,1647,1647,;,operator,0,60,58
751,1653,1655,for,keyword,0,61,4
752,1656,1656,(,operator,0,61,7
753,1657,1659,int,keyword,0,61,8
754,1661,1661,i,identifier,0,61,12
755,1662,1662,=,operator,0,61,13
756,1663,1663,1,integer,0,61,14
757,1664,1664,;,operator,0,61,15
758,1665,1665,i,identifier,0,61,16
759,1666,1666,<,operator,0,61,17
760,1667,1667,n,identifier,0,61,18
761,1668,1668,;,operator,0,61,19
762,1669,1669,i,identifier,0,61,20
763,1670,1671,++,operator,0,61,21
764,1672,1672,),operator,0,61,23
765,1674,1674,{,operator,0,61,25
766,1684,1686,int,keyword,0,62,8
767,1688,1688,x,identifier,0,62,12
768,1689,1689,=,operator,0,62,13
769,1690,1691,rd,identifier,0,62,14
770,1692,1692,(,operator,0,62,16
771,1693,1693,),operator,0,62,17
772,1694,1694,",",operator,0,62,18
773,1696,1696,y,identifier,0,62,20
774,1697,1697,=,operator,0,62,21
775,1698,1699,rd,identifier,0,62,22
776,1700,1700,(,operator,0,62,24
777,1701,1701,),operator,0,62,25
778,1702,1702,;,operator,0,62,26
779,1712,1715,edge,identifier,0,63,8
780,1716,1716,[,operator,0,63,12
781,1717,1717,x,identifier,0,63,13
782,1718,1718,],operator,0,63,14
783,1719,1719,.,operator,0,63,15
784,1720,1728,push_back,identifier,0,63,16
785,1729,1729,(,operator,0,63,25
786,1730,1730,y,identifier,0,63,26
787,1731,1731,),operator,0,63,27
788,1732,1732,;,operator,0,63,28
789,1742,1745,edge,identifier,0,64,8
790,1746,1746,[,operator,0,64,12
791,1747,1747,y,identifier,0,64,13
792,1748,1748,],operator,0,64,14
793,1749,1749,.,operator,0,64,15
794,1750,1758,push_back,identifier,0,64,16
795,1759,1759,(,operator,0,64,25
796,1760,1760,x,identifier,0,64,26
797,1761,1761,),operator,0,64,27
798,1762,1762,;,operator,0,64,28
799,1768,1768,},operator,0,65,4
800,1774,1774,k,identifier,0,66,4
801,1775,1775,=,operator,0,66,5
802,1776,1777,rd,identifier,0,66,6
803,1778,1778,(,operator,0,66,8
804,1779,1779,),operator,0,66,9
805,1780,1780,;,operator,0,66,10
806,1786,1788,for,keyword,0,67,4
807,1789,1789,(,operator,0,67,7
808,1790,1792,int,keyword,0,67,8
809,1794,1794,i,identifier,0,67,12
810,1795,1795,=,operator,0,67,13
811,1796,1796,1,integer,0,67,14
812,1797,1797,;,operator,0,67,15
813,1798,1798,i,identifier,0,67,16
814,1799,1800,<=,operator,0,67,17
815,1801,1801,k,identifier,0,67,19
816,1802,1802,;,operator,0,67,20
817,1803,1803,i,identifier,0,67,21
818,1804,1805,++,operator,0,67,22
819,1806,1806,),operator,0,67,24
820,1808,1808,{,operator,0,67,26
821,1818,1820,int,keyword,0,68,8
822,1822,1822,x,identifier,0,68,12
823,1823,1823,=,operator,0,68,13
824,1824,1825,rd,identifier,0,68,14
825,1826,1826,(,operator,0,68,16
826,1827,1827,),operator,0,68,17
827,1828,1828,",",operator,0,68,18
828,1830,1830,v,identifier,0,68,20
829,1831,1831,=,operator,0,68,21
830,1832,1833,rd,identifier,0,68,22
831,1834,1834,(,operator,0,68,24
832,1835,1835,),operator,0,68,25
833,1836,1836,;,operator,0,68,26
834,1846,1847,li,identifier,0,69,8
835,1848,1848,[,operator,0,69,10
836,1849,1849,x,identifier,0,69,11
837,1850,1850,],operator,0,69,12
838,1851,1851,=,operator,0,69,13
839,1852,1853,ri,identifier,0,69,14
840,1854,1854,[,operator,0,69,16
841,1855,1855,x,identifier,0,69,17
842,1856,1856,],operator,0,69,18
843,1857,1857,=,operator,0,69,19
844,1858,1858,v,identifier,0,69,20
845,1859,1859,;,operator,0,69,21
846,1869,1871,odd,identifier,0,70,8
847,1872,1872,[,operator,0,70,11
848,1873,1873,x,identifier,0,70,12
849,1874,1874,],operator,0,70,13
850,1875,1875,=,operator,0,70,14
851,1876,1876,(,operator,0,70,15
852,1877,1877,v,identifier,0,70,16
853,1878,1878,&,operator,0,70,17
854,1879,1879,1,integer,0,70,18
855,1880,1880,),operator,0,70,19
856,1881,1881,;,operator,0,70,20
857,1887,1887,},operator,0,71,4
858,1893,1894,if,keyword,0,72,4
859,1895,1895,(,operator,0,72,6
860,1896,1896,"!",operator,0,72,7
861,1897,1897,k,identifier,0,72,8
862,1898,1898,),operator,0,72,9
863,1900,1900,{,operator,0,72,11
864,1910,1911,li,identifier,0,73,8
865,1912,1912,[,operator,0,73,10
866,1913,1913,1,integer,0,73,11
867,1914,1914,],operator,0,73,12
868,1915,1915,=,operator,0,73,13
869,1916,1917,ri,identifier,0,73,14
870,1918,1918,[,operator,0,73,16
871,1919,1919,1,integer,0,73,17
872,1920,1920,],operator,0,73,18
873,1921,1921,=,operator,0,73,19
874,1922,1922,0,integer,0,73,20
875,1923,1923,;,operator,0,73,21
876,1925,1927,odd,identifier,0,73,23
877,1928,1928,[,operator,0,73,26
878,1929,1929,1,integer,0,73,27
879,1930,1930,],operator,0,73,28
880,1931,1931,=,operator,0,73,29
881,1932,1932,0,integer,0,73,30
882,1933,1933,;,operator,0,73,31
883,1943,1948,getans,identifier,0,74,8
884,1949,1949,(,operator,0,74,14
885,1950,1950,1,integer,0,74,15
886,1951,1951,",",operator,0,74,16
887,1952,1952,0,integer,0,74,17
888,1953,1953,),operator,0,74,18
889,1954,1954,;,operator,0,74,19
890,1956,1959,puts,identifier,0,74,21
891,1960,1960,(,operator,0,74,25
892,1961,1965,"""Yes""",string,0,74,26
893,1966,1966,),operator,0,74,31
894,1967,1967,;,operator,0,74,32
895,1977,1979,for,keyword,0,75,8
896,1980,1980,(,operator,0,75,11
897,1981,1983,int,keyword,0,75,12
898,1985,1985,i,identifier,0,75,16
899,1986,1986,=,operator,0,75,17
900,1987,1987,1,integer,0,75,18
901,1988,1988,;,operator,0,75,19
902,1989,1989,i,identifier,0,75,20
903,1990,1991,<=,operator,0,75,21
904,1992,1992,n,identifier,0,75,23
905,1993,1993,;,operator,0,75,24
906,1994,1994,i,identifier,0,75,25
907,1995,1996,++,operator,0,75,26
908,1997,1997,),operator,0,75,28
909,1999,2004,printf,identifier,0,75,30
910,2005,2005,(,operator,0,75,36
911,2006,2011,"""%d\n""",string,0,75,37
912,2012,2012,",",operator,0,75,43
913,2013,2015,ans,identifier,0,75,44
914,2016,2016,[,operator,0,75,47
915,2017,2017,i,identifier,0,75,48
916,2018,2018,],operator,0,75,49
917,2019,2019,),operator,0,75,50
918,2020,2020,;,operator,0,75,51
919,2026,2026,},operator,0,76,4
920,2028,2031,else,keyword,0,76,6
921,2033,2033,{,operator,0,76,11
922,2043,2049,dfs_son,identifier,0,77,8
923,2050,2050,(,operator,0,77,15
924,2051,2051,1,integer,0,77,16
925,2052,2052,",",operator,0,77,17
926,2053,2053,0,integer,0,77,18
927,2054,2054,),operator,0,77,19
928,2055,2055,;,operator,0,77,20
929,2066,2071,dfs_fa,identifier,0,78,8
930,2072,2072,(,operator,0,78,14
931,2073,2073,1,integer,0,78,15
932,2074,2074,",",operator,0,78,16
933,2075,2075,0,integer,0,78,17
934,2076,2076,),operator,0,78,18
935,2077,2077,;,operator,0,78,19
936,2087,2092,getans,identifier,0,79,8
937,2093,2093,(,operator,0,79,14
938,2094,2094,1,integer,0,79,15
939,2095,2095,",",operator,0,79,16
940,2096,2096,0,integer,0,79,17
941,2097,2097,),operator,0,79,18
942,2098,2098,;,operator,0,79,19
943,2108,2111,puts,identifier,0,80,8
944,2112,2112,(,operator,0,80,12
945,2113,2117,"""Yes""",string,0,80,13
946,2118,2118,),operator,0,80,18
947,2119,2119,;,operator,0,80,19
948,2129,2131,for,keyword,0,81,8
949,2132,2132,(,operator,0,81,11
950,2133,2135,int,keyword,0,81,12
951,2137,2137,i,identifier,0,81,16
952,2138,2138,=,operator,0,81,17
953,2139,2139,1,integer,0,81,18
954,2140,2140,;,operator,0,81,19
955,2141,2141,i,identifier,0,81,20
956,2142,2143,<=,operator,0,81,21
957,2144,2144,n,identifier,0,81,23
958,2145,2145,;,operator,0,81,24
959,2146,2146,i,identifier,0,81,25
960,2147,2148,++,operator,0,81,26
961,2149,2149,),operator,0,81,28
962,2151,2156,printf,identifier,0,81,30
963,2157,2157,(,operator,0,81,36
964,2158,2163,"""%d\n""",string,0,81,37
965,2164,2164,",",operator,0,81,43
966,2165,2167,ans,identifier,0,81,44
967,2168,2168,[,operator,0,81,47
968,2169,2169,i,identifier,0,81,48
969,2170,2170,],operator,0,81,49
970,2171,2171,),operator,0,81,50
971,2172,2172,;,operator,0,81,51
972,2182,2182,},operator,0,82,4
973,2184,2184,},operator,0,83,0
974,2185,2184,<EOF>,eof,0,83,1
