seqnr,start,stop,text,class,channel,line,column
0,0,16,"#include <cstdio>",directive,1,1,0
1,18,36,"#include <iostream>",directive,1,2,0
2,38,53,"#include <cmath>",directive,1,3,0
3,55,73,"#include <cstring> ",directive,1,4,0
4,75,92,"#include <sstream>",directive,1,5,0
5,94,113,"#include <algorithm>",directive,1,6,0
6,115,132,"#include <cstdlib>",directive,1,7,0
7,134,147,"#include <map>",directive,1,8,0
8,149,164,"#include <queue>",directive,1,9,0
9,166,183,"#include <utility>",directive,1,10,0
10,185,201,"#include <vector>",directive,1,11,0
11,203,216,"#include <set>",directive,1,12,0
12,218,236,"#include <memory.h>",directive,1,13,0
13,238,255,"#include <iomanip>",directive,1,14,0
14,257,273,"#include <bitset>",directive,1,15,0
15,275,289,"#include <list>",directive,1,16,0
16,291,306,"#include <stack>",directive,1,17,0
17,310,314,using,keyword,0,19,0
18,316,324,namespace,keyword,0,19,6
19,326,328,std,identifier,0,19,16
20,329,329,;,operator,0,19,19
21,332,353,"#define mod 1000000007",directive,1,21,0
22,356,358,int,keyword,0,23,0
23,360,360,n,identifier,0,23,4
24,361,361,;,operator,0,23,5
25,363,368,vector,identifier,0,24,0
26,369,369,<,operator,0,24,6
27,370,375,vector,identifier,0,24,7
28,376,376,<,operator,0,24,13
29,377,379,int,keyword,0,24,14
30,380,380,>,operator,0,24,17
31,382,382,>,operator,0,24,19
32,384,388,graph,identifier,0,24,21
33,389,389,(,operator,0,24,26
34,390,395,100001,integer,0,24,27
35,396,396,),operator,0,24,33
36,397,397,;,operator,0,24,34
37,399,404,vector,identifier,0,25,0
38,405,405,<,operator,0,25,6
39,406,408,int,keyword,0,25,7
40,409,409,>,operator,0,25,10
41,411,414,node,identifier,0,25,12
42,415,415,(,operator,0,25,16
43,416,421,100001,integer,0,25,17
44,422,422,",",operator,0,25,23
45,424,424,-,operator,0,25,25
46,425,425,1,integer,0,25,26
47,426,426,),operator,0,25,27
48,427,427,;,operator,0,25,28
49,429,434,vector,identifier,0,26,0
50,435,435,<,operator,0,26,6
51,436,438,int,keyword,0,26,7
52,439,439,>,operator,0,26,10
53,441,446,parent,identifier,0,26,12
54,447,447,(,operator,0,26,18
55,448,453,100001,integer,0,26,19
56,454,454,",",operator,0,26,25
57,456,456,-,operator,0,26,27
58,457,457,1,integer,0,26,28
59,458,458,),operator,0,26,29
60,459,459,;,operator,0,26,30
61,461,466,vector,identifier,0,27,0
62,467,467,<,operator,0,27,6
63,468,471,pair,identifier,0,27,7
64,472,472,<,operator,0,27,11
65,473,475,int,keyword,0,27,12
66,476,476,",",operator,0,27,15
67,478,480,int,keyword,0,27,17
68,481,481,>,operator,0,27,20
69,483,483,>,operator,0,27,22
70,485,489,range,identifier,0,27,24
71,490,490,(,operator,0,27,29
72,491,496,100001,integer,0,27,30
73,497,497,),operator,0,27,36
74,498,498,;,operator,0,27,37
75,501,504,bool,keyword,0,29,0
76,506,513,cansolve,identifier,0,29,5
77,514,514,(,operator,0,29,13
78,515,517,int,keyword,0,29,14
79,519,519,x,identifier,0,29,18
80,520,520,),operator,0,29,19
81,522,522,{,operator,0,30,0
82,528,530,int,keyword,0,31,4
83,532,532,l,identifier,0,31,8
84,534,534,=,operator,0,31,10
85,536,536,-,operator,0,31,12
86,537,543,1000000,integer,0,31,13
87,544,544,",",operator,0,31,20
88,546,546,r,identifier,0,31,22
89,548,548,=,operator,0,31,24
90,550,556,2000000,integer,0,31,26
91,557,557,;,operator,0,31,33
92,563,565,for,keyword,0,32,4
93,566,566,(,operator,0,32,7
94,567,569,int,keyword,0,32,8
95,571,571,i,identifier,0,32,12
96,573,573,=,operator,0,32,14
97,575,575,0,integer,0,32,16
98,576,576,;,operator,0,32,17
99,578,578,i,identifier,0,32,19
100,580,580,<,operator,0,32,21
101,582,586,graph,identifier,0,32,23
102,587,587,[,operator,0,32,28
103,588,588,x,identifier,0,32,29
104,589,589,],operator,0,32,30
105,590,590,.,operator,0,32,31
106,591,594,size,identifier,0,32,32
107,595,595,(,operator,0,32,36
108,596,596,),operator,0,32,37
109,597,597,;,operator,0,32,38
110,599,599,i,identifier,0,32,40
111,600,601,++,operator,0,32,41
112,602,602,),operator,0,32,43
113,603,603,{,operator,0,32,44
114,613,615,int,keyword,0,33,8
115,617,624,nextnode,identifier,0,33,12
116,626,626,=,operator,0,33,21
117,628,632,graph,identifier,0,33,23
118,633,633,[,operator,0,33,28
119,634,634,x,identifier,0,33,29
120,635,635,],operator,0,33,30
121,636,636,[,operator,0,33,31
122,637,637,i,identifier,0,33,32
123,638,638,],operator,0,33,33
124,639,639,;,operator,0,33,34
125,649,650,if,keyword,0,34,8
126,651,651,(,operator,0,34,10
127,652,657,parent,identifier,0,34,11
128,658,658,[,operator,0,34,17
129,659,666,nextnode,identifier,0,34,18
130,667,667,],operator,0,34,26
131,669,670,"!=",operator,0,34,28
132,672,672,-,operator,0,34,31
133,673,673,1,integer,0,34,32
134,674,674,),operator,0,34,33
135,676,683,continue,keyword,0,34,35
136,684,684,;,operator,0,34,43
137,694,699,parent,identifier,0,35,8
138,700,700,[,operator,0,35,14
139,701,708,nextnode,identifier,0,35,15
140,709,709,],operator,0,35,23
141,711,711,=,operator,0,35,25
142,713,713,x,identifier,0,35,27
143,714,714,;,operator,0,35,28
144,724,727,bool,keyword,0,36,8
145,729,731,tmp,identifier,0,36,13
146,733,733,=,operator,0,36,17
147,735,742,cansolve,identifier,0,36,19
148,743,743,(,operator,0,36,27
149,744,751,nextnode,identifier,0,36,28
150,752,752,),operator,0,36,36
151,753,753,;,operator,0,36,37
152,763,764,if,keyword,0,37,8
153,765,765,(,operator,0,37,10
154,766,766,"!",operator,0,37,11
155,767,769,tmp,identifier,0,37,12
156,770,770,),operator,0,37,15
157,772,777,return,keyword,0,37,17
158,779,783,false,keyword,0,37,24
159,784,784,;,operator,0,37,29
160,794,794,l,identifier,0,38,8
161,796,796,=,operator,0,38,10
162,798,800,max,identifier,0,38,12
163,801,801,(,operator,0,38,15
164,802,802,l,identifier,0,38,16
165,803,803,",",operator,0,38,17
166,805,809,range,identifier,0,38,19
167,810,810,[,operator,0,38,24
168,811,818,nextnode,identifier,0,38,25
169,819,819,],operator,0,38,33
170,820,820,.,operator,0,38,34
171,821,825,first,identifier,0,38,35
172,827,827,-,operator,0,38,41
173,829,829,1,integer,0,38,43
174,830,830,),operator,0,38,44
175,831,831,;,operator,0,38,45
176,841,841,r,identifier,0,39,8
177,843,843,=,operator,0,39,10
178,845,847,min,identifier,0,39,12
179,848,848,(,operator,0,39,15
180,849,849,r,identifier,0,39,16
181,850,850,",",operator,0,39,17
182,852,856,range,identifier,0,39,19
183,857,857,[,operator,0,39,24
184,858,865,nextnode,identifier,0,39,25
185,866,866,],operator,0,39,33
186,867,867,.,operator,0,39,34
187,868,873,second,identifier,0,39,35
188,875,875,+,operator,0,39,42
189,877,877,1,integer,0,39,44
190,878,878,),operator,0,39,45
191,879,879,;,operator,0,39,46
192,885,885,},operator,0,40,4
193,891,892,if,keyword,0,41,4
194,893,893,(,operator,0,41,6
195,894,897,node,identifier,0,41,7
196,898,898,[,operator,0,41,11
197,899,899,x,identifier,0,41,12
198,900,900,],operator,0,41,13
199,902,903,"!=",operator,0,41,15
200,905,905,-,operator,0,41,18
201,906,906,1,integer,0,41,19
202,907,907,),operator,0,41,20
203,908,908,{,operator,0,41,21
204,918,918,l,identifier,0,42,8
205,920,920,=,operator,0,42,10
206,922,924,max,identifier,0,42,12
207,925,925,(,operator,0,42,15
208,926,926,l,identifier,0,42,16
209,927,927,",",operator,0,42,17
210,929,932,node,identifier,0,42,19
211,933,933,[,operator,0,42,23
212,934,934,x,identifier,0,42,24
213,935,935,],operator,0,42,25
214,936,936,),operator,0,42,26
215,937,937,;,operator,0,42,27
216,947,947,r,identifier,0,43,8
217,949,949,=,operator,0,43,10
218,951,953,min,identifier,0,43,12
219,954,954,(,operator,0,43,15
220,955,955,r,identifier,0,43,16
221,956,956,",",operator,0,43,17
222,958,961,node,identifier,0,43,19
223,962,962,[,operator,0,43,23
224,963,963,x,identifier,0,43,24
225,964,964,],operator,0,43,25
226,965,965,),operator,0,43,26
227,966,966,;,operator,0,43,27
228,972,972,},operator,0,44,4
229,978,979,if,keyword,0,45,4
230,980,980,(,operator,0,45,6
231,981,981,r,identifier,0,45,7
232,983,983,-,operator,0,45,9
233,985,985,l,identifier,0,45,11
234,987,987,<,operator,0,45,13
235,989,989,0,integer,0,45,15
236,990,990,),operator,0,45,16
237,992,997,return,keyword,0,45,18
238,999,1003,false,keyword,0,45,25
239,1004,1004,;,operator,0,45,30
240,1060,1064,range,identifier,0,47,4
241,1065,1065,[,operator,0,47,9
242,1066,1066,x,identifier,0,47,10
243,1067,1067,],operator,0,47,11
244,1069,1069,=,operator,0,47,13
245,1071,1079,make_pair,identifier,0,47,15
246,1080,1080,(,operator,0,47,24
247,1081,1081,l,identifier,0,47,25
248,1082,1082,",",operator,0,47,26
249,1084,1084,r,identifier,0,47,28
250,1085,1085,),operator,0,47,29
251,1086,1086,;,operator,0,47,30
252,1092,1097,return,keyword,0,48,4
253,1099,1102,true,keyword,0,48,11
254,1103,1103,;,operator,0,48,15
255,1105,1105,},operator,0,49,0
256,1108,1111,bool,keyword,0,51,0
257,1113,1122,definenode,identifier,0,51,5
258,1123,1123,(,operator,0,51,15
259,1124,1126,int,keyword,0,51,16
260,1128,1128,x,identifier,0,51,20
261,1129,1129,),operator,0,51,21
262,1131,1131,{,operator,0,52,0
263,1163,1165,int,keyword,0,54,4
264,1167,1169,tmp,identifier,0,54,8
265,1171,1171,=,operator,0,54,12
266,1173,1176,node,identifier,0,54,14
267,1177,1177,[,operator,0,54,18
268,1178,1178,x,identifier,0,54,19
269,1179,1179,],operator,0,54,20
270,1180,1180,;,operator,0,54,21
271,1186,1188,for,keyword,0,55,4
272,1189,1189,(,operator,0,55,7
273,1190,1192,int,keyword,0,55,8
274,1194,1194,i,identifier,0,55,12
275,1196,1196,=,operator,0,55,14
276,1198,1198,0,integer,0,55,16
277,1199,1199,;,operator,0,55,17
278,1201,1201,i,identifier,0,55,19
279,1203,1203,<,operator,0,55,21
280,1205,1209,graph,identifier,0,55,23
281,1210,1210,[,operator,0,55,28
282,1211,1211,x,identifier,0,55,29
283,1212,1212,],operator,0,55,30
284,1213,1213,.,operator,0,55,31
285,1214,1217,size,identifier,0,55,32
286,1218,1218,(,operator,0,55,36
287,1219,1219,),operator,0,55,37
288,1220,1220,;,operator,0,55,38
289,1222,1222,i,identifier,0,55,40
290,1223,1224,++,operator,0,55,41
291,1225,1225,),operator,0,55,43
292,1226,1226,{,operator,0,55,44
293,1236,1238,int,keyword,0,56,8
294,1240,1247,nextnode,identifier,0,56,12
295,1249,1249,=,operator,0,56,21
296,1251,1255,graph,identifier,0,56,23
297,1256,1256,[,operator,0,56,28
298,1257,1257,x,identifier,0,56,29
299,1258,1258,],operator,0,56,30
300,1259,1259,[,operator,0,56,31
301,1260,1260,i,identifier,0,56,32
302,1261,1261,],operator,0,56,33
303,1262,1262,;,operator,0,56,34
304,1336,1338,int,keyword,0,58,8
305,1340,1340,l,identifier,0,58,12
306,1342,1342,=,operator,0,58,14
307,1344,1348,range,identifier,0,58,16
308,1349,1349,[,operator,0,58,21
309,1350,1357,nextnode,identifier,0,58,22
310,1358,1358,],operator,0,58,30
311,1359,1359,.,operator,0,58,31
312,1360,1364,first,identifier,0,58,32
313,1365,1365,",",operator,0,58,37
314,1367,1367,r,identifier,0,58,39
315,1369,1369,=,operator,0,58,41
316,1371,1375,range,identifier,0,58,43
317,1376,1376,[,operator,0,58,48
318,1377,1384,nextnode,identifier,0,58,49
319,1385,1385,],operator,0,58,57
320,1386,1386,.,operator,0,58,58
321,1387,1392,second,identifier,0,58,59
322,1393,1393,;,operator,0,58,65
323,1403,1404,if,keyword,0,59,8
324,1405,1405,(,operator,0,59,10
325,1406,1411,parent,identifier,0,59,11
326,1412,1412,[,operator,0,59,17
327,1413,1420,nextnode,identifier,0,59,18
328,1421,1421,],operator,0,59,26
329,1423,1424,"!=",operator,0,59,28
330,1426,1426,x,identifier,0,59,31
331,1427,1427,),operator,0,59,32
332,1429,1436,continue,keyword,0,59,34
333,1437,1437,;,operator,0,59,42
334,1447,1448,if,keyword,0,60,8
335,1449,1449,(,operator,0,60,10
336,1450,1450,l,identifier,0,60,11
337,1452,1453,<=,operator,0,60,13
338,1455,1457,tmp,identifier,0,60,16
339,1459,1459,-,operator,0,60,20
340,1461,1461,1,integer,0,60,22
341,1463,1464,&&,operator,0,60,24
342,1466,1468,tmp,identifier,0,60,27
343,1470,1470,-,operator,0,60,31
344,1472,1472,1,integer,0,60,33
345,1474,1475,<=,operator,0,60,35
346,1477,1477,r,identifier,0,60,38
347,1478,1478,),operator,0,60,39
348,1479,1479,{,operator,0,60,40
349,1493,1496,node,identifier,0,61,12
350,1497,1497,[,operator,0,61,16
351,1498,1505,nextnode,identifier,0,61,17
352,1506,1506,],operator,0,61,25
353,1508,1508,=,operator,0,61,27
354,1510,1512,tmp,identifier,0,61,29
355,1514,1514,-,operator,0,61,33
356,1516,1516,1,integer,0,61,35
357,1517,1517,;,operator,0,61,36
358,1531,1532,if,keyword,0,62,12
359,1533,1533,(,operator,0,62,14
360,1534,1543,definenode,identifier,0,62,15
361,1544,1544,(,operator,0,62,25
362,1545,1552,nextnode,identifier,0,62,26
363,1553,1553,),operator,0,62,34
364,1554,1554,),operator,0,62,35
365,1555,1555,{,operator,0,62,36
366,1573,1580,continue,keyword,0,63,16
367,1581,1581,;,operator,0,63,24
368,1595,1595,},operator,0,64,12
369,1597,1600,else,keyword,0,64,14
370,1602,1603,if,keyword,0,64,19
371,1604,1604,(,operator,0,64,21
372,1605,1605,l,identifier,0,64,22
373,1607,1608,<=,operator,0,64,24
374,1610,1612,tmp,identifier,0,64,27
375,1614,1614,+,operator,0,64,31
376,1616,1616,1,integer,0,64,33
377,1618,1619,&&,operator,0,64,35
378,1621,1623,tmp,identifier,0,64,38
379,1625,1625,+,operator,0,64,42
380,1627,1627,1,integer,0,64,44
381,1629,1630,<=,operator,0,64,46
382,1632,1632,r,identifier,0,64,49
383,1633,1633,),operator,0,64,50
384,1635,1635,{,operator,0,64,52
385,1653,1656,node,identifier,0,65,16
386,1657,1657,[,operator,0,65,20
387,1658,1665,nextnode,identifier,0,65,21
388,1666,1666,],operator,0,65,29
389,1668,1668,=,operator,0,65,31
390,1670,1672,tmp,identifier,0,65,33
391,1674,1674,+,operator,0,65,37
392,1676,1676,1,integer,0,65,39
393,1677,1677,;,operator,0,65,40
394,1695,1696,if,keyword,0,66,16
395,1697,1697,(,operator,0,66,18
396,1698,1707,definenode,identifier,0,66,19
397,1708,1708,(,operator,0,66,29
398,1709,1716,nextnode,identifier,0,66,30
399,1717,1717,),operator,0,66,38
400,1718,1718,),operator,0,66,39
401,1720,1727,continue,keyword,0,66,41
402,1728,1728,;,operator,0,66,49
403,1746,1749,else,keyword,0,67,16
404,1751,1756,return,keyword,0,67,21
405,1758,1762,false,keyword,0,67,28
406,1763,1763,;,operator,0,67,33
407,1777,1777,},operator,0,68,12
408,1787,1787,},operator,0,69,8
409,1789,1792,else,keyword,0,69,10
410,1794,1795,if,keyword,0,69,15
411,1796,1796,(,operator,0,69,17
412,1797,1797,l,identifier,0,69,18
413,1799,1800,<=,operator,0,69,20
414,1802,1804,tmp,identifier,0,69,23
415,1806,1806,+,operator,0,69,27
416,1808,1808,1,integer,0,69,29
417,1810,1811,&&,operator,0,69,31
418,1813,1815,tmp,identifier,0,69,34
419,1817,1817,+,operator,0,69,38
420,1819,1819,1,integer,0,69,40
421,1821,1822,<=,operator,0,69,42
422,1824,1824,r,identifier,0,69,45
423,1825,1825,),operator,0,69,46
424,1826,1826,{,operator,0,69,47
425,1840,1843,node,identifier,0,70,12
426,1844,1844,[,operator,0,70,16
427,1845,1852,nextnode,identifier,0,70,17
428,1853,1853,],operator,0,70,25
429,1855,1855,=,operator,0,70,27
430,1857,1859,tmp,identifier,0,70,29
431,1861,1861,+,operator,0,70,33
432,1863,1863,1,integer,0,70,35
433,1864,1864,;,operator,0,70,36
434,1878,1879,if,keyword,0,71,12
435,1880,1880,(,operator,0,71,14
436,1881,1890,definenode,identifier,0,71,15
437,1891,1891,(,operator,0,71,25
438,1892,1899,nextnode,identifier,0,71,26
439,1900,1900,),operator,0,71,34
440,1901,1901,),operator,0,71,35
441,1903,1910,continue,keyword,0,71,37
442,1911,1911,;,operator,0,71,45
443,1925,1928,else,keyword,0,72,12
444,1930,1935,return,keyword,0,72,17
445,1937,1941,false,keyword,0,72,24
446,1942,1942,;,operator,0,72,29
447,1952,1952,},operator,0,73,8
448,1954,1957,else,keyword,0,73,10
449,1959,1964,return,keyword,0,73,15
450,1966,1970,false,keyword,0,73,22
451,1971,1971,;,operator,0,73,27
452,1977,1977,},operator,0,74,4
453,1983,1988,return,keyword,0,75,4
454,1990,1993,true,keyword,0,75,11
455,1994,1994,;,operator,0,75,15
456,1996,1996,},operator,0,76,0
457,1999,2001,int,keyword,0,78,0
458,2003,2006,main,identifier,0,78,4
459,2007,2007,(,operator,0,78,8
460,2008,2008,),operator,0,78,9
461,2010,2010,{,operator,0,79,0
462,2019,2021,cin,identifier,0,80,4
463,2023,2023,>,operator,0,80,8
464,2024,2024,>,operator,0,80,9
465,2026,2026,n,identifier,0,80,11
466,2027,2027,;,operator,0,80,12
467,2037,2039,for,keyword,0,81,4
468,2040,2040,(,operator,0,81,7
469,2041,2043,int,keyword,0,81,8
470,2045,2045,i,identifier,0,81,12
471,2047,2047,=,operator,0,81,14
472,2049,2049,0,integer,0,81,16
473,2050,2050,;,operator,0,81,17
474,2052,2052,i,identifier,0,81,19
475,2054,2054,<,operator,0,81,21
476,2056,2056,n,identifier,0,81,23
477,2058,2058,-,operator,0,81,25
478,2060,2060,1,integer,0,81,27
479,2061,2061,;,operator,0,81,28
480,2063,2063,i,identifier,0,81,30
481,2064,2065,++,operator,0,81,31
482,2066,2066,),operator,0,81,33
483,2067,2067,{,operator,0,81,34
484,2077,2079,int,keyword,0,82,8
485,2081,2081,a,identifier,0,82,12
486,2082,2082,",",operator,0,82,13
487,2084,2084,b,identifier,0,82,15
488,2085,2085,;,operator,0,82,16
489,2095,2097,cin,identifier,0,83,8
490,2099,2099,>,operator,0,83,12
491,2100,2100,>,operator,0,83,13
492,2102,2102,a,identifier,0,83,15
493,2104,2104,>,operator,0,83,17
494,2105,2105,>,operator,0,83,18
495,2107,2107,b,identifier,0,83,20
496,2108,2108,;,operator,0,83,21
497,2118,2122,graph,identifier,0,84,8
498,2123,2123,[,operator,0,84,13
499,2124,2124,a,identifier,0,84,14
500,2125,2125,],operator,0,84,15
501,2126,2126,.,operator,0,84,16
502,2127,2135,push_back,identifier,0,84,17
503,2136,2136,(,operator,0,84,26
504,2137,2137,b,identifier,0,84,27
505,2138,2138,),operator,0,84,28
506,2139,2139,;,operator,0,84,29
507,2149,2153,graph,identifier,0,85,8
508,2154,2154,[,operator,0,85,13
509,2155,2155,b,identifier,0,85,14
510,2156,2156,],operator,0,85,15
511,2157,2157,.,operator,0,85,16
512,2158,2166,push_back,identifier,0,85,17
513,2167,2167,(,operator,0,85,26
514,2168,2168,a,identifier,0,85,27
515,2169,2169,),operator,0,85,28
516,2170,2170,;,operator,0,85,29
517,2176,2176,},operator,0,86,4
518,2182,2184,int,keyword,0,87,4
519,2186,2186,k,identifier,0,87,8
520,2187,2187,;,operator,0,87,9
521,2193,2195,cin,identifier,0,88,4
522,2197,2197,>,operator,0,88,8
523,2198,2198,>,operator,0,88,9
524,2200,2200,k,identifier,0,88,11
525,2201,2201,;,operator,0,88,12
526,2207,2209,int,keyword,0,89,4
527,2211,2211,v,identifier,0,89,8
528,2212,2212,",",operator,0,89,9
529,2214,2214,p,identifier,0,89,11
530,2215,2215,;,operator,0,89,12
531,2221,2223,for,keyword,0,90,4
532,2224,2224,(,operator,0,90,7
533,2225,2227,int,keyword,0,90,8
534,2229,2229,i,identifier,0,90,12
535,2231,2231,=,operator,0,90,14
536,2233,2233,0,integer,0,90,16
537,2234,2234,;,operator,0,90,17
538,2236,2236,i,identifier,0,90,19
539,2238,2238,<,operator,0,90,21
540,2240,2240,k,identifier,0,90,23
541,2241,2241,;,operator,0,90,24
542,2243,2243,i,identifier,0,90,26
543,2244,2245,++,operator,0,90,27
544,2246,2246,),operator,0,90,29
545,2247,2247,{,operator,0,90,30
546,2257,2259,cin,identifier,0,91,8
547,2261,2261,>,operator,0,91,12
548,2262,2262,>,operator,0,91,13
549,2264,2264,v,identifier,0,91,15
550,2266,2266,>,operator,0,91,17
551,2267,2267,>,operator,0,91,18
552,2269,2269,p,identifier,0,91,20
553,2270,2270,;,operator,0,91,21
554,2280,2283,node,identifier,0,92,8
555,2284,2284,[,operator,0,92,12
556,2285,2285,v,identifier,0,92,13
557,2286,2286,],operator,0,92,14
558,2288,2288,=,operator,0,92,16
559,2290,2290,p,identifier,0,92,18
560,2291,2291,;,operator,0,92,19
561,2297,2297,},operator,0,93,4
562,2303,2308,parent,identifier,0,94,4
563,2309,2309,[,operator,0,94,10
564,2310,2310,v,identifier,0,94,11
565,2311,2311,],operator,0,94,12
566,2313,2313,=,operator,0,94,14
567,2315,2315,0,integer,0,94,16
568,2316,2316,;,operator,0,94,17
569,2322,2325,bool,keyword,0,95,4
570,2327,2332,result,identifier,0,95,9
571,2334,2334,=,operator,0,95,16
572,2336,2343,cansolve,identifier,0,95,18
573,2344,2344,(,operator,0,95,26
574,2345,2345,v,identifier,0,95,27
575,2346,2346,),operator,0,95,28
576,2347,2347,",",operator,0,95,29
577,2349,2351,ans,identifier,0,95,31
578,2353,2353,=,operator,0,95,35
579,2355,2364,definenode,identifier,0,95,37
580,2365,2365,(,operator,0,95,47
581,2366,2366,v,identifier,0,95,48
582,2367,2367,),operator,0,95,49
583,2368,2368,;,operator,0,95,50
584,2374,2375,if,keyword,0,96,4
585,2376,2376,(,operator,0,96,6
586,2377,2382,result,identifier,0,96,7
587,2384,2385,&&,operator,0,96,14
588,2387,2389,ans,identifier,0,96,17
589,2390,2390,),operator,0,96,20
590,2391,2391,{,operator,0,96,21
591,2401,2404,cout,identifier,0,97,8
592,2406,2406,<,operator,0,97,13
593,2407,2407,<,operator,0,97,14
594,2409,2413,"""Yes""",string,0,97,16
595,2415,2415,<,operator,0,97,22
596,2416,2416,<,operator,0,97,23
597,2418,2421,endl,identifier,0,97,25
598,2422,2422,;,operator,0,97,29
599,2432,2434,for,keyword,0,98,8
600,2435,2435,(,operator,0,98,11
601,2436,2438,int,keyword,0,98,12
602,2440,2440,i,identifier,0,98,16
603,2442,2442,=,operator,0,98,18
604,2444,2444,1,integer,0,98,20
605,2445,2445,;,operator,0,98,21
606,2447,2447,i,identifier,0,98,23
607,2449,2450,<=,operator,0,98,25
608,2452,2452,n,identifier,0,98,28
609,2453,2453,;,operator,0,98,29
610,2455,2455,i,identifier,0,98,31
611,2456,2457,++,operator,0,98,32
612,2458,2458,),operator,0,98,34
613,2459,2459,{,operator,0,98,35
614,2473,2476,cout,identifier,0,99,12
615,2478,2478,<,operator,0,99,17
616,2479,2479,<,operator,0,99,18
617,2481,2484,node,identifier,0,99,20
618,2485,2485,[,operator,0,99,24
619,2486,2486,i,identifier,0,99,25
620,2487,2487,],operator,0,99,26
621,2489,2489,<,operator,0,99,28
622,2490,2490,<,operator,0,99,29
623,2492,2495,endl,identifier,0,99,31
624,2496,2496,;,operator,0,99,35
625,2506,2506,},operator,0,100,8
626,2512,2512,},operator,0,101,4
627,2514,2517,else,keyword,0,101,6
628,2519,2519,{,operator,0,101,11
629,2529,2532,cout,identifier,0,102,8
630,2534,2534,<,operator,0,102,13
631,2535,2535,<,operator,0,102,14
632,2537,2540,"""No""",string,0,102,16
633,2542,2542,<,operator,0,102,21
634,2543,2543,<,operator,0,102,22
635,2545,2548,endl,identifier,0,102,24
636,2549,2549,;,operator,0,102,28
637,2555,2555,},operator,0,103,4
638,2561,2566,return,keyword,0,104,4
639,2568,2568,0,integer,0,104,11
640,2569,2569,;,operator,0,104,12
641,2571,2571,},operator,0,105,0
642,2572,2571,<EOF>,eof,0,105,1
