seqnr,start,stop,text,class,channel,line,column
0,0,16,"#include <cstdio>",directive,1,1,0
1,18,33,"#include <queue>",directive,1,2,0
2,35,51,"#include <vector>",directive,1,3,0
3,53,72,"#include <algorithm>",directive,1,4,0
4,74,92,"#include <iostream>",directive,1,5,0
5,94,98,using,keyword,0,6,0
6,100,108,namespace,keyword,0,6,6
7,110,112,std,identifier,0,6,16
8,113,113,;,operator,0,6,19
9,116,120,const,keyword,0,8,0
10,122,124,int,keyword,0,8,6
11,126,129,SIZE,identifier,0,8,10
12,130,130,=,operator,0,8,14
13,131,136,100005,integer,0,8,15
14,137,137,;,operator,0,8,21
15,139,143,const,keyword,0,9,0
16,145,147,int,keyword,0,9,6
17,149,151,INF,identifier,0,9,10
18,152,152,=,operator,0,9,13
19,153,161,100000005,integer,0,9,14
20,162,162,;,operator,0,9,23
21,165,170,vector,identifier,0,11,0
22,171,171,<,operator,0,11,6
23,172,174,int,keyword,0,11,7
24,175,175,>,operator,0,11,10
25,177,178,mp,identifier,0,11,12
26,179,179,[,operator,0,11,14
27,180,183,SIZE,identifier,0,11,15
28,184,184,],operator,0,11,19
29,185,185,;,operator,0,11,20
30,187,189,int,keyword,0,12,0
31,191,192,id,identifier,0,12,4
32,193,193,[,operator,0,12,6
33,194,197,SIZE,identifier,0,12,7
34,198,198,],operator,0,12,11
35,199,199,",",operator,0,12,12
36,200,200,L,identifier,0,12,13
37,201,201,[,operator,0,12,14
38,202,205,SIZE,identifier,0,12,15
39,206,206,],operator,0,12,19
40,207,207,",",operator,0,12,20
41,208,208,R,identifier,0,12,21
42,209,209,[,operator,0,12,22
43,210,213,SIZE,identifier,0,12,23
44,214,214,],operator,0,12,27
45,215,215,;,operator,0,12,28
46,217,220,bool,keyword,0,13,0
47,222,223,ok,identifier,0,13,5
48,224,224,=,operator,0,13,7
49,225,228,true,keyword,0,13,8
50,229,229,;,operator,0,13,12
51,232,235,void,keyword,0,15,0
52,237,241,solve,identifier,0,15,5
53,242,242,(,operator,0,15,10
54,243,245,int,keyword,0,15,11
55,247,247,v,identifier,0,15,15
56,248,248,",",operator,0,15,16
57,249,251,int,keyword,0,15,17
58,253,253,p,identifier,0,15,21
59,254,254,),operator,0,15,22
60,255,255,{,operator,0,15,23
61,261,262,if,keyword,0,16,4
62,263,263,(,operator,0,16,6
63,264,265,id,identifier,0,16,7
64,266,266,[,operator,0,16,9
65,267,267,v,identifier,0,16,10
66,268,268,],operator,0,16,11
67,269,270,==,operator,0,16,12
68,271,271,-,operator,0,16,14
69,272,272,1,integer,0,16,15
70,273,273,),operator,0,16,16
71,274,274,{,operator,0,16,17
72,284,284,L,identifier,0,17,8
73,285,285,[,operator,0,17,9
74,286,286,v,identifier,0,17,10
75,287,287,],operator,0,17,11
76,288,288,=,operator,0,17,12
77,289,289,-,operator,0,17,13
78,290,292,INF,identifier,0,17,14
79,293,293,;,operator,0,17,17
80,303,303,R,identifier,0,18,8
81,304,304,[,operator,0,18,9
82,305,305,v,identifier,0,18,10
83,306,306,],operator,0,18,11
84,307,307,=,operator,0,18,12
85,308,310,INF,identifier,0,18,13
86,311,311,;,operator,0,18,16
87,317,317,},operator,0,19,4
88,323,326,else,keyword,0,20,4
89,327,327,{,operator,0,20,8
90,337,337,L,identifier,0,21,8
91,338,338,[,operator,0,21,9
92,339,339,v,identifier,0,21,10
93,340,340,],operator,0,21,11
94,341,341,=,operator,0,21,12
95,342,342,R,identifier,0,21,13
96,343,343,[,operator,0,21,14
97,344,344,v,identifier,0,21,15
98,345,345,],operator,0,21,16
99,346,346,=,operator,0,21,17
100,347,348,id,identifier,0,21,18
101,349,349,[,operator,0,21,20
102,350,350,v,identifier,0,21,21
103,351,351,],operator,0,21,22
104,352,352,;,operator,0,21,23
105,358,358,},operator,0,22,4
106,364,366,for,keyword,0,23,4
107,367,367,(,operator,0,23,7
108,368,370,int,keyword,0,23,8
109,372,372,i,identifier,0,23,12
110,373,373,=,operator,0,23,13
111,374,374,0,integer,0,23,14
112,375,375,;,operator,0,23,15
113,376,376,i,identifier,0,23,16
114,377,377,<,operator,0,23,17
115,378,379,mp,identifier,0,23,18
116,380,380,[,operator,0,23,20
117,381,381,v,identifier,0,23,21
118,382,382,],operator,0,23,22
119,383,383,.,operator,0,23,23
120,384,387,size,identifier,0,23,24
121,388,388,(,operator,0,23,28
122,389,389,),operator,0,23,29
123,390,390,;,operator,0,23,30
124,391,391,i,identifier,0,23,31
125,392,393,++,operator,0,23,32
126,394,394,),operator,0,23,34
127,395,395,{,operator,0,23,35
128,405,407,int,keyword,0,24,8
129,409,410,to,identifier,0,24,12
130,411,411,=,operator,0,24,14
131,412,413,mp,identifier,0,24,15
132,414,414,[,operator,0,24,17
133,415,415,v,identifier,0,24,18
134,416,416,],operator,0,24,19
135,417,417,[,operator,0,24,20
136,418,418,i,identifier,0,24,21
137,419,419,],operator,0,24,22
138,420,420,;,operator,0,24,23
139,430,431,if,keyword,0,25,8
140,432,432,(,operator,0,25,10
141,433,434,to,identifier,0,25,11
142,435,436,==,operator,0,25,13
143,437,437,p,identifier,0,25,15
144,438,438,),operator,0,25,16
145,440,447,continue,keyword,0,25,18
146,448,448,;,operator,0,25,26
147,458,462,solve,identifier,0,26,8
148,463,463,(,operator,0,26,13
149,464,465,to,identifier,0,26,14
150,466,466,",",operator,0,26,16
151,467,467,v,identifier,0,26,17
152,468,468,),operator,0,26,18
153,469,469,;,operator,0,26,19
154,479,480,if,keyword,0,27,8
155,481,481,(,operator,0,27,10
156,482,482,L,identifier,0,27,11
157,483,483,[,operator,0,27,12
158,484,485,to,identifier,0,27,13
159,486,486,],operator,0,27,15
160,487,487,<,operator,0,27,16
161,488,488,-,operator,0,27,17
162,489,491,INF,identifier,0,27,18
163,492,492,/,operator,0,27,21
164,493,493,2,integer,0,27,22
165,494,494,),operator,0,27,23
166,496,503,continue,keyword,0,27,25
167,504,504,;,operator,0,27,33
168,514,515,if,keyword,0,28,8
169,516,516,(,operator,0,28,10
170,517,517,"!",operator,0,28,11
171,518,518,(,operator,0,28,12
172,519,519,L,identifier,0,28,13
173,520,520,[,operator,0,28,14
174,521,521,v,identifier,0,28,15
175,522,522,],operator,0,28,16
176,523,523,<,operator,0,28,17
177,524,524,-,operator,0,28,18
178,525,527,INF,identifier,0,28,19
179,528,528,/,operator,0,28,22
180,529,529,2,integer,0,28,23
181,530,530,),operator,0,28,24
182,531,531,),operator,0,28,25
183,532,532,{,operator,0,28,26
184,546,547,if,keyword,0,29,12
185,548,548,(,operator,0,29,14
186,549,549,L,identifier,0,29,15
187,550,550,[,operator,0,29,16
188,551,552,to,identifier,0,29,17
189,553,553,],operator,0,29,19
190,554,554,%,operator,0,29,20
191,555,555,2,integer,0,29,21
192,556,557,==,operator,0,29,22
193,558,558,L,identifier,0,29,24
194,559,559,[,operator,0,29,25
195,560,560,v,identifier,0,29,26
196,561,561,],operator,0,29,27
197,562,562,%,operator,0,29,28
198,563,563,2,integer,0,29,29
199,564,564,),operator,0,29,30
200,565,565,{,operator,0,29,31
201,583,584,ok,identifier,0,30,16
202,585,585,=,operator,0,30,18
203,586,590,false,keyword,0,30,19
204,591,591,;,operator,0,30,24
205,609,614,return,keyword,0,31,16
206,615,615,;,operator,0,31,22
207,629,629,},operator,0,32,12
208,639,639,},operator,0,33,8
209,649,649,L,identifier,0,34,8
210,650,650,[,operator,0,34,9
211,651,651,v,identifier,0,34,10
212,652,652,],operator,0,34,11
213,653,653,=,operator,0,34,12
214,654,656,max,identifier,0,34,13
215,657,657,(,operator,0,34,16
216,658,658,L,identifier,0,34,17
217,659,659,[,operator,0,34,18
218,660,661,to,identifier,0,34,19
219,662,662,],operator,0,34,21
220,663,663,-,operator,0,34,22
221,664,664,1,integer,0,34,23
222,665,665,",",operator,0,34,24
223,666,666,L,identifier,0,34,25
224,667,667,[,operator,0,34,26
225,668,668,v,identifier,0,34,27
226,669,669,],operator,0,34,28
227,670,670,),operator,0,34,29
228,671,671,;,operator,0,34,30
229,681,681,R,identifier,0,35,8
230,682,682,[,operator,0,35,9
231,683,683,v,identifier,0,35,10
232,684,684,],operator,0,35,11
233,685,685,=,operator,0,35,12
234,686,688,min,identifier,0,35,13
235,689,689,(,operator,0,35,16
236,690,690,R,identifier,0,35,17
237,691,691,[,operator,0,35,18
238,692,693,to,identifier,0,35,19
239,694,694,],operator,0,35,21
240,695,695,+,operator,0,35,22
241,696,696,1,integer,0,35,23
242,697,697,",",operator,0,35,24
243,698,698,R,identifier,0,35,25
244,699,699,[,operator,0,35,26
245,700,700,v,identifier,0,35,27
246,701,701,],operator,0,35,28
247,702,702,),operator,0,35,29
248,703,703,;,operator,0,35,30
249,713,714,if,keyword,0,36,8
250,715,715,(,operator,0,36,10
251,716,716,L,identifier,0,36,11
252,717,717,[,operator,0,36,12
253,718,718,v,identifier,0,36,13
254,719,719,],operator,0,36,14
255,720,720,>,operator,0,36,15
256,721,721,R,identifier,0,36,16
257,722,722,[,operator,0,36,17
258,723,723,v,identifier,0,36,18
259,724,724,],operator,0,36,19
260,725,725,),operator,0,36,20
261,726,726,{,operator,0,36,21
262,740,741,ok,identifier,0,37,12
263,742,742,=,operator,0,37,14
264,743,747,false,keyword,0,37,15
265,748,748,;,operator,0,37,20
266,762,767,return,keyword,0,38,12
267,768,768,;,operator,0,38,18
268,778,778,},operator,0,39,8
269,784,784,},operator,0,40,4
270,786,786,},operator,0,41,0
271,789,792,void,keyword,0,43,0
272,794,797,make,identifier,0,43,5
273,798,798,(,operator,0,43,9
274,799,801,int,keyword,0,43,10
275,803,803,v,identifier,0,43,14
276,804,804,",",operator,0,43,15
277,805,807,int,keyword,0,43,16
278,809,809,p,identifier,0,43,20
279,810,810,),operator,0,43,21
280,811,811,{,operator,0,43,22
281,817,819,for,keyword,0,44,4
282,820,820,(,operator,0,44,7
283,821,823,int,keyword,0,44,8
284,825,825,i,identifier,0,44,12
285,826,826,=,operator,0,44,13
286,827,827,0,integer,0,44,14
287,828,828,;,operator,0,44,15
288,829,829,i,identifier,0,44,16
289,830,830,<,operator,0,44,17
290,831,832,mp,identifier,0,44,18
291,833,833,[,operator,0,44,20
292,834,834,v,identifier,0,44,21
293,835,835,],operator,0,44,22
294,836,836,.,operator,0,44,23
295,837,840,size,identifier,0,44,24
296,841,841,(,operator,0,44,28
297,842,842,),operator,0,44,29
298,843,843,;,operator,0,44,30
299,844,844,i,identifier,0,44,31
300,845,846,++,operator,0,44,32
301,847,847,),operator,0,44,34
302,848,848,{,operator,0,44,35
303,858,860,int,keyword,0,45,8
304,862,863,to,identifier,0,45,12
305,864,864,=,operator,0,45,14
306,865,866,mp,identifier,0,45,15
307,867,867,[,operator,0,45,17
308,868,868,v,identifier,0,45,18
309,869,869,],operator,0,45,19
310,870,870,[,operator,0,45,20
311,871,871,i,identifier,0,45,21
312,872,872,],operator,0,45,22
313,873,873,;,operator,0,45,23
314,883,884,if,keyword,0,46,8
315,885,885,(,operator,0,46,10
316,886,887,to,identifier,0,46,11
317,888,889,==,operator,0,46,13
318,890,890,p,identifier,0,46,15
319,891,891,),operator,0,46,16
320,893,900,continue,keyword,0,46,18
321,901,901,;,operator,0,46,26
322,911,912,if,keyword,0,47,8
323,913,913,(,operator,0,47,10
324,914,915,id,identifier,0,47,11
325,916,916,[,operator,0,47,13
326,917,918,to,identifier,0,47,14
327,919,919,],operator,0,47,16
328,920,921,==,operator,0,47,17
329,922,922,-,operator,0,47,19
330,923,923,1,integer,0,47,20
331,924,924,),operator,0,47,21
332,925,925,{,operator,0,47,22
333,939,940,if,keyword,0,48,12
334,941,941,(,operator,0,48,14
335,942,942,L,identifier,0,48,15
336,943,943,[,operator,0,48,16
337,944,945,to,identifier,0,48,17
338,946,946,],operator,0,48,19
339,947,948,<=,operator,0,48,20
340,949,950,id,identifier,0,48,22
341,951,951,[,operator,0,48,24
342,952,952,v,identifier,0,48,25
343,953,953,],operator,0,48,26
344,954,954,+,operator,0,48,27
345,955,955,1,integer,0,48,28
346,957,958,&&,operator,0,48,30
347,960,961,id,identifier,0,48,33
348,962,962,[,operator,0,48,35
349,963,963,v,identifier,0,48,36
350,964,964,],operator,0,48,37
351,965,965,+,operator,0,48,38
352,966,966,1,integer,0,48,39
353,967,968,<=,operator,0,48,40
354,969,969,R,identifier,0,48,42
355,970,970,[,operator,0,48,43
356,971,972,to,identifier,0,48,44
357,973,973,],operator,0,48,46
358,974,974,),operator,0,48,47
359,976,977,id,identifier,0,48,49
360,978,978,[,operator,0,48,51
361,979,980,to,identifier,0,48,52
362,981,981,],operator,0,48,54
363,982,982,=,operator,0,48,55
364,983,984,id,identifier,0,48,56
365,985,985,[,operator,0,48,58
366,986,986,v,identifier,0,48,59
367,987,987,],operator,0,48,60
368,988,988,+,operator,0,48,61
369,989,989,1,integer,0,48,62
370,990,990,;,operator,0,48,63
371,992,995,else,keyword,0,48,65
372,997,998,id,identifier,0,48,70
373,999,999,[,operator,0,48,72
374,1000,1001,to,identifier,0,48,73
375,1002,1002,],operator,0,48,75
376,1003,1003,=,operator,0,48,76
377,1004,1005,id,identifier,0,48,77
378,1006,1006,[,operator,0,48,79
379,1007,1007,v,identifier,0,48,80
380,1008,1008,],operator,0,48,81
381,1009,1009,-,operator,0,48,82
382,1010,1010,1,integer,0,48,83
383,1011,1011,;,operator,0,48,84
384,1021,1021,},operator,0,49,8
385,1031,1034,make,identifier,0,50,8
386,1035,1035,(,operator,0,50,12
387,1036,1037,to,identifier,0,50,13
388,1038,1038,",",operator,0,50,15
389,1039,1039,v,identifier,0,50,16
390,1040,1040,),operator,0,50,17
391,1041,1041,;,operator,0,50,18
392,1047,1047,},operator,0,51,4
393,1049,1049,},operator,0,52,0
394,1052,1054,int,keyword,0,54,0
395,1056,1059,main,identifier,0,54,4
396,1060,1060,(,operator,0,54,8
397,1061,1061,),operator,0,54,9
398,1062,1062,{,operator,0,54,10
399,1068,1070,int,keyword,0,55,4
400,1072,1072,n,identifier,0,55,8
401,1073,1073,",",operator,0,55,9
402,1074,1074,k,identifier,0,55,10
403,1075,1075,;,operator,0,55,11
404,1081,1085,scanf,identifier,0,56,4
405,1086,1086,(,operator,0,56,9
406,1087,1090,"""%d""",string,0,56,10
407,1091,1091,",",operator,0,56,14
408,1092,1092,&,operator,0,56,15
409,1093,1093,n,identifier,0,56,16
410,1094,1094,),operator,0,56,17
411,1095,1095,;,operator,0,56,18
412,1101,1103,for,keyword,0,57,4
413,1104,1104,(,operator,0,57,7
414,1105,1107,int,keyword,0,57,8
415,1109,1109,i,identifier,0,57,12
416,1110,1110,=,operator,0,57,13
417,1111,1111,0,integer,0,57,14
418,1112,1112,;,operator,0,57,15
419,1113,1113,i,identifier,0,57,16
420,1114,1114,<,operator,0,57,17
421,1115,1115,n,identifier,0,57,18
422,1116,1116,-,operator,0,57,19
423,1117,1117,1,integer,0,57,20
424,1118,1118,;,operator,0,57,21
425,1119,1119,i,identifier,0,57,22
426,1120,1121,++,operator,0,57,23
427,1122,1122,),operator,0,57,25
428,1123,1123,{,operator,0,57,26
429,1133,1135,int,keyword,0,58,8
430,1137,1137,a,identifier,0,58,12
431,1138,1138,",",operator,0,58,13
432,1139,1139,b,identifier,0,58,14
433,1140,1140,;,operator,0,58,15
434,1150,1154,scanf,identifier,0,59,8
435,1155,1155,(,operator,0,59,13
436,1156,1161,"""%d%d""",string,0,59,14
437,1162,1162,",",operator,0,59,20
438,1163,1163,&,operator,0,59,21
439,1164,1164,a,identifier,0,59,22
440,1165,1165,",",operator,0,59,23
441,1166,1166,&,operator,0,59,24
442,1167,1167,b,identifier,0,59,25
443,1168,1168,),operator,0,59,26
444,1169,1169,;,operator,0,59,27
445,1179,1179,a,identifier,0,60,8
446,1180,1181,--,operator,0,60,9
447,1182,1182,;,operator,0,60,11
448,1192,1192,b,identifier,0,61,8
449,1193,1194,--,operator,0,61,9
450,1195,1195,;,operator,0,61,11
451,1205,1206,mp,identifier,0,62,8
452,1207,1207,[,operator,0,62,10
453,1208,1208,a,identifier,0,62,11
454,1209,1209,],operator,0,62,12
455,1210,1210,.,operator,0,62,13
456,1211,1219,push_back,identifier,0,62,14
457,1220,1220,(,operator,0,62,23
458,1221,1221,b,identifier,0,62,24
459,1222,1222,),operator,0,62,25
460,1223,1223,;,operator,0,62,26
461,1233,1234,mp,identifier,0,63,8
462,1235,1235,[,operator,0,63,10
463,1236,1236,b,identifier,0,63,11
464,1237,1237,],operator,0,63,12
465,1238,1238,.,operator,0,63,13
466,1239,1247,push_back,identifier,0,63,14
467,1248,1248,(,operator,0,63,23
468,1249,1249,a,identifier,0,63,24
469,1250,1250,),operator,0,63,25
470,1251,1251,;,operator,0,63,26
471,1261,1262,id,identifier,0,64,8
472,1263,1263,[,operator,0,64,10
473,1264,1264,i,identifier,0,64,11
474,1265,1265,],operator,0,64,12
475,1266,1266,=,operator,0,64,13
476,1267,1267,-,operator,0,64,14
477,1268,1268,1,integer,0,64,15
478,1269,1269,;,operator,0,64,16
479,1275,1275,},operator,0,65,4
480,1281,1282,id,identifier,0,66,4
481,1283,1283,[,operator,0,66,6
482,1284,1284,n,identifier,0,66,7
483,1285,1285,-,operator,0,66,8
484,1286,1286,1,integer,0,66,9
485,1287,1287,],operator,0,66,10
486,1288,1288,=,operator,0,66,11
487,1289,1289,-,operator,0,66,12
488,1290,1290,1,integer,0,66,13
489,1291,1291,;,operator,0,66,14
490,1297,1301,scanf,identifier,0,67,4
491,1302,1302,(,operator,0,67,9
492,1303,1306,"""%d""",string,0,67,10
493,1307,1307,",",operator,0,67,14
494,1308,1308,&,operator,0,67,15
495,1309,1309,k,identifier,0,67,16
496,1310,1310,),operator,0,67,17
497,1311,1311,;,operator,0,67,18
498,1317,1319,for,keyword,0,68,4
499,1320,1320,(,operator,0,68,7
500,1321,1323,int,keyword,0,68,8
501,1325,1325,i,identifier,0,68,12
502,1326,1326,=,operator,0,68,13
503,1327,1327,0,integer,0,68,14
504,1328,1328,;,operator,0,68,15
505,1329,1329,i,identifier,0,68,16
506,1330,1330,<,operator,0,68,17
507,1331,1331,k,identifier,0,68,18
508,1332,1332,;,operator,0,68,19
509,1333,1333,i,identifier,0,68,20
510,1334,1335,++,operator,0,68,21
511,1336,1336,),operator,0,68,23
512,1337,1337,{,operator,0,68,24
513,1347,1349,int,keyword,0,69,8
514,1351,1351,v,identifier,0,69,12
515,1352,1352,",",operator,0,69,13
516,1353,1353,p,identifier,0,69,14
517,1354,1354,;,operator,0,69,15
518,1364,1368,scanf,identifier,0,70,8
519,1369,1369,(,operator,0,70,13
520,1370,1375,"""%d%d""",string,0,70,14
521,1376,1376,",",operator,0,70,20
522,1377,1377,&,operator,0,70,21
523,1378,1378,v,identifier,0,70,22
524,1379,1379,",",operator,0,70,23
525,1380,1380,&,operator,0,70,24
526,1381,1381,p,identifier,0,70,25
527,1382,1382,),operator,0,70,26
528,1383,1383,;,operator,0,70,27
529,1393,1393,v,identifier,0,71,8
530,1394,1395,--,operator,0,71,9
531,1396,1396,;,operator,0,71,11
532,1406,1407,id,identifier,0,72,8
533,1408,1408,[,operator,0,72,10
534,1409,1409,v,identifier,0,72,11
535,1410,1410,],operator,0,72,12
536,1411,1411,=,operator,0,72,13
537,1412,1412,p,identifier,0,72,14
538,1413,1413,;,operator,0,72,15
539,1419,1419,},operator,0,73,4
540,1425,1429,solve,identifier,0,74,4
541,1430,1430,(,operator,0,74,9
542,1431,1431,0,integer,0,74,10
543,1432,1432,",",operator,0,74,11
544,1433,1433,-,operator,0,74,12
545,1434,1434,1,integer,0,74,13
546,1435,1435,),operator,0,74,14
547,1436,1436,;,operator,0,74,15
548,1442,1443,if,keyword,0,75,4
549,1444,1444,(,operator,0,75,6
550,1445,1445,"!",operator,0,75,7
551,1446,1447,ok,identifier,0,75,8
552,1448,1448,),operator,0,75,10
553,1450,1453,puts,identifier,0,75,12
554,1454,1454,(,operator,0,75,16
555,1455,1458,"""No""",string,0,75,17
556,1459,1459,),operator,0,75,21
557,1460,1460,;,operator,0,75,22
558,1466,1469,else,keyword,0,76,4
559,1470,1470,{,operator,0,76,8
560,1480,1483,puts,identifier,0,77,8
561,1484,1484,(,operator,0,77,12
562,1485,1489,"""Yes""",string,0,77,13
563,1490,1490,),operator,0,77,18
564,1491,1491,;,operator,0,77,19
565,1501,1502,id,identifier,0,78,8
566,1503,1503,[,operator,0,78,10
567,1504,1504,0,integer,0,78,11
568,1505,1505,],operator,0,78,12
569,1506,1506,=,operator,0,78,13
570,1507,1507,L,identifier,0,78,14
571,1508,1508,[,operator,0,78,15
572,1509,1509,0,integer,0,78,16
573,1510,1510,],operator,0,78,17
574,1511,1511,;,operator,0,78,18
575,1521,1524,make,identifier,0,79,8
576,1525,1525,(,operator,0,79,12
577,1526,1526,0,integer,0,79,13
578,1527,1527,",",operator,0,79,14
579,1528,1528,-,operator,0,79,15
580,1529,1529,1,integer,0,79,16
581,1530,1530,),operator,0,79,17
582,1531,1531,;,operator,0,79,18
583,1541,1543,for,keyword,0,80,8
584,1544,1544,(,operator,0,80,11
585,1545,1547,int,keyword,0,80,12
586,1549,1549,i,identifier,0,80,16
587,1550,1550,=,operator,0,80,17
588,1551,1551,0,integer,0,80,18
589,1552,1552,;,operator,0,80,19
590,1553,1553,i,identifier,0,80,20
591,1554,1554,<,operator,0,80,21
592,1555,1555,n,identifier,0,80,22
593,1556,1556,;,operator,0,80,23
594,1557,1557,i,identifier,0,80,24
595,1558,1559,++,operator,0,80,25
596,1560,1560,),operator,0,80,27
597,1562,1567,printf,identifier,0,80,29
598,1568,1568,(,operator,0,80,35
599,1569,1574,"""%d\n""",string,0,80,36
600,1575,1575,",",operator,0,80,42
601,1576,1577,id,identifier,0,80,43
602,1578,1578,[,operator,0,80,45
603,1579,1579,i,identifier,0,80,46
604,1580,1580,],operator,0,80,47
605,1581,1581,),operator,0,80,48
606,1582,1582,;,operator,0,80,49
607,1588,1588,},operator,0,81,4
608,1594,1599,return,keyword,0,82,4
609,1601,1601,0,integer,0,82,11
610,1602,1602,;,operator,0,82,12
611,1604,1604,},operator,0,83,0
612,1605,1604,<EOF>,eof,0,83,1
