seqnr,start,stop,text,class,channel,line,column
0,0,23,"#include <bits/stdc++.h>",directive,1,1,0
1,26,30,using,keyword,0,3,0
2,32,40,namespace,keyword,0,3,6
3,42,44,std,identifier,0,3,16
4,45,45,;,operator,0,3,19
5,48,54,typedef,keyword,0,5,0
6,56,59,long,keyword,0,5,8
7,61,64,long,keyword,0,5,13
8,66,67,ll,identifier,0,5,18
9,68,68,;,operator,0,5,20
10,70,74,const,keyword,0,6,0
11,76,77,ll,identifier,0,6,6
12,79,81,INF,identifier,0,6,9
13,83,83,=,operator,0,6,13
14,85,87,1LL,integer,0,6,15
15,89,89,<,operator,0,6,19
16,90,90,<,operator,0,6,20
17,92,93,60,integer,0,6,22
18,94,94,;,operator,0,6,24
19,97,99,int,keyword,0,8,0
20,101,104,main,identifier,0,8,4
21,105,105,(,operator,0,8,8
22,106,106,),operator,0,8,9
23,108,108,{,operator,0,8,11
24,114,116,cin,identifier,0,9,4
25,117,117,.,operator,0,9,7
26,118,120,tie,identifier,0,9,8
27,121,121,(,operator,0,9,11
28,122,122,0,integer,0,9,12
29,123,123,),operator,0,9,13
30,124,124,;,operator,0,9,14
31,130,132,ios,identifier,0,10,4
32,133,134,::,operator,0,10,7
33,135,149,sync_with_stdio,identifier,0,10,9
34,150,150,(,operator,0,10,24
35,151,155,false,keyword,0,10,25
36,156,156,),operator,0,10,30
37,157,157,;,operator,0,10,31
38,168,169,ll,identifier,0,12,4
39,171,171,N,identifier,0,12,7
40,172,172,;,operator,0,12,8
41,179,181,cin,identifier,0,14,4
42,183,183,>,operator,0,14,8
43,184,184,>,operator,0,14,9
44,186,186,N,identifier,0,14,11
45,187,187,;,operator,0,14,12
46,194,199,vector,identifier,0,16,4
47,200,200,<,operator,0,16,10
48,202,207,vector,identifier,0,16,12
49,208,208,<,operator,0,16,18
50,209,210,ll,identifier,0,16,19
51,211,211,>,operator,0,16,21
52,213,213,>,operator,0,16,23
53,215,215,M,identifier,0,16,25
54,216,216,;,operator,0,16,26
55,222,222,M,identifier,0,17,4
56,223,223,.,operator,0,17,5
57,224,229,resize,identifier,0,17,6
58,230,230,(,operator,0,17,12
59,231,231,N,identifier,0,17,13
60,232,232,),operator,0,17,14
61,233,233,;,operator,0,17,15
62,240,242,for,keyword,0,19,4
63,244,244,(,operator,0,19,8
64,245,246,ll,identifier,0,19,9
65,248,248,i,identifier,0,19,12
66,250,250,=,operator,0,19,14
67,252,252,0,integer,0,19,16
68,253,253,;,operator,0,19,17
69,255,255,i,identifier,0,19,19
70,257,257,<,operator,0,19,21
71,259,259,N,identifier,0,19,23
72,260,260,;,operator,0,19,24
73,262,263,++,operator,0,19,26
74,264,264,i,identifier,0,19,28
75,265,265,),operator,0,19,29
76,267,267,{,operator,0,19,31
77,277,277,M,identifier,0,20,8
78,278,278,[,operator,0,20,9
79,279,279,i,identifier,0,20,10
80,280,280,],operator,0,20,11
81,281,281,.,operator,0,20,12
82,282,286,clear,identifier,0,20,13
83,287,287,(,operator,0,20,18
84,288,288,),operator,0,20,19
85,289,289,;,operator,0,20,20
86,295,295,},operator,0,21,4
87,302,304,for,keyword,0,23,4
88,306,306,(,operator,0,23,8
89,307,308,ll,identifier,0,23,9
90,310,310,i,identifier,0,23,12
91,312,312,=,operator,0,23,14
92,314,314,0,integer,0,23,16
93,315,315,;,operator,0,23,17
94,317,317,i,identifier,0,23,19
95,319,319,<,operator,0,23,21
96,321,321,N,identifier,0,23,23
97,322,322,-,operator,0,23,24
98,323,323,1,integer,0,23,25
99,324,324,;,operator,0,23,26
100,326,327,++,operator,0,23,28
101,328,328,i,identifier,0,23,30
102,329,329,),operator,0,23,31
103,331,331,{,operator,0,23,33
104,341,342,ll,identifier,0,24,8
105,344,344,a,identifier,0,24,11
106,345,345,;,operator,0,24,12
107,355,356,ll,identifier,0,25,8
108,358,358,b,identifier,0,25,11
109,359,359,;,operator,0,25,12
110,370,372,cin,identifier,0,27,8
111,374,374,>,operator,0,27,12
112,375,375,>,operator,0,27,13
113,377,377,a,identifier,0,27,15
114,379,379,>,operator,0,27,17
115,380,380,>,operator,0,27,18
116,382,382,b,identifier,0,27,20
117,383,383,;,operator,0,27,21
118,393,393,a,identifier,0,28,8
119,394,395,--,operator,0,28,9
120,396,396,;,operator,0,28,11
121,406,406,b,identifier,0,29,8
122,407,408,--,operator,0,29,9
123,409,409,;,operator,0,29,11
124,420,420,M,identifier,0,31,8
125,421,421,[,operator,0,31,9
126,422,422,a,identifier,0,31,10
127,423,423,],operator,0,31,11
128,424,424,.,operator,0,31,12
129,425,433,push_back,identifier,0,31,13
130,434,434,(,operator,0,31,22
131,435,435,b,identifier,0,31,23
132,436,436,),operator,0,31,24
133,437,437,;,operator,0,31,25
134,447,447,M,identifier,0,32,8
135,448,448,[,operator,0,32,9
136,449,449,b,identifier,0,32,10
137,450,450,],operator,0,32,11
138,451,451,.,operator,0,32,12
139,452,460,push_back,identifier,0,32,13
140,461,461,(,operator,0,32,22
141,462,462,a,identifier,0,32,23
142,463,463,),operator,0,32,24
143,464,464,;,operator,0,32,25
144,470,470,},operator,0,33,4
145,477,478,ll,identifier,0,35,4
146,480,480,K,identifier,0,35,7
147,481,481,;,operator,0,35,8
148,487,492,vector,identifier,0,36,4
149,493,493,<,operator,0,36,10
150,494,495,ll,identifier,0,36,11
151,496,496,>,operator,0,36,13
152,498,498,P,identifier,0,36,15
153,499,499,;,operator,0,36,16
154,506,506,P,identifier,0,38,4
155,507,507,.,operator,0,38,5
156,508,513,resize,identifier,0,38,6
157,514,514,(,operator,0,38,12
158,515,515,N,identifier,0,38,13
159,516,516,),operator,0,38,14
160,517,517,;,operator,0,38,15
161,523,526,fill,identifier,0,39,4
162,527,527,(,operator,0,39,8
163,528,528,P,identifier,0,39,9
164,529,529,.,operator,0,39,10
165,530,534,begin,identifier,0,39,11
166,535,535,(,operator,0,39,16
167,536,536,),operator,0,39,17
168,537,537,",",operator,0,39,18
169,539,539,P,identifier,0,39,20
170,540,540,.,operator,0,39,21
171,541,543,end,identifier,0,39,22
172,544,544,(,operator,0,39,25
173,545,545,),operator,0,39,26
174,546,546,",",operator,0,39,27
175,548,548,-,operator,0,39,29
176,549,549,1,integer,0,39,30
177,550,550,),operator,0,39,31
178,551,551,;,operator,0,39,32
179,558,560,cin,identifier,0,41,4
180,562,562,>,operator,0,41,8
181,563,563,>,operator,0,41,9
182,565,565,K,identifier,0,41,11
183,566,566,;,operator,0,41,12
184,573,575,for,keyword,0,43,4
185,577,577,(,operator,0,43,8
186,578,579,ll,identifier,0,43,9
187,581,581,i,identifier,0,43,12
188,583,583,=,operator,0,43,14
189,585,585,0,integer,0,43,16
190,586,586,;,operator,0,43,17
191,588,588,i,identifier,0,43,19
192,590,590,<,operator,0,43,21
193,592,592,K,identifier,0,43,23
194,593,593,;,operator,0,43,24
195,595,596,++,operator,0,43,26
196,597,597,i,identifier,0,43,28
197,598,598,),operator,0,43,29
198,600,600,{,operator,0,43,31
199,610,611,ll,identifier,0,44,8
200,613,613,v,identifier,0,44,11
201,614,614,;,operator,0,44,12
202,624,625,ll,identifier,0,45,8
203,627,627,p,identifier,0,45,11
204,628,628,;,operator,0,45,12
205,647,649,cin,identifier,0,47,8
206,651,651,>,operator,0,47,12
207,652,652,>,operator,0,47,13
208,654,654,v,identifier,0,47,15
209,656,656,>,operator,0,47,17
210,657,657,>,operator,0,47,18
211,659,659,p,identifier,0,47,20
212,660,660,;,operator,0,47,21
213,670,670,v,identifier,0,48,8
214,671,672,--,operator,0,48,9
215,673,673,;,operator,0,48,11
216,684,684,P,identifier,0,50,8
217,685,685,[,operator,0,50,9
218,686,686,v,identifier,0,50,10
219,687,687,],operator,0,50,11
220,689,689,=,operator,0,50,13
221,691,691,p,identifier,0,50,15
222,692,692,;,operator,0,50,16
223,698,698,},operator,0,51,4
224,705,710,vector,identifier,0,53,4
225,711,711,<,operator,0,53,10
226,713,716,pair,identifier,0,53,12
227,717,717,<,operator,0,53,16
228,718,719,ll,identifier,0,53,17
229,720,720,",",operator,0,53,19
230,722,723,ll,identifier,0,53,21
231,724,724,>,operator,0,53,23
232,726,726,>,operator,0,53,25
233,728,728,R,identifier,0,53,27
234,729,729,;,operator,0,53,28
235,735,735,R,identifier,0,54,4
236,736,736,.,operator,0,54,5
237,737,742,resize,identifier,0,54,6
238,743,743,(,operator,0,54,12
239,744,744,N,identifier,0,54,13
240,745,745,),operator,0,54,14
241,746,746,;,operator,0,54,15
242,753,760,function,identifier,0,56,4
243,761,761,<,operator,0,56,12
244,762,765,pair,identifier,0,56,13
245,766,766,<,operator,0,56,17
246,767,768,ll,identifier,0,56,18
247,769,769,",",operator,0,56,20
248,771,772,ll,identifier,0,56,22
249,773,773,>,operator,0,56,24
250,775,775,(,operator,0,56,26
251,776,777,ll,identifier,0,56,27
252,778,778,",",operator,0,56,29
253,780,781,ll,identifier,0,56,31
254,782,782,),operator,0,56,33
255,783,783,>,operator,0,56,34
256,785,787,dfs,identifier,0,56,36
257,789,789,=,operator,0,56,40
258,791,791,[,operator,0,56,42
259,792,792,&,operator,0,56,43
260,793,793,],operator,0,56,44
261,794,794,(,operator,0,56,45
262,795,796,ll,identifier,0,56,46
263,798,798,u,identifier,0,56,49
264,799,799,",",operator,0,56,50
265,801,802,ll,identifier,0,56,52
266,804,804,p,identifier,0,56,55
267,805,805,),operator,0,56,56
268,807,807,{,operator,0,56,58
269,817,818,ll,identifier,0,57,8
270,820,821,mv,identifier,0,57,11
271,823,823,=,operator,0,57,14
272,825,825,-,operator,0,57,16
273,826,828,INF,identifier,0,57,17
274,829,829,;,operator,0,57,20
275,847,848,ll,identifier,0,58,8
276,850,851,xv,identifier,0,58,11
277,853,853,=,operator,0,58,14
278,855,857,INF,identifier,0,58,16
279,858,858,;,operator,0,58,19
280,877,879,for,keyword,0,60,8
281,881,881,(,operator,0,60,12
282,882,883,ll,identifier,0,60,13
283,885,886,nu,identifier,0,60,16
284,887,887,:,operator,0,60,18
285,889,889,M,identifier,0,60,20
286,890,890,[,operator,0,60,21
287,891,891,u,identifier,0,60,22
288,892,892,],operator,0,60,23
289,893,893,),operator,0,60,24
290,895,895,{,operator,0,60,26
291,909,910,if,keyword,0,61,12
292,912,912,(,operator,0,61,15
293,913,914,nu,identifier,0,61,16
294,916,917,"!=",operator,0,61,19
295,919,919,p,identifier,0,61,22
296,920,920,),operator,0,61,23
297,922,922,{,operator,0,61,25
298,940,943,pair,identifier,0,62,16
299,944,944,<,operator,0,62,20
300,945,946,ll,identifier,0,62,21
301,947,947,",",operator,0,62,23
302,949,950,ll,identifier,0,62,25
303,951,951,>,operator,0,62,27
304,953,954,rv,identifier,0,62,29
305,956,956,=,operator,0,62,32
306,958,960,dfs,identifier,0,62,34
307,961,961,(,operator,0,62,37
308,962,963,nu,identifier,0,62,38
309,964,964,",",operator,0,62,40
310,966,966,u,identifier,0,62,42
311,967,967,),operator,0,62,43
312,968,968,;,operator,0,62,44
313,987,988,mv,identifier,0,64,16
314,990,990,=,operator,0,64,19
315,992,994,max,identifier,0,64,21
316,995,995,(,operator,0,64,24
317,996,997,mv,identifier,0,64,25
318,998,998,",",operator,0,64,27
319,1000,1001,rv,identifier,0,64,29
320,1002,1002,.,operator,0,64,31
321,1003,1007,first,identifier,0,64,32
322,1008,1008,),operator,0,64,37
323,1009,1009,;,operator,0,64,38
324,1027,1028,xv,identifier,0,65,16
325,1030,1030,=,operator,0,65,19
326,1032,1034,min,identifier,0,65,21
327,1035,1035,(,operator,0,65,24
328,1036,1037,xv,identifier,0,65,25
329,1038,1038,",",operator,0,65,27
330,1040,1041,rv,identifier,0,65,29
331,1042,1042,.,operator,0,65,31
332,1043,1048,second,identifier,0,65,32
333,1049,1049,),operator,0,65,38
334,1050,1050,;,operator,0,65,39
335,1064,1064,},operator,0,66,12
336,1074,1074,},operator,0,67,8
337,1085,1086,if,keyword,0,69,8
338,1088,1088,(,operator,0,69,11
339,1089,1089,P,identifier,0,69,12
340,1090,1090,[,operator,0,69,13
341,1091,1091,u,identifier,0,69,14
342,1092,1092,],operator,0,69,15
343,1094,1095,>=,operator,0,69,17
344,1097,1097,0,integer,0,69,20
345,1098,1098,),operator,0,69,21
346,1100,1100,{,operator,0,69,23
347,1114,1115,mv,identifier,0,70,12
348,1117,1117,=,operator,0,70,15
349,1119,1121,max,identifier,0,70,17
350,1122,1122,(,operator,0,70,20
351,1123,1124,mv,identifier,0,70,21
352,1125,1125,",",operator,0,70,23
353,1127,1127,P,identifier,0,70,25
354,1128,1128,[,operator,0,70,26
355,1129,1129,u,identifier,0,70,27
356,1130,1130,],operator,0,70,28
357,1131,1131,),operator,0,70,29
358,1132,1132,;,operator,0,70,30
359,1146,1147,xv,identifier,0,71,12
360,1149,1149,=,operator,0,71,15
361,1151,1153,min,identifier,0,71,17
362,1154,1154,(,operator,0,71,20
363,1155,1156,xv,identifier,0,71,21
364,1157,1157,",",operator,0,71,23
365,1159,1159,P,identifier,0,71,25
366,1160,1160,[,operator,0,71,26
367,1161,1161,u,identifier,0,71,27
368,1162,1162,],operator,0,71,28
369,1163,1163,),operator,0,71,29
370,1164,1164,;,operator,0,71,30
371,1174,1174,},operator,0,72,8
372,1185,1185,R,identifier,0,74,8
373,1186,1186,[,operator,0,74,9
374,1187,1187,u,identifier,0,74,10
375,1188,1188,],operator,0,74,11
376,1190,1190,=,operator,0,74,13
377,1192,1200,make_pair,identifier,0,74,15
378,1201,1201,(,operator,0,74,24
379,1202,1203,mv,identifier,0,74,25
380,1204,1204,",",operator,0,74,27
381,1206,1207,xv,identifier,0,74,29
382,1208,1208,),operator,0,74,31
383,1209,1209,;,operator,0,74,32
384,1219,1224,return,keyword,0,75,8
385,1226,1234,make_pair,identifier,0,75,15
386,1235,1235,(,operator,0,75,24
387,1236,1237,mv,identifier,0,75,25
388,1238,1238,-,operator,0,75,27
389,1239,1239,1,integer,0,75,28
390,1240,1240,",",operator,0,75,29
391,1242,1243,xv,identifier,0,75,31
392,1244,1244,+,operator,0,75,33
393,1245,1245,1,integer,0,75,34
394,1246,1246,),operator,0,75,35
395,1247,1247,;,operator,0,75,36
396,1253,1253,},operator,0,76,4
397,1254,1254,;,operator,0,76,5
398,1261,1263,dfs,identifier,0,78,4
399,1264,1264,(,operator,0,78,7
400,1265,1265,0,integer,0,78,8
401,1266,1266,",",operator,0,78,9
402,1268,1268,-,operator,0,78,11
403,1269,1269,1,integer,0,78,12
404,1270,1270,),operator,0,78,13
405,1271,1271,;,operator,0,78,14
406,1452,1459,function,identifier,0,86,4
407,1460,1460,<,operator,0,86,12
408,1461,1464,void,keyword,0,86,13
409,1466,1466,(,operator,0,86,18
410,1467,1468,ll,identifier,0,86,19
411,1469,1469,",",operator,0,86,21
412,1471,1472,ll,identifier,0,86,23
413,1473,1473,),operator,0,86,25
414,1474,1474,>,operator,0,86,26
415,1476,1479,dfs2,identifier,0,86,28
416,1481,1481,=,operator,0,86,33
417,1483,1483,[,operator,0,86,35
418,1484,1484,&,operator,0,86,36
419,1485,1485,],operator,0,86,37
420,1486,1486,(,operator,0,86,38
421,1487,1488,ll,identifier,0,86,39
422,1490,1490,u,identifier,0,86,42
423,1491,1491,",",operator,0,86,43
424,1493,1494,ll,identifier,0,86,45
425,1496,1496,p,identifier,0,86,48
426,1497,1497,),operator,0,86,49
427,1499,1499,{,operator,0,86,51
428,1509,1510,if,keyword,0,87,8
429,1512,1512,(,operator,0,87,11
430,1513,1513,p,identifier,0,87,12
431,1515,1516,>=,operator,0,87,14
432,1518,1518,0,integer,0,87,17
433,1519,1519,),operator,0,87,18
434,1521,1521,{,operator,0,87,20
435,1535,1535,R,identifier,0,88,12
436,1536,1536,[,operator,0,88,13
437,1537,1537,u,identifier,0,88,14
438,1538,1538,],operator,0,88,15
439,1539,1539,.,operator,0,88,16
440,1540,1544,first,identifier,0,88,17
441,1546,1546,=,operator,0,88,23
442,1548,1550,max,identifier,0,88,25
443,1551,1551,(,operator,0,88,28
444,1552,1552,R,identifier,0,88,29
445,1553,1553,[,operator,0,88,30
446,1554,1554,u,identifier,0,88,31
447,1555,1555,],operator,0,88,32
448,1556,1556,.,operator,0,88,33
449,1557,1561,first,identifier,0,88,34
450,1562,1562,",",operator,0,88,39
451,1564,1564,R,identifier,0,88,41
452,1565,1565,[,operator,0,88,42
453,1566,1566,p,identifier,0,88,43
454,1567,1567,],operator,0,88,44
455,1568,1568,.,operator,0,88,45
456,1569,1573,first,identifier,0,88,46
457,1574,1574,-,operator,0,88,51
458,1575,1575,1,integer,0,88,52
459,1576,1576,),operator,0,88,53
460,1577,1577,;,operator,0,88,54
461,1591,1591,R,identifier,0,89,12
462,1592,1592,[,operator,0,89,13
463,1593,1593,u,identifier,0,89,14
464,1594,1594,],operator,0,89,15
465,1595,1595,.,operator,0,89,16
466,1596,1601,second,identifier,0,89,17
467,1603,1603,=,operator,0,89,24
468,1605,1607,min,identifier,0,89,26
469,1608,1608,(,operator,0,89,29
470,1609,1609,R,identifier,0,89,30
471,1610,1610,[,operator,0,89,31
472,1611,1611,u,identifier,0,89,32
473,1612,1612,],operator,0,89,33
474,1613,1613,.,operator,0,89,34
475,1614,1619,second,identifier,0,89,35
476,1620,1620,",",operator,0,89,41
477,1622,1622,R,identifier,0,89,43
478,1623,1623,[,operator,0,89,44
479,1624,1624,p,identifier,0,89,45
480,1625,1625,],operator,0,89,46
481,1626,1626,.,operator,0,89,47
482,1627,1632,second,identifier,0,89,48
483,1633,1633,+,operator,0,89,54
484,1634,1634,1,integer,0,89,55
485,1635,1635,),operator,0,89,56
486,1636,1636,;,operator,0,89,57
487,1646,1646,},operator,0,90,8
488,1657,1659,for,keyword,0,92,8
489,1661,1661,(,operator,0,92,12
490,1662,1663,ll,identifier,0,92,13
491,1665,1666,nu,identifier,0,92,16
492,1667,1667,:,operator,0,92,18
493,1669,1669,M,identifier,0,92,20
494,1670,1670,[,operator,0,92,21
495,1671,1671,u,identifier,0,92,22
496,1672,1672,],operator,0,92,23
497,1673,1673,),operator,0,92,24
498,1675,1675,{,operator,0,92,26
499,1689,1690,if,keyword,0,93,12
500,1692,1692,(,operator,0,93,15
501,1693,1694,nu,identifier,0,93,16
502,1696,1697,"!=",operator,0,93,19
503,1699,1699,p,identifier,0,93,22
504,1700,1700,),operator,0,93,23
505,1702,1702,{,operator,0,93,25
506,1720,1723,dfs2,identifier,0,94,16
507,1724,1724,(,operator,0,94,20
508,1725,1726,nu,identifier,0,94,21
509,1727,1727,",",operator,0,94,23
510,1729,1729,u,identifier,0,94,25
511,1730,1730,),operator,0,94,26
512,1731,1731,;,operator,0,94,27
513,1745,1745,},operator,0,95,12
514,1755,1755,},operator,0,96,8
515,1762,1762,},operator,0,98,4
516,1763,1763,;,operator,0,98,5
517,1770,1773,dfs2,identifier,0,100,4
518,1774,1774,(,operator,0,100,8
519,1775,1775,0,integer,0,100,9
520,1776,1776,",",operator,0,100,10
521,1778,1778,-,operator,0,100,12
522,1779,1779,1,integer,0,100,13
523,1780,1780,),operator,0,100,14
524,1781,1781,;,operator,0,100,15
525,1961,1964,bool,keyword,0,107,4
526,1966,1966,B,identifier,0,107,9
527,1968,1968,=,operator,0,107,11
528,1970,1973,true,keyword,0,107,13
529,1974,1974,;,operator,0,107,17
530,1981,1983,for,keyword,0,109,4
531,1985,1985,(,operator,0,109,8
532,1986,1987,ll,identifier,0,109,9
533,1989,1989,i,identifier,0,109,12
534,1991,1991,=,operator,0,109,14
535,1993,1993,0,integer,0,109,16
536,1994,1994,;,operator,0,109,17
537,1996,1996,i,identifier,0,109,19
538,1998,1998,<,operator,0,109,21
539,2000,2000,N,identifier,0,109,23
540,2001,2001,;,operator,0,109,24
541,2003,2004,++,operator,0,109,26
542,2005,2005,i,identifier,0,109,28
543,2006,2006,),operator,0,109,29
544,2008,2008,{,operator,0,109,31
545,2018,2019,if,keyword,0,110,8
546,2021,2021,(,operator,0,110,11
547,2022,2022,(,operator,0,110,12
548,2023,2023,R,identifier,0,110,13
549,2024,2024,[,operator,0,110,14
550,2025,2025,i,identifier,0,110,15
551,2026,2026,],operator,0,110,16
552,2027,2027,.,operator,0,110,17
553,2028,2032,first,identifier,0,110,18
554,2034,2034,%,operator,0,110,24
555,2036,2036,2,integer,0,110,26
556,2038,2039,"!=",operator,0,110,28
557,2041,2041,R,identifier,0,110,31
558,2042,2042,[,operator,0,110,32
559,2043,2043,i,identifier,0,110,33
560,2044,2044,],operator,0,110,34
561,2045,2045,.,operator,0,110,35
562,2046,2051,second,identifier,0,110,36
563,2053,2053,%,operator,0,110,43
564,2055,2055,2,integer,0,110,45
565,2056,2056,),operator,0,110,46
566,2058,2059,||,operator,0,110,48
567,2061,2061,(,operator,0,110,51
568,2062,2062,R,identifier,0,110,52
569,2063,2063,[,operator,0,110,53
570,2064,2064,i,identifier,0,110,54
571,2065,2065,],operator,0,110,55
572,2066,2066,.,operator,0,110,56
573,2067,2071,first,identifier,0,110,57
574,2073,2073,>,operator,0,110,63
575,2075,2075,R,identifier,0,110,65
576,2076,2076,[,operator,0,110,66
577,2077,2077,i,identifier,0,110,67
578,2078,2078,],operator,0,110,68
579,2079,2079,.,operator,0,110,69
580,2080,2085,second,identifier,0,110,70
581,2086,2086,),operator,0,110,76
582,2087,2087,),operator,0,110,77
583,2089,2089,{,operator,0,110,79
584,2103,2103,B,identifier,0,111,12
585,2105,2105,=,operator,0,111,14
586,2107,2111,false,keyword,0,111,16
587,2112,2112,;,operator,0,111,21
588,2122,2122,},operator,0,112,8
589,2128,2128,},operator,0,113,4
590,2135,2136,if,keyword,0,115,4
591,2138,2138,(,operator,0,115,7
592,2139,2139,B,identifier,0,115,8
593,2140,2140,),operator,0,115,9
594,2142,2142,{,operator,0,115,11
595,2152,2155,cout,identifier,0,116,8
596,2157,2157,<,operator,0,116,13
597,2158,2158,<,operator,0,116,14
598,2160,2164,"""Yes""",string,0,116,16
599,2166,2166,<,operator,0,116,22
600,2167,2167,<,operator,0,116,23
601,2169,2172,endl,identifier,0,116,25
602,2173,2173,;,operator,0,116,29
603,2183,2185,for,keyword,0,117,8
604,2187,2187,(,operator,0,117,12
605,2188,2189,ll,identifier,0,117,13
606,2191,2191,i,identifier,0,117,16
607,2193,2193,=,operator,0,117,18
608,2195,2195,0,integer,0,117,20
609,2196,2196,;,operator,0,117,21
610,2198,2198,i,identifier,0,117,23
611,2200,2200,<,operator,0,117,25
612,2202,2202,N,identifier,0,117,27
613,2203,2203,;,operator,0,117,28
614,2205,2206,++,operator,0,117,30
615,2207,2207,i,identifier,0,117,32
616,2208,2208,),operator,0,117,33
617,2210,2210,{,operator,0,117,35
618,2224,2227,cout,identifier,0,118,12
619,2229,2229,<,operator,0,118,17
620,2230,2230,<,operator,0,118,18
621,2232,2232,R,identifier,0,118,20
622,2233,2233,[,operator,0,118,21
623,2234,2234,i,identifier,0,118,22
624,2235,2235,],operator,0,118,23
625,2236,2236,.,operator,0,118,24
626,2237,2241,first,identifier,0,118,25
627,2243,2243,<,operator,0,118,31
628,2244,2244,<,operator,0,118,32
629,2246,2249,endl,identifier,0,118,34
630,2250,2250,;,operator,0,118,38
631,2260,2260,},operator,0,119,8
632,2266,2266,},operator,0,120,4
633,2268,2271,else,keyword,0,120,6
634,2273,2273,{,operator,0,120,11
635,2283,2286,cout,identifier,0,121,8
636,2288,2288,<,operator,0,121,13
637,2289,2289,<,operator,0,121,14
638,2291,2294,"""No""",string,0,121,16
639,2296,2296,<,operator,0,121,21
640,2297,2297,<,operator,0,121,22
641,2299,2302,endl,identifier,0,121,24
642,2303,2303,;,operator,0,121,28
643,2309,2309,},operator,0,122,4
644,2318,2323,return,keyword,0,126,4
645,2325,2325,0,integer,0,126,11
646,2326,2326,;,operator,0,126,12
647,2328,2328,},operator,0,127,0
648,2330,2329,<EOF>,eof,0,128,0
