seqnr,start,stop,text,class,channel,line,column
0,0,23,"#include <bits/stdc++.h>",directive,1,1,0
1,25,29,using,keyword,0,2,0
2,31,39,namespace,keyword,0,2,6
3,41,43,std,identifier,0,2,16
4,44,44,;,operator,0,2,19
5,46,50,const,keyword,0,3,0
6,52,54,int,keyword,0,3,6
7,56,59,maxn,identifier,0,3,10
8,61,61,=,operator,0,3,15
9,63,65,1e5,floating,0,3,17
10,67,67,+,operator,0,3,21
11,69,70,10,integer,0,3,23
12,72,72,;,operator,0,3,26
13,74,79,vector,identifier,0,4,0
14,80,80,<,operator,0,4,6
15,81,83,int,keyword,0,4,7
16,84,84,>,operator,0,4,10
17,86,86,G,identifier,0,4,12
18,87,87,[,operator,0,4,13
19,88,91,maxn,identifier,0,4,14
20,92,92,],operator,0,4,18
21,94,94,;,operator,0,4,20
22,96,98,int,keyword,0,5,0
23,100,100,l,identifier,0,5,4
24,101,101,[,operator,0,5,5
25,102,105,maxn,identifier,0,5,6
26,106,106,],operator,0,5,10
27,107,107,",",operator,0,5,11
28,109,109,r,identifier,0,5,13
29,110,110,[,operator,0,5,14
30,111,114,maxn,identifier,0,5,15
31,115,115,],operator,0,5,19
32,117,117,;,operator,0,5,21
33,119,121,int,keyword,0,6,0
34,123,125,ans,identifier,0,6,4
35,126,126,[,operator,0,6,7
36,127,130,maxn,identifier,0,6,8
37,131,131,],operator,0,6,12
38,133,133,;,operator,0,6,14
39,135,138,bool,keyword,0,7,0
40,140,142,pre,identifier,0,7,5
41,143,143,[,operator,0,7,8
42,144,147,maxn,identifier,0,7,9
43,148,148,],operator,0,7,13
44,150,150,;,operator,0,7,15
45,152,155,void,keyword,0,8,0
46,157,163,addEdge,identifier,0,8,5
47,165,165,(,operator,0,8,13
48,166,168,int,keyword,0,8,14
49,170,170,u,identifier,0,8,18
50,171,171,",",operator,0,8,19
51,173,175,int,keyword,0,8,21
52,177,177,v,identifier,0,8,25
53,178,178,),operator,0,8,26
54,180,180,{,operator,0,8,28
55,183,183,G,identifier,0,9,1
56,184,184,[,operator,0,9,2
57,185,185,u,identifier,0,9,3
58,186,186,],operator,0,9,4
59,187,187,.,operator,0,9,5
60,188,196,push_back,identifier,0,9,6
61,198,198,(,operator,0,9,16
62,199,199,v,identifier,0,9,17
63,200,200,),operator,0,9,18
64,202,202,;,operator,0,9,20
65,205,205,G,identifier,0,10,1
66,206,206,[,operator,0,10,2
67,207,207,v,identifier,0,10,3
68,208,208,],operator,0,10,4
69,209,209,.,operator,0,10,5
70,210,218,push_back,identifier,0,10,6
71,220,220,(,operator,0,10,16
72,221,221,u,identifier,0,10,17
73,222,222,),operator,0,10,18
74,224,224,;,operator,0,10,20
75,226,226,},operator,0,11,0
76,228,231,bool,keyword,0,12,0
77,233,240,find_ans,identifier,0,12,5
78,242,242,=,operator,0,12,14
79,244,244,1,integer,0,12,16
80,246,246,;,operator,0,12,18
81,248,251,void,keyword,0,13,0
82,253,255,dfs,identifier,0,13,5
83,257,257,(,operator,0,13,9
84,258,260,int,keyword,0,13,10
85,262,262,v,identifier,0,13,14
86,263,263,",",operator,0,13,15
87,265,267,int,keyword,0,13,17
88,269,270,fa,identifier,0,13,21
89,271,271,),operator,0,13,23
90,273,273,{,operator,0,13,25
91,276,278,int,keyword,0,14,1
92,280,280,L,identifier,0,14,5
93,282,282,=,operator,0,14,7
94,284,284,-,operator,0,14,9
95,285,287,1e9,floating,0,14,10
96,288,288,",",operator,0,14,13
97,290,290,R,identifier,0,14,15
98,292,292,=,operator,0,14,17
99,294,296,1e9,floating,0,14,19
100,298,298,;,operator,0,14,23
101,301,303,for,keyword,0,15,1
102,305,305,(,operator,0,15,5
103,306,308,int,keyword,0,15,6
104,310,310,i,identifier,0,15,10
105,312,312,=,operator,0,15,12
106,314,314,0,integer,0,15,14
107,315,315,;,operator,0,15,15
108,317,317,i,identifier,0,15,17
109,319,319,<,operator,0,15,19
110,321,321,G,identifier,0,15,21
111,322,322,[,operator,0,15,22
112,323,323,v,identifier,0,15,23
113,324,324,],operator,0,15,24
114,325,325,.,operator,0,15,25
115,326,329,size,identifier,0,15,26
116,330,330,(,operator,0,15,30
117,331,331,),operator,0,15,31
118,332,332,;,operator,0,15,32
119,334,334,i,identifier,0,15,34
120,336,337,++,operator,0,15,36
121,338,338,),operator,0,15,38
122,340,340,{,operator,0,15,40
123,344,346,int,keyword,0,16,2
124,348,349,to,identifier,0,16,6
125,351,351,=,operator,0,16,9
126,353,353,G,identifier,0,16,11
127,354,354,[,operator,0,16,12
128,355,355,v,identifier,0,16,13
129,356,356,],operator,0,16,14
130,357,357,[,operator,0,16,15
131,358,358,i,identifier,0,16,16
132,359,359,],operator,0,16,17
133,361,361,;,operator,0,16,19
134,365,366,if,keyword,0,17,2
135,368,368,(,operator,0,17,5
136,369,370,to,identifier,0,17,6
137,372,373,==,operator,0,17,9
138,375,376,fa,identifier,0,17,12
139,377,377,),operator,0,17,14
140,379,386,continue,keyword,0,17,16
141,388,388,;,operator,0,17,25
142,392,394,dfs,identifier,0,18,2
143,396,396,(,operator,0,18,6
144,397,398,to,identifier,0,18,7
145,399,399,",",operator,0,18,9
146,401,401,v,identifier,0,18,11
147,402,402,),operator,0,18,12
148,404,404,;,operator,0,18,14
149,408,409,if,keyword,0,19,2
150,411,411,(,operator,0,19,5
151,412,412,l,identifier,0,19,6
152,413,413,[,operator,0,19,7
153,414,415,to,identifier,0,19,8
154,416,416,],operator,0,19,10
155,418,419,<=,operator,0,19,12
156,421,421,-,operator,0,19,15
157,422,424,1e9,floating,0,19,16
158,426,427,||,operator,0,19,20
159,429,429,r,identifier,0,19,23
160,430,430,[,operator,0,19,24
161,431,432,to,identifier,0,19,25
162,433,433,],operator,0,19,27
163,435,436,>=,operator,0,19,29
164,438,440,1e9,floating,0,19,32
165,441,441,),operator,0,19,35
166,443,450,continue,keyword,0,19,37
167,452,452,;,operator,0,19,46
168,456,457,if,keyword,0,20,2
169,459,459,(,operator,0,20,5
170,460,460,L,identifier,0,20,6
171,462,463,<=,operator,0,20,8
172,465,465,-,operator,0,20,11
173,466,468,1e9,floating,0,20,12
174,470,471,||,operator,0,20,16
175,473,473,R,identifier,0,20,19
176,475,476,>=,operator,0,20,21
177,478,480,1e9,floating,0,20,24
178,481,481,),operator,0,20,27
179,483,483,L,identifier,0,20,29
180,485,485,=,operator,0,20,31
181,487,487,l,identifier,0,20,33
182,488,488,[,operator,0,20,34
183,489,490,to,identifier,0,20,35
184,491,491,],operator,0,20,37
185,493,493,-,operator,0,20,39
186,495,495,1,integer,0,20,41
187,496,496,",",operator,0,20,42
188,498,498,R,identifier,0,20,44
189,500,500,=,operator,0,20,46
190,502,502,r,identifier,0,20,48
191,503,503,[,operator,0,20,49
192,504,505,to,identifier,0,20,50
193,506,506,],operator,0,20,52
194,508,508,+,operator,0,20,54
195,510,510,1,integer,0,20,56
196,512,512,;,operator,0,20,58
197,516,519,else,keyword,0,21,2
198,521,521,{,operator,0,21,7
199,526,527,if,keyword,0,22,3
200,529,529,(,operator,0,22,6
201,530,530,L,identifier,0,22,7
202,532,532,%,operator,0,22,9
203,534,534,2,integer,0,22,11
204,536,537,"!=",operator,0,22,13
205,539,539,(,operator,0,22,16
206,540,540,l,identifier,0,22,17
207,541,541,[,operator,0,22,18
208,542,543,to,identifier,0,22,19
209,544,544,],operator,0,22,21
210,546,546,-,operator,0,22,23
211,548,548,1,integer,0,22,25
212,549,549,),operator,0,22,26
213,551,551,%,operator,0,22,28
214,553,553,2,integer,0,22,30
215,554,554,),operator,0,22,31
216,556,563,find_ans,identifier,0,22,33
217,565,565,=,operator,0,22,42
218,567,567,0,integer,0,22,44
219,569,569,;,operator,0,22,46
220,574,574,L,identifier,0,23,3
221,576,576,=,operator,0,23,5
222,578,580,max,identifier,0,23,7
223,582,582,(,operator,0,23,11
224,583,583,L,identifier,0,23,12
225,584,584,",",operator,0,23,13
226,586,586,l,identifier,0,23,15
227,587,587,[,operator,0,23,16
228,588,589,to,identifier,0,23,17
229,590,590,],operator,0,23,19
230,592,592,-,operator,0,23,21
231,594,594,1,integer,0,23,23
232,595,595,),operator,0,23,24
233,596,596,;,operator,0,23,25
234,598,598,R,identifier,0,23,27
235,600,600,=,operator,0,23,29
236,602,604,min,identifier,0,23,31
237,606,606,(,operator,0,23,35
238,607,607,R,identifier,0,23,36
239,608,608,",",operator,0,23,37
240,610,610,r,identifier,0,23,39
241,611,611,[,operator,0,23,40
242,612,613,to,identifier,0,23,41
243,614,614,],operator,0,23,43
244,616,616,+,operator,0,23,45
245,618,618,1,integer,0,23,47
246,619,619,),operator,0,23,48
247,621,621,;,operator,0,23,50
248,625,625,},operator,0,24,2
249,628,628,},operator,0,25,1
250,672,673,if,keyword,0,27,1
251,675,675,(,operator,0,27,4
252,676,676,L,identifier,0,27,5
253,678,678,>,operator,0,27,7
254,680,680,R,identifier,0,27,9
255,681,681,),operator,0,27,10
256,683,690,find_ans,identifier,0,27,12
257,692,692,=,operator,0,27,21
258,694,694,0,integer,0,27,23
259,696,696,;,operator,0,27,25
260,699,699,l,identifier,0,28,1
261,700,700,[,operator,0,28,2
262,701,701,v,identifier,0,28,3
263,702,702,],operator,0,28,4
264,704,704,=,operator,0,28,6
265,706,706,L,identifier,0,28,8
266,707,707,;,operator,0,28,9
267,709,709,r,identifier,0,28,11
268,710,710,[,operator,0,28,12
269,711,711,v,identifier,0,28,13
270,712,712,],operator,0,28,14
271,714,714,=,operator,0,28,16
272,716,716,R,identifier,0,28,18
273,718,718,;,operator,0,28,20
274,721,722,if,keyword,0,29,1
275,724,724,(,operator,0,29,4
276,725,727,pre,identifier,0,29,5
277,728,728,[,operator,0,29,8
278,729,729,v,identifier,0,29,9
279,730,730,],operator,0,29,10
280,732,733,&&,operator,0,29,12
281,735,735,L,identifier,0,29,15
282,737,737,>,operator,0,29,17
283,739,742,1e-9,floating,0,29,19
284,744,745,&&,operator,0,29,24
285,747,747,R,identifier,0,29,27
286,749,749,<,operator,0,29,29
287,751,753,1e9,floating,0,29,31
288,755,756,&&,operator,0,29,35
289,758,758,(,operator,0,29,38
290,759,761,ans,identifier,0,29,39
291,762,762,[,operator,0,29,42
292,763,763,v,identifier,0,29,43
293,764,764,],operator,0,29,44
294,766,766,%,operator,0,29,46
295,768,768,2,integer,0,29,48
296,770,771,"!=",operator,0,29,50
297,773,773,l,identifier,0,29,53
298,774,774,[,operator,0,29,54
299,775,775,v,identifier,0,29,55
300,776,776,],operator,0,29,56
301,778,778,%,operator,0,29,58
302,780,780,2,integer,0,29,60
303,782,783,||,operator,0,29,62
304,785,787,ans,identifier,0,29,65
305,788,788,[,operator,0,29,68
306,789,789,v,identifier,0,29,69
307,790,790,],operator,0,29,70
308,792,792,<,operator,0,29,72
309,794,794,l,identifier,0,29,74
310,795,795,[,operator,0,29,75
311,796,796,v,identifier,0,29,76
312,797,797,],operator,0,29,77
313,799,800,||,operator,0,29,79
314,802,804,ans,identifier,0,29,82
315,805,805,[,operator,0,29,85
316,806,806,v,identifier,0,29,86
317,807,807,],operator,0,29,87
318,809,809,>,operator,0,29,89
319,811,811,r,identifier,0,29,91
320,812,812,[,operator,0,29,92
321,813,813,v,identifier,0,29,93
322,814,814,],operator,0,29,94
323,815,815,),operator,0,29,95
324,816,816,),operator,0,29,96
325,818,825,find_ans,identifier,0,29,98
326,827,827,=,operator,0,29,107
327,829,829,0,integer,0,29,109
328,831,831,;,operator,0,29,111
329,834,835,if,keyword,0,30,1
330,837,837,(,operator,0,30,4
331,838,840,pre,identifier,0,30,5
332,841,841,[,operator,0,30,8
333,842,842,v,identifier,0,30,9
334,843,843,],operator,0,30,10
335,844,844,),operator,0,30,11
336,846,846,l,identifier,0,30,13
337,847,847,[,operator,0,30,14
338,848,848,v,identifier,0,30,15
339,849,849,],operator,0,30,16
340,851,851,=,operator,0,30,18
341,853,853,r,identifier,0,30,20
342,854,854,[,operator,0,30,21
343,855,855,v,identifier,0,30,22
344,856,856,],operator,0,30,23
345,858,858,=,operator,0,30,25
346,860,862,ans,identifier,0,30,27
347,863,863,[,operator,0,30,30
348,864,864,v,identifier,0,30,31
349,865,865,],operator,0,30,32
350,867,867,;,operator,0,30,34
351,869,869,},operator,0,31,0
352,871,874,void,keyword,0,32,0
353,876,879,dfs2,identifier,0,32,5
354,881,881,(,operator,0,32,10
355,882,884,int,keyword,0,32,11
356,886,886,v,identifier,0,32,15
357,887,887,",",operator,0,32,16
358,889,891,int,keyword,0,32,18
359,893,894,fa,identifier,0,32,22
360,895,895,),operator,0,32,24
361,897,897,{,operator,0,32,26
362,900,902,for,keyword,0,33,1
363,904,904,(,operator,0,33,5
364,905,907,int,keyword,0,33,6
365,909,909,i,identifier,0,33,10
366,911,911,=,operator,0,33,12
367,913,913,0,integer,0,33,14
368,914,914,;,operator,0,33,15
369,916,916,i,identifier,0,33,17
370,918,918,<,operator,0,33,19
371,920,920,G,identifier,0,33,21
372,921,921,[,operator,0,33,22
373,922,922,v,identifier,0,33,23
374,923,923,],operator,0,33,24
375,924,924,.,operator,0,33,25
376,925,928,size,identifier,0,33,26
377,929,929,(,operator,0,33,30
378,930,930,),operator,0,33,31
379,931,931,;,operator,0,33,32
380,933,933,i,identifier,0,33,34
381,935,936,++,operator,0,33,36
382,937,937,),operator,0,33,38
383,939,939,{,operator,0,33,40
384,943,945,int,keyword,0,34,2
385,947,948,to,identifier,0,34,6
386,950,950,=,operator,0,34,9
387,952,952,G,identifier,0,34,11
388,953,953,[,operator,0,34,12
389,954,954,v,identifier,0,34,13
390,955,955,],operator,0,34,14
391,956,956,[,operator,0,34,15
392,957,957,i,identifier,0,34,16
393,958,958,],operator,0,34,17
394,960,960,;,operator,0,34,19
395,964,965,if,keyword,0,35,2
396,967,967,(,operator,0,35,5
397,968,969,to,identifier,0,35,6
398,971,972,==,operator,0,35,9
399,974,975,fa,identifier,0,35,12
400,976,976,),operator,0,35,14
401,978,985,continue,keyword,0,35,16
402,987,987,;,operator,0,35,25
403,991,992,if,keyword,0,36,2
404,994,994,(,operator,0,36,5
405,995,997,ans,identifier,0,36,6
406,998,998,[,operator,0,36,9
407,999,999,v,identifier,0,36,10
408,1000,1000,],operator,0,36,11
409,1002,1002,+,operator,0,36,13
410,1004,1004,1,integer,0,36,15
411,1006,1007,>=,operator,0,36,17
412,1009,1009,l,identifier,0,36,20
413,1010,1010,[,operator,0,36,21
414,1011,1012,to,identifier,0,36,22
415,1013,1013,],operator,0,36,24
416,1015,1016,&&,operator,0,36,26
417,1018,1020,ans,identifier,0,36,29
418,1021,1021,[,operator,0,36,32
419,1022,1022,v,identifier,0,36,33
420,1023,1023,],operator,0,36,34
421,1025,1025,+,operator,0,36,36
422,1027,1027,1,integer,0,36,38
423,1029,1030,<=,operator,0,36,40
424,1032,1032,r,identifier,0,36,43
425,1033,1033,[,operator,0,36,44
426,1034,1035,to,identifier,0,36,45
427,1036,1036,],operator,0,36,47
428,1037,1037,),operator,0,36,48
429,1039,1041,ans,identifier,0,36,50
430,1042,1042,[,operator,0,36,53
431,1043,1044,to,identifier,0,36,54
432,1045,1045,],operator,0,36,56
433,1047,1047,=,operator,0,36,58
434,1049,1051,ans,identifier,0,36,60
435,1052,1052,[,operator,0,36,63
436,1053,1053,v,identifier,0,36,64
437,1054,1054,],operator,0,36,65
438,1056,1056,+,operator,0,36,67
439,1058,1058,1,integer,0,36,69
440,1060,1060,;,operator,0,36,71
441,1064,1067,else,keyword,0,37,2
442,1069,1071,ans,identifier,0,37,7
443,1072,1072,[,operator,0,37,10
444,1073,1074,to,identifier,0,37,11
445,1075,1075,],operator,0,37,13
446,1077,1077,=,operator,0,37,15
447,1079,1081,ans,identifier,0,37,17
448,1082,1082,[,operator,0,37,20
449,1083,1083,v,identifier,0,37,21
450,1084,1084,],operator,0,37,22
451,1086,1086,-,operator,0,37,24
452,1088,1088,1,integer,0,37,26
453,1090,1090,;,operator,0,37,28
454,1094,1097,dfs2,identifier,0,38,2
455,1099,1099,(,operator,0,38,7
456,1100,1101,to,identifier,0,38,8
457,1102,1102,",",operator,0,38,10
458,1104,1104,v,identifier,0,38,12
459,1105,1105,),operator,0,38,13
460,1107,1107,;,operator,0,38,15
461,1110,1110,},operator,0,39,1
462,1112,1112,},operator,0,40,0
463,1114,1116,int,keyword,0,41,0
464,1118,1121,main,identifier,0,41,4
465,1122,1122,(,operator,0,41,8
466,1123,1123,),operator,0,41,9
467,1125,1125,{,operator,0,41,11
468,1128,1130,int,keyword,0,42,1
469,1132,1132,n,identifier,0,42,5
470,1133,1133,",",operator,0,42,6
471,1135,1135,k,identifier,0,42,8
472,1137,1137,;,operator,0,42,10
473,1140,1144,scanf,identifier,0,43,1
474,1145,1145,(,operator,0,43,6
475,1146,1149,"""%d""",string,0,43,7
476,1150,1150,",",operator,0,43,11
477,1152,1152,&,operator,0,43,13
478,1153,1153,n,identifier,0,43,14
479,1154,1154,),operator,0,43,15
480,1156,1156,;,operator,0,43,17
481,1159,1161,for,keyword,0,44,1
482,1163,1163,(,operator,0,44,5
483,1164,1166,int,keyword,0,44,6
484,1168,1168,i,identifier,0,44,10
485,1170,1170,=,operator,0,44,12
486,1172,1172,1,integer,0,44,14
487,1173,1173,;,operator,0,44,15
488,1175,1175,i,identifier,0,44,17
489,1177,1177,<,operator,0,44,19
490,1179,1179,n,identifier,0,44,21
491,1180,1180,;,operator,0,44,22
492,1182,1182,i,identifier,0,44,24
493,1184,1185,++,operator,0,44,26
494,1186,1186,),operator,0,44,28
495,1188,1188,{,operator,0,44,30
496,1192,1194,int,keyword,0,45,2
497,1196,1196,u,identifier,0,45,6
498,1197,1197,",",operator,0,45,7
499,1199,1199,v,identifier,0,45,9
500,1201,1201,;,operator,0,45,11
501,1205,1209,scanf,identifier,0,46,2
502,1210,1210,(,operator,0,46,7
503,1211,1216,"""%d%d""",string,0,46,8
504,1217,1217,",",operator,0,46,14
505,1219,1219,&,operator,0,46,16
506,1220,1220,u,identifier,0,46,17
507,1221,1221,",",operator,0,46,18
508,1223,1223,&,operator,0,46,20
509,1224,1224,v,identifier,0,46,21
510,1225,1225,),operator,0,46,22
511,1227,1227,;,operator,0,46,24
512,1231,1237,addEdge,identifier,0,47,2
513,1239,1239,(,operator,0,47,10
514,1240,1240,u,identifier,0,47,11
515,1241,1241,",",operator,0,47,12
516,1243,1243,v,identifier,0,47,14
517,1244,1244,),operator,0,47,15
518,1246,1246,;,operator,0,47,17
519,1249,1249,},operator,0,48,1
520,1252,1256,scanf,identifier,0,49,1
521,1257,1257,(,operator,0,49,6
522,1258,1261,"""%d""",string,0,49,7
523,1262,1262,",",operator,0,49,11
524,1264,1264,&,operator,0,49,13
525,1265,1265,k,identifier,0,49,14
526,1266,1266,),operator,0,49,15
527,1268,1268,;,operator,0,49,17
528,1271,1273,for,keyword,0,50,1
529,1275,1275,(,operator,0,50,5
530,1276,1278,int,keyword,0,50,6
531,1280,1280,i,identifier,0,50,10
532,1282,1282,=,operator,0,50,12
533,1284,1284,1,integer,0,50,14
534,1285,1285,;,operator,0,50,15
535,1287,1287,i,identifier,0,50,17
536,1289,1290,<=,operator,0,50,19
537,1292,1292,k,identifier,0,50,22
538,1293,1293,;,operator,0,50,23
539,1295,1295,i,identifier,0,50,25
540,1297,1298,++,operator,0,50,27
541,1299,1299,),operator,0,50,29
542,1301,1301,{,operator,0,50,31
543,1305,1307,int,keyword,0,51,2
544,1309,1309,v,identifier,0,51,6
545,1310,1310,",",operator,0,51,7
546,1312,1312,p,identifier,0,51,9
547,1314,1314,;,operator,0,51,11
548,1318,1322,scanf,identifier,0,52,2
549,1323,1323,(,operator,0,52,7
550,1324,1329,"""%d%d""",string,0,52,8
551,1330,1330,",",operator,0,52,14
552,1332,1332,&,operator,0,52,16
553,1333,1333,v,identifier,0,52,17
554,1334,1334,",",operator,0,52,18
555,1336,1336,&,operator,0,52,20
556,1337,1337,p,identifier,0,52,21
557,1338,1338,),operator,0,52,22
558,1340,1340,;,operator,0,52,24
559,1344,1346,ans,identifier,0,53,2
560,1347,1347,[,operator,0,53,5
561,1348,1348,v,identifier,0,53,6
562,1349,1349,],operator,0,53,7
563,1351,1351,=,operator,0,53,9
564,1353,1353,p,identifier,0,53,11
565,1354,1354,;,operator,0,53,12
566,1356,1358,pre,identifier,0,53,14
567,1359,1359,[,operator,0,53,17
568,1360,1360,v,identifier,0,53,18
569,1361,1361,],operator,0,53,19
570,1363,1363,=,operator,0,53,21
571,1365,1365,1,integer,0,53,23
572,1367,1367,;,operator,0,53,25
573,1370,1370,},operator,0,54,1
574,1373,1375,dfs,identifier,0,55,1
575,1377,1377,(,operator,0,55,5
576,1378,1378,1,integer,0,55,6
577,1379,1379,",",operator,0,55,7
578,1381,1381,0,integer,0,55,9
579,1382,1382,),operator,0,55,10
580,1384,1384,;,operator,0,55,12
581,1460,1461,if,keyword,0,57,1
582,1463,1463,(,operator,0,57,4
583,1464,1464,"!",operator,0,57,5
584,1465,1472,find_ans,identifier,0,57,6
585,1473,1473,),operator,0,57,14
586,1475,1480,printf,identifier,0,57,16
587,1481,1481,(,operator,0,57,22
588,1482,1487,"""No\n""",string,0,57,23
589,1488,1488,),operator,0,57,29
590,1490,1490,;,operator,0,57,31
591,1493,1496,else,keyword,0,58,1
592,1498,1498,{,operator,0,58,6
593,1502,1507,printf,identifier,0,59,2
594,1508,1508,(,operator,0,59,8
595,1509,1515,"""Yes\n""",string,0,59,9
596,1516,1516,),operator,0,59,16
597,1518,1518,;,operator,0,59,18
598,1522,1523,if,keyword,0,60,2
599,1525,1525,(,operator,0,60,5
600,1526,1526,"!",operator,0,60,6
601,1527,1529,pre,identifier,0,60,7
602,1530,1530,[,operator,0,60,10
603,1531,1531,1,integer,0,60,11
604,1532,1532,],operator,0,60,12
605,1533,1533,),operator,0,60,13
606,1535,1537,ans,identifier,0,60,15
607,1538,1538,[,operator,0,60,18
608,1539,1539,1,integer,0,60,19
609,1540,1540,],operator,0,60,20
610,1542,1542,=,operator,0,60,22
611,1544,1544,l,identifier,0,60,24
612,1545,1545,[,operator,0,60,25
613,1546,1546,1,integer,0,60,26
614,1547,1547,],operator,0,60,27
615,1549,1549,;,operator,0,60,29
616,1553,1556,dfs2,identifier,0,61,2
617,1558,1558,(,operator,0,61,7
618,1559,1559,1,integer,0,61,8
619,1560,1560,",",operator,0,61,9
620,1562,1562,0,integer,0,61,11
621,1563,1563,),operator,0,61,12
622,1565,1565,;,operator,0,61,14
623,1569,1571,for,keyword,0,62,2
624,1573,1573,(,operator,0,62,6
625,1574,1576,int,keyword,0,62,7
626,1578,1578,i,identifier,0,62,11
627,1580,1580,=,operator,0,62,13
628,1582,1582,1,integer,0,62,15
629,1583,1583,;,operator,0,62,16
630,1585,1585,i,identifier,0,62,18
631,1587,1588,<=,operator,0,62,20
632,1590,1590,n,identifier,0,62,23
633,1591,1591,;,operator,0,62,24
634,1593,1593,i,identifier,0,62,26
635,1595,1596,++,operator,0,62,28
636,1597,1597,),operator,0,62,30
637,1599,1604,printf,identifier,0,62,32
638,1605,1605,(,operator,0,62,38
639,1606,1611,"""%d\n""",string,0,62,39
640,1612,1612,",",operator,0,62,45
641,1614,1616,ans,identifier,0,62,47
642,1617,1617,[,operator,0,62,50
643,1618,1618,i,identifier,0,62,51
644,1619,1619,],operator,0,62,52
645,1620,1620,),operator,0,62,53
646,1622,1622,;,operator,0,62,55
647,1625,1625,},operator,0,63,1
648,1628,1633,return,keyword,0,64,1
649,1635,1635,0,integer,0,64,8
650,1637,1637,;,operator,0,64,10
651,1639,1639,},operator,0,65,0
652,1640,1639,<EOF>,eof,0,65,1
