seqnr,start,stop,text,class,channel,line,column
0,0,17,"#include <cstdlib>",directive,1,1,0
1,19,34,"#include <cmath>",directive,1,2,0
2,36,53,"#include <climits>",directive,1,3,0
3,55,71,"#include <cfloat>",directive,1,4,0
4,73,86,"#include <map>",directive,1,5,0
5,88,101,"#include <set>",directive,1,6,0
6,103,121,"#include <iostream>",directive,1,7,0
7,123,139,"#include <string>",directive,1,8,0
8,141,157,"#include <vector>",directive,1,9,0
9,159,178,"#include <algorithm>",directive,1,10,0
10,180,197,"#include <sstream>",directive,1,11,0
11,199,216,"#include <complex>",directive,1,12,0
12,218,233,"#include <stack>",directive,1,13,0
13,235,250,"#include <queue>",directive,1,14,0
14,252,268,"#include <cstdio>",directive,1,15,0
15,270,287,"#include <cstring>",directive,1,16,0
16,289,307,"#include <iterator>",directive,1,17,0
17,309,325,"#include <bitset>",directive,1,18,0
18,327,350,"#include <unordered_set>",directive,1,19,0
19,352,375,"#include <unordered_map>",directive,1,20,0
20,377,394,"#include <fstream>",directive,1,21,0
21,396,413,"#include <iomanip>",directive,1,22,0
22,415,432,"#include <cassert>",directive,1,23,0
23,791,795,using,keyword,0,45,0
24,797,805,namespace,keyword,0,45,6
25,807,809,std,identifier,0,45,16
26,810,810,;,operator,0,45,19
27,814,820,typedef,keyword,0,48,0
28,822,825,long,keyword,0,48,8
29,827,830,long,keyword,0,48,13
30,832,833,ll,identifier,0,48,18
31,834,834,;,operator,0,48,20
32,836,842,typedef,keyword,0,49,0
33,844,847,pair,identifier,0,49,8
34,848,848,<,operator,0,49,12
35,849,851,int,keyword,0,49,13
36,852,852,",",operator,0,49,16
37,853,855,int,keyword,0,49,17
38,856,856,>,operator,0,49,20
39,858,860,pii,identifier,0,49,22
40,861,861,;,operator,0,49,25
41,863,869,typedef,keyword,0,50,0
42,871,874,pair,identifier,0,50,8
43,875,875,<,operator,0,50,12
44,876,877,ll,identifier,0,50,13
45,878,878,",",operator,0,50,15
46,879,880,ll,identifier,0,50,16
47,881,881,>,operator,0,50,18
48,883,885,pll,identifier,0,50,20
49,886,886,;,operator,0,50,23
50,889,895,typedef,keyword,0,52,0
51,897,902,vector,identifier,0,52,8
52,903,903,<,operator,0,52,14
53,904,906,int,keyword,0,52,15
54,907,907,>,operator,0,52,18
55,909,912,vint,identifier,0,52,20
56,913,913,;,operator,0,52,24
57,915,921,typedef,keyword,0,53,0
58,923,928,vector,identifier,0,53,8
59,929,929,<,operator,0,53,14
60,930,935,vector,identifier,0,53,15
61,936,936,<,operator,0,53,21
62,937,939,int,keyword,0,53,22
63,940,940,>,operator,0,53,25
64,942,942,>,operator,0,53,27
65,944,948,vvint,identifier,0,53,29
66,949,949,;,operator,0,53,34
67,951,957,typedef,keyword,0,54,0
68,959,964,vector,identifier,0,54,8
69,965,965,<,operator,0,54,14
70,966,969,long,keyword,0,54,15
71,971,974,long,keyword,0,54,20
72,975,975,>,operator,0,54,24
73,977,979,vll,identifier,0,54,26
74,980,980,",",operator,0,54,29
75,982,984,vLL,identifier,0,54,31
76,985,985,;,operator,0,54,34
77,987,993,typedef,keyword,0,55,0
78,995,1000,vector,identifier,0,55,8
79,1001,1001,<,operator,0,55,14
80,1002,1007,vector,identifier,0,55,15
81,1008,1008,<,operator,0,55,21
82,1009,1012,long,keyword,0,55,22
83,1014,1017,long,keyword,0,55,27
84,1018,1018,>,operator,0,55,31
85,1020,1020,>,operator,0,55,33
86,1022,1025,vvll,identifier,0,55,35
87,1026,1026,",",operator,0,55,39
88,1028,1031,vvLL,identifier,0,55,41
89,1032,1032,;,operator,0,55,45
90,1035,1068,"#define VV(T) vector<vector< T > >",directive,1,57,0
91,1071,1078,template,keyword,0,59,0
92,1080,1080,<,operator,0,59,9
93,1081,1085,class,keyword,0,59,10
94,1087,1087,T,identifier,0,59,16
95,1088,1088,>,operator,0,59,17
96,1090,1093,void,keyword,0,60,0
97,1095,1100,initvv,identifier,0,60,5
98,1101,1101,(,operator,0,60,11
99,1102,1107,vector,identifier,0,60,12
100,1108,1108,<,operator,0,60,18
101,1109,1114,vector,identifier,0,60,19
102,1115,1115,<,operator,0,60,25
103,1116,1116,T,identifier,0,60,26
104,1117,1117,>,operator,0,60,27
105,1119,1119,>,operator,0,60,29
106,1121,1121,&,operator,0,60,31
107,1122,1122,v,identifier,0,60,32
108,1123,1123,",",operator,0,60,33
109,1125,1127,int,keyword,0,60,35
110,1129,1129,a,identifier,0,60,39
111,1130,1130,",",operator,0,60,40
112,1132,1134,int,keyword,0,60,42
113,1136,1136,b,identifier,0,60,46
114,1137,1137,",",operator,0,60,47
115,1139,1143,const,keyword,0,60,49
116,1145,1145,T,identifier,0,60,55
117,1147,1147,&,operator,0,60,57
118,1148,1148,t,identifier,0,60,58
119,1150,1150,=,operator,0,60,60
120,1152,1152,T,identifier,0,60,62
121,1153,1153,(,operator,0,60,63
122,1154,1154,),operator,0,60,64
123,1155,1155,),operator,0,60,65
124,1156,1156,{,operator,0,60,66
125,1162,1162,v,identifier,0,61,4
126,1163,1163,.,operator,0,61,5
127,1164,1169,assign,identifier,0,61,6
128,1170,1170,(,operator,0,61,12
129,1171,1171,a,identifier,0,61,13
130,1172,1172,",",operator,0,61,14
131,1174,1179,vector,identifier,0,61,16
132,1180,1180,<,operator,0,61,22
133,1181,1181,T,identifier,0,61,23
134,1182,1182,>,operator,0,61,24
135,1183,1183,(,operator,0,61,25
136,1184,1184,b,identifier,0,61,26
137,1185,1185,",",operator,0,61,27
138,1187,1187,t,identifier,0,61,29
139,1188,1188,),operator,0,61,30
140,1189,1189,),operator,0,61,31
141,1190,1190,;,operator,0,61,32
142,1192,1192,},operator,0,62,0
143,1195,1202,template,keyword,0,64,0
144,1204,1204,<,operator,0,64,9
145,1205,1209,class,keyword,0,64,10
146,1211,1211,F,identifier,0,64,16
147,1212,1212,",",operator,0,64,17
148,1214,1218,class,keyword,0,64,19
149,1220,1220,T,identifier,0,64,25
150,1221,1221,>,operator,0,64,26
151,1223,1226,void,keyword,0,65,0
152,1228,1234,convert,identifier,0,65,5
153,1235,1235,(,operator,0,65,12
154,1236,1240,const,keyword,0,65,13
155,1242,1242,F,identifier,0,65,19
156,1244,1244,&,operator,0,65,21
157,1245,1245,f,identifier,0,65,22
158,1246,1246,",",operator,0,65,23
159,1248,1248,T,identifier,0,65,25
160,1250,1250,&,operator,0,65,27
161,1251,1251,t,identifier,0,65,28
162,1252,1252,),operator,0,65,29
163,1253,1253,{,operator,0,65,30
164,1259,1270,stringstream,identifier,0,66,4
165,1272,1273,ss,identifier,0,66,17
166,1274,1274,;,operator,0,66,19
167,1280,1281,ss,identifier,0,67,4
168,1283,1283,<,operator,0,67,7
169,1284,1284,<,operator,0,67,8
170,1286,1286,f,identifier,0,67,10
171,1287,1287,;,operator,0,67,11
172,1293,1294,ss,identifier,0,68,4
173,1296,1296,>,operator,0,68,7
174,1297,1297,>,operator,0,68,8
175,1299,1299,t,identifier,0,68,10
176,1300,1300,;,operator,0,68,11
177,1302,1302,},operator,0,69,0
178,1305,1313,"#undef _P",directive,1,71,0
179,1315,1355,"#define _P(...) (void)printf(__VA_ARGS__)",directive,1,72,0
180,1357,1400,"#define reep(i,a,b) for(int i=(a);i<(b);++i)",directive,1,73,0
181,1402,1433,"#define rep(i,n) reep((i),0,(n))",directive,1,74,0
182,1435,1470,"#define ALL(v) (v).begin(),(v).end()",directive,1,75,0
183,1472,1491,"#define PB push_back",directive,1,76,0
184,1493,1507,"#define F first",directive,1,77,0
185,1509,1524,"#define S second",directive,1,78,0
186,1526,1546,"#define mkp make_pair",directive,1,79,0
187,1548,1586,"#define RALL(v) (v).rbegin(),(v).rend()",directive,1,80,0
188,1588,1600,"#define DEBUG",directive,1,81,0
189,1602,1613,"#ifdef DEBUG",directive,1,82,0
190,1615,1666,"#define dump(x)  cout << #x << "" = "" << (x) << endl;",directive,1,83,0
191,1668,1766,"#define debug(x) cout << #x << "" = "" << (x) << "" (L"" << __LINE__ << "")"" << "" "" << __FILE__ << endl;",directive,1,84,0
192,1768,1772,"#else",directive,1,85,0
193,1774,1789,"#define dump(x) ",directive,1,86,0
194,1791,1807,"#define debug(x) ",directive,1,87,0
195,1809,1814,"#endif",directive,1,88,0
196,1817,1840,"#define MOD 1000000007LL",directive,1,90,0
197,1842,1857,"#define EPS 1e-8",directive,1,91,0
198,1859,1880,"#define INF 0x3f3f3f3f",directive,1,92,0
199,1882,1914,"#define INFL 0x3f3f3f3f3f3f3f3fLL",directive,1,93,0
200,1916,1943,"#define maxs(x,y) x=max(x,y)",directive,1,94,0
201,1945,1972,"#define mins(x,y) x=min(x,y)",directive,1,95,0
202,1975,1977,int,keyword,0,97,0
203,1979,1979,n,identifier,0,97,4
204,1980,1980,;,operator,0,97,5
205,1982,1986,vvint,identifier,0,98,0
206,1988,1989,vv,identifier,0,98,6
207,1990,1990,;,operator,0,98,8
208,1992,1995,vint,identifier,0,99,0
209,1997,1997,v,identifier,0,99,5
210,1998,1998,;,operator,0,99,6
211,2000,2005,vector,identifier,0,100,0
212,2006,2006,<,operator,0,100,6
213,2007,2009,pii,identifier,0,100,7
214,2010,2010,>,operator,0,100,10
215,2012,2012,d,identifier,0,100,12
216,2013,2013,;,operator,0,100,13
217,2016,2019,bool,keyword,0,102,0
218,2021,2022,ok,identifier,0,102,5
219,2024,2024,=,operator,0,102,8
220,2026,2029,true,keyword,0,102,10
221,2030,2030,;,operator,0,102,14
222,2033,2035,pii,identifier,0,104,0
223,2037,2039,dfs,identifier,0,104,4
224,2040,2040,(,operator,0,104,7
225,2041,2043,int,keyword,0,104,8
226,2045,2045,x,identifier,0,104,12
227,2046,2046,",",operator,0,104,13
228,2048,2050,int,keyword,0,104,15
229,2052,2054,pre,identifier,0,104,19
230,2055,2055,),operator,0,104,22
231,2056,2056,{,operator,0,104,23
232,2059,2064,vector,identifier,0,105,1
233,2065,2065,<,operator,0,105,7
234,2066,2068,pii,identifier,0,105,8
235,2069,2069,>,operator,0,105,11
236,2071,2071,w,identifier,0,105,13
237,2072,2072,;,operator,0,105,14
238,2075,2077,for,keyword,0,106,1
239,2078,2078,(,operator,0,106,4
240,2079,2081,int,keyword,0,106,5
241,2083,2083,y,identifier,0,106,9
242,2084,2084,:,operator,0,106,10
243,2085,2086,vv,identifier,0,106,11
244,2087,2087,[,operator,0,106,13
245,2088,2088,x,identifier,0,106,14
246,2089,2089,],operator,0,106,15
247,2090,2090,),operator,0,106,16
248,2091,2091,{,operator,0,106,17
249,2095,2096,if,keyword,0,107,2
250,2097,2097,(,operator,0,107,4
251,2098,2098,y,identifier,0,107,5
252,2099,2100,==,operator,0,107,6
253,2101,2103,pre,identifier,0,107,8
254,2104,2104,),operator,0,107,11
255,2106,2113,continue,keyword,0,107,13
256,2114,2114,;,operator,0,107,21
257,2118,2120,pii,identifier,0,108,2
258,2122,2122,t,identifier,0,108,6
259,2124,2124,=,operator,0,108,8
260,2126,2128,dfs,identifier,0,108,10
261,2129,2129,(,operator,0,108,13
262,2130,2130,y,identifier,0,108,14
263,2131,2131,",",operator,0,108,15
264,2132,2132,x,identifier,0,108,16
265,2133,2133,),operator,0,108,17
266,2134,2134,;,operator,0,108,18
267,2138,2139,if,keyword,0,109,2
268,2140,2140,(,operator,0,109,4
269,2141,2141,t,identifier,0,109,5
270,2142,2142,.,operator,0,109,6
271,2143,2143,F,identifier,0,109,7
272,2144,2145,==,operator,0,109,8
273,2146,2146,-,operator,0,109,10
274,2147,2147,1,integer,0,109,11
275,2148,2148,),operator,0,109,12
276,2150,2157,continue,keyword,0,109,14
277,2158,2158,;,operator,0,109,22
278,2162,2162,w,identifier,0,110,2
279,2163,2163,.,operator,0,110,3
280,2164,2165,PB,identifier,0,110,4
281,2166,2166,(,operator,0,110,6
282,2167,2167,t,identifier,0,110,7
283,2168,2168,),operator,0,110,8
284,2169,2169,;,operator,0,110,9
285,2218,2218,},operator,0,112,1
286,2221,2222,if,keyword,0,113,1
287,2223,2223,(,operator,0,113,3
288,2224,2224,w,identifier,0,113,4
289,2225,2225,.,operator,0,113,5
290,2226,2229,size,identifier,0,113,6
291,2230,2230,(,operator,0,113,10
292,2231,2231,),operator,0,113,11
293,2232,2233,==,operator,0,113,12
294,2234,2234,0,integer,0,113,14
295,2235,2235,),operator,0,113,15
296,2236,2236,{,operator,0,113,16
297,2240,2241,if,keyword,0,114,2
298,2242,2242,(,operator,0,114,4
299,2243,2243,v,identifier,0,114,5
300,2244,2244,[,operator,0,114,6
301,2245,2245,x,identifier,0,114,7
302,2246,2246,],operator,0,114,8
303,2247,2248,>=,operator,0,114,9
304,2249,2249,0,integer,0,114,11
305,2250,2250,),operator,0,114,12
306,2251,2251,{,operator,0,114,13
307,2256,2261,return,keyword,0,115,3
308,2263,2263,d,identifier,0,115,10
309,2264,2264,[,operator,0,115,11
310,2265,2265,x,identifier,0,115,12
311,2266,2266,],operator,0,115,13
312,2267,2267,=,operator,0,115,14
313,2268,2270,pii,identifier,0,115,15
314,2271,2271,(,operator,0,115,18
315,2272,2272,v,identifier,0,115,19
316,2273,2273,[,operator,0,115,20
317,2274,2274,x,identifier,0,115,21
318,2275,2275,],operator,0,115,22
319,2276,2276,",",operator,0,115,23
320,2277,2277,1,integer,0,115,24
321,2278,2278,),operator,0,115,25
322,2279,2279,;,operator,0,115,26
323,2283,2283,},operator,0,116,2
324,2287,2290,else,keyword,0,117,2
325,2291,2291,{,operator,0,117,6
326,2296,2301,return,keyword,0,118,3
327,2303,2303,d,identifier,0,118,10
328,2304,2304,[,operator,0,118,11
329,2305,2305,x,identifier,0,118,12
330,2306,2306,],operator,0,118,13
331,2307,2307,=,operator,0,118,14
332,2308,2310,pii,identifier,0,118,15
333,2311,2311,(,operator,0,118,18
334,2312,2312,-,operator,0,118,19
335,2313,2313,1,integer,0,118,20
336,2314,2314,",",operator,0,118,21
337,2315,2315,1,integer,0,118,22
338,2316,2316,),operator,0,118,23
339,2317,2317,;,operator,0,118,24
340,2321,2321,},operator,0,119,2
341,2324,2324,},operator,0,120,1
342,2327,2330,else,keyword,0,121,1
343,2331,2331,{,operator,0,121,5
344,2335,2336,if,keyword,0,122,2
345,2337,2337,(,operator,0,122,4
346,2338,2338,v,identifier,0,122,5
347,2339,2339,[,operator,0,122,6
348,2340,2340,x,identifier,0,122,7
349,2341,2341,],operator,0,122,8
350,2342,2343,>=,operator,0,122,9
351,2344,2344,0,integer,0,122,11
352,2345,2345,),operator,0,122,12
353,2346,2346,{,operator,0,122,13
354,2351,2354,bool,keyword,0,123,3
355,2356,2356,f,identifier,0,123,8
356,2358,2358,=,operator,0,123,10
357,2360,2363,true,keyword,0,123,12
358,2364,2364,;,operator,0,123,16
359,2369,2371,rep,identifier,0,124,3
360,2372,2372,(,operator,0,124,6
361,2373,2373,i,identifier,0,124,7
362,2374,2374,",",operator,0,124,8
363,2375,2375,w,identifier,0,124,9
364,2376,2376,.,operator,0,124,10
365,2377,2380,size,identifier,0,124,11
366,2381,2381,(,operator,0,124,15
367,2382,2382,),operator,0,124,16
368,2383,2383,),operator,0,124,17
369,2384,2384,{,operator,0,124,18
370,2390,2391,if,keyword,0,125,4
371,2392,2392,(,operator,0,125,6
372,2393,2395,abs,identifier,0,125,7
373,2396,2396,(,operator,0,125,10
374,2397,2397,v,identifier,0,125,11
375,2398,2398,[,operator,0,125,12
376,2399,2399,x,identifier,0,125,13
377,2400,2400,],operator,0,125,14
378,2401,2401,-,operator,0,125,15
379,2402,2402,w,identifier,0,125,16
380,2403,2403,[,operator,0,125,17
381,2404,2404,i,identifier,0,125,18
382,2405,2405,],operator,0,125,19
383,2406,2406,.,operator,0,125,20
384,2407,2407,F,identifier,0,125,21
385,2408,2408,),operator,0,125,22
386,2409,2410,<=,operator,0,125,23
387,2411,2411,w,identifier,0,125,25
388,2412,2412,[,operator,0,125,26
389,2413,2413,i,identifier,0,125,27
390,2414,2414,],operator,0,125,28
391,2415,2415,.,operator,0,125,29
392,2416,2416,S,identifier,0,125,30
393,2417,2418,&&,operator,0,125,31
394,2419,2421,abs,identifier,0,125,33
395,2422,2422,(,operator,0,125,36
396,2423,2423,v,identifier,0,125,37
397,2424,2424,[,operator,0,125,38
398,2425,2425,x,identifier,0,125,39
399,2426,2426,],operator,0,125,40
400,2427,2427,-,operator,0,125,41
401,2428,2428,w,identifier,0,125,42
402,2429,2429,[,operator,0,125,43
403,2430,2430,i,identifier,0,125,44
404,2431,2431,],operator,0,125,45
405,2432,2432,.,operator,0,125,46
406,2433,2433,F,identifier,0,125,47
407,2434,2434,),operator,0,125,48
408,2435,2435,%,operator,0,125,49
409,2436,2436,2,integer,0,125,50
410,2437,2438,==,operator,0,125,51
411,2439,2439,w,identifier,0,125,53
412,2440,2440,[,operator,0,125,54
413,2441,2441,i,identifier,0,125,55
414,2442,2442,],operator,0,125,56
415,2443,2443,.,operator,0,125,57
416,2444,2444,S,identifier,0,125,58
417,2445,2445,%,operator,0,125,59
418,2446,2446,2,integer,0,125,60
419,2447,2447,),operator,0,125,61
420,2448,2448,{,operator,0,125,62
421,2454,2454,},operator,0,126,4
422,2460,2463,else,keyword,0,127,4
423,2464,2464,{,operator,0,127,8
424,2471,2471,f,identifier,0,128,5
425,2472,2472,=,operator,0,128,6
426,2473,2477,false,keyword,0,128,7
427,2478,2478,;,operator,0,128,12
428,2484,2484,},operator,0,129,4
429,2489,2489,},operator,0,130,3
430,2494,2495,if,keyword,0,131,3
431,2496,2496,(,operator,0,131,5
432,2497,2497,f,identifier,0,131,6
433,2498,2498,),operator,0,131,7
434,2499,2499,{,operator,0,131,8
435,2505,2510,return,keyword,0,132,4
436,2512,2512,d,identifier,0,132,11
437,2513,2513,[,operator,0,132,12
438,2514,2514,x,identifier,0,132,13
439,2515,2515,],operator,0,132,14
440,2516,2516,=,operator,0,132,15
441,2517,2519,pii,identifier,0,132,16
442,2520,2520,(,operator,0,132,19
443,2521,2521,v,identifier,0,132,20
444,2522,2522,[,operator,0,132,21
445,2523,2523,x,identifier,0,132,22
446,2524,2524,],operator,0,132,23
447,2525,2525,",",operator,0,132,24
448,2526,2526,1,integer,0,132,25
449,2527,2527,),operator,0,132,26
450,2528,2528,;,operator,0,132,27
451,2533,2533,},operator,0,133,3
452,2538,2541,else,keyword,0,134,3
453,2542,2542,{,operator,0,134,7
454,2548,2549,ok,identifier,0,135,4
455,2550,2550,=,operator,0,135,6
456,2551,2555,false,keyword,0,135,7
457,2556,2556,;,operator,0,135,12
458,2562,2567,return,keyword,0,136,4
459,2569,2569,d,identifier,0,136,11
460,2570,2570,[,operator,0,136,12
461,2571,2571,x,identifier,0,136,13
462,2572,2572,],operator,0,136,14
463,2573,2573,=,operator,0,136,15
464,2574,2576,pii,identifier,0,136,16
465,2577,2577,(,operator,0,136,19
466,2578,2578,-,operator,0,136,20
467,2579,2579,1,integer,0,136,21
468,2580,2580,",",operator,0,136,22
469,2581,2581,1,integer,0,136,23
470,2582,2582,),operator,0,136,24
471,2583,2583,;,operator,0,136,25
472,2588,2588,},operator,0,137,3
473,2592,2592,},operator,0,138,2
474,2596,2599,else,keyword,0,139,2
475,2600,2600,{,operator,0,139,6
476,2605,2606,if,keyword,0,140,3
477,2607,2607,(,operator,0,140,5
478,2608,2608,w,identifier,0,140,6
479,2609,2609,.,operator,0,140,7
480,2610,2613,size,identifier,0,140,8
481,2614,2614,(,operator,0,140,12
482,2615,2615,),operator,0,140,13
483,2616,2617,==,operator,0,140,14
484,2618,2618,1,integer,0,140,16
485,2619,2619,),operator,0,140,17
486,2620,2620,{,operator,0,140,18
487,2626,2631,return,keyword,0,141,4
488,2633,2633,d,identifier,0,141,11
489,2634,2634,[,operator,0,141,12
490,2635,2635,x,identifier,0,141,13
491,2636,2636,],operator,0,141,14
492,2637,2637,=,operator,0,141,15
493,2638,2640,pii,identifier,0,141,16
494,2641,2641,(,operator,0,141,19
495,2642,2642,w,identifier,0,141,20
496,2643,2643,[,operator,0,141,21
497,2644,2644,0,integer,0,141,22
498,2645,2645,],operator,0,141,23
499,2646,2646,.,operator,0,141,24
500,2647,2647,F,identifier,0,141,25
501,2648,2648,",",operator,0,141,26
502,2649,2649,w,identifier,0,141,27
503,2650,2650,[,operator,0,141,28
504,2651,2651,0,integer,0,141,29
505,2652,2652,],operator,0,141,30
506,2653,2653,.,operator,0,141,31
507,2654,2654,S,identifier,0,141,32
508,2655,2655,+,operator,0,141,33
509,2656,2656,1,integer,0,141,34
510,2657,2657,),operator,0,141,35
511,2658,2658,;,operator,0,141,36
512,2663,2663,},operator,0,142,3
513,2668,2671,else,keyword,0,143,3
514,2672,2672,{,operator,0,143,7
515,2678,2681,bool,keyword,0,144,4
516,2683,2683,f,identifier,0,144,9
517,2685,2685,=,operator,0,144,11
518,2687,2690,true,keyword,0,144,13
519,2691,2691,;,operator,0,144,17
520,2697,2699,int,keyword,0,145,4
521,2701,2701,t,identifier,0,145,8
522,2703,2703,=,operator,0,145,10
523,2705,2705,(,operator,0,145,12
524,2706,2706,w,identifier,0,145,13
525,2707,2707,[,operator,0,145,14
526,2708,2708,0,integer,0,145,15
527,2709,2709,],operator,0,145,16
528,2710,2710,.,operator,0,145,17
529,2711,2711,F,identifier,0,145,18
530,2712,2712,+,operator,0,145,19
531,2713,2713,w,identifier,0,145,20
532,2714,2714,[,operator,0,145,21
533,2715,2715,0,integer,0,145,22
534,2716,2716,],operator,0,145,23
535,2717,2717,.,operator,0,145,24
536,2718,2718,S,identifier,0,145,25
537,2719,2719,),operator,0,145,26
538,2720,2720,%,operator,0,145,27
539,2721,2721,2,integer,0,145,28
540,2722,2722,;,operator,0,145,29
541,2728,2731,reep,identifier,0,146,4
542,2732,2732,(,operator,0,146,8
543,2733,2733,i,identifier,0,146,9
544,2734,2734,",",operator,0,146,10
545,2735,2735,1,integer,0,146,11
546,2736,2736,",",operator,0,146,12
547,2737,2737,w,identifier,0,146,13
548,2738,2738,.,operator,0,146,14
549,2739,2742,size,identifier,0,146,15
550,2743,2743,(,operator,0,146,19
551,2744,2744,),operator,0,146,20
552,2745,2745,),operator,0,146,21
553,2746,2746,{,operator,0,146,22
554,2753,2754,if,keyword,0,147,5
555,2755,2755,(,operator,0,147,7
556,2756,2756,t,identifier,0,147,8
557,2758,2759,"!=",operator,0,147,10
558,2761,2761,(,operator,0,147,13
559,2762,2762,w,identifier,0,147,14
560,2763,2763,[,operator,0,147,15
561,2764,2764,i,identifier,0,147,16
562,2765,2765,],operator,0,147,17
563,2766,2766,.,operator,0,147,18
564,2767,2767,F,identifier,0,147,19
565,2768,2768,+,operator,0,147,20
566,2769,2769,w,identifier,0,147,21
567,2770,2770,[,operator,0,147,22
568,2771,2771,i,identifier,0,147,23
569,2772,2772,],operator,0,147,24
570,2773,2773,.,operator,0,147,25
571,2774,2774,S,identifier,0,147,26
572,2775,2775,),operator,0,147,27
573,2776,2776,%,operator,0,147,28
574,2777,2777,2,integer,0,147,29
575,2778,2778,),operator,0,147,30
576,2780,2780,f,identifier,0,147,32
577,2781,2781,=,operator,0,147,33
578,2782,2786,false,keyword,0,147,34
579,2787,2787,;,operator,0,147,39
580,2793,2793,},operator,0,148,4
581,2799,2800,if,keyword,0,149,4
582,2801,2801,(,operator,0,149,6
583,2802,2802,"!",operator,0,149,7
584,2803,2803,f,identifier,0,149,8
585,2804,2804,),operator,0,149,9
586,2805,2805,{,operator,0,149,10
587,2812,2813,ok,identifier,0,150,5
588,2814,2814,=,operator,0,150,7
589,2815,2819,false,keyword,0,150,8
590,2820,2820,;,operator,0,150,13
591,2827,2832,return,keyword,0,151,5
592,2834,2834,d,identifier,0,151,12
593,2835,2835,[,operator,0,151,13
594,2836,2836,x,identifier,0,151,14
595,2837,2837,],operator,0,151,15
596,2838,2838,=,operator,0,151,16
597,2839,2841,pii,identifier,0,151,17
598,2842,2842,(,operator,0,151,20
599,2843,2843,-,operator,0,151,21
600,2844,2844,1,integer,0,151,22
601,2845,2845,",",operator,0,151,23
602,2846,2846,1,integer,0,151,24
603,2847,2847,),operator,0,151,25
604,2848,2848,;,operator,0,151,26
605,2854,2854,},operator,0,152,4
606,2860,2862,int,keyword,0,153,4
607,2864,2864,l,identifier,0,153,8
608,2865,2865,=,operator,0,153,9
609,2866,2866,-,operator,0,153,10
610,2867,2869,INF,identifier,0,153,11
611,2870,2870,;,operator,0,153,14
612,2876,2878,int,keyword,0,154,4
613,2880,2880,r,identifier,0,154,8
614,2881,2881,=,operator,0,154,9
615,2882,2884,INF,identifier,0,154,10
616,2885,2885,;,operator,0,154,13
617,2891,2893,rep,identifier,0,155,4
618,2894,2894,(,operator,0,155,7
619,2895,2895,i,identifier,0,155,8
620,2896,2896,",",operator,0,155,9
621,2897,2897,w,identifier,0,155,10
622,2898,2898,.,operator,0,155,11
623,2899,2902,size,identifier,0,155,12
624,2903,2903,(,operator,0,155,16
625,2904,2904,),operator,0,155,17
626,2905,2905,),operator,0,155,18
627,2906,2906,{,operator,0,155,19
628,2913,2916,maxs,identifier,0,156,5
629,2917,2917,(,operator,0,156,9
630,2918,2918,l,identifier,0,156,10
631,2919,2919,",",operator,0,156,11
632,2920,2920,w,identifier,0,156,12
633,2921,2921,[,operator,0,156,13
634,2922,2922,i,identifier,0,156,14
635,2923,2923,],operator,0,156,15
636,2924,2924,.,operator,0,156,16
637,2925,2925,F,identifier,0,156,17
638,2926,2926,-,operator,0,156,18
639,2927,2927,w,identifier,0,156,19
640,2928,2928,[,operator,0,156,20
641,2929,2929,i,identifier,0,156,21
642,2930,2930,],operator,0,156,22
643,2931,2931,.,operator,0,156,23
644,2932,2932,S,identifier,0,156,24
645,2933,2933,),operator,0,156,25
646,2934,2934,;,operator,0,156,26
647,2941,2944,mins,identifier,0,157,5
648,2945,2945,(,operator,0,157,9
649,2946,2946,r,identifier,0,157,10
650,2947,2947,",",operator,0,157,11
651,2948,2948,w,identifier,0,157,12
652,2949,2949,[,operator,0,157,13
653,2950,2950,i,identifier,0,157,14
654,2951,2951,],operator,0,157,15
655,2952,2952,.,operator,0,157,16
656,2953,2953,F,identifier,0,157,17
657,2954,2954,+,operator,0,157,18
658,2955,2955,w,identifier,0,157,19
659,2956,2956,[,operator,0,157,20
660,2957,2957,i,identifier,0,157,21
661,2958,2958,],operator,0,157,22
662,2959,2959,.,operator,0,157,23
663,2960,2960,S,identifier,0,157,24
664,2961,2961,),operator,0,157,25
665,2962,2962,;,operator,0,157,26
666,2968,2968,},operator,0,158,4
667,2974,2976,pii,identifier,0,159,4
668,2978,2980,ret,identifier,0,159,8
669,2981,2981,(,operator,0,159,11
670,2982,2982,l,identifier,0,159,12
671,2983,2983,+,operator,0,159,13
672,2984,2984,(,operator,0,159,14
673,2985,2985,r,identifier,0,159,15
674,2986,2986,-,operator,0,159,16
675,2987,2987,l,identifier,0,159,17
676,2988,2988,),operator,0,159,18
677,2989,2989,/,operator,0,159,19
678,2990,2990,2,integer,0,159,20
679,2991,2991,",",operator,0,159,21
680,2992,2992,(,operator,0,159,22
681,2993,2993,r,identifier,0,159,23
682,2994,2994,-,operator,0,159,24
683,2995,2995,l,identifier,0,159,25
684,2996,2996,),operator,0,159,26
685,2997,2997,/,operator,0,159,27
686,2998,2998,2,integer,0,159,28
687,2999,2999,),operator,0,159,29
688,3000,3000,;,operator,0,159,30
689,3006,3011,return,keyword,0,160,4
690,3013,3013,d,identifier,0,160,11
691,3014,3014,[,operator,0,160,12
692,3015,3015,x,identifier,0,160,13
693,3016,3016,],operator,0,160,14
694,3017,3017,=,operator,0,160,15
695,3018,3020,ret,identifier,0,160,16
696,3021,3021,;,operator,0,160,19
697,3026,3026,},operator,0,161,3
698,3030,3030,},operator,0,162,2
699,3033,3033,},operator,0,163,1
700,3035,3035,},operator,0,164,0
701,3038,3041,void,keyword,0,166,0
702,3043,3046,dfs2,identifier,0,166,5
703,3047,3047,(,operator,0,166,9
704,3048,3050,int,keyword,0,166,10
705,3052,3052,x,identifier,0,166,14
706,3053,3053,",",operator,0,166,15
707,3055,3057,int,keyword,0,166,17
708,3059,3061,pre,identifier,0,166,21
709,3062,3062,",",operator,0,166,24
710,3064,3066,int,keyword,0,166,26
711,3068,3070,val,identifier,0,166,30
712,3071,3071,),operator,0,166,33
713,3072,3072,{,operator,0,166,34
714,3075,3076,if,keyword,0,167,1
715,3077,3077,(,operator,0,167,3
716,3078,3078,v,identifier,0,167,4
717,3079,3079,[,operator,0,167,5
718,3080,3080,x,identifier,0,167,6
719,3081,3081,],operator,0,167,7
720,3082,3082,<,operator,0,167,8
721,3083,3083,0,integer,0,167,9
722,3084,3084,),operator,0,167,10
723,3085,3085,{,operator,0,167,11
724,3089,3090,if,keyword,0,168,2
725,3091,3091,(,operator,0,168,4
726,3092,3092,d,identifier,0,168,5
727,3093,3093,[,operator,0,168,6
728,3094,3094,x,identifier,0,168,7
729,3095,3095,],operator,0,168,8
730,3096,3096,.,operator,0,168,9
731,3097,3097,F,identifier,0,168,10
732,3098,3098,-,operator,0,168,11
733,3099,3099,d,identifier,0,168,12
734,3100,3100,[,operator,0,168,13
735,3101,3101,x,identifier,0,168,14
736,3102,3102,],operator,0,168,15
737,3103,3103,.,operator,0,168,16
738,3104,3104,S,identifier,0,168,17
739,3105,3106,<=,operator,0,168,18
740,3107,3109,val,identifier,0,168,20
741,3110,3110,-,operator,0,168,23
742,3111,3111,1,integer,0,168,24
743,3112,3113,&&,operator,0,168,25
744,3114,3116,val,identifier,0,168,27
745,3117,3117,-,operator,0,168,30
746,3118,3118,1,integer,0,168,31
747,3119,3120,<=,operator,0,168,32
748,3121,3121,d,identifier,0,168,34
749,3122,3122,[,operator,0,168,35
750,3123,3123,x,identifier,0,168,36
751,3124,3124,],operator,0,168,37
752,3125,3125,.,operator,0,168,38
753,3126,3126,F,identifier,0,168,39
754,3127,3127,+,operator,0,168,40
755,3128,3128,d,identifier,0,168,41
756,3129,3129,[,operator,0,168,42
757,3130,3130,x,identifier,0,168,43
758,3131,3131,],operator,0,168,44
759,3132,3132,.,operator,0,168,45
760,3133,3133,S,identifier,0,168,46
761,3134,3134,),operator,0,168,47
762,3135,3135,{,operator,0,168,48
763,3140,3140,v,identifier,0,169,3
764,3141,3141,[,operator,0,169,4
765,3142,3142,x,identifier,0,169,5
766,3143,3143,],operator,0,169,6
767,3144,3144,=,operator,0,169,7
768,3145,3147,val,identifier,0,169,8
769,3148,3148,-,operator,0,169,11
770,3149,3149,1,integer,0,169,12
771,3150,3150,;,operator,0,169,13
772,3154,3154,},operator,0,170,2
773,3158,3161,else,keyword,0,171,2
774,3162,3162,{,operator,0,171,6
775,3180,3180,v,identifier,0,173,3
776,3181,3181,[,operator,0,173,4
777,3182,3182,x,identifier,0,173,5
778,3183,3183,],operator,0,173,6
779,3184,3184,=,operator,0,173,7
780,3185,3187,val,identifier,0,173,8
781,3188,3188,+,operator,0,173,11
782,3189,3189,1,integer,0,173,12
783,3190,3190,;,operator,0,173,13
784,3194,3194,},operator,0,174,2
785,3197,3197,},operator,0,175,1
786,3200,3202,for,keyword,0,176,1
787,3203,3203,(,operator,0,176,4
788,3204,3206,int,keyword,0,176,5
789,3208,3208,y,identifier,0,176,9
790,3209,3209,:,operator,0,176,10
791,3210,3211,vv,identifier,0,176,11
792,3212,3212,[,operator,0,176,13
793,3213,3213,x,identifier,0,176,14
794,3214,3214,],operator,0,176,15
795,3215,3215,),operator,0,176,16
796,3216,3216,{,operator,0,176,17
797,3220,3221,if,keyword,0,177,2
798,3222,3222,(,operator,0,177,4
799,3223,3225,pre,identifier,0,177,5
800,3226,3227,==,operator,0,177,8
801,3228,3228,y,identifier,0,177,10
802,3229,3229,),operator,0,177,11
803,3231,3238,continue,keyword,0,177,13
804,3239,3239,;,operator,0,177,21
805,3243,3246,dfs2,identifier,0,178,2
806,3247,3247,(,operator,0,178,6
807,3248,3248,y,identifier,0,178,7
808,3249,3249,",",operator,0,178,8
809,3250,3250,x,identifier,0,178,9
810,3251,3251,",",operator,0,178,10
811,3252,3252,v,identifier,0,178,11
812,3253,3253,[,operator,0,178,12
813,3254,3254,x,identifier,0,178,13
814,3255,3255,],operator,0,178,14
815,3256,3256,),operator,0,178,15
816,3257,3257,;,operator,0,178,16
817,3260,3260,},operator,0,179,1
818,3262,3262,},operator,0,180,0
819,3265,3268,void,keyword,0,182,0
820,3270,3277,mainmain,identifier,0,182,5
821,3278,3278,(,operator,0,182,13
822,3279,3279,),operator,0,182,14
823,3280,3280,{,operator,0,182,15
824,3283,3285,cin,identifier,0,183,1
825,3286,3286,>,operator,0,183,4
826,3287,3287,>,operator,0,183,5
827,3288,3288,n,identifier,0,183,6
828,3289,3289,;,operator,0,183,7
829,3292,3293,vv,identifier,0,184,1
830,3294,3294,=,operator,0,184,3
831,3295,3299,vvint,identifier,0,184,4
832,3300,3300,(,operator,0,184,9
833,3301,3301,n,identifier,0,184,10
834,3302,3302,),operator,0,184,11
835,3303,3303,;,operator,0,184,12
836,3306,3306,d,identifier,0,185,1
837,3307,3307,=,operator,0,185,2
838,3308,3313,vector,identifier,0,185,3
839,3314,3314,<,operator,0,185,9
840,3315,3317,pii,identifier,0,185,10
841,3318,3318,>,operator,0,185,13
842,3319,3319,(,operator,0,185,14
843,3320,3320,n,identifier,0,185,15
844,3321,3321,),operator,0,185,16
845,3322,3322,;,operator,0,185,17
846,3325,3325,v,identifier,0,186,1
847,3326,3326,=,operator,0,186,2
848,3327,3330,vint,identifier,0,186,3
849,3331,3331,(,operator,0,186,7
850,3332,3332,n,identifier,0,186,8
851,3333,3333,",",operator,0,186,9
852,3334,3334,-,operator,0,186,10
853,3335,3335,1,integer,0,186,11
854,3336,3336,),operator,0,186,12
855,3337,3337,;,operator,0,186,13
856,3340,3342,rep,identifier,0,187,1
857,3343,3343,(,operator,0,187,4
858,3344,3344,i,identifier,0,187,5
859,3345,3345,",",operator,0,187,6
860,3346,3346,n,identifier,0,187,7
861,3347,3347,-,operator,0,187,8
862,3348,3348,1,integer,0,187,9
863,3349,3349,),operator,0,187,10
864,3350,3350,{,operator,0,187,11
865,3354,3356,int,keyword,0,188,2
866,3358,3358,a,identifier,0,188,6
867,3359,3359,",",operator,0,188,7
868,3360,3360,b,identifier,0,188,8
869,3361,3361,;,operator,0,188,9
870,3365,3367,cin,identifier,0,189,2
871,3368,3368,>,operator,0,189,5
872,3369,3369,>,operator,0,189,6
873,3370,3370,a,identifier,0,189,7
874,3371,3371,>,operator,0,189,8
875,3372,3372,>,operator,0,189,9
876,3373,3373,b,identifier,0,189,10
877,3374,3374,;,operator,0,189,11
878,3378,3378,a,identifier,0,190,2
879,3379,3380,--,operator,0,190,3
880,3381,3381,",",operator,0,190,5
881,3382,3382,b,identifier,0,190,6
882,3383,3384,--,operator,0,190,7
883,3385,3385,;,operator,0,190,9
884,3389,3390,vv,identifier,0,191,2
885,3391,3391,[,operator,0,191,4
886,3392,3392,a,identifier,0,191,5
887,3393,3393,],operator,0,191,6
888,3394,3394,.,operator,0,191,7
889,3395,3396,PB,identifier,0,191,8
890,3397,3397,(,operator,0,191,10
891,3398,3398,b,identifier,0,191,11
892,3399,3399,),operator,0,191,12
893,3400,3400,;,operator,0,191,13
894,3404,3405,vv,identifier,0,192,2
895,3406,3406,[,operator,0,192,4
896,3407,3407,b,identifier,0,192,5
897,3408,3408,],operator,0,192,6
898,3409,3409,.,operator,0,192,7
899,3410,3411,PB,identifier,0,192,8
900,3412,3412,(,operator,0,192,10
901,3413,3413,a,identifier,0,192,11
902,3414,3414,),operator,0,192,12
903,3415,3415,;,operator,0,192,13
904,3418,3418,},operator,0,193,1
905,3421,3423,int,keyword,0,194,1
906,3425,3425,K,identifier,0,194,5
907,3426,3426,;,operator,0,194,6
908,3429,3431,cin,identifier,0,195,1
909,3432,3432,>,operator,0,195,4
910,3433,3433,>,operator,0,195,5
911,3434,3434,K,identifier,0,195,6
912,3435,3435,;,operator,0,195,7
913,3438,3440,int,keyword,0,196,1
914,3442,3442,p,identifier,0,196,5
915,3443,3443,;,operator,0,196,6
916,3446,3448,rep,identifier,0,197,1
917,3449,3449,(,operator,0,197,4
918,3450,3450,i,identifier,0,197,5
919,3451,3451,",",operator,0,197,6
920,3452,3452,K,identifier,0,197,7
921,3453,3453,),operator,0,197,8
922,3454,3454,{,operator,0,197,9
923,3458,3460,int,keyword,0,198,2
924,3462,3462,a,identifier,0,198,6
925,3463,3463,",",operator,0,198,7
926,3464,3464,b,identifier,0,198,8
927,3465,3465,;,operator,0,198,9
928,3469,3471,cin,identifier,0,199,2
929,3472,3472,>,operator,0,199,5
930,3473,3473,>,operator,0,199,6
931,3474,3474,a,identifier,0,199,7
932,3475,3475,>,operator,0,199,8
933,3476,3476,>,operator,0,199,9
934,3477,3477,b,identifier,0,199,10
935,3478,3478,;,operator,0,199,11
936,3482,3482,a,identifier,0,200,2
937,3483,3484,--,operator,0,200,3
938,3485,3485,;,operator,0,200,5
939,3489,3489,v,identifier,0,201,2
940,3490,3490,[,operator,0,201,3
941,3491,3491,a,identifier,0,201,4
942,3492,3492,],operator,0,201,5
943,3493,3493,=,operator,0,201,6
944,3494,3494,b,identifier,0,201,7
945,3495,3495,;,operator,0,201,8
946,3499,3499,p,identifier,0,202,2
947,3500,3500,=,operator,0,202,3
948,3501,3501,a,identifier,0,202,4
949,3502,3502,;,operator,0,202,5
950,3505,3505,},operator,0,203,1
951,3508,3510,pii,identifier,0,204,1
952,3512,3512,t,identifier,0,204,5
953,3514,3514,=,operator,0,204,7
954,3516,3518,dfs,identifier,0,204,9
955,3519,3519,(,operator,0,204,12
956,3520,3520,p,identifier,0,204,13
957,3521,3521,",",operator,0,204,14
958,3523,3523,-,operator,0,204,16
959,3524,3524,1,integer,0,204,17
960,3525,3525,),operator,0,204,18
961,3526,3526,;,operator,0,204,19
962,3529,3530,if,keyword,0,205,1
963,3531,3531,(,operator,0,205,3
964,3532,3533,ok,identifier,0,205,4
965,3534,3534,),operator,0,205,6
966,3535,3535,{,operator,0,205,7
967,3539,3542,cout,identifier,0,206,2
968,3543,3543,<,operator,0,206,6
969,3544,3544,<,operator,0,206,7
970,3545,3549,"""Yes""",string,0,206,8
971,3550,3550,<,operator,0,206,13
972,3551,3551,<,operator,0,206,14
973,3552,3555,endl,identifier,0,206,15
974,3556,3556,;,operator,0,206,19
975,3560,3563,dfs2,identifier,0,207,2
976,3564,3564,(,operator,0,207,6
977,3565,3565,p,identifier,0,207,7
978,3566,3566,",",operator,0,207,8
979,3567,3567,-,operator,0,207,9
980,3568,3568,1,integer,0,207,10
981,3569,3569,",",operator,0,207,11
982,3570,3570,-,operator,0,207,12
983,3571,3571,1,integer,0,207,13
984,3572,3572,),operator,0,207,14
985,3573,3573,;,operator,0,207,15
986,3577,3579,rep,identifier,0,208,2
987,3580,3580,(,operator,0,208,5
988,3581,3581,i,identifier,0,208,6
989,3582,3582,",",operator,0,208,7
990,3583,3583,n,identifier,0,208,8
991,3584,3584,),operator,0,208,9
992,3585,3585,{,operator,0,208,10
993,3590,3593,cout,identifier,0,209,3
994,3594,3594,<,operator,0,209,7
995,3595,3595,<,operator,0,209,8
996,3596,3596,v,identifier,0,209,9
997,3597,3597,[,operator,0,209,10
998,3598,3598,i,identifier,0,209,11
999,3599,3599,],operator,0,209,12
1000,3600,3600,<,operator,0,209,13
1001,3601,3601,<,operator,0,209,14
1002,3602,3605,endl,identifier,0,209,15
1003,3606,3606,;,operator,0,209,19
1004,3610,3610,},operator,0,210,2
1005,3613,3613,},operator,0,211,1
1006,3616,3619,else,keyword,0,212,1
1007,3620,3620,{,operator,0,212,5
1008,3624,3627,cout,identifier,0,213,2
1009,3628,3628,<,operator,0,213,6
1010,3629,3629,<,operator,0,213,7
1011,3630,3633,"""No""",string,0,213,8
1012,3634,3634,<,operator,0,213,12
1013,3635,3635,<,operator,0,213,13
1014,3636,3639,endl,identifier,0,213,14
1015,3640,3640,;,operator,0,213,18
1016,3643,3643,},operator,0,214,1
1017,3645,3645,},operator,0,215,0
1018,3649,3654,signed,keyword,0,218,0
1019,3656,3659,main,identifier,0,218,7
1020,3660,3660,(,operator,0,218,11
1021,3661,3661,),operator,0,218,12
1022,3663,3663,{,operator,0,218,14
1023,3669,3676,ios_base,identifier,0,219,4
1024,3677,3678,::,operator,0,219,12
1025,3679,3693,sync_with_stdio,identifier,0,219,14
1026,3694,3694,(,operator,0,219,29
1027,3695,3699,false,keyword,0,219,30
1028,3700,3700,),operator,0,219,35
1029,3701,3701,;,operator,0,219,36
1030,3707,3709,cin,identifier,0,220,4
1031,3710,3710,.,operator,0,220,7
1032,3711,3713,tie,identifier,0,220,8
1033,3714,3714,(,operator,0,220,11
1034,3715,3715,0,integer,0,220,12
1035,3716,3716,),operator,0,220,13
1036,3717,3717,;,operator,0,220,14
1037,3723,3726,cout,identifier,0,221,4
1038,3727,3727,<,operator,0,221,8
1039,3728,3728,<,operator,0,221,9
1040,3729,3733,fixed,identifier,0,221,10
1041,3734,3734,<,operator,0,221,15
1042,3735,3735,<,operator,0,221,16
1043,3736,3747,setprecision,identifier,0,221,17
1044,3748,3748,(,operator,0,221,29
1045,3749,3750,20,integer,0,221,30
1046,3751,3751,),operator,0,221,32
1047,3752,3752,;,operator,0,221,33
1048,3758,3765,mainmain,identifier,0,222,4
1049,3766,3766,(,operator,0,222,12
1050,3767,3767,),operator,0,222,13
1051,3768,3768,;,operator,0,222,14
1052,3770,3770,},operator,0,223,0
1053,3771,3770,<EOF>,eof,0,223,1
