seqnr,start,stop,text,class,channel,line,column
0,0,18,"#include <iostream>",directive,1,1,0
1,20,37,"#include <iomanip>",directive,1,2,0
2,39,55,"#include <string>",directive,1,3,0
3,57,73,"#include <vector>",directive,1,4,0
4,75,90,"#include <queue>",directive,1,5,0
5,92,111,"#include <algorithm>",directive,1,6,0
6,113,130,"#include <utility>",directive,1,7,0
7,132,147,"#include <cmath>",directive,1,8,0
8,150,183,"#define INF_LL 9000000000000000000",directive,1,10,0
9,185,206,"#define INF 2000000000",directive,1,11,0
10,209,252,"#define REP(i, n) for(int i = 0;i < (n);i++)",directive,1,13,0
11,254,302,"#define FOR(i, a, b) for(int i = (a);i < (b);i++)",directive,1,14,0
12,305,309,using,keyword,0,16,0
13,311,319,namespace,keyword,0,16,6
14,321,323,std,identifier,0,16,16
15,324,324,;,operator,0,16,19
16,327,333,typedef,keyword,0,18,0
17,335,338,long,keyword,0,18,8
18,340,343,long,keyword,0,18,13
19,345,346,ll,identifier,0,18,18
20,347,347,;,operator,0,18,20
21,349,355,typedef,keyword,0,19,0
22,357,360,pair,identifier,0,19,8
23,361,361,<,operator,0,19,12
24,362,364,int,keyword,0,19,13
25,365,365,",",operator,0,19,16
26,367,369,int,keyword,0,19,18
27,370,370,>,operator,0,19,21
28,372,374,PII,identifier,0,19,23
29,375,375,;,operator,0,19,26
30,378,382,class,keyword,0,21,0
31,384,393,Union_find,identifier,0,21,6
32,394,394,{,operator,0,21,16
33,396,402,private,keyword,0,22,0
34,403,403,:,operator,0,22,7
35,406,411,vector,identifier,0,23,1
36,412,412,<,operator,0,23,7
37,413,415,int,keyword,0,23,8
38,416,416,>,operator,0,23,11
39,418,420,par,identifier,0,23,13
40,421,421,;,operator,0,23,16
41,424,429,vector,identifier,0,24,1
42,430,430,<,operator,0,24,7
43,431,433,int,keyword,0,24,8
44,434,434,>,operator,0,24,11
45,436,439,rank,identifier,0,24,13
46,440,440,;,operator,0,24,17
47,443,445,int,keyword,0,25,1
48,447,447,n,identifier,0,25,5
49,448,448,;,operator,0,25,6
50,451,456,public,keyword,0,27,0
51,457,457,:,operator,0,27,6
52,460,469,Union_find,identifier,0,28,1
53,470,470,(,operator,0,28,11
54,471,473,int,keyword,0,28,12
55,475,475,a,identifier,0,28,16
56,476,476,),operator,0,28,17
57,477,477,{,operator,0,28,18
58,481,481,n,identifier,0,29,2
59,483,483,=,operator,0,29,4
60,485,485,a,identifier,0,29,6
61,486,486,;,operator,0,29,7
62,490,492,for,keyword,0,30,2
63,493,493,(,operator,0,30,5
64,494,496,int,keyword,0,30,6
65,498,498,i,identifier,0,30,10
66,500,500,=,operator,0,30,12
67,502,502,0,integer,0,30,14
68,503,503,;,operator,0,30,15
69,504,504,i,identifier,0,30,16
70,506,506,<,operator,0,30,18
71,508,508,n,identifier,0,30,20
72,509,509,;,operator,0,30,21
73,510,510,i,identifier,0,30,22
74,511,512,++,operator,0,30,23
75,513,513,),operator,0,30,25
76,514,514,{,operator,0,30,26
77,519,521,par,identifier,0,31,3
78,522,522,.,operator,0,31,6
79,523,531,push_back,identifier,0,31,7
80,532,532,(,operator,0,31,16
81,533,533,i,identifier,0,31,17
82,534,534,),operator,0,31,18
83,535,535,;,operator,0,31,19
84,540,543,rank,identifier,0,32,3
85,544,544,.,operator,0,32,7
86,545,553,push_back,identifier,0,32,8
87,554,554,(,operator,0,32,17
88,555,555,0,integer,0,32,18
89,556,556,),operator,0,32,19
90,557,557,;,operator,0,32,20
91,561,561,},operator,0,33,2
92,564,564,},operator,0,34,1
93,568,570,int,keyword,0,36,1
94,572,575,find,identifier,0,36,5
95,576,576,(,operator,0,36,9
96,577,579,int,keyword,0,36,10
97,581,581,x,identifier,0,36,14
98,582,582,),operator,0,36,15
99,583,583,{,operator,0,36,16
100,587,588,if,keyword,0,37,2
101,589,589,(,operator,0,37,4
102,590,592,par,identifier,0,37,5
103,593,593,[,operator,0,37,8
104,594,594,x,identifier,0,37,9
105,595,595,],operator,0,37,10
106,597,598,==,operator,0,37,12
107,600,600,x,identifier,0,37,15
108,601,601,),operator,0,37,16
109,602,602,{,operator,0,37,17
110,607,612,return,keyword,0,38,3
111,614,614,x,identifier,0,38,10
112,615,615,;,operator,0,38,11
113,619,619,},operator,0,39,2
114,620,623,else,keyword,0,39,3
115,624,624,{,operator,0,39,7
116,629,634,return,keyword,0,40,3
117,636,638,par,identifier,0,40,10
118,639,639,[,operator,0,40,13
119,640,640,x,identifier,0,40,14
120,641,641,],operator,0,40,15
121,643,643,=,operator,0,40,17
122,645,648,find,identifier,0,40,19
123,649,649,(,operator,0,40,23
124,650,652,par,identifier,0,40,24
125,653,653,[,operator,0,40,27
126,654,654,x,identifier,0,40,28
127,655,655,],operator,0,40,29
128,656,656,),operator,0,40,30
129,657,657,;,operator,0,40,31
130,661,661,},operator,0,41,2
131,664,664,},operator,0,42,1
132,668,671,void,keyword,0,44,1
133,673,677,unite,identifier,0,44,6
134,678,678,(,operator,0,44,11
135,679,681,int,keyword,0,44,12
136,683,683,x,identifier,0,44,16
137,684,684,",",operator,0,44,17
138,686,688,int,keyword,0,44,19
139,690,690,y,identifier,0,44,23
140,691,691,),operator,0,44,24
141,692,692,{,operator,0,44,25
142,696,696,x,identifier,0,45,2
143,698,698,=,operator,0,45,4
144,700,703,find,identifier,0,45,6
145,704,704,(,operator,0,45,10
146,705,705,x,identifier,0,45,11
147,706,706,),operator,0,45,12
148,707,707,;,operator,0,45,13
149,711,711,y,identifier,0,46,2
150,713,713,=,operator,0,46,4
151,715,718,find,identifier,0,46,6
152,719,719,(,operator,0,46,10
153,720,720,y,identifier,0,46,11
154,721,721,),operator,0,46,12
155,722,722,;,operator,0,46,13
156,726,727,if,keyword,0,47,2
157,728,728,(,operator,0,47,4
158,729,729,x,identifier,0,47,5
159,731,732,==,operator,0,47,7
160,734,734,y,identifier,0,47,10
161,735,735,),operator,0,47,11
162,737,742,return,keyword,0,47,13
163,743,743,;,operator,0,47,19
164,748,749,if,keyword,0,49,2
165,750,750,(,operator,0,49,4
166,751,754,rank,identifier,0,49,5
167,755,755,[,operator,0,49,9
168,756,756,x,identifier,0,49,10
169,757,757,],operator,0,49,11
170,759,759,<,operator,0,49,13
171,761,764,rank,identifier,0,49,15
172,765,765,[,operator,0,49,19
173,766,766,y,identifier,0,49,20
174,767,767,],operator,0,49,21
175,768,768,),operator,0,49,22
176,769,769,{,operator,0,49,23
177,774,776,par,identifier,0,50,3
178,777,777,[,operator,0,50,6
179,778,778,x,identifier,0,50,7
180,779,779,],operator,0,50,8
181,781,781,=,operator,0,50,10
182,783,783,y,identifier,0,50,12
183,784,784,;,operator,0,50,13
184,788,788,},operator,0,51,2
185,789,792,else,keyword,0,51,3
186,793,793,{,operator,0,51,7
187,798,800,par,identifier,0,52,3
188,801,801,[,operator,0,52,6
189,802,802,y,identifier,0,52,7
190,803,803,],operator,0,52,8
191,805,805,=,operator,0,52,10
192,807,807,x,identifier,0,52,12
193,808,808,;,operator,0,52,13
194,813,814,if,keyword,0,53,3
195,815,815,(,operator,0,53,5
196,816,819,rank,identifier,0,53,6
197,820,820,[,operator,0,53,10
198,821,821,x,identifier,0,53,11
199,822,822,],operator,0,53,12
200,824,825,==,operator,0,53,14
201,827,830,rank,identifier,0,53,17
202,831,831,[,operator,0,53,21
203,832,832,y,identifier,0,53,22
204,833,833,],operator,0,53,23
205,834,834,),operator,0,53,24
206,836,839,rank,identifier,0,53,26
207,840,840,[,operator,0,53,30
208,841,841,x,identifier,0,53,31
209,842,842,],operator,0,53,32
210,843,844,++,operator,0,53,33
211,845,845,;,operator,0,53,35
212,849,849,},operator,0,54,2
213,852,852,},operator,0,55,1
214,856,859,bool,keyword,0,57,1
215,861,864,same,identifier,0,57,6
216,865,865,(,operator,0,57,10
217,866,868,int,keyword,0,57,11
218,870,870,x,identifier,0,57,15
219,871,871,",",operator,0,57,16
220,873,875,int,keyword,0,57,18
221,877,877,y,identifier,0,57,22
222,878,878,),operator,0,57,23
223,879,879,{,operator,0,57,24
224,883,888,return,keyword,0,58,2
225,890,893,find,identifier,0,58,9
226,894,894,(,operator,0,58,13
227,895,895,x,identifier,0,58,14
228,896,896,),operator,0,58,15
229,898,899,==,operator,0,58,17
230,901,904,find,identifier,0,58,20
231,905,905,(,operator,0,58,24
232,906,906,y,identifier,0,58,25
233,907,907,),operator,0,58,26
234,908,908,;,operator,0,58,27
235,911,911,},operator,0,59,1
236,913,913,},operator,0,60,0
237,914,914,;,operator,0,60,1
238,917,918,ll,identifier,0,62,0
239,920,920,n,identifier,0,62,3
240,921,921,",",operator,0,62,4
241,923,923,k,identifier,0,62,6
242,924,924,;,operator,0,62,7
243,926,931,vector,identifier,0,63,0
244,932,932,<,operator,0,63,6
245,933,934,ll,identifier,0,63,7
246,935,935,>,operator,0,63,9
247,937,937,e,identifier,0,63,11
248,938,938,[,operator,0,63,12
249,939,944,100000,integer,0,63,13
250,945,945,],operator,0,63,19
251,946,946,;,operator,0,63,20
252,948,953,vector,identifier,0,64,0
253,954,954,<,operator,0,64,6
254,955,956,ll,identifier,0,64,7
255,957,957,>,operator,0,64,9
256,959,959,v,identifier,0,64,11
257,960,960,(,operator,0,64,12
258,961,966,100000,integer,0,64,13
259,967,967,",",operator,0,64,19
260,969,971,INF,identifier,0,64,21
261,972,972,),operator,0,64,24
262,973,973,;,operator,0,64,25
263,976,979,bool,keyword,0,66,0
264,981,983,dfs,identifier,0,66,5
265,984,984,(,operator,0,66,8
266,985,987,int,keyword,0,66,9
267,989,990,id,identifier,0,66,13
268,991,991,",",operator,0,66,15
269,993,995,int,keyword,0,66,17
270,997,998,bf,identifier,0,66,21
271,999,999,),operator,0,66,23
272,1000,1000,{,operator,0,66,24
273,1003,1004,if,keyword,0,67,1
274,1005,1005,(,operator,0,67,3
275,1006,1007,bf,identifier,0,67,4
276,1009,1010,"!=",operator,0,67,7
277,1012,1012,-,operator,0,67,10
278,1013,1013,1,integer,0,67,11
279,1015,1016,&&,operator,0,67,13
280,1018,1018,v,identifier,0,67,16
281,1019,1019,[,operator,0,67,17
282,1020,1021,id,identifier,0,67,18
283,1022,1022,],operator,0,67,20
284,1024,1025,"!=",operator,0,67,22
285,1027,1029,INF,identifier,0,67,25
286,1031,1032,&&,operator,0,67,29
287,1034,1036,abs,identifier,0,67,32
288,1037,1037,(,operator,0,67,35
289,1038,1038,v,identifier,0,67,36
290,1039,1039,[,operator,0,67,37
291,1040,1041,id,identifier,0,67,38
292,1042,1042,],operator,0,67,40
293,1044,1044,-,operator,0,67,42
294,1046,1046,v,identifier,0,67,44
295,1047,1047,[,operator,0,67,45
296,1048,1049,bf,identifier,0,67,46
297,1050,1050,],operator,0,67,48
298,1051,1051,),operator,0,67,49
299,1053,1054,"!=",operator,0,67,51
300,1056,1056,1,integer,0,67,54
301,1057,1057,),operator,0,67,55
302,1059,1064,return,keyword,0,67,57
303,1066,1070,false,keyword,0,67,64
304,1071,1071,;,operator,0,67,69
305,1074,1075,if,keyword,0,68,1
306,1076,1076,(,operator,0,68,3
307,1077,1078,bf,identifier,0,68,4
308,1080,1081,"!=",operator,0,68,7
309,1083,1083,-,operator,0,68,10
310,1084,1084,1,integer,0,68,11
311,1086,1087,&&,operator,0,68,13
312,1089,1089,e,identifier,0,68,16
313,1090,1090,[,operator,0,68,17
314,1091,1092,id,identifier,0,68,18
315,1093,1093,],operator,0,68,20
316,1094,1094,.,operator,0,68,21
317,1095,1098,size,identifier,0,68,22
318,1099,1099,(,operator,0,68,26
319,1100,1100,),operator,0,68,27
320,1102,1103,==,operator,0,68,29
321,1105,1105,1,integer,0,68,32
322,1106,1106,),operator,0,68,33
323,1108,1113,return,keyword,0,68,35
324,1115,1118,true,keyword,0,68,42
325,1119,1119,;,operator,0,68,46
326,1122,1124,REP,identifier,0,69,1
327,1125,1125,(,operator,0,69,4
328,1126,1126,i,identifier,0,69,5
329,1127,1127,",",operator,0,69,6
330,1129,1129,e,identifier,0,69,8
331,1130,1130,[,operator,0,69,9
332,1131,1132,id,identifier,0,69,10
333,1133,1133,],operator,0,69,12
334,1134,1134,.,operator,0,69,13
335,1135,1138,size,identifier,0,69,14
336,1139,1139,(,operator,0,69,18
337,1140,1140,),operator,0,69,19
338,1141,1141,),operator,0,69,20
339,1142,1142,{,operator,0,69,21
340,1146,1147,if,keyword,0,70,2
341,1148,1148,(,operator,0,70,4
342,1149,1149,e,identifier,0,70,5
343,1150,1150,[,operator,0,70,6
344,1151,1152,id,identifier,0,70,7
345,1153,1153,],operator,0,70,9
346,1154,1154,[,operator,0,70,10
347,1155,1155,i,identifier,0,70,11
348,1156,1156,],operator,0,70,12
349,1158,1159,==,operator,0,70,14
350,1161,1162,bf,identifier,0,70,17
351,1163,1163,),operator,0,70,19
352,1165,1172,continue,keyword,0,70,21
353,1173,1173,;,operator,0,70,29
354,1177,1178,if,keyword,0,71,2
355,1179,1179,(,operator,0,71,4
356,1180,1180,v,identifier,0,71,5
357,1181,1181,[,operator,0,71,6
358,1182,1182,e,identifier,0,71,7
359,1183,1183,[,operator,0,71,8
360,1184,1185,id,identifier,0,71,9
361,1186,1186,],operator,0,71,11
362,1187,1187,[,operator,0,71,12
363,1188,1188,i,identifier,0,71,13
364,1189,1189,],operator,0,71,14
365,1190,1190,],operator,0,71,15
366,1192,1193,"!=",operator,0,71,17
367,1195,1197,INF,identifier,0,71,20
368,1198,1198,),operator,0,71,23
369,1199,1199,{,operator,0,71,24
370,1204,1205,if,keyword,0,72,3
371,1206,1206,(,operator,0,72,5
372,1207,1209,abs,identifier,0,72,6
373,1210,1210,(,operator,0,72,9
374,1211,1211,v,identifier,0,72,10
375,1212,1212,[,operator,0,72,11
376,1213,1214,id,identifier,0,72,12
377,1215,1215,],operator,0,72,14
378,1217,1217,-,operator,0,72,16
379,1219,1219,v,identifier,0,72,18
380,1220,1220,[,operator,0,72,19
381,1221,1221,e,identifier,0,72,20
382,1222,1222,[,operator,0,72,21
383,1223,1224,id,identifier,0,72,22
384,1225,1225,],operator,0,72,24
385,1226,1226,[,operator,0,72,25
386,1227,1227,i,identifier,0,72,26
387,1228,1228,],operator,0,72,27
388,1229,1229,],operator,0,72,28
389,1230,1230,),operator,0,72,29
390,1232,1233,"!=",operator,0,72,31
391,1235,1235,1,integer,0,72,34
392,1236,1236,),operator,0,72,35
393,1238,1243,return,keyword,0,72,37
394,1245,1249,false,keyword,0,72,44
395,1250,1250,;,operator,0,72,49
396,1255,1256,if,keyword,0,73,3
397,1257,1257,(,operator,0,73,5
398,1258,1260,dfs,identifier,0,73,6
399,1261,1261,(,operator,0,73,9
400,1262,1262,e,identifier,0,73,10
401,1263,1263,[,operator,0,73,11
402,1264,1265,id,identifier,0,73,12
403,1266,1266,],operator,0,73,14
404,1267,1267,[,operator,0,73,15
405,1268,1268,i,identifier,0,73,16
406,1269,1269,],operator,0,73,17
407,1270,1270,",",operator,0,73,18
408,1272,1273,id,identifier,0,73,20
409,1274,1274,),operator,0,73,22
410,1275,1275,),operator,0,73,23
411,1277,1284,continue,keyword,0,73,25
412,1285,1285,;,operator,0,73,33
413,1290,1295,return,keyword,0,74,3
414,1297,1301,false,keyword,0,74,10
415,1302,1302,;,operator,0,74,15
416,1306,1306,},operator,0,75,2
417,1307,1310,else,keyword,0,75,3
418,1311,1311,{,operator,0,75,7
419,1316,1316,v,identifier,0,76,3
420,1317,1317,[,operator,0,76,4
421,1318,1318,e,identifier,0,76,5
422,1319,1319,[,operator,0,76,6
423,1320,1321,id,identifier,0,76,7
424,1322,1322,],operator,0,76,9
425,1323,1323,[,operator,0,76,10
426,1324,1324,i,identifier,0,76,11
427,1325,1325,],operator,0,76,12
428,1326,1326,],operator,0,76,13
429,1328,1328,=,operator,0,76,15
430,1330,1330,v,identifier,0,76,17
431,1331,1331,[,operator,0,76,18
432,1332,1333,id,identifier,0,76,19
433,1334,1334,],operator,0,76,21
434,1336,1336,+,operator,0,76,23
435,1338,1338,1,integer,0,76,25
436,1339,1339,;,operator,0,76,26
437,1344,1345,if,keyword,0,77,3
438,1346,1346,(,operator,0,77,5
439,1347,1349,dfs,identifier,0,77,6
440,1350,1350,(,operator,0,77,9
441,1351,1351,e,identifier,0,77,10
442,1352,1352,[,operator,0,77,11
443,1353,1354,id,identifier,0,77,12
444,1355,1355,],operator,0,77,14
445,1356,1356,[,operator,0,77,15
446,1357,1357,i,identifier,0,77,16
447,1358,1358,],operator,0,77,17
448,1359,1359,",",operator,0,77,18
449,1361,1362,id,identifier,0,77,20
450,1363,1363,),operator,0,77,22
451,1364,1364,),operator,0,77,23
452,1366,1373,continue,keyword,0,77,25
453,1374,1374,;,operator,0,77,33
454,1379,1379,v,identifier,0,78,3
455,1380,1380,[,operator,0,78,4
456,1381,1381,e,identifier,0,78,5
457,1382,1382,[,operator,0,78,6
458,1383,1384,id,identifier,0,78,7
459,1385,1385,],operator,0,78,9
460,1386,1386,[,operator,0,78,10
461,1387,1387,i,identifier,0,78,11
462,1388,1388,],operator,0,78,12
463,1389,1389,],operator,0,78,13
464,1391,1391,=,operator,0,78,15
465,1393,1393,v,identifier,0,78,17
466,1394,1394,[,operator,0,78,18
467,1395,1396,id,identifier,0,78,19
468,1397,1397,],operator,0,78,21
469,1399,1399,-,operator,0,78,23
470,1401,1401,1,integer,0,78,25
471,1402,1402,;,operator,0,78,26
472,1407,1408,if,keyword,0,79,3
473,1409,1409,(,operator,0,79,5
474,1410,1412,dfs,identifier,0,79,6
475,1413,1413,(,operator,0,79,9
476,1414,1414,e,identifier,0,79,10
477,1415,1415,[,operator,0,79,11
478,1416,1417,id,identifier,0,79,12
479,1418,1418,],operator,0,79,14
480,1419,1419,[,operator,0,79,15
481,1420,1420,i,identifier,0,79,16
482,1421,1421,],operator,0,79,17
483,1422,1422,",",operator,0,79,18
484,1424,1425,id,identifier,0,79,20
485,1426,1426,),operator,0,79,22
486,1427,1427,),operator,0,79,23
487,1429,1436,continue,keyword,0,79,25
488,1437,1437,;,operator,0,79,33
489,1442,1447,return,keyword,0,80,3
490,1449,1453,false,keyword,0,80,10
491,1454,1454,;,operator,0,80,15
492,1458,1458,},operator,0,81,2
493,1461,1461,},operator,0,82,1
494,1464,1469,return,keyword,0,83,1
495,1471,1474,true,keyword,0,83,8
496,1475,1475,;,operator,0,83,12
497,1477,1477,},operator,0,84,0
498,1480,1482,int,keyword,0,86,0
499,1484,1487,main,identifier,0,86,4
500,1488,1488,(,operator,0,86,8
501,1489,1492,void,keyword,0,86,9
502,1493,1493,),operator,0,86,13
503,1494,1494,{,operator,0,86,14
504,1497,1499,cin,identifier,0,87,1
505,1501,1501,>,operator,0,87,5
506,1502,1502,>,operator,0,87,6
507,1504,1504,n,identifier,0,87,8
508,1505,1505,;,operator,0,87,9
509,1508,1510,int,keyword,0,88,1
510,1512,1512,a,identifier,0,88,5
511,1513,1513,",",operator,0,88,6
512,1515,1515,b,identifier,0,88,8
513,1516,1516,;,operator,0,88,9
514,1519,1521,REP,identifier,0,89,1
515,1522,1522,(,operator,0,89,4
516,1523,1523,i,identifier,0,89,5
517,1524,1524,",",operator,0,89,6
518,1526,1526,n,identifier,0,89,8
519,1527,1527,-,operator,0,89,9
520,1528,1528,1,integer,0,89,10
521,1529,1529,),operator,0,89,11
522,1530,1530,{,operator,0,89,12
523,1534,1536,cin,identifier,0,90,2
524,1538,1538,>,operator,0,90,6
525,1539,1539,>,operator,0,90,7
526,1541,1541,a,identifier,0,90,9
527,1543,1543,>,operator,0,90,11
528,1544,1544,>,operator,0,90,12
529,1546,1546,b,identifier,0,90,14
530,1547,1547,;,operator,0,90,15
531,1551,1551,e,identifier,0,91,2
532,1552,1552,[,operator,0,91,3
533,1553,1553,a,identifier,0,91,4
534,1554,1554,-,operator,0,91,5
535,1555,1555,1,integer,0,91,6
536,1556,1556,],operator,0,91,7
537,1557,1557,.,operator,0,91,8
538,1558,1566,push_back,identifier,0,91,9
539,1567,1567,(,operator,0,91,18
540,1568,1568,b,identifier,0,91,19
541,1569,1569,-,operator,0,91,20
542,1570,1570,1,integer,0,91,21
543,1571,1571,),operator,0,91,22
544,1572,1572,;,operator,0,91,23
545,1576,1576,e,identifier,0,92,2
546,1577,1577,[,operator,0,92,3
547,1578,1578,b,identifier,0,92,4
548,1579,1579,-,operator,0,92,5
549,1580,1580,1,integer,0,92,6
550,1581,1581,],operator,0,92,7
551,1582,1582,.,operator,0,92,8
552,1583,1591,push_back,identifier,0,92,9
553,1592,1592,(,operator,0,92,18
554,1593,1593,a,identifier,0,92,19
555,1594,1594,-,operator,0,92,20
556,1595,1595,1,integer,0,92,21
557,1596,1596,),operator,0,92,22
558,1597,1597,;,operator,0,92,23
559,1600,1600,},operator,0,93,1
560,1603,1605,cin,identifier,0,94,1
561,1607,1607,>,operator,0,94,5
562,1608,1608,>,operator,0,94,6
563,1610,1610,k,identifier,0,94,8
564,1611,1611,;,operator,0,94,9
565,1614,1616,REP,identifier,0,95,1
566,1617,1617,(,operator,0,95,4
567,1618,1618,i,identifier,0,95,5
568,1619,1619,",",operator,0,95,6
569,1621,1621,k,identifier,0,95,8
570,1622,1622,),operator,0,95,9
571,1623,1623,{,operator,0,95,10
572,1627,1629,cin,identifier,0,96,2
573,1631,1631,>,operator,0,96,6
574,1632,1632,>,operator,0,96,7
575,1634,1634,a,identifier,0,96,9
576,1636,1636,>,operator,0,96,11
577,1637,1637,>,operator,0,96,12
578,1639,1639,b,identifier,0,96,14
579,1640,1640,;,operator,0,96,15
580,1644,1644,v,identifier,0,97,2
581,1645,1645,[,operator,0,97,3
582,1646,1646,a,identifier,0,97,4
583,1647,1647,-,operator,0,97,5
584,1648,1648,1,integer,0,97,6
585,1649,1649,],operator,0,97,7
586,1651,1651,=,operator,0,97,9
587,1653,1653,b,identifier,0,97,11
588,1654,1654,;,operator,0,97,12
589,1657,1657,},operator,0,98,1
590,1785,1788,cout,identifier,0,107,1
591,1790,1790,<,operator,0,107,6
592,1791,1791,<,operator,0,107,7
593,1793,1796,"""No""",string,0,107,9
594,1798,1798,<,operator,0,107,14
595,1799,1799,<,operator,0,107,15
596,1801,1804,endl,identifier,0,107,17
597,1805,1805,;,operator,0,107,21
598,1808,1813,return,keyword,0,108,1
599,1815,1815,0,integer,0,108,8
600,1816,1816,;,operator,0,108,9
601,1818,1818,},operator,0,109,0
602,1820,1819,<EOF>,eof,0,110,0
