seqnr,start,stop,text,class,channel,line,column
0,0,23,"#include ""bits/stdc++.h""",directive,1,1,0
1,25,29,using,keyword,0,2,0
2,31,39,namespace,keyword,0,2,6
3,41,43,std,identifier,0,2,16
4,44,44,;,operator,0,2,19
5,46,50,using,keyword,0,3,0
6,52,53,ll,identifier,0,3,6
7,59,59,=,operator,0,3,13
8,61,64,long,keyword,0,3,15
9,66,69,long,keyword,0,3,20
10,70,70,;,operator,0,3,24
11,72,76,using,keyword,0,4,0
12,78,80,pii,identifier,0,4,6
13,85,85,=,operator,0,4,13
14,87,90,pair,identifier,0,4,15
15,91,91,<,operator,0,4,19
16,92,94,int,keyword,0,4,20
17,95,95,",",operator,0,4,23
18,97,99,int,keyword,0,4,25
19,100,100,>,operator,0,4,28
20,101,101,;,operator,0,4,29
21,103,107,using,keyword,0,5,0
22,109,111,pll,identifier,0,5,6
23,116,116,=,operator,0,5,13
24,118,121,pair,identifier,0,5,15
25,122,122,<,operator,0,5,19
26,123,124,ll,identifier,0,5,20
27,125,125,",",operator,0,5,22
28,127,128,ll,identifier,0,5,24
29,129,129,>,operator,0,5,26
30,130,130,;,operator,0,5,27
31,132,136,using,keyword,0,6,0
32,138,139,vi,identifier,0,6,6
33,145,145,=,operator,0,6,13
34,147,152,vector,identifier,0,6,15
35,153,153,<,operator,0,6,21
36,154,156,int,keyword,0,6,22
37,157,157,>,operator,0,6,25
38,158,158,;,operator,0,6,26
39,160,164,using,keyword,0,7,0
40,166,167,vl,identifier,0,7,6
41,173,173,=,operator,0,7,13
42,175,180,vector,identifier,0,7,15
43,181,181,<,operator,0,7,21
44,182,183,ll,identifier,0,7,22
45,184,184,>,operator,0,7,24
46,185,185,;,operator,0,7,25
47,187,191,using,keyword,0,8,0
48,193,195,vvi,identifier,0,8,6
49,200,200,=,operator,0,8,13
50,202,207,vector,identifier,0,8,15
51,208,208,<,operator,0,8,21
52,209,210,vi,identifier,0,8,22
53,211,211,>,operator,0,8,24
54,212,212,;,operator,0,8,25
55,214,218,using,keyword,0,9,0
56,220,222,vvl,identifier,0,9,6
57,227,227,=,operator,0,9,13
58,229,234,vector,identifier,0,9,15
59,235,235,<,operator,0,9,21
60,236,237,vl,identifier,0,9,22
61,238,238,>,operator,0,9,24
62,239,239,;,operator,0,9,25
63,241,245,const,keyword,0,10,0
64,247,248,ll,identifier,0,10,6
65,250,252,INF,identifier,0,10,9
66,254,254,=,operator,0,10,13
67,256,258,1LL,integer,0,10,15
68,260,260,<,operator,0,10,19
69,261,261,<,operator,0,10,20
70,263,264,60,integer,0,10,22
71,265,265,;,operator,0,10,24
72,267,271,const,keyword,0,11,0
73,273,274,ll,identifier,0,11,6
74,276,278,MOD,identifier,0,11,9
75,280,280,=,operator,0,11,13
76,282,291,1000000007,integer,0,11,15
77,292,292,;,operator,0,11,25
78,294,301,template,keyword,0,12,0
79,303,303,<,operator,0,12,9
80,304,308,class,keyword,0,12,10
81,310,310,T,identifier,0,12,16
82,311,311,>,operator,0,12,17
83,313,316,bool,keyword,0,13,0
84,318,322,chmax,identifier,0,13,5
85,323,323,(,operator,0,13,10
86,324,324,T,identifier,0,13,11
87,326,326,&,operator,0,13,13
88,327,327,a,identifier,0,13,14
89,328,328,",",operator,0,13,15
90,330,334,const,keyword,0,13,17
91,336,336,T,identifier,0,13,23
92,338,338,&,operator,0,13,25
93,339,339,b,identifier,0,13,26
94,340,340,),operator,0,13,27
95,342,342,{,operator,0,13,29
96,348,353,return,keyword,0,14,4
97,355,355,(,operator,0,14,11
98,356,356,a,identifier,0,14,12
99,358,358,<,operator,0,14,14
100,360,360,b,identifier,0,14,16
101,361,361,),operator,0,14,17
102,363,363,?,operator,0,14,19
103,365,365,(,operator,0,14,21
104,366,366,a,identifier,0,14,22
105,368,368,=,operator,0,14,24
106,370,370,b,identifier,0,14,26
107,371,371,",",operator,0,14,27
108,373,373,1,integer,0,14,29
109,374,374,),operator,0,14,30
110,376,376,:,operator,0,14,32
111,378,378,0,integer,0,14,34
112,379,379,;,operator,0,14,35
113,381,381,},operator,0,15,0
114,383,390,template,keyword,0,16,0
115,392,392,<,operator,0,16,9
116,393,397,class,keyword,0,16,10
117,399,399,T,identifier,0,16,16
118,400,400,>,operator,0,16,17
119,402,405,bool,keyword,0,17,0
120,407,411,chmin,identifier,0,17,5
121,412,412,(,operator,0,17,10
122,413,413,T,identifier,0,17,11
123,415,415,&,operator,0,17,13
124,416,416,a,identifier,0,17,14
125,417,417,",",operator,0,17,15
126,419,423,const,keyword,0,17,17
127,425,425,T,identifier,0,17,23
128,427,427,&,operator,0,17,25
129,428,428,b,identifier,0,17,26
130,429,429,),operator,0,17,27
131,431,431,{,operator,0,17,29
132,437,442,return,keyword,0,18,4
133,444,444,(,operator,0,18,11
134,445,445,b,identifier,0,18,12
135,447,447,<,operator,0,18,14
136,449,449,a,identifier,0,18,16
137,450,450,),operator,0,18,17
138,452,452,?,operator,0,18,19
139,454,454,(,operator,0,18,21
140,455,455,a,identifier,0,18,22
141,457,457,=,operator,0,18,24
142,459,459,b,identifier,0,18,26
143,460,460,",",operator,0,18,27
144,462,462,1,integer,0,18,29
145,463,463,),operator,0,18,30
146,465,465,:,operator,0,18,32
147,467,467,0,integer,0,18,34
148,468,468,;,operator,0,18,35
149,470,470,},operator,0,19,0
150,472,479,template,keyword,0,20,0
151,481,481,<,operator,0,20,9
152,482,486,class,keyword,0,20,10
153,488,488,C,identifier,0,20,16
154,489,489,>,operator,0,20,17
155,491,494,void,keyword,0,21,0
156,496,500,print,identifier,0,21,5
157,501,501,(,operator,0,21,10
158,502,506,const,keyword,0,21,11
159,508,508,C,identifier,0,21,17
160,510,510,&,operator,0,21,19
161,511,511,c,identifier,0,21,20
162,512,512,",",operator,0,21,21
163,514,516,std,identifier,0,21,23
164,517,518,::,operator,0,21,26
165,519,525,ostream,identifier,0,21,28
166,527,527,&,operator,0,21,36
167,528,529,os,identifier,0,21,37
168,531,531,=,operator,0,21,40
169,533,535,std,identifier,0,21,42
170,536,537,::,operator,0,21,45
171,538,541,cout,identifier,0,21,47
172,542,542,),operator,0,21,51
173,544,544,{,operator,0,21,53
174,550,552,std,identifier,0,22,4
175,553,554,::,operator,0,22,7
176,555,558,copy,identifier,0,22,9
177,559,559,(,operator,0,22,13
178,560,562,std,identifier,0,22,14
179,563,564,::,operator,0,22,17
180,565,569,begin,identifier,0,22,19
181,570,570,(,operator,0,22,24
182,571,571,c,identifier,0,22,25
183,572,572,),operator,0,22,26
184,573,573,",",operator,0,22,27
185,575,577,std,identifier,0,22,29
186,578,579,::,operator,0,22,32
187,580,582,end,identifier,0,22,34
188,583,583,(,operator,0,22,37
189,584,584,c,identifier,0,22,38
190,585,585,),operator,0,22,39
191,586,586,",",operator,0,22,40
192,588,590,std,identifier,0,22,42
193,591,592,::,operator,0,22,45
194,593,608,ostream_iterator,identifier,0,22,47
195,609,609,<,operator,0,22,63
196,610,617,typename,keyword,0,22,64
197,619,619,C,identifier,0,22,73
198,620,621,::,operator,0,22,74
199,622,631,value_type,identifier,0,22,76
200,632,632,>,operator,0,22,86
201,633,633,(,operator,0,22,87
202,634,635,os,identifier,0,22,88
203,636,636,",",operator,0,22,90
204,638,640,""" """,string,0,22,92
205,641,641,),operator,0,22,95
206,642,642,),operator,0,22,96
207,643,643,;,operator,0,22,97
208,649,650,os,identifier,0,23,4
209,652,652,<,operator,0,23,7
210,653,653,<,operator,0,23,8
211,655,657,std,identifier,0,23,10
212,658,659,::,operator,0,23,13
213,660,663,endl,identifier,0,23,15
214,664,664,;,operator,0,23,19
215,666,666,},operator,0,24,0
216,669,671,int,keyword,0,26,0
217,673,676,main,identifier,0,26,4
218,677,677,(,operator,0,26,8
219,678,678,),operator,0,26,9
220,680,680,{,operator,0,26,11
221,686,688,int,keyword,0,27,4
222,690,690,n,identifier,0,27,8
223,691,691,;,operator,0,27,9
224,697,699,cin,identifier,0,28,4
225,701,701,>,operator,0,28,8
226,702,702,>,operator,0,28,9
227,704,704,n,identifier,0,28,11
228,705,705,;,operator,0,28,12
229,711,713,vvi,identifier,0,29,4
230,715,719,edges,identifier,0,29,8
231,720,720,(,operator,0,29,13
232,721,721,n,identifier,0,29,14
233,722,722,),operator,0,29,15
234,723,723,;,operator,0,29,16
235,729,731,for,keyword,0,30,4
236,733,733,(,operator,0,30,8
237,734,736,int,keyword,0,30,9
238,738,738,i,identifier,0,30,13
239,740,740,=,operator,0,30,15
240,742,742,0,integer,0,30,17
241,743,743,;,operator,0,30,18
242,745,745,i,identifier,0,30,20
243,747,747,<,operator,0,30,22
244,749,749,n,identifier,0,30,24
245,751,751,-,operator,0,30,26
246,753,753,1,integer,0,30,28
247,754,754,;,operator,0,30,29
248,756,757,++,operator,0,30,31
249,758,758,i,identifier,0,30,33
250,759,759,),operator,0,30,34
251,761,761,{,operator,0,30,36
252,771,773,int,keyword,0,31,8
253,775,775,a,identifier,0,31,12
254,776,776,",",operator,0,31,13
255,778,778,b,identifier,0,31,15
256,779,779,;,operator,0,31,16
257,789,791,cin,identifier,0,32,8
258,793,793,>,operator,0,32,12
259,794,794,>,operator,0,32,13
260,796,796,a,identifier,0,32,15
261,798,798,>,operator,0,32,17
262,799,799,>,operator,0,32,18
263,801,801,b,identifier,0,32,20
264,802,802,;,operator,0,32,21
265,812,812,a,identifier,0,33,8
266,813,814,--,operator,0,33,9
267,815,815,",",operator,0,33,11
268,817,817,b,identifier,0,33,13
269,818,819,--,operator,0,33,14
270,820,820,;,operator,0,33,16
271,830,834,edges,identifier,0,34,8
272,835,835,[,operator,0,34,13
273,836,836,a,identifier,0,34,14
274,837,837,],operator,0,34,15
275,838,838,.,operator,0,34,16
276,839,847,push_back,identifier,0,34,17
277,848,848,(,operator,0,34,26
278,849,849,b,identifier,0,34,27
279,850,850,),operator,0,34,28
280,851,851,;,operator,0,34,29
281,861,865,edges,identifier,0,35,8
282,866,866,[,operator,0,35,13
283,867,867,b,identifier,0,35,14
284,868,868,],operator,0,35,15
285,869,869,.,operator,0,35,16
286,870,878,push_back,identifier,0,35,17
287,879,879,(,operator,0,35,26
288,880,880,a,identifier,0,35,27
289,881,881,),operator,0,35,28
290,882,882,;,operator,0,35,29
291,888,888,},operator,0,36,4
292,894,896,int,keyword,0,37,4
293,898,898,k,identifier,0,37,8
294,899,899,;,operator,0,37,9
295,905,907,cin,identifier,0,38,4
296,909,909,>,operator,0,38,8
297,910,910,>,operator,0,38,9
298,912,912,k,identifier,0,38,11
299,913,913,;,operator,0,38,12
300,919,920,vi,identifier,0,39,4
301,922,925,maxi,identifier,0,39,7
302,926,926,(,operator,0,39,11
303,927,927,n,identifier,0,39,12
304,928,928,",",operator,0,39,13
305,930,937,10000000,integer,0,39,15
306,938,938,),operator,0,39,23
307,939,939,",",operator,0,39,24
308,941,944,mini,identifier,0,39,26
309,945,945,(,operator,0,39,30
310,946,946,n,identifier,0,39,31
311,947,947,",",operator,0,39,32
312,949,949,0,integer,0,39,34
313,950,950,),operator,0,39,35
314,951,951,;,operator,0,39,36
315,957,959,int,keyword,0,40,4
316,961,964,root,identifier,0,40,8
317,966,966,=,operator,0,40,13
318,968,968,-,operator,0,40,15
319,969,969,1,integer,0,40,16
320,970,970,;,operator,0,40,17
321,976,978,for,keyword,0,41,4
322,980,980,(,operator,0,41,8
323,981,983,int,keyword,0,41,9
324,985,985,i,identifier,0,41,13
325,987,987,=,operator,0,41,15
326,989,989,0,integer,0,41,17
327,990,990,;,operator,0,41,18
328,992,992,i,identifier,0,41,20
329,994,994,<,operator,0,41,22
330,996,996,k,identifier,0,41,24
331,997,997,;,operator,0,41,25
332,999,1000,++,operator,0,41,27
333,1001,1001,i,identifier,0,41,29
334,1002,1002,),operator,0,41,30
335,1004,1004,{,operator,0,41,32
336,1014,1016,int,keyword,0,42,8
337,1018,1018,v,identifier,0,42,12
338,1019,1019,",",operator,0,42,13
339,1021,1021,p,identifier,0,42,15
340,1022,1022,;,operator,0,42,16
341,1032,1034,cin,identifier,0,43,8
342,1036,1036,>,operator,0,43,12
343,1037,1037,>,operator,0,43,13
344,1039,1039,v,identifier,0,43,15
345,1041,1041,>,operator,0,43,17
346,1042,1042,>,operator,0,43,18
347,1044,1044,p,identifier,0,43,20
348,1045,1045,;,operator,0,43,21
349,1055,1055,v,identifier,0,44,8
350,1056,1057,--,operator,0,44,9
351,1058,1058,;,operator,0,44,11
352,1068,1071,maxi,identifier,0,45,8
353,1072,1072,[,operator,0,45,12
354,1073,1073,v,identifier,0,45,13
355,1074,1074,],operator,0,45,14
356,1076,1076,=,operator,0,45,16
357,1078,1078,p,identifier,0,45,18
358,1079,1079,;,operator,0,45,19
359,1089,1092,mini,identifier,0,46,8
360,1093,1093,[,operator,0,46,12
361,1094,1094,v,identifier,0,46,13
362,1095,1095,],operator,0,46,14
363,1097,1097,=,operator,0,46,16
364,1099,1099,p,identifier,0,46,18
365,1100,1100,;,operator,0,46,19
366,1110,1111,if,keyword,0,47,8
367,1113,1113,(,operator,0,47,11
368,1114,1117,root,identifier,0,47,12
369,1119,1120,==,operator,0,47,17
370,1122,1122,-,operator,0,47,20
371,1123,1123,1,integer,0,47,21
372,1124,1124,),operator,0,47,22
373,1138,1141,root,identifier,0,48,12
374,1143,1143,=,operator,0,48,17
375,1145,1145,v,identifier,0,48,19
376,1146,1146,;,operator,0,48,20
377,1152,1152,},operator,0,49,4
378,1158,1159,vi,identifier,0,50,4
379,1161,1164,odds,identifier,0,50,7
380,1165,1165,(,operator,0,50,11
381,1166,1166,n,identifier,0,50,12
382,1167,1167,",",operator,0,50,13
383,1169,1169,0,integer,0,50,15
384,1170,1170,),operator,0,50,16
385,1171,1171,;,operator,0,50,17
386,1177,1180,odds,identifier,0,51,4
387,1181,1181,[,operator,0,51,8
388,1182,1185,root,identifier,0,51,9
389,1186,1186,],operator,0,51,13
390,1206,1206,=,operator,0,51,33
391,1208,1211,maxi,identifier,0,51,35
392,1212,1212,[,operator,0,51,39
393,1213,1216,root,identifier,0,51,40
394,1217,1217,],operator,0,51,44
395,1219,1219,%,operator,0,51,46
396,1221,1221,2,integer,0,51,48
397,1223,1224,==,operator,0,51,50
398,1226,1226,1,integer,0,51,53
399,1228,1228,?,operator,0,51,55
400,1230,1230,1,integer,0,51,57
401,1232,1232,:,operator,0,51,59
402,1234,1234,-,operator,0,51,61
403,1235,1235,1,integer,0,51,62
404,1236,1236,;,operator,0,51,63
405,1242,1249,function,identifier,0,52,4
406,1250,1250,<,operator,0,52,12
407,1251,1254,void,keyword,0,52,13
408,1255,1255,(,operator,0,52,17
409,1256,1258,int,keyword,0,52,18
410,1259,1259,",",operator,0,52,21
411,1261,1263,int,keyword,0,52,23
412,1264,1264,),operator,0,52,26
413,1265,1265,>,operator,0,52,27
414,1267,1269,dfs,identifier,0,52,29
415,1271,1271,=,operator,0,52,33
416,1273,1273,[,operator,0,52,35
417,1274,1274,&,operator,0,52,36
418,1275,1275,],operator,0,52,37
419,1276,1276,(,operator,0,52,38
420,1277,1279,int,keyword,0,52,39
421,1281,1281,c,identifier,0,52,43
422,1282,1282,",",operator,0,52,44
423,1284,1286,int,keyword,0,52,46
424,1288,1288,p,identifier,0,52,50
425,1289,1289,),operator,0,52,51
426,1291,1291,{,operator,0,52,53
427,1301,1302,if,keyword,0,53,8
428,1304,1304,(,operator,0,53,11
429,1305,1305,p,identifier,0,53,12
430,1307,1308,"!=",operator,0,53,14
431,1310,1310,-,operator,0,53,17
432,1311,1311,1,integer,0,53,18
433,1312,1312,),operator,0,53,19
434,1314,1314,{,operator,0,53,21
435,1328,1332,chmin,identifier,0,54,12
436,1333,1333,(,operator,0,54,17
437,1334,1337,maxi,identifier,0,54,18
438,1338,1338,[,operator,0,54,22
439,1339,1339,c,identifier,0,54,23
440,1340,1340,],operator,0,54,24
441,1341,1341,",",operator,0,54,25
442,1343,1346,maxi,identifier,0,54,27
443,1347,1347,[,operator,0,54,31
444,1348,1348,p,identifier,0,54,32
445,1349,1349,],operator,0,54,33
446,1351,1351,+,operator,0,54,35
447,1353,1353,1,integer,0,54,37
448,1354,1354,),operator,0,54,38
449,1355,1355,;,operator,0,54,39
450,1369,1373,chmax,identifier,0,55,12
451,1374,1374,(,operator,0,55,17
452,1375,1378,mini,identifier,0,55,18
453,1379,1379,[,operator,0,55,22
454,1380,1380,c,identifier,0,55,23
455,1381,1381,],operator,0,55,24
456,1382,1382,",",operator,0,55,25
457,1384,1387,mini,identifier,0,55,27
458,1388,1388,[,operator,0,55,31
459,1389,1389,p,identifier,0,55,32
460,1390,1390,],operator,0,55,33
461,1392,1392,-,operator,0,55,35
462,1394,1394,1,integer,0,55,37
463,1395,1395,),operator,0,55,38
464,1396,1396,;,operator,0,55,39
465,1410,1411,if,keyword,0,56,12
466,1413,1413,(,operator,0,56,15
467,1414,1417,odds,identifier,0,56,16
468,1418,1418,[,operator,0,56,20
469,1419,1419,c,identifier,0,56,21
470,1420,1420,],operator,0,56,22
471,1422,1423,==,operator,0,56,24
472,1425,1425,1,integer,0,56,27
473,1427,1428,&&,operator,0,56,29
474,1430,1433,maxi,identifier,0,56,32
475,1434,1434,[,operator,0,56,36
476,1435,1435,c,identifier,0,56,37
477,1436,1436,],operator,0,56,38
478,1438,1438,%,operator,0,56,40
479,1440,1440,2,integer,0,56,42
480,1442,1443,==,operator,0,56,44
481,1445,1445,0,integer,0,56,47
482,1446,1446,),operator,0,56,48
483,1464,1467,maxi,identifier,0,57,16
484,1468,1468,[,operator,0,57,20
485,1469,1469,c,identifier,0,57,21
486,1470,1470,],operator,0,57,22
487,1471,1472,--,operator,0,57,23
488,1473,1473,;,operator,0,57,25
489,1487,1490,else,keyword,0,58,12
490,1492,1493,if,keyword,0,58,17
491,1495,1495,(,operator,0,58,20
492,1496,1499,odds,identifier,0,58,21
493,1500,1500,[,operator,0,58,25
494,1501,1501,c,identifier,0,58,26
495,1502,1502,],operator,0,58,27
496,1504,1505,==,operator,0,58,29
497,1507,1507,-,operator,0,58,32
498,1508,1508,1,integer,0,58,33
499,1510,1511,&&,operator,0,58,35
500,1513,1516,maxi,identifier,0,58,38
501,1517,1517,[,operator,0,58,42
502,1518,1518,c,identifier,0,58,43
503,1519,1519,],operator,0,58,44
504,1521,1521,%,operator,0,58,46
505,1523,1523,2,integer,0,58,48
506,1525,1526,==,operator,0,58,50
507,1528,1528,1,integer,0,58,53
508,1529,1529,),operator,0,58,54
509,1547,1550,maxi,identifier,0,59,16
510,1551,1551,[,operator,0,59,20
511,1552,1552,c,identifier,0,59,21
512,1553,1553,],operator,0,59,22
513,1554,1555,--,operator,0,59,23
514,1556,1556,;,operator,0,59,25
515,1570,1571,if,keyword,0,60,12
516,1573,1573,(,operator,0,60,15
517,1574,1577,odds,identifier,0,60,16
518,1578,1578,[,operator,0,60,20
519,1579,1579,c,identifier,0,60,21
520,1580,1580,],operator,0,60,22
521,1582,1583,==,operator,0,60,24
522,1585,1585,1,integer,0,60,27
523,1587,1588,&&,operator,0,60,29
524,1590,1593,mini,identifier,0,60,32
525,1594,1594,[,operator,0,60,36
526,1595,1595,c,identifier,0,60,37
527,1596,1596,],operator,0,60,38
528,1598,1598,%,operator,0,60,40
529,1600,1600,2,integer,0,60,42
530,1602,1603,==,operator,0,60,44
531,1605,1605,0,integer,0,60,47
532,1606,1606,),operator,0,60,48
533,1624,1627,mini,identifier,0,61,16
534,1628,1628,[,operator,0,61,20
535,1629,1629,c,identifier,0,61,21
536,1630,1630,],operator,0,61,22
537,1631,1632,++,operator,0,61,23
538,1633,1633,;,operator,0,61,25
539,1647,1650,else,keyword,0,62,12
540,1652,1653,if,keyword,0,62,17
541,1655,1655,(,operator,0,62,20
542,1656,1659,odds,identifier,0,62,21
543,1660,1660,[,operator,0,62,25
544,1661,1661,c,identifier,0,62,26
545,1662,1662,],operator,0,62,27
546,1664,1665,==,operator,0,62,29
547,1667,1667,-,operator,0,62,32
548,1668,1668,1,integer,0,62,33
549,1670,1671,&&,operator,0,62,35
550,1673,1676,mini,identifier,0,62,38
551,1677,1677,[,operator,0,62,42
552,1678,1678,c,identifier,0,62,43
553,1679,1679,],operator,0,62,44
554,1681,1681,%,operator,0,62,46
555,1683,1683,2,integer,0,62,48
556,1685,1686,==,operator,0,62,50
557,1688,1688,1,integer,0,62,53
558,1689,1689,),operator,0,62,54
559,1707,1710,mini,identifier,0,63,16
560,1711,1711,[,operator,0,63,20
561,1712,1712,c,identifier,0,63,21
562,1713,1713,],operator,0,63,22
563,1714,1715,++,operator,0,63,23
564,1716,1716,;,operator,0,63,25
565,1726,1726,},operator,0,64,8
566,1736,1738,for,keyword,0,65,8
567,1740,1740,(,operator,0,65,12
568,1741,1744,auto,keyword,0,65,13
569,1746,1746,&,operator,0,65,18
570,1747,1747,v,identifier,0,65,19
571,1749,1749,:,operator,0,65,21
572,1751,1755,edges,identifier,0,65,23
573,1756,1756,[,operator,0,65,28
574,1757,1757,c,identifier,0,65,29
575,1758,1758,],operator,0,65,30
576,1759,1759,),operator,0,65,31
577,1761,1761,{,operator,0,65,33
578,1775,1776,if,keyword,0,66,12
579,1778,1778,(,operator,0,66,15
580,1779,1779,v,identifier,0,66,16
581,1781,1782,==,operator,0,66,18
582,1784,1784,p,identifier,0,66,21
583,1785,1785,),operator,0,66,22
584,1803,1810,continue,keyword,0,67,16
585,1811,1811,;,operator,0,67,24
586,1825,1828,odds,identifier,0,68,12
587,1829,1829,[,operator,0,68,16
588,1830,1830,v,identifier,0,68,17
589,1831,1831,],operator,0,68,18
590,1833,1833,=,operator,0,68,20
591,1835,1835,-,operator,0,68,22
592,1836,1839,odds,identifier,0,68,23
593,1840,1840,[,operator,0,68,27
594,1841,1841,c,identifier,0,68,28
595,1842,1842,],operator,0,68,29
596,1843,1843,;,operator,0,68,30
597,1857,1859,dfs,identifier,0,69,12
598,1860,1860,(,operator,0,69,15
599,1861,1861,v,identifier,0,69,16
600,1862,1862,",",operator,0,69,17
601,1864,1864,c,identifier,0,69,19
602,1865,1865,),operator,0,69,20
603,1866,1866,;,operator,0,69,21
604,1880,1884,chmin,identifier,0,70,12
605,1885,1885,(,operator,0,70,17
606,1886,1889,maxi,identifier,0,70,18
607,1890,1890,[,operator,0,70,22
608,1891,1891,c,identifier,0,70,23
609,1892,1892,],operator,0,70,24
610,1893,1893,",",operator,0,70,25
611,1895,1898,maxi,identifier,0,70,27
612,1899,1899,[,operator,0,70,31
613,1900,1900,v,identifier,0,70,32
614,1901,1901,],operator,0,70,33
615,1903,1903,+,operator,0,70,35
616,1905,1905,1,integer,0,70,37
617,1906,1906,),operator,0,70,38
618,1907,1907,;,operator,0,70,39
619,1921,1925,chmax,identifier,0,71,12
620,1926,1926,(,operator,0,71,17
621,1927,1930,mini,identifier,0,71,18
622,1931,1931,[,operator,0,71,22
623,1932,1932,c,identifier,0,71,23
624,1933,1933,],operator,0,71,24
625,1934,1934,",",operator,0,71,25
626,1936,1939,mini,identifier,0,71,27
627,1940,1940,[,operator,0,71,31
628,1941,1941,v,identifier,0,71,32
629,1942,1942,],operator,0,71,33
630,1944,1944,-,operator,0,71,35
631,1946,1946,1,integer,0,71,37
632,1947,1947,),operator,0,71,38
633,1948,1948,;,operator,0,71,39
634,1958,1958,},operator,0,72,8
635,1968,1969,if,keyword,0,73,8
636,1971,1971,(,operator,0,73,11
637,1972,1975,odds,identifier,0,73,12
638,1976,1976,[,operator,0,73,16
639,1977,1977,c,identifier,0,73,17
640,1978,1978,],operator,0,73,18
641,1980,1981,==,operator,0,73,20
642,1983,1983,1,integer,0,73,23
643,1985,1986,&&,operator,0,73,25
644,1988,1991,maxi,identifier,0,73,28
645,1992,1992,[,operator,0,73,32
646,1993,1993,c,identifier,0,73,33
647,1994,1994,],operator,0,73,34
648,1996,1996,%,operator,0,73,36
649,1998,1998,2,integer,0,73,38
650,2000,2001,==,operator,0,73,40
651,2003,2003,0,integer,0,73,43
652,2004,2004,),operator,0,73,44
653,2018,2021,maxi,identifier,0,74,12
654,2022,2022,[,operator,0,74,16
655,2023,2023,c,identifier,0,74,17
656,2024,2024,],operator,0,74,18
657,2025,2026,--,operator,0,74,19
658,2027,2027,;,operator,0,74,21
659,2037,2040,else,keyword,0,75,8
660,2042,2043,if,keyword,0,75,13
661,2045,2045,(,operator,0,75,16
662,2046,2049,odds,identifier,0,75,17
663,2050,2050,[,operator,0,75,21
664,2051,2051,c,identifier,0,75,22
665,2052,2052,],operator,0,75,23
666,2054,2055,==,operator,0,75,25
667,2057,2057,-,operator,0,75,28
668,2058,2058,1,integer,0,75,29
669,2060,2061,&&,operator,0,75,31
670,2063,2066,maxi,identifier,0,75,34
671,2067,2067,[,operator,0,75,38
672,2068,2068,c,identifier,0,75,39
673,2069,2069,],operator,0,75,40
674,2071,2071,%,operator,0,75,42
675,2073,2073,2,integer,0,75,44
676,2075,2076,==,operator,0,75,46
677,2078,2078,1,integer,0,75,49
678,2079,2079,),operator,0,75,50
679,2093,2096,maxi,identifier,0,76,12
680,2097,2097,[,operator,0,76,16
681,2098,2098,c,identifier,0,76,17
682,2099,2099,],operator,0,76,18
683,2100,2101,--,operator,0,76,19
684,2102,2102,;,operator,0,76,21
685,2112,2113,if,keyword,0,77,8
686,2115,2115,(,operator,0,77,11
687,2116,2119,odds,identifier,0,77,12
688,2120,2120,[,operator,0,77,16
689,2121,2121,c,identifier,0,77,17
690,2122,2122,],operator,0,77,18
691,2124,2125,==,operator,0,77,20
692,2127,2127,1,integer,0,77,23
693,2129,2130,&&,operator,0,77,25
694,2132,2135,mini,identifier,0,77,28
695,2136,2136,[,operator,0,77,32
696,2137,2137,c,identifier,0,77,33
697,2138,2138,],operator,0,77,34
698,2140,2140,%,operator,0,77,36
699,2142,2142,2,integer,0,77,38
700,2144,2145,==,operator,0,77,40
701,2147,2147,0,integer,0,77,43
702,2148,2148,),operator,0,77,44
703,2162,2165,mini,identifier,0,78,12
704,2166,2166,[,operator,0,78,16
705,2167,2167,c,identifier,0,78,17
706,2168,2168,],operator,0,78,18
707,2169,2170,++,operator,0,78,19
708,2171,2171,;,operator,0,78,21
709,2181,2184,else,keyword,0,79,8
710,2186,2187,if,keyword,0,79,13
711,2189,2189,(,operator,0,79,16
712,2190,2193,odds,identifier,0,79,17
713,2194,2194,[,operator,0,79,21
714,2195,2195,c,identifier,0,79,22
715,2196,2196,],operator,0,79,23
716,2198,2199,==,operator,0,79,25
717,2201,2201,-,operator,0,79,28
718,2202,2202,1,integer,0,79,29
719,2204,2205,&&,operator,0,79,31
720,2207,2210,mini,identifier,0,79,34
721,2211,2211,[,operator,0,79,38
722,2212,2212,c,identifier,0,79,39
723,2213,2213,],operator,0,79,40
724,2215,2215,%,operator,0,79,42
725,2217,2217,2,integer,0,79,44
726,2219,2220,==,operator,0,79,46
727,2222,2222,1,integer,0,79,49
728,2223,2223,),operator,0,79,50
729,2237,2240,mini,identifier,0,80,12
730,2241,2241,[,operator,0,80,16
731,2242,2242,c,identifier,0,80,17
732,2243,2243,],operator,0,80,18
733,2244,2245,++,operator,0,80,19
734,2246,2246,;,operator,0,80,21
735,2252,2252,},operator,0,81,4
736,2253,2253,;,operator,0,81,5
737,2259,2261,dfs,identifier,0,82,4
738,2262,2262,(,operator,0,82,7
739,2263,2266,root,identifier,0,82,8
740,2267,2267,",",operator,0,82,12
741,2269,2269,-,operator,0,82,14
742,2270,2270,1,integer,0,82,15
743,2271,2271,),operator,0,82,16
744,2272,2272,;,operator,0,82,17
745,2278,2279,vl,identifier,0,83,4
746,2281,2283,ret,identifier,0,83,7
747,2284,2284,(,operator,0,83,10
748,2285,2285,n,identifier,0,83,11
749,2286,2286,),operator,0,83,12
750,2287,2287,;,operator,0,83,13
751,2293,2295,for,keyword,0,84,4
752,2297,2297,(,operator,0,84,8
753,2298,2300,int,keyword,0,84,9
754,2302,2302,i,identifier,0,84,13
755,2304,2304,=,operator,0,84,15
756,2306,2306,0,integer,0,84,17
757,2307,2307,;,operator,0,84,18
758,2309,2309,i,identifier,0,84,20
759,2311,2311,<,operator,0,84,22
760,2313,2313,n,identifier,0,84,24
761,2314,2314,;,operator,0,84,25
762,2316,2317,++,operator,0,84,27
763,2318,2318,i,identifier,0,84,29
764,2319,2319,),operator,0,84,30
765,2321,2321,{,operator,0,84,32
766,2331,2332,if,keyword,0,85,8
767,2334,2334,(,operator,0,85,11
768,2335,2338,maxi,identifier,0,85,12
769,2339,2339,[,operator,0,85,16
770,2340,2340,i,identifier,0,85,17
771,2341,2341,],operator,0,85,18
772,2343,2344,>=,operator,0,85,20
773,2346,2349,mini,identifier,0,85,23
774,2350,2350,[,operator,0,85,27
775,2351,2351,i,identifier,0,85,28
776,2352,2352,],operator,0,85,29
777,2353,2353,),operator,0,85,30
778,2367,2369,ret,identifier,0,86,12
779,2370,2370,[,operator,0,86,15
780,2371,2371,i,identifier,0,86,16
781,2372,2372,],operator,0,86,17
782,2374,2374,=,operator,0,86,19
783,2376,2379,maxi,identifier,0,86,21
784,2380,2380,[,operator,0,86,25
785,2381,2381,i,identifier,0,86,26
786,2382,2382,],operator,0,86,27
787,2383,2383,;,operator,0,86,28
788,2393,2396,else,keyword,0,87,8
789,2398,2398,{,operator,0,87,13
790,2412,2415,cout,identifier,0,88,12
791,2417,2417,<,operator,0,88,17
792,2418,2418,<,operator,0,88,18
793,2420,2423,"""No""",string,0,88,20
794,2442,2442,<,operator,0,89,17
795,2443,2443,<,operator,0,89,18
796,2445,2448,"""\n""",string,0,89,20
797,2449,2449,;,operator,0,89,24
798,2463,2468,return,keyword,0,90,12
799,2470,2470,0,integer,0,90,19
800,2471,2471,;,operator,0,90,20
801,2481,2481,},operator,0,91,8
802,2487,2487,},operator,0,92,4
803,2493,2496,cout,identifier,0,93,4
804,2498,2498,<,operator,0,93,9
805,2499,2499,<,operator,0,93,10
806,2501,2505,"""Yes""",string,0,93,12
807,2516,2516,<,operator,0,94,9
808,2517,2517,<,operator,0,94,10
809,2519,2522,"""\n""",string,0,94,12
810,2523,2523,;,operator,0,94,16
811,2529,2531,for,keyword,0,95,4
812,2533,2533,(,operator,0,95,8
813,2534,2536,int,keyword,0,95,9
814,2538,2538,i,identifier,0,95,13
815,2540,2540,=,operator,0,95,15
816,2542,2542,0,integer,0,95,17
817,2543,2543,;,operator,0,95,18
818,2545,2545,i,identifier,0,95,20
819,2547,2547,<,operator,0,95,22
820,2549,2549,n,identifier,0,95,24
821,2550,2550,;,operator,0,95,25
822,2552,2553,++,operator,0,95,27
823,2554,2554,i,identifier,0,95,29
824,2555,2555,),operator,0,95,30
825,2557,2557,{,operator,0,95,32
826,2567,2570,cout,identifier,0,96,8
827,2572,2572,<,operator,0,96,13
828,2573,2573,<,operator,0,96,14
829,2575,2577,ret,identifier,0,96,16
830,2578,2578,[,operator,0,96,19
831,2579,2579,i,identifier,0,96,20
832,2580,2580,],operator,0,96,21
833,2582,2582,<,operator,0,96,23
834,2583,2583,<,operator,0,96,24
835,2585,2588,"""\n""",string,0,96,26
836,2589,2589,;,operator,0,96,30
837,2595,2595,},operator,0,97,4
838,2602,2607,return,keyword,0,99,4
839,2609,2609,0,integer,0,99,11
840,2610,2610,;,operator,0,99,12
841,2612,2612,},operator,0,100,0
842,2613,2612,<EOF>,eof,0,100,1
