seqnr,start,stop,text,class,channel,line,column
0,0,19,"#include <algorithm>",directive,1,1,0
1,21,37,"#include <bitset>",directive,1,2,0
2,39,56,"#include <cassert>",directive,1,3,0
3,58,75,"#include <complex>",directive,1,4,0
4,77,92,"#include <deque>",directive,1,5,0
5,94,114,"#include <functional>",directive,1,6,0
6,116,133,"#include <iomanip>",directive,1,7,0
7,135,153,"#include <iostream>",directive,1,8,0
8,155,172,"#include <istream>",directive,1,9,0
9,174,192,"#include <iterator>",directive,1,10,0
10,194,210,"#include <limits>",directive,1,11,0
11,212,226,"#include <list>",directive,1,12,0
12,228,241,"#include <map>",directive,1,13,0
13,243,259,"#include <memory>",directive,1,14,0
14,261,278,"#include <numeric>",directive,1,15,0
15,280,297,"#include <ostream>",directive,1,16,0
16,299,314,"#include <queue>",directive,1,17,0
17,316,329,"#include <set>",directive,1,18,0
18,331,348,"#include <sstream>",directive,1,19,0
19,350,365,"#include <stack>",directive,1,20,0
20,367,383,"#include <string>",directive,1,21,0
21,385,403,"#include <typeinfo>",directive,1,22,0
22,405,422,"#include <utility>",directive,1,23,0
23,424,440,"#include <vector>",directive,1,24,0
24,442,457,"#include <array>",directive,1,25,0
25,459,475,"#include <chrono>",directive,1,26,0
26,477,493,"#include <random>",directive,1,27,0
27,495,510,"#include <tuple>",directive,1,28,0
28,512,535,"#include <unordered_map>",directive,1,29,0
29,537,560,"#include <unordered_set>",directive,1,30,0
30,562,580,"#include <valarray>",directive,1,31,0
31,582,643,"#define INIT std::ios::sync_with_stdio(false);std::cin.tie(0);",directive,1,32,0
32,645,701,"#define VAR(type, ...)type __VA_ARGS__;Scan(__VA_ARGS__);",directive,1,33,0
33,703,710,template,keyword,0,34,0
34,711,711,<,operator,0,34,8
35,712,719,typename,keyword,0,34,9
36,721,721,T,identifier,0,34,18
37,722,722,>,operator,0,34,19
38,724,727,void,keyword,0,34,21
39,729,732,Scan,identifier,0,34,26
40,733,733,(,operator,0,34,30
41,734,734,T,identifier,0,34,31
42,735,735,&,operator,0,34,32
43,737,737,t,identifier,0,34,34
44,738,738,),operator,0,34,35
45,740,740,{,operator,0,34,37
46,742,744,std,identifier,0,34,39
47,745,746,::,operator,0,34,42
48,747,749,cin,identifier,0,34,44
49,751,751,>,operator,0,34,48
50,752,752,>,operator,0,34,49
51,754,754,t,identifier,0,34,51
52,755,755,;,operator,0,34,52
53,757,757,},operator,0,34,54
54,759,766,template,keyword,0,35,0
55,767,767,<,operator,0,35,8
56,768,775,typename,keyword,0,35,9
57,777,781,First,identifier,0,35,18
58,782,782,",",operator,0,35,23
59,784,791,typename,keyword,0,35,25
60,792,794,...,operator,0,35,33
61,795,798,Rest,identifier,0,35,36
62,799,799,>,operator,0,35,40
63,800,803,void,keyword,0,35,41
64,805,808,Scan,identifier,0,35,46
65,809,809,(,operator,0,35,50
66,810,814,First,identifier,0,35,51
67,815,815,&,operator,0,35,56
68,817,821,first,identifier,0,35,58
69,822,822,",",operator,0,35,63
70,824,827,Rest,identifier,0,35,65
71,828,828,&,operator,0,35,69
72,829,831,...,operator,0,35,70
73,832,835,rest,identifier,0,35,73
74,836,836,),operator,0,35,77
75,838,838,{,operator,0,35,79
76,840,842,std,identifier,0,35,81
77,843,844,::,operator,0,35,84
78,845,847,cin,identifier,0,35,86
79,849,849,>,operator,0,35,90
80,850,850,>,operator,0,35,91
81,852,856,first,identifier,0,35,93
82,857,857,;,operator,0,35,98
83,859,862,Scan,identifier,0,35,100
84,863,863,(,operator,0,35,104
85,864,867,rest,identifier,0,35,105
86,868,870,...,operator,0,35,109
87,871,871,),operator,0,35,112
88,872,872,;,operator,0,35,113
89,874,874,},operator,0,35,115
90,876,903,"#define OUT(d) std::cout<<d;",directive,1,36,0
91,905,970,"#define FOUT(n, d) std::cout<<std::fixed<<std::setprecision(n)<<d;",directive,1,37,0
92,972,1037,"#define SOUT(n, c, d) std::cout<<std::setw(n)<<std::setfill(c)<<d;",directive,1,38,0
93,1039,1064,"#define SP std::cout<<"" "";",directive,1,39,0
94,1066,1093,"#define TAB std::cout<<""\t"";",directive,1,40,0
95,1095,1121,"#define BR std::cout<<""\n"";",directive,1,41,0
96,1123,1156,"#define ENDL std::cout<<std::endl;",directive,1,42,0
97,1158,1193,"#define FLUSH std::cout<<std::flush;",directive,1,43,0
98,1195,1267,"#define VEC(type, c, n) std::vector<type> c(n);for(auto& i:c)std::cin>>i;",directive,1,44,0
99,1269,1393,"#define MAT(type, c, m, n) std::vector<std::vector<type>> c(m, std::vector<type>(n));for(auto& r:c)for(auto& i:r)std::cin>>i;",directive,1,45,0
100,1395,1430,"#define ALL(a) (a).begin(),(a).end()",directive,1,46,0
101,1432,1476,"#define FOR(i, a, b) for(int i=(a);i<(b);++i)",directive,1,47,0
102,1478,1526,"#define RFOR(i, a, b) for(int i=(b)-1;i>=(a);--i)",directive,1,48,0
103,1528,1570,"#define REP(i, n) for(int i=0;i<int(n);++i)",directive,1,49,0
104,1572,1615,"#define RREP(i, n) for(int i=(n)-1;i>=0;--i)",directive,1,50,0
105,1617,1666,"#define FORLL(i, a, b) for(ll i=ll(a);i<ll(b);++i)",directive,1,51,0
106,1668,1721,"#define RFORLL(i, a, b) for(ll i=ll(b)-1;i>=ll(a);--i)",directive,1,52,0
107,1723,1765,"#define REPLL(i, n) for(ll i=0;i<ll(n);++i)",directive,1,53,0
108,1767,1813,"#define RREPLL(i, n) for(ll i=ll(n)-1;i>=0;--i)",directive,1,54,0
109,1815,1846,"#define PAIR std::pair<int, int>",directive,1,55,0
110,1848,1879,"#define PAIRLL std::pair<ll, ll>",directive,1,56,0
111,1881,1913,"#define IN(a, x, b) (a<=x && x<b)",directive,1,57,0
112,1915,1970,"#define SHOW(d) {std::cerr << #d << ""\t:"" << d << ""\t"";}",directive,1,58,0
113,1972,2084,"#define SHOWVECTOR(v) {std::cerr << #v << ""\t:"";for(const auto& i : v){std::cerr << i << "" "";}std::cerr << ""\n"";}",directive,1,59,0
114,2086,2225,"#define SHOWVECTOR2(v) {std::cerr << #v << ""\t:\n"";for(const auto& i : v){for(const auto& j : i){std::cerr << j << "" "";}std::cerr << ""\n"";}}",directive,1,60,0
115,2227,2394,"#define SHOWPAIRVECTOR2(v) {std::cerr << #v << ""\t:\n"";for(const auto& i : v){for(const auto& j : i){std::cerr<<'('<<j.first<<"", ""<<j.second<<"") "";}std::cerr << ""\n"";}}",directive,1,61,0
116,2396,2507,"#define SHOWPAIRVECTOR(v) {for(const auto& i:v){std::cerr<<'('<<i.first<<"", ""<<i.second<<"") "";}std::cout<<""\n"";}",directive,1,62,0
117,2509,2766,"#define CHECKTIME(state) {auto start=std::chrono::system_clock::now();state();auto end=std::chrono::system_clock::now();auto res=std::chrono::duration_cast<std::chrono::nanoseconds>(end-start).count();std::cerr<<""[Time:""<<res<<""ns  (""<<res/(1.0e9)<<""s)]\n"";}",directive,1,63,0
118,2768,2964,"#define SHOWQUEUE(a) {std::queue<decltype(a.front())> tmp(a);std::cerr << #a << ""\t:"";for(int i=0; i<static_cast<int>(a.size()); ++i){std::cerr << tmp.front() << ""\n"";tmp.pop();}std::cerr << ""\n"";}",directive,1,64,0
119,2966,3012,"#define CHMAX(a, b) a = (((a)<(b)) ? (b) : (a))",directive,1,65,0
120,3014,3060,"#define CHMIN(a, b) a = (((a)>(b)) ? (b) : (a))",directive,1,66,0
121,3062,3189,"#define EXCEPTION(msg) throw std::string(""Exception : "" msg "" [ in "") + __func__ + "" : "" + std::to_string(__LINE__) + "" lines ]""",directive,1,67,0
122,3191,3296,"#define TRY(cond, msg) try {if (cond) EXCEPTION(msg);}catch (std::string s) {std::cerr << s << std::endl;}",directive,1,68,0
123,3316,3320,using,keyword,0,71,0
124,3322,3323,ll,identifier,0,71,6
125,3325,3325,=,operator,0,71,9
126,3327,3330,long,keyword,0,71,11
127,3332,3335,long,keyword,0,71,16
128,3336,3336,;,operator,0,71,20
129,3338,3342,using,keyword,0,72,0
130,3344,3346,ull,identifier,0,72,6
131,3348,3348,=,operator,0,72,10
132,3350,3357,unsigned,keyword,0,72,12
133,3359,3362,long,keyword,0,72,21
134,3364,3367,long,keyword,0,72,26
135,3368,3368,;,operator,0,72,30
136,3370,3378,constexpr,keyword,0,73,0
137,3380,3382,int,keyword,0,73,10
138,3384,3389,INFINT,identifier,0,73,14
139,3391,3391,=,operator,0,73,21
140,3393,3393,1,integer,0,73,23
141,3395,3395,<,operator,0,73,25
142,3396,3396,<,operator,0,73,26
143,3398,3399,30,integer,0,73,28
144,3400,3400,;,operator,0,73,30
145,3441,3449,constexpr,keyword,0,74,0
146,3451,3453,int,keyword,0,74,10
147,3455,3464,INFINT_LIM,identifier,0,74,14
148,3466,3466,=,operator,0,74,25
149,3468,3468,(,operator,0,74,27
150,3469,3471,1LL,integer,0,74,28
151,3473,3473,<,operator,0,74,32
152,3474,3474,<,operator,0,74,33
153,3476,3477,31,integer,0,74,35
154,3478,3478,),operator,0,74,37
155,3480,3480,-,operator,0,74,39
156,3482,3482,1,integer,0,74,41
157,3483,3483,;,operator,0,74,42
158,3512,3520,constexpr,keyword,0,75,0
159,3522,3523,ll,identifier,0,75,10
160,3525,3529,INFLL,identifier,0,75,13
161,3531,3531,=,operator,0,75,19
162,3533,3535,1LL,integer,0,75,21
163,3537,3537,<,operator,0,75,25
164,3538,3538,<,operator,0,75,26
165,3540,3541,60,integer,0,75,28
166,3542,3542,;,operator,0,75,30
167,3583,3591,constexpr,keyword,0,76,0
168,3593,3594,ll,identifier,0,76,10
169,3596,3604,INFLL_LIM,identifier,0,76,13
170,3606,3606,=,operator,0,76,23
171,3608,3608,(,operator,0,76,25
172,3609,3611,1LL,integer,0,76,26
173,3613,3613,<,operator,0,76,30
174,3614,3614,<,operator,0,76,31
175,3616,3617,62,integer,0,76,33
176,3618,3618,),operator,0,76,35
177,3620,3620,-,operator,0,76,37
178,3622,3622,1,integer,0,76,39
179,3624,3624,+,operator,0,76,41
180,3626,3626,(,operator,0,76,43
181,3627,3629,1LL,integer,0,76,44
182,3631,3631,<,operator,0,76,48
183,3632,3632,<,operator,0,76,49
184,3634,3635,62,integer,0,76,51
185,3636,3636,),operator,0,76,53
186,3637,3637,;,operator,0,76,54
187,3654,3662,constexpr,keyword,0,77,0
188,3664,3669,double,keyword,0,77,10
189,3671,3673,EPS,identifier,0,77,17
190,3675,3675,=,operator,0,77,21
191,3677,3680,1e-9,floating,0,77,23
192,3681,3681,;,operator,0,77,27
193,3683,3691,constexpr,keyword,0,78,0
194,3693,3695,int,keyword,0,78,10
195,3697,3699,MOD,identifier,0,78,14
196,3701,3701,=,operator,0,78,18
197,3703,3712,1000000007,integer,0,78,20
198,3713,3713,;,operator,0,78,30
199,3715,3723,constexpr,keyword,0,79,0
200,3725,3730,double,keyword,0,79,10
201,3732,3733,PI,identifier,0,79,17
202,3735,3735,=,operator,0,79,20
203,3737,3756,3.141592653589793238,floating,0,79,22
204,3757,3757,;,operator,0,79,42
205,3760,3765,struct,keyword,0,81,0
206,3767,3770,Node,identifier,0,81,7
207,3772,3772,{,operator,0,81,12
208,3775,3777,int,keyword,0,82,1
209,3779,3781,low,identifier,0,82,5
210,3782,3782,",",operator,0,82,8
211,3784,3787,high,identifier,0,82,10
212,3788,3788,;,operator,0,82,14
213,3791,3793,std,identifier,0,83,1
214,3794,3795,::,operator,0,83,4
215,3796,3801,vector,identifier,0,83,6
216,3802,3802,<,operator,0,83,12
217,3803,3805,int,keyword,0,83,13
218,3806,3806,>,operator,0,83,16
219,3808,3811,next,identifier,0,83,18
220,3812,3812,;,operator,0,83,22
221,3815,3818,Node,identifier,0,84,1
222,3819,3819,(,operator,0,84,5
223,3820,3820,),operator,0,84,6
224,3822,3822,:,operator,0,84,8
225,3824,3826,low,identifier,0,84,10
226,3827,3827,(,operator,0,84,13
227,3828,3828,1,integer,0,84,14
228,3829,3829,),operator,0,84,15
229,3830,3830,",",operator,0,84,16
230,3832,3835,high,identifier,0,84,18
231,3836,3836,(,operator,0,84,22
232,3837,3837,0,integer,0,84,23
233,3838,3838,),operator,0,84,24
234,3840,3840,{,operator,0,84,26
235,3841,3841,},operator,0,84,27
236,3843,3843,},operator,0,85,0
237,3844,3844,;,operator,0,85,1
238,3847,3852,signed,keyword,0,87,0
239,3854,3857,main,identifier,0,87,7
240,3858,3858,(,operator,0,87,11
241,3859,3859,),operator,0,87,12
242,3861,3861,{,operator,0,87,14
243,3864,3867,INIT,identifier,0,88,1
244,3868,3868,;,operator,0,88,5
245,3871,3873,VAR,identifier,0,89,1
246,3874,3874,(,operator,0,89,4
247,3875,3877,int,keyword,0,89,5
248,3878,3878,",",operator,0,89,8
249,3880,3880,n,identifier,0,89,10
250,3881,3881,),operator,0,89,11
251,3882,3882,;,operator,0,89,12
252,3885,3887,std,identifier,0,90,1
253,3888,3889,::,operator,0,90,4
254,3890,3895,vector,identifier,0,90,6
255,3896,3896,<,operator,0,90,12
256,3897,3900,Node,identifier,0,90,13
257,3901,3901,>,operator,0,90,17
258,3903,3906,node,identifier,0,90,19
259,3907,3907,(,operator,0,90,23
260,3908,3908,n,identifier,0,90,24
261,3909,3909,),operator,0,90,25
262,3910,3910,;,operator,0,90,26
263,3913,3915,std,identifier,0,91,1
264,3916,3917,::,operator,0,91,4
265,3918,3923,vector,identifier,0,91,6
266,3924,3924,<,operator,0,91,12
267,3925,3927,int,keyword,0,91,13
268,3928,3928,>,operator,0,91,16
269,3930,3930,a,identifier,0,91,18
270,3931,3931,(,operator,0,91,19
271,3932,3932,n,identifier,0,91,20
272,3934,3934,-,operator,0,91,22
273,3936,3936,1,integer,0,91,24
274,3937,3937,),operator,0,91,25
275,3938,3938,",",operator,0,91,26
276,3940,3940,b,identifier,0,91,28
277,3941,3941,(,operator,0,91,29
278,3942,3942,n,identifier,0,91,30
279,3944,3944,-,operator,0,91,32
280,3946,3946,1,integer,0,91,34
281,3947,3947,),operator,0,91,35
282,3948,3948,;,operator,0,91,36
283,3951,3953,REP,identifier,0,92,1
284,3954,3954,(,operator,0,92,4
285,3955,3955,i,identifier,0,92,5
286,3956,3956,",",operator,0,92,6
287,3958,3958,n,identifier,0,92,8
288,3960,3960,-,operator,0,92,10
289,3962,3962,1,integer,0,92,12
290,3963,3963,),operator,0,92,13
291,3965,3965,{,operator,0,92,15
292,3969,3971,std,identifier,0,93,2
293,3972,3973,::,operator,0,93,5
294,3974,3976,cin,identifier,0,93,7
295,3978,3978,>,operator,0,93,11
296,3979,3979,>,operator,0,93,12
297,3981,3981,a,identifier,0,93,14
298,3982,3982,[,operator,0,93,15
299,3983,3983,i,identifier,0,93,16
300,3984,3984,],operator,0,93,17
301,3986,3986,>,operator,0,93,19
302,3987,3987,>,operator,0,93,20
303,3989,3989,b,identifier,0,93,22
304,3990,3990,[,operator,0,93,23
305,3991,3991,i,identifier,0,93,24
306,3992,3992,],operator,0,93,25
307,3993,3993,;,operator,0,93,26
308,3997,3998,--,operator,0,94,2
309,3999,3999,a,identifier,0,94,4
310,4000,4000,[,operator,0,94,5
311,4001,4001,i,identifier,0,94,6
312,4002,4002,],operator,0,94,7
313,4003,4003,;,operator,0,94,8
314,4005,4006,--,operator,0,94,10
315,4007,4007,b,identifier,0,94,12
316,4008,4008,[,operator,0,94,13
317,4009,4009,i,identifier,0,94,14
318,4010,4010,],operator,0,94,15
319,4011,4011,;,operator,0,94,16
320,4015,4018,node,identifier,0,95,2
321,4019,4019,[,operator,0,95,6
322,4020,4020,a,identifier,0,95,7
323,4021,4021,[,operator,0,95,8
324,4022,4022,i,identifier,0,95,9
325,4023,4023,],operator,0,95,10
326,4024,4024,],operator,0,95,11
327,4025,4025,.,operator,0,95,12
328,4026,4029,next,identifier,0,95,13
329,4030,4030,.,operator,0,95,17
330,4031,4042,emplace_back,identifier,0,95,18
331,4043,4043,(,operator,0,95,30
332,4044,4044,b,identifier,0,95,31
333,4045,4045,[,operator,0,95,32
334,4046,4046,i,identifier,0,95,33
335,4047,4047,],operator,0,95,34
336,4048,4048,),operator,0,95,35
337,4049,4049,;,operator,0,95,36
338,4053,4056,node,identifier,0,96,2
339,4057,4057,[,operator,0,96,6
340,4058,4058,b,identifier,0,96,7
341,4059,4059,[,operator,0,96,8
342,4060,4060,i,identifier,0,96,9
343,4061,4061,],operator,0,96,10
344,4062,4062,],operator,0,96,11
345,4063,4063,.,operator,0,96,12
346,4064,4067,next,identifier,0,96,13
347,4068,4068,.,operator,0,96,17
348,4069,4080,emplace_back,identifier,0,96,18
349,4081,4081,(,operator,0,96,30
350,4082,4082,a,identifier,0,96,31
351,4083,4083,[,operator,0,96,32
352,4084,4084,i,identifier,0,96,33
353,4085,4085,],operator,0,96,34
354,4086,4086,),operator,0,96,35
355,4087,4087,;,operator,0,96,36
356,4090,4090,},operator,0,97,1
357,4093,4095,VAR,identifier,0,98,1
358,4096,4096,(,operator,0,98,4
359,4097,4099,int,keyword,0,98,5
360,4100,4100,",",operator,0,98,8
361,4102,4102,k,identifier,0,98,10
362,4103,4103,),operator,0,98,11
363,4104,4104,;,operator,0,98,12
364,4107,4109,std,identifier,0,99,1
365,4110,4111,::,operator,0,99,4
366,4112,4117,vector,identifier,0,99,6
367,4118,4118,<,operator,0,99,12
368,4119,4121,int,keyword,0,99,13
369,4122,4122,>,operator,0,99,16
370,4124,4124,v,identifier,0,99,18
371,4125,4125,(,operator,0,99,19
372,4126,4126,k,identifier,0,99,20
373,4127,4127,),operator,0,99,21
374,4128,4128,",",operator,0,99,22
375,4130,4130,p,identifier,0,99,24
376,4131,4131,(,operator,0,99,25
377,4132,4132,k,identifier,0,99,26
378,4133,4133,),operator,0,99,27
379,4134,4134,;,operator,0,99,28
380,4137,4139,REP,identifier,0,100,1
381,4140,4140,(,operator,0,100,4
382,4141,4141,i,identifier,0,100,5
383,4142,4142,",",operator,0,100,6
384,4144,4144,k,identifier,0,100,8
385,4145,4145,),operator,0,100,9
386,4147,4147,{,operator,0,100,11
387,4151,4153,std,identifier,0,101,2
388,4154,4155,::,operator,0,101,5
389,4156,4158,cin,identifier,0,101,7
390,4160,4160,>,operator,0,101,11
391,4161,4161,>,operator,0,101,12
392,4163,4163,v,identifier,0,101,14
393,4164,4164,[,operator,0,101,15
394,4165,4165,i,identifier,0,101,16
395,4166,4166,],operator,0,101,17
396,4168,4168,>,operator,0,101,19
397,4169,4169,>,operator,0,101,20
398,4171,4171,p,identifier,0,101,22
399,4172,4172,[,operator,0,101,23
400,4173,4173,i,identifier,0,101,24
401,4174,4174,],operator,0,101,25
402,4175,4175,;,operator,0,101,26
403,4179,4180,--,operator,0,102,2
404,4181,4181,v,identifier,0,102,4
405,4182,4182,[,operator,0,102,5
406,4183,4183,i,identifier,0,102,6
407,4184,4184,],operator,0,102,7
408,4185,4185,;,operator,0,102,8
409,4189,4192,node,identifier,0,103,2
410,4193,4193,[,operator,0,103,6
411,4194,4194,v,identifier,0,103,7
412,4195,4195,[,operator,0,103,8
413,4196,4196,i,identifier,0,103,9
414,4197,4197,],operator,0,103,10
415,4198,4198,],operator,0,103,11
416,4199,4199,.,operator,0,103,12
417,4200,4202,low,identifier,0,103,13
418,4204,4204,=,operator,0,103,17
419,4206,4206,p,identifier,0,103,19
420,4207,4207,[,operator,0,103,20
421,4208,4208,i,identifier,0,103,21
422,4209,4209,],operator,0,103,22
423,4210,4210,;,operator,0,103,23
424,4214,4217,node,identifier,0,104,2
425,4218,4218,[,operator,0,104,6
426,4219,4219,v,identifier,0,104,7
427,4220,4220,[,operator,0,104,8
428,4221,4221,i,identifier,0,104,9
429,4222,4222,],operator,0,104,10
430,4223,4223,],operator,0,104,11
431,4224,4224,.,operator,0,104,12
432,4225,4228,high,identifier,0,104,13
433,4230,4230,=,operator,0,104,18
434,4232,4232,p,identifier,0,104,20
435,4233,4233,[,operator,0,104,21
436,4234,4234,i,identifier,0,104,22
437,4235,4235,],operator,0,104,23
438,4236,4236,;,operator,0,104,24
439,4239,4239,},operator,0,105,1
440,4243,4245,REP,identifier,0,107,1
441,4246,4246,(,operator,0,107,4
442,4247,4247,i,identifier,0,107,5
443,4248,4248,",",operator,0,107,6
444,4250,4250,k,identifier,0,107,8
445,4251,4251,),operator,0,107,9
446,4253,4253,{,operator,0,107,11
447,4257,4259,std,identifier,0,108,2
448,4260,4261,::,operator,0,108,5
449,4262,4267,vector,identifier,0,108,7
450,4268,4268,<,operator,0,108,13
451,4269,4272,bool,keyword,0,108,14
452,4273,4273,>,operator,0,108,18
453,4275,4281,visited,identifier,0,108,20
454,4282,4282,(,operator,0,108,27
455,4283,4283,n,identifier,0,108,28
456,4284,4284,",",operator,0,108,29
457,4286,4290,false,keyword,0,108,31
458,4291,4291,),operator,0,108,36
459,4292,4292,;,operator,0,108,37
460,4296,4298,std,identifier,0,109,2
461,4299,4300,::,operator,0,109,5
462,4301,4305,queue,identifier,0,109,7
463,4306,4306,<,operator,0,109,12
464,4307,4309,int,keyword,0,109,13
465,4310,4310,>,operator,0,109,16
466,4312,4316,queue,identifier,0,109,18
467,4317,4317,;,operator,0,109,23
468,4321,4327,visited,identifier,0,110,2
469,4328,4328,[,operator,0,110,9
470,4329,4329,v,identifier,0,110,10
471,4330,4330,[,operator,0,110,11
472,4331,4331,i,identifier,0,110,12
473,4332,4332,],operator,0,110,13
474,4333,4333,],operator,0,110,14
475,4335,4335,=,operator,0,110,16
476,4337,4340,true,keyword,0,110,18
477,4341,4341,;,operator,0,110,22
478,4345,4349,queue,identifier,0,111,2
479,4350,4350,.,operator,0,111,7
480,4351,4354,push,identifier,0,111,8
481,4355,4355,(,operator,0,111,12
482,4356,4356,v,identifier,0,111,13
483,4357,4357,[,operator,0,111,14
484,4358,4358,i,identifier,0,111,15
485,4359,4359,],operator,0,111,16
486,4360,4360,),operator,0,111,17
487,4361,4361,;,operator,0,111,18
488,4365,4369,while,keyword,0,112,2
489,4371,4371,(,operator,0,112,8
490,4372,4372,"!",operator,0,112,9
491,4373,4377,queue,identifier,0,112,10
492,4378,4378,.,operator,0,112,15
493,4379,4383,empty,identifier,0,112,16
494,4384,4384,(,operator,0,112,21
495,4385,4385,),operator,0,112,22
496,4386,4386,),operator,0,112,23
497,4388,4388,{,operator,0,112,25
498,4393,4395,int,keyword,0,113,3
499,4397,4401,now_i,identifier,0,113,7
500,4403,4403,=,operator,0,113,13
501,4405,4409,queue,identifier,0,113,15
502,4410,4410,.,operator,0,113,20
503,4411,4415,front,identifier,0,113,21
504,4416,4416,(,operator,0,113,26
505,4417,4417,),operator,0,113,27
506,4418,4418,;,operator,0,113,28
507,4420,4424,queue,identifier,0,113,30
508,4425,4425,.,operator,0,113,35
509,4426,4428,pop,identifier,0,113,36
510,4429,4429,(,operator,0,113,39
511,4430,4430,),operator,0,113,40
512,4431,4431,;,operator,0,113,41
513,4436,4439,Node,identifier,0,114,3
514,4440,4440,&,operator,0,114,7
515,4442,4444,now,identifier,0,114,9
516,4446,4446,=,operator,0,114,13
517,4448,4451,node,identifier,0,114,15
518,4452,4452,[,operator,0,114,19
519,4453,4457,now_i,identifier,0,114,20
520,4458,4458,],operator,0,114,25
521,4459,4459,;,operator,0,114,26
522,4464,4466,int,keyword,0,115,3
523,4468,4470,low,identifier,0,115,7
524,4472,4472,=,operator,0,115,11
525,4474,4476,now,identifier,0,115,13
526,4477,4477,.,operator,0,115,16
527,4478,4480,low,identifier,0,115,17
528,4482,4482,-,operator,0,115,21
529,4484,4484,1,integer,0,115,23
530,4485,4485,",",operator,0,115,24
531,4487,4490,high,identifier,0,115,26
532,4492,4492,=,operator,0,115,31
533,4494,4496,now,identifier,0,115,33
534,4497,4497,.,operator,0,115,36
535,4498,4501,high,identifier,0,115,37
536,4503,4503,+,operator,0,115,42
537,4505,4505,1,integer,0,115,44
538,4506,4506,;,operator,0,115,45
539,4511,4513,for,keyword,0,116,3
540,4515,4515,(,operator,0,116,7
541,4516,4519,auto,keyword,0,116,8
542,4521,4527,check_i,identifier,0,116,13
543,4529,4529,:,operator,0,116,21
544,4531,4533,now,identifier,0,116,23
545,4534,4534,.,operator,0,116,26
546,4535,4538,next,identifier,0,116,27
547,4539,4539,),operator,0,116,31
548,4541,4541,{,operator,0,116,33
549,4547,4550,Node,identifier,0,117,4
550,4551,4551,&,operator,0,117,8
551,4553,4557,check,identifier,0,117,10
552,4559,4559,=,operator,0,117,16
553,4561,4564,node,identifier,0,117,18
554,4565,4565,[,operator,0,117,22
555,4566,4572,check_i,identifier,0,117,23
556,4573,4573,],operator,0,117,30
557,4574,4574,;,operator,0,117,31
558,4580,4581,if,keyword,0,118,4
559,4583,4583,(,operator,0,118,7
560,4584,4584,"!",operator,0,118,8
561,4585,4591,visited,identifier,0,118,9
562,4592,4592,[,operator,0,118,16
563,4593,4599,check_i,identifier,0,118,17
564,4600,4600,],operator,0,118,24
565,4601,4601,),operator,0,118,25
566,4603,4603,{,operator,0,118,27
567,4610,4616,visited,identifier,0,119,5
568,4617,4617,[,operator,0,119,12
569,4618,4624,check_i,identifier,0,119,13
570,4625,4625,],operator,0,119,20
571,4627,4627,=,operator,0,119,22
572,4629,4632,true,keyword,0,119,24
573,4633,4633,;,operator,0,119,28
574,4640,4641,if,keyword,0,120,5
575,4643,4643,(,operator,0,120,8
576,4644,4648,check,identifier,0,120,9
577,4649,4649,.,operator,0,120,14
578,4650,4652,low,identifier,0,120,15
579,4654,4654,>,operator,0,120,19
580,4656,4660,check,identifier,0,120,21
581,4661,4661,.,operator,0,120,26
582,4662,4665,high,identifier,0,120,27
583,4666,4666,),operator,0,120,31
584,4668,4668,{,operator,0,120,33
585,4676,4680,check,identifier,0,121,6
586,4681,4681,.,operator,0,121,11
587,4682,4684,low,identifier,0,121,12
588,4686,4686,=,operator,0,121,16
589,4688,4690,low,identifier,0,121,18
590,4691,4691,;,operator,0,121,21
591,4699,4703,check,identifier,0,122,6
592,4704,4704,.,operator,0,122,11
593,4705,4708,high,identifier,0,122,12
594,4710,4710,=,operator,0,122,17
595,4712,4715,high,identifier,0,122,19
596,4716,4716,;,operator,0,122,23
597,4724,4728,queue,identifier,0,123,6
598,4729,4729,.,operator,0,123,11
599,4730,4733,push,identifier,0,123,12
600,4734,4734,(,operator,0,123,16
601,4735,4741,check_i,identifier,0,123,17
602,4742,4742,),operator,0,123,24
603,4743,4743,;,operator,0,123,25
604,4751,4758,continue,keyword,0,124,6
605,4759,4759,;,operator,0,124,14
606,4766,4766,},operator,0,125,5
607,4773,4774,if,keyword,0,126,5
608,4776,4776,(,operator,0,126,8
609,4777,4779,low,identifier,0,126,9
610,4781,4781,%,operator,0,126,13
611,4783,4783,2,integer,0,126,15
612,4785,4786,"!=",operator,0,126,17
613,4788,4792,check,identifier,0,126,20
614,4793,4793,.,operator,0,126,25
615,4794,4796,low,identifier,0,126,26
616,4798,4798,%,operator,0,126,30
617,4800,4800,2,integer,0,126,32
618,4801,4801,),operator,0,126,33
619,4803,4803,{,operator,0,126,35
620,4811,4813,OUT,identifier,0,127,6
621,4814,4814,(,operator,0,127,9
622,4815,4818,"""No""",string,0,127,10
623,4819,4819,),operator,0,127,14
624,4820,4821,BR,identifier,0,127,15
625,4822,4822,;,operator,0,127,17
626,4830,4835,return,keyword,0,128,6
627,4837,4837,0,integer,0,128,13
628,4838,4838,;,operator,0,128,14
629,4845,4845,},operator,0,129,5
630,4852,4853,if,keyword,0,130,5
631,4855,4855,(,operator,0,130,8
632,4856,4860,check,identifier,0,130,9
633,4861,4861,.,operator,0,130,14
634,4862,4864,low,identifier,0,130,15
635,4866,4866,>,operator,0,130,19
636,4868,4872,check,identifier,0,130,21
637,4873,4873,.,operator,0,130,26
638,4874,4877,high,identifier,0,130,27
639,4878,4878,),operator,0,130,31
640,4880,4880,{,operator,0,130,33
641,4888,4890,OUT,identifier,0,131,6
642,4891,4891,(,operator,0,131,9
643,4892,4895,"""No""",string,0,131,10
644,4896,4896,),operator,0,131,14
645,4897,4898,BR,identifier,0,131,15
646,4899,4899,;,operator,0,131,17
647,4907,4912,return,keyword,0,132,6
648,4914,4914,0,integer,0,132,13
649,4915,4915,;,operator,0,132,14
650,4922,4922,},operator,0,133,5
651,4929,4930,if,keyword,0,134,5
652,4932,4932,(,operator,0,134,8
653,4933,4935,low,identifier,0,134,9
654,4937,4938,<=,operator,0,134,13
655,4940,4944,check,identifier,0,134,16
656,4945,4945,.,operator,0,134,21
657,4946,4948,low,identifier,0,134,22
658,4950,4951,&&,operator,0,134,26
659,4953,4956,high,identifier,0,134,29
660,4958,4959,>=,operator,0,134,34
661,4961,4965,check,identifier,0,134,37
662,4966,4966,.,operator,0,134,42
663,4967,4970,high,identifier,0,134,43
664,4971,4971,),operator,0,134,47
665,4973,4980,continue,keyword,0,134,49
666,4981,4981,;,operator,0,134,57
667,4988,4992,CHMAX,identifier,0,135,5
668,4993,4993,(,operator,0,135,10
669,4994,4998,check,identifier,0,135,11
670,4999,4999,.,operator,0,135,16
671,5000,5002,low,identifier,0,135,17
672,5003,5003,",",operator,0,135,20
673,5005,5007,low,identifier,0,135,22
674,5008,5008,),operator,0,135,25
675,5009,5009,;,operator,0,135,26
676,5016,5020,CHMIN,identifier,0,136,5
677,5021,5021,(,operator,0,136,10
678,5022,5026,check,identifier,0,136,11
679,5027,5027,.,operator,0,136,16
680,5028,5031,high,identifier,0,136,17
681,5032,5032,",",operator,0,136,21
682,5034,5037,high,identifier,0,136,23
683,5038,5038,),operator,0,136,27
684,5039,5039,;,operator,0,136,28
685,5046,5047,if,keyword,0,137,5
686,5049,5049,(,operator,0,137,8
687,5050,5054,check,identifier,0,137,9
688,5055,5055,.,operator,0,137,14
689,5056,5058,low,identifier,0,137,15
690,5060,5060,>,operator,0,137,19
691,5062,5066,check,identifier,0,137,21
692,5067,5067,.,operator,0,137,26
693,5068,5071,high,identifier,0,137,27
694,5072,5072,),operator,0,137,31
695,5074,5074,{,operator,0,137,33
696,5082,5084,OUT,identifier,0,138,6
697,5085,5085,(,operator,0,138,9
698,5086,5089,"""No""",string,0,138,10
699,5090,5090,),operator,0,138,14
700,5091,5092,BR,identifier,0,138,15
701,5093,5093,;,operator,0,138,17
702,5101,5106,return,keyword,0,139,6
703,5108,5108,0,integer,0,139,13
704,5109,5109,;,operator,0,139,14
705,5116,5116,},operator,0,140,5
706,5123,5127,queue,identifier,0,141,5
707,5128,5128,.,operator,0,141,10
708,5129,5132,push,identifier,0,141,11
709,5133,5133,(,operator,0,141,15
710,5134,5140,check_i,identifier,0,141,16
711,5141,5141,),operator,0,141,23
712,5142,5142,;,operator,0,141,24
713,5148,5148,},operator,0,142,4
714,5153,5153,},operator,0,143,3
715,5157,5157,},operator,0,144,2
716,5160,5160,},operator,0,145,1
717,5163,5165,OUT,identifier,0,146,1
718,5166,5166,(,operator,0,146,4
719,5167,5171,"""Yes""",string,0,146,5
720,5172,5172,),operator,0,146,10
721,5173,5174,BR,identifier,0,146,11
722,5175,5175,;,operator,0,146,13
723,5178,5180,REP,identifier,0,147,1
724,5181,5181,(,operator,0,147,4
725,5182,5182,i,identifier,0,147,5
726,5183,5183,",",operator,0,147,6
727,5185,5185,n,identifier,0,147,8
728,5186,5186,),operator,0,147,9
729,5188,5188,{,operator,0,147,11
730,5192,5194,OUT,identifier,0,148,2
731,5195,5195,(,operator,0,148,5
732,5196,5199,node,identifier,0,148,6
733,5200,5200,[,operator,0,148,10
734,5201,5201,i,identifier,0,148,11
735,5202,5202,],operator,0,148,12
736,5203,5203,.,operator,0,148,13
737,5204,5206,low,identifier,0,148,14
738,5207,5207,),operator,0,148,17
739,5232,5233,BR,identifier,0,148,42
740,5234,5234,;,operator,0,148,44
741,5237,5237,},operator,0,149,1
742,5241,5246,return,keyword,0,151,1
743,5248,5248,0,integer,0,151,8
744,5249,5249,;,operator,0,151,9
745,5251,5251,},operator,0,152,0
746,5252,5251,<EOF>,eof,0,152,1
