seqnr,start,stop,text,class,channel,line,column
0,2044,2067,"#include ""bits/stdc++.h""",directive,1,23,0
1,2069,2073,using,keyword,0,24,0
2,2075,2083,namespace,keyword,0,24,6
3,2085,2087,std,identifier,0,24,16
4,2088,2088,;,operator,0,24,19
5,2090,2111,"#define MOD 1000000007",directive,1,25,0
6,2113,2117,const,keyword,0,26,0
7,2119,2124,double,keyword,0,26,6
8,2126,2128,EPS,identifier,0,26,13
9,2130,2130,=,operator,0,26,17
10,2132,2135,1e-9,floating,0,26,19
11,2136,2136,;,operator,0,26,23
12,2138,2158,"#define INF (1LL<<60)",directive,1,27,0
13,2160,2175,"#define fs first",directive,1,28,0
14,2177,2193,"#define sc second",directive,1,29,0
15,2195,2214,"#define pb push_back",directive,1,30,0
16,2216,2236,"#define int long long",directive,1,31,0
17,2238,2280,"#define FOR(i,a,b) for(int i=(a);i<(b);i++)",directive,1,32,0
18,2282,2328,"#define RFOR(i,a,b) for(int i = (b-1);i>=a;i--)",directive,1,33,0
19,2330,2357,"#define REP(i,n)  FOR(i,0,n)",directive,1,34,0
20,2359,2387,"#define RREP(i,n) RFOR(i,0,n)",directive,1,35,0
21,2389,2462,"#define ITR(itr,mp) for(auto itr = (mp).begin(); itr != (mp).end(); ++itr)",directive,1,36,0
22,2464,2540,"#define RITR(itr,mp) for(auto itr = (mp).rbegin(); itr != (mp).rend(); ++itr)",directive,1,37,0
23,2542,2583,"#define range(i,a,b) ((a)<=(i) && (i)<(b))",directive,1,38,0
24,2585,2637,"#define debug(x)  cout << #x << "" = "" << (x) << endl;",directive,1,39,0
25,2639,2659,"#define SP << "" "" << ",directive,1,40,0
26,2661,2667,typedef,keyword,0,41,0
27,2669,2672,pair,identifier,0,41,8
28,2673,2673,<,operator,0,41,12
29,2674,2676,int,keyword,0,41,13
30,2677,2677,",",operator,0,41,16
31,2678,2680,int,keyword,0,41,17
32,2681,2681,>,operator,0,41,20
33,2683,2683,P,identifier,0,41,22
34,2684,2684,;,operator,0,41,23
35,2686,2692,typedef,keyword,0,42,0
36,2694,2699,vector,identifier,0,42,8
37,2700,2700,<,operator,0,42,14
38,2701,2706,vector,identifier,0,42,15
39,2707,2707,<,operator,0,42,21
40,2708,2708,P,identifier,0,42,22
41,2709,2709,>,operator,0,42,23
42,2711,2711,>,operator,0,42,25
43,2713,2717,Graph,identifier,0,42,27
44,2718,2718,;,operator,0,42,32
45,2720,2726,typedef,keyword,0,43,0
46,2728,2733,vector,identifier,0,43,8
47,2734,2734,<,operator,0,43,14
48,2735,2737,int,keyword,0,43,15
49,2738,2738,>,operator,0,43,18
50,2740,2742,vec,identifier,0,43,20
51,2743,2743,;,operator,0,43,23
52,2745,2751,typedef,keyword,0,44,0
53,2753,2758,vector,identifier,0,44,8
54,2759,2759,<,operator,0,44,14
55,2760,2765,vector,identifier,0,44,15
56,2766,2766,<,operator,0,44,21
57,2767,2769,int,keyword,0,44,22
58,2770,2770,>,operator,0,44,25
59,2771,2771,>,operator,0,44,26
60,2773,2775,mat,identifier,0,44,28
61,2776,2776,;,operator,0,44,31
62,2779,2783,const,keyword,0,46,0
63,2785,2787,int,keyword,0,46,6
64,2789,2792,NMAX,identifier,0,46,10
65,2794,2794,=,operator,0,46,15
66,2796,2798,1e5,floating,0,46,17
67,2799,2799,;,operator,0,46,20
68,2801,2803,vec,identifier,0,47,0
69,2805,2808,edge,identifier,0,47,4
70,2809,2809,[,operator,0,47,8
71,2810,2813,NMAX,identifier,0,47,9
72,2814,2814,],operator,0,47,13
73,2815,2815,",",operator,0,47,14
74,2817,2819,val,identifier,0,47,16
75,2820,2820,(,operator,0,47,19
76,2821,2824,NMAX,identifier,0,47,20
77,2825,2825,",",operator,0,47,24
78,2826,2828,INF,identifier,0,47,25
79,2829,2829,),operator,0,47,28
80,2830,2830,",",operator,0,47,29
81,2832,2835,dist,identifier,0,47,31
82,2836,2836,(,operator,0,47,35
83,2837,2840,NMAX,identifier,0,47,36
84,2841,2841,",",operator,0,47,40
85,2842,2842,-,operator,0,47,41
86,2843,2843,1,integer,0,47,42
87,2844,2844,),operator,0,47,43
88,2845,2845,",",operator,0,47,44
89,2847,2848,mx,identifier,0,47,46
90,2849,2849,(,operator,0,47,48
91,2850,2853,NMAX,identifier,0,47,49
92,2854,2854,",",operator,0,47,53
93,2855,2857,INF,identifier,0,47,54
94,2858,2858,),operator,0,47,57
95,2859,2859,",",operator,0,47,58
96,2861,2862,mn,identifier,0,47,60
97,2863,2863,(,operator,0,47,62
98,2864,2867,NMAX,identifier,0,47,63
99,2868,2868,",",operator,0,47,67
100,2869,2869,-,operator,0,47,68
101,2870,2872,INF,identifier,0,47,69
102,2873,2873,),operator,0,47,72
103,2874,2874,;,operator,0,47,73
104,2877,2879,int,keyword,0,49,0
105,2881,2884,flag,identifier,0,49,4
106,2886,2886,=,operator,0,49,9
107,2888,2888,-,operator,0,49,11
108,2889,2889,1,integer,0,49,12
109,2890,2890,;,operator,0,49,13
110,2892,2895,void,keyword,0,50,0
111,2897,2901,check,identifier,0,50,5
112,2902,2902,(,operator,0,50,10
113,2903,2905,int,keyword,0,50,11
114,2907,2908,no,identifier,0,50,15
115,2909,2909,),operator,0,50,17
116,2910,2910,{,operator,0,50,18
117,2914,2915,if,keyword,0,51,2
118,2916,2916,(,operator,0,51,4
119,2917,2919,val,identifier,0,51,5
120,2920,2920,[,operator,0,51,8
121,2921,2922,no,identifier,0,51,9
122,2923,2923,],operator,0,51,11
123,2925,2926,"!=",operator,0,51,13
124,2928,2930,INF,identifier,0,51,16
125,2931,2931,),operator,0,51,19
126,2932,2932,{,operator,0,51,20
127,2938,2939,if,keyword,0,52,4
128,2940,2940,(,operator,0,52,6
129,2941,2944,flag,identifier,0,52,7
130,2946,2947,==,operator,0,52,12
131,2949,2949,-,operator,0,52,15
132,2950,2950,1,integer,0,52,16
133,2951,2951,),operator,0,52,17
134,2953,2956,flag,identifier,0,52,19
135,2958,2958,=,operator,0,52,24
136,2960,2960,(,operator,0,52,26
137,2961,2963,val,identifier,0,52,27
138,2964,2964,[,operator,0,52,30
139,2965,2966,no,identifier,0,52,31
140,2967,2967,],operator,0,52,33
141,2968,2968,%,operator,0,52,34
142,2969,2969,2,integer,0,52,35
143,2970,2970,),operator,0,52,36
144,2971,2971,^,operator,0,52,37
145,2972,2972,(,operator,0,52,38
146,2973,2976,dist,identifier,0,52,39
147,2977,2977,[,operator,0,52,43
148,2978,2979,no,identifier,0,52,44
149,2980,2980,],operator,0,52,46
150,2981,2981,%,operator,0,52,47
151,2982,2982,2,integer,0,52,48
152,2983,2983,),operator,0,52,49
153,2984,2984,;,operator,0,52,50
154,2990,2991,if,keyword,0,53,4
155,2992,2992,(,operator,0,53,6
156,2993,2996,flag,identifier,0,53,7
157,2998,2999,"!=",operator,0,53,12
158,3001,3001,(,operator,0,53,15
159,3002,3004,val,identifier,0,53,16
160,3005,3005,[,operator,0,53,19
161,3006,3007,no,identifier,0,53,20
162,3008,3008,],operator,0,53,22
163,3009,3009,%,operator,0,53,23
164,3010,3010,2,integer,0,53,24
165,3011,3011,),operator,0,53,25
166,3012,3012,^,operator,0,53,26
167,3013,3013,(,operator,0,53,27
168,3014,3017,dist,identifier,0,53,28
169,3018,3018,[,operator,0,53,32
170,3019,3020,no,identifier,0,53,33
171,3021,3021,],operator,0,53,35
172,3022,3022,%,operator,0,53,36
173,3023,3023,2,integer,0,53,37
174,3024,3024,),operator,0,53,38
175,3025,3025,),operator,0,53,39
176,3026,3026,{,operator,0,53,40
177,3034,3037,cout,identifier,0,54,6
178,3039,3039,<,operator,0,54,11
179,3040,3040,<,operator,0,54,12
180,3042,3045,"""No""",string,0,54,14
181,3047,3047,<,operator,0,54,19
182,3048,3048,<,operator,0,54,20
183,3050,3053,endl,identifier,0,54,22
184,3054,3054,;,operator,0,54,26
185,3062,3065,exit,identifier,0,55,6
186,3066,3066,(,operator,0,55,10
187,3067,3067,0,integer,0,55,11
188,3068,3068,),operator,0,55,12
189,3069,3069,;,operator,0,55,13
190,3075,3075,},operator,0,56,4
191,3079,3079,},operator,0,57,2
192,3083,3085,for,keyword,0,58,2
193,3086,3086,(,operator,0,58,5
194,3087,3089,int,keyword,0,58,6
195,3091,3092,to,identifier,0,58,10
196,3093,3093,:,operator,0,58,12
197,3094,3097,edge,identifier,0,58,13
198,3098,3098,[,operator,0,58,17
199,3099,3100,no,identifier,0,58,18
200,3101,3101,],operator,0,58,20
201,3102,3102,),operator,0,58,21
202,3103,3103,{,operator,0,58,22
203,3109,3110,if,keyword,0,59,4
204,3111,3111,(,operator,0,59,6
205,3112,3115,dist,identifier,0,59,7
206,3116,3116,[,operator,0,59,11
207,3117,3118,to,identifier,0,59,12
208,3119,3119,],operator,0,59,14
209,3121,3122,"!=",operator,0,59,16
210,3124,3124,-,operator,0,59,19
211,3125,3125,1,integer,0,59,20
212,3126,3126,),operator,0,59,21
213,3128,3135,continue,keyword,0,59,23
214,3136,3136,;,operator,0,59,31
215,3142,3145,dist,identifier,0,60,4
216,3146,3146,[,operator,0,60,8
217,3147,3148,to,identifier,0,60,9
218,3149,3149,],operator,0,60,11
219,3151,3151,=,operator,0,60,13
220,3153,3156,dist,identifier,0,60,15
221,3157,3157,[,operator,0,60,19
222,3158,3159,no,identifier,0,60,20
223,3160,3160,],operator,0,60,22
224,3161,3161,+,operator,0,60,23
225,3162,3162,1,integer,0,60,24
226,3163,3163,;,operator,0,60,25
227,3169,3173,check,identifier,0,61,4
228,3174,3174,(,operator,0,61,9
229,3175,3176,to,identifier,0,61,10
230,3177,3177,),operator,0,61,12
231,3178,3178,;,operator,0,61,13
232,3182,3182,},operator,0,62,2
233,3184,3184,},operator,0,63,0
234,3187,3190,void,keyword,0,65,0
235,3192,3194,dfs,identifier,0,65,5
236,3195,3195,(,operator,0,65,8
237,3196,3198,int,keyword,0,65,9
238,3200,3201,no,identifier,0,65,13
239,3202,3202,),operator,0,65,15
240,3203,3203,{,operator,0,65,16
241,3207,3208,if,keyword,0,66,2
242,3209,3209,(,operator,0,66,4
243,3210,3212,val,identifier,0,66,5
244,3213,3213,[,operator,0,66,8
245,3214,3215,no,identifier,0,66,9
246,3216,3216,],operator,0,66,11
247,3218,3219,"!=",operator,0,66,13
248,3221,3223,INF,identifier,0,66,16
249,3224,3224,),operator,0,66,19
250,3225,3225,{,operator,0,66,20
251,3231,3232,if,keyword,0,67,4
252,3233,3233,(,operator,0,67,6
253,3234,3235,mx,identifier,0,67,7
254,3236,3236,[,operator,0,67,9
255,3237,3238,no,identifier,0,67,10
256,3239,3239,],operator,0,67,12
257,3241,3241,<,operator,0,67,14
258,3243,3245,val,identifier,0,67,16
259,3246,3246,[,operator,0,67,19
260,3247,3248,no,identifier,0,67,20
261,3249,3249,],operator,0,67,22
262,3251,3252,||,operator,0,67,24
263,3254,3255,mn,identifier,0,67,27
264,3256,3256,[,operator,0,67,29
265,3257,3258,no,identifier,0,67,30
266,3259,3259,],operator,0,67,32
267,3261,3261,>,operator,0,67,34
268,3263,3265,val,identifier,0,67,36
269,3266,3266,[,operator,0,67,39
270,3267,3268,no,identifier,0,67,40
271,3269,3269,],operator,0,67,42
272,3270,3270,),operator,0,67,43
273,3271,3271,{,operator,0,67,44
274,3279,3282,cout,identifier,0,68,6
275,3284,3284,<,operator,0,68,11
276,3285,3285,<,operator,0,68,12
277,3287,3290,"""No""",string,0,68,14
278,3292,3292,<,operator,0,68,19
279,3293,3293,<,operator,0,68,20
280,3295,3298,endl,identifier,0,68,22
281,3299,3299,;,operator,0,68,26
282,3307,3310,exit,identifier,0,69,6
283,3311,3311,(,operator,0,69,10
284,3312,3312,0,integer,0,69,11
285,3313,3313,),operator,0,69,12
286,3314,3314,;,operator,0,69,13
287,3320,3320,},operator,0,70,4
288,3326,3327,mx,identifier,0,71,4
289,3328,3328,[,operator,0,71,6
290,3329,3330,no,identifier,0,71,7
291,3331,3331,],operator,0,71,9
292,3333,3333,=,operator,0,71,11
293,3335,3336,mn,identifier,0,71,13
294,3337,3337,[,operator,0,71,15
295,3338,3339,no,identifier,0,71,16
296,3340,3340,],operator,0,71,18
297,3342,3342,=,operator,0,71,20
298,3344,3346,val,identifier,0,71,22
299,3347,3347,[,operator,0,71,25
300,3348,3349,no,identifier,0,71,26
301,3350,3350,],operator,0,71,28
302,3351,3351,;,operator,0,71,29
303,3355,3355,},operator,0,72,2
304,3359,3361,for,keyword,0,73,2
305,3362,3362,(,operator,0,73,5
306,3363,3365,int,keyword,0,73,6
307,3367,3368,to,identifier,0,73,10
308,3369,3369,:,operator,0,73,12
309,3370,3373,edge,identifier,0,73,13
310,3374,3374,[,operator,0,73,17
311,3375,3376,no,identifier,0,73,18
312,3377,3377,],operator,0,73,20
313,3378,3378,),operator,0,73,21
314,3379,3379,{,operator,0,73,22
315,3385,3386,if,keyword,0,74,4
316,3387,3387,(,operator,0,74,6
317,3388,3389,mx,identifier,0,74,7
318,3390,3390,[,operator,0,74,9
319,3391,3392,to,identifier,0,74,10
320,3393,3393,],operator,0,74,12
321,3395,3396,"!=",operator,0,74,14
322,3398,3400,INF,identifier,0,74,17
323,3401,3401,),operator,0,74,20
324,3403,3410,continue,keyword,0,74,22
325,3411,3411,;,operator,0,74,30
326,3417,3418,mx,identifier,0,75,4
327,3419,3419,[,operator,0,75,6
328,3420,3421,to,identifier,0,75,7
329,3422,3422,],operator,0,75,9
330,3424,3424,=,operator,0,75,11
331,3426,3428,min,identifier,0,75,13
332,3429,3429,(,operator,0,75,16
333,3430,3431,mx,identifier,0,75,17
334,3432,3432,[,operator,0,75,19
335,3433,3434,to,identifier,0,75,20
336,3435,3435,],operator,0,75,22
337,3436,3436,",",operator,0,75,23
338,3437,3438,mx,identifier,0,75,24
339,3439,3439,[,operator,0,75,26
340,3440,3441,no,identifier,0,75,27
341,3442,3442,],operator,0,75,29
342,3443,3443,+,operator,0,75,30
343,3444,3444,1,integer,0,75,31
344,3445,3445,),operator,0,75,32
345,3446,3446,;,operator,0,75,33
346,3452,3453,mn,identifier,0,76,4
347,3454,3454,[,operator,0,76,6
348,3455,3456,to,identifier,0,76,7
349,3457,3457,],operator,0,76,9
350,3459,3459,=,operator,0,76,11
351,3461,3463,max,identifier,0,76,13
352,3464,3464,(,operator,0,76,16
353,3465,3466,mn,identifier,0,76,17
354,3467,3467,[,operator,0,76,19
355,3468,3469,to,identifier,0,76,20
356,3470,3470,],operator,0,76,22
357,3471,3471,",",operator,0,76,23
358,3472,3473,mn,identifier,0,76,24
359,3474,3474,[,operator,0,76,26
360,3475,3476,no,identifier,0,76,27
361,3477,3477,],operator,0,76,29
362,3478,3478,-,operator,0,76,30
363,3479,3479,1,integer,0,76,31
364,3480,3480,),operator,0,76,32
365,3481,3481,;,operator,0,76,33
366,3487,3489,dfs,identifier,0,77,4
367,3490,3490,(,operator,0,77,7
368,3491,3492,to,identifier,0,77,8
369,3493,3493,),operator,0,77,10
370,3494,3494,;,operator,0,77,11
371,3500,3501,mx,identifier,0,78,4
372,3502,3502,[,operator,0,78,6
373,3503,3504,no,identifier,0,78,7
374,3505,3505,],operator,0,78,9
375,3507,3507,=,operator,0,78,11
376,3509,3511,min,identifier,0,78,13
377,3512,3512,(,operator,0,78,16
378,3513,3514,mx,identifier,0,78,17
379,3515,3515,[,operator,0,78,19
380,3516,3517,no,identifier,0,78,20
381,3518,3518,],operator,0,78,22
382,3519,3519,",",operator,0,78,23
383,3520,3521,mx,identifier,0,78,24
384,3522,3522,[,operator,0,78,26
385,3523,3524,to,identifier,0,78,27
386,3525,3525,],operator,0,78,29
387,3526,3526,+,operator,0,78,30
388,3527,3527,1,integer,0,78,31
389,3528,3528,),operator,0,78,32
390,3529,3529,;,operator,0,78,33
391,3535,3536,mn,identifier,0,79,4
392,3537,3537,[,operator,0,79,6
393,3538,3539,no,identifier,0,79,7
394,3540,3540,],operator,0,79,9
395,3542,3542,=,operator,0,79,11
396,3544,3546,max,identifier,0,79,13
397,3547,3547,(,operator,0,79,16
398,3548,3549,mn,identifier,0,79,17
399,3550,3550,[,operator,0,79,19
400,3551,3552,no,identifier,0,79,20
401,3553,3553,],operator,0,79,22
402,3554,3554,",",operator,0,79,23
403,3555,3556,mx,identifier,0,79,24
404,3557,3557,[,operator,0,79,26
405,3558,3559,to,identifier,0,79,27
406,3560,3560,],operator,0,79,29
407,3561,3561,-,operator,0,79,30
408,3562,3562,1,integer,0,79,31
409,3563,3563,),operator,0,79,32
410,3564,3564,;,operator,0,79,33
411,3568,3568,},operator,0,80,2
412,3570,3570,},operator,0,81,0
413,3573,3575,vec,identifier,0,83,0
414,3577,3579,ans,identifier,0,83,4
415,3580,3580,(,operator,0,83,7
416,3581,3584,NMAX,identifier,0,83,8
417,3585,3585,",",operator,0,83,12
418,3586,3588,INF,identifier,0,83,13
419,3589,3589,),operator,0,83,16
420,3590,3590,;,operator,0,83,17
421,3592,3595,void,keyword,0,84,0
422,3597,3601,solve,identifier,0,84,5
423,3602,3602,(,operator,0,84,10
424,3603,3605,int,keyword,0,84,11
425,3607,3608,no,identifier,0,84,15
426,3609,3609,),operator,0,84,17
427,3610,3610,{,operator,0,84,18
428,3614,3615,if,keyword,0,85,2
429,3616,3616,(,operator,0,85,4
430,3617,3619,val,identifier,0,85,5
431,3620,3620,[,operator,0,85,8
432,3621,3622,no,identifier,0,85,9
433,3623,3623,],operator,0,85,11
434,3625,3626,"!=",operator,0,85,13
435,3628,3630,INF,identifier,0,85,16
436,3631,3631,),operator,0,85,19
437,3633,3635,ans,identifier,0,85,21
438,3636,3636,[,operator,0,85,24
439,3637,3638,no,identifier,0,85,25
440,3639,3639,],operator,0,85,27
441,3641,3641,=,operator,0,85,29
442,3643,3645,val,identifier,0,85,31
443,3646,3646,[,operator,0,85,34
444,3647,3648,no,identifier,0,85,35
445,3649,3649,],operator,0,85,37
446,3650,3650,;,operator,0,85,38
447,3654,3656,for,keyword,0,86,2
448,3657,3657,(,operator,0,86,5
449,3658,3660,int,keyword,0,86,6
450,3662,3663,to,identifier,0,86,10
451,3664,3664,:,operator,0,86,12
452,3665,3668,edge,identifier,0,86,13
453,3669,3669,[,operator,0,86,17
454,3670,3671,no,identifier,0,86,18
455,3672,3672,],operator,0,86,20
456,3673,3673,),operator,0,86,21
457,3674,3674,{,operator,0,86,22
458,3680,3681,if,keyword,0,87,4
459,3682,3682,(,operator,0,87,6
460,3683,3685,ans,identifier,0,87,7
461,3686,3686,[,operator,0,87,10
462,3687,3688,to,identifier,0,87,11
463,3689,3689,],operator,0,87,13
464,3691,3692,"!=",operator,0,87,15
465,3694,3696,INF,identifier,0,87,18
466,3697,3697,),operator,0,87,21
467,3699,3706,continue,keyword,0,87,23
468,3707,3707,;,operator,0,87,31
469,3713,3714,if,keyword,0,88,4
470,3715,3715,(,operator,0,88,6
471,3716,3717,mx,identifier,0,88,7
472,3718,3718,[,operator,0,88,9
473,3719,3720,to,identifier,0,88,10
474,3721,3721,],operator,0,88,12
475,3723,3724,>=,operator,0,88,14
476,3726,3728,ans,identifier,0,88,17
477,3729,3729,[,operator,0,88,20
478,3730,3731,no,identifier,0,88,21
479,3732,3732,],operator,0,88,23
480,3733,3733,+,operator,0,88,24
481,3734,3734,1,integer,0,88,25
482,3735,3735,),operator,0,88,26
483,3737,3739,ans,identifier,0,88,28
484,3740,3740,[,operator,0,88,31
485,3741,3742,to,identifier,0,88,32
486,3743,3743,],operator,0,88,34
487,3745,3745,=,operator,0,88,36
488,3747,3749,ans,identifier,0,88,38
489,3750,3750,[,operator,0,88,41
490,3751,3752,no,identifier,0,88,42
491,3753,3753,],operator,0,88,44
492,3754,3754,+,operator,0,88,45
493,3755,3755,1,integer,0,88,46
494,3756,3756,;,operator,0,88,47
495,3762,3765,else,keyword,0,89,4
496,3767,3769,ans,identifier,0,89,9
497,3770,3770,[,operator,0,89,12
498,3771,3772,to,identifier,0,89,13
499,3773,3773,],operator,0,89,15
500,3775,3775,=,operator,0,89,17
501,3777,3779,ans,identifier,0,89,19
502,3780,3780,[,operator,0,89,22
503,3781,3782,no,identifier,0,89,23
504,3783,3783,],operator,0,89,25
505,3784,3784,-,operator,0,89,26
506,3785,3785,1,integer,0,89,27
507,3786,3786,;,operator,0,89,28
508,3792,3796,solve,identifier,0,90,4
509,3797,3797,(,operator,0,90,9
510,3798,3799,to,identifier,0,90,10
511,3800,3800,),operator,0,90,12
512,3801,3801,;,operator,0,90,13
513,3805,3805,},operator,0,91,2
514,3807,3807,},operator,0,92,0
515,3810,3815,signed,keyword,0,94,0
516,3817,3820,main,identifier,0,94,7
517,3821,3821,(,operator,0,94,11
518,3822,3822,),operator,0,94,12
519,3823,3823,{,operator,0,94,13
520,3827,3829,ios,identifier,0,95,2
521,3830,3831,::,operator,0,95,5
522,3832,3846,sync_with_stdio,identifier,0,95,7
523,3847,3847,(,operator,0,95,22
524,3848,3852,false,keyword,0,95,23
525,3853,3853,),operator,0,95,28
526,3854,3854,;,operator,0,95,29
527,3858,3860,cin,identifier,0,96,2
528,3861,3861,.,operator,0,96,5
529,3862,3864,tie,identifier,0,96,6
530,3865,3865,(,operator,0,96,9
531,3866,3866,0,integer,0,96,10
532,3867,3867,),operator,0,96,11
533,3868,3868,;,operator,0,96,12
534,3873,3875,int,keyword,0,98,2
535,3877,3877,n,identifier,0,98,6
536,3878,3878,;,operator,0,98,7
537,3882,3884,cin,identifier,0,99,2
538,3886,3886,>,operator,0,99,6
539,3887,3887,>,operator,0,99,7
540,3889,3889,n,identifier,0,99,9
541,3890,3890,;,operator,0,99,10
542,3895,3897,REP,identifier,0,101,2
543,3898,3898,(,operator,0,101,5
544,3899,3899,_,identifier,0,101,6
545,3900,3900,",",operator,0,101,7
546,3901,3901,n,identifier,0,101,8
547,3902,3902,-,operator,0,101,9
548,3903,3903,1,integer,0,101,10
549,3904,3904,),operator,0,101,11
550,3905,3905,{,operator,0,101,12
551,3911,3913,int,keyword,0,102,4
552,3915,3915,x,identifier,0,102,8
553,3916,3916,",",operator,0,102,9
554,3917,3917,y,identifier,0,102,10
555,3918,3918,;,operator,0,102,11
556,3924,3926,cin,identifier,0,103,4
557,3928,3928,>,operator,0,103,8
558,3929,3929,>,operator,0,103,9
559,3931,3931,x,identifier,0,103,11
560,3933,3933,>,operator,0,103,13
561,3934,3934,>,operator,0,103,14
562,3936,3936,y,identifier,0,103,16
563,3937,3937,;,operator,0,103,17
564,3943,3943,x,identifier,0,104,4
565,3944,3945,--,operator,0,104,5
566,3946,3946,;,operator,0,104,7
567,3948,3948,y,identifier,0,104,9
568,3949,3950,--,operator,0,104,10
569,3951,3951,;,operator,0,104,12
570,3957,3960,edge,identifier,0,105,4
571,3961,3961,[,operator,0,105,8
572,3962,3962,x,identifier,0,105,9
573,3963,3963,],operator,0,105,10
574,3964,3964,.,operator,0,105,11
575,3965,3973,push_back,identifier,0,105,12
576,3974,3974,(,operator,0,105,21
577,3975,3975,y,identifier,0,105,22
578,3976,3976,),operator,0,105,23
579,3977,3977,;,operator,0,105,24
580,3983,3986,edge,identifier,0,106,4
581,3987,3987,[,operator,0,106,8
582,3988,3988,y,identifier,0,106,9
583,3989,3989,],operator,0,106,10
584,3990,3990,.,operator,0,106,11
585,3991,3999,push_back,identifier,0,106,12
586,4000,4000,(,operator,0,106,21
587,4001,4001,x,identifier,0,106,22
588,4002,4002,),operator,0,106,23
589,4003,4003,;,operator,0,106,24
590,4007,4007,},operator,0,107,2
591,4012,4014,int,keyword,0,109,2
592,4016,4016,k,identifier,0,109,6
593,4017,4017,;,operator,0,109,7
594,4021,4023,cin,identifier,0,110,2
595,4025,4025,>,operator,0,110,6
596,4026,4026,>,operator,0,110,7
597,4028,4028,k,identifier,0,110,9
598,4029,4029,;,operator,0,110,10
599,4033,4035,int,keyword,0,111,2
600,4037,4038,no,identifier,0,111,6
601,4039,4039,",",operator,0,111,8
602,4040,4040,v,identifier,0,111,9
603,4041,4041,;,operator,0,111,10
604,4045,4047,REP,identifier,0,112,2
605,4048,4048,(,operator,0,112,5
606,4049,4049,_,identifier,0,112,6
607,4050,4050,",",operator,0,112,7
608,4051,4051,k,identifier,0,112,8
609,4052,4052,),operator,0,112,9
610,4053,4053,{,operator,0,112,10
611,4061,4063,cin,identifier,0,113,4
612,4065,4065,>,operator,0,113,8
613,4066,4066,>,operator,0,113,9
614,4068,4069,no,identifier,0,113,11
615,4071,4071,>,operator,0,113,14
616,4072,4072,>,operator,0,113,15
617,4074,4074,v,identifier,0,113,17
618,4075,4075,;,operator,0,113,18
619,4081,4082,no,identifier,0,114,4
620,4083,4084,--,operator,0,114,6
621,4085,4085,;,operator,0,114,8
622,4091,4093,val,identifier,0,115,4
623,4094,4094,[,operator,0,115,7
624,4095,4096,no,identifier,0,115,8
625,4097,4097,],operator,0,115,10
626,4099,4099,=,operator,0,115,12
627,4101,4101,v,identifier,0,115,14
628,4102,4102,;,operator,0,115,15
629,4106,4106,},operator,0,116,2
630,4111,4114,dist,identifier,0,118,2
631,4115,4115,[,operator,0,118,6
632,4116,4117,no,identifier,0,118,7
633,4118,4118,],operator,0,118,9
634,4120,4120,=,operator,0,118,11
635,4122,4122,0,integer,0,118,13
636,4123,4123,;,operator,0,118,14
637,4127,4131,check,identifier,0,119,2
638,4132,4132,(,operator,0,119,7
639,4133,4134,no,identifier,0,119,8
640,4135,4135,),operator,0,119,10
641,4136,4136,;,operator,0,119,11
642,4141,4143,dfs,identifier,0,121,2
643,4144,4144,(,operator,0,121,5
644,4145,4146,no,identifier,0,121,6
645,4147,4147,),operator,0,121,8
646,4148,4148,;,operator,0,121,9
647,4153,4157,solve,identifier,0,123,2
648,4158,4158,(,operator,0,123,7
649,4159,4160,no,identifier,0,123,8
650,4161,4161,),operator,0,123,10
651,4162,4162,;,operator,0,123,11
652,4167,4170,cout,identifier,0,125,2
653,4172,4172,<,operator,0,125,7
654,4173,4173,<,operator,0,125,8
655,4175,4179,"""Yes""",string,0,125,10
656,4181,4181,<,operator,0,125,16
657,4182,4182,<,operator,0,125,17
658,4184,4187,endl,identifier,0,125,19
659,4188,4188,;,operator,0,125,23
660,4192,4194,REP,identifier,0,126,2
661,4195,4195,(,operator,0,126,5
662,4196,4196,i,identifier,0,126,6
663,4197,4197,",",operator,0,126,7
664,4198,4198,n,identifier,0,126,8
665,4199,4199,),operator,0,126,9
666,4201,4204,cout,identifier,0,126,11
667,4206,4206,<,operator,0,126,16
668,4207,4207,<,operator,0,126,17
669,4209,4211,ans,identifier,0,126,19
670,4212,4212,[,operator,0,126,22
671,4213,4213,i,identifier,0,126,23
672,4214,4214,],operator,0,126,24
673,4216,4216,<,operator,0,126,26
674,4217,4217,<,operator,0,126,27
675,4219,4222,endl,identifier,0,126,29
676,4223,4223,;,operator,0,126,33
677,4228,4233,return,keyword,0,128,2
678,4235,4235,0,integer,0,128,9
679,4236,4236,;,operator,0,128,10
680,4238,4238,},operator,0,129,0
681,4239,4238,<EOF>,eof,0,129,1
