seqnr,start,stop,text,class,channel,line,column
0,0,24,"#define _USE_MATH_DEFINES",directive,1,1,0
1,26,43,"#include <cassert>",directive,1,2,0
2,45,61,"#include <cstdio>",directive,1,3,0
3,63,80,"#include <cstring>",directive,1,4,0
4,82,100,"#include <iostream>",directive,1,5,0
5,102,118,"#include <string>",directive,1,6,0
6,120,137,"#include <sstream>",directive,1,7,0
7,139,155,"#include <vector>",directive,1,8,0
8,157,172,"#include <queue>",directive,1,9,0
9,174,189,"#include <stack>",directive,1,10,0
10,191,205,"#include <list>",directive,1,11,0
11,207,220,"#include <set>",directive,1,12,0
12,222,235,"#include <map>",directive,1,13,0
13,237,260,"#include <unordered_set>",directive,1,14,0
14,262,285,"#include <unordered_map>",directive,1,15,0
15,287,306,"#include <algorithm>",directive,1,16,0
16,308,325,"#include <complex>",directive,1,17,0
17,327,342,"#include <cmath>",directive,1,18,0
18,344,361,"#include <numeric>",directive,1,19,0
19,363,379,"#include <bitset>",directive,1,20,0
20,382,386,using,keyword,0,22,0
21,388,396,namespace,keyword,0,22,6
22,398,400,std,identifier,0,22,16
23,401,401,;,operator,0,22,19
24,404,452,"#define trace(...) __f(#__VA_ARGS__, __VA_ARGS__)",directive,1,24,0
25,454,461,template,keyword,0,25,0
26,463,463,<,operator,0,25,9
27,464,471,typename,keyword,0,25,10
28,473,476,Arg1,identifier,0,25,19
29,477,477,>,operator,0,25,23
30,479,482,void,keyword,0,26,0
31,484,486,__f,identifier,0,26,5
32,487,487,(,operator,0,26,8
33,488,492,const,keyword,0,26,9
34,494,497,char,keyword,0,26,15
35,498,498,*,operator,0,26,19
36,500,503,name,identifier,0,26,21
37,504,504,",",operator,0,26,25
38,506,509,Arg1,identifier,0,26,27
39,510,511,&&,operator,0,26,31
40,513,516,arg1,identifier,0,26,34
41,517,517,),operator,0,26,38
42,518,518,{,operator,0,26,39
43,522,525,cerr,identifier,0,27,2
44,527,527,<,operator,0,27,7
45,528,528,<,operator,0,27,8
46,530,533,name,identifier,0,27,10
47,535,535,<,operator,0,27,15
48,536,536,<,operator,0,27,16
49,538,541,""": """,string,0,27,18
50,543,543,<,operator,0,27,23
51,544,544,<,operator,0,27,24
52,546,549,arg1,identifier,0,27,26
53,551,551,<,operator,0,27,31
54,552,552,<,operator,0,27,32
55,554,557,endl,identifier,0,27,34
56,558,558,;,operator,0,27,38
57,560,560,},operator,0,28,0
58,562,569,template,keyword,0,29,0
59,571,571,<,operator,0,29,9
60,572,579,typename,keyword,0,29,10
61,581,584,Arg1,identifier,0,29,19
62,585,585,",",operator,0,29,23
63,587,594,typename,keyword,0,29,25
64,595,597,...,operator,0,29,33
65,599,602,Args,identifier,0,29,37
66,603,603,>,operator,0,29,41
67,605,608,void,keyword,0,30,0
68,610,612,__f,identifier,0,30,5
69,613,613,(,operator,0,30,8
70,614,618,const,keyword,0,30,9
71,620,623,char,keyword,0,30,15
72,624,624,*,operator,0,30,19
73,626,630,names,identifier,0,30,21
74,631,631,",",operator,0,30,26
75,633,636,Arg1,identifier,0,30,28
76,637,638,&&,operator,0,30,32
77,640,643,arg1,identifier,0,30,35
78,644,644,",",operator,0,30,39
79,646,649,Args,identifier,0,30,41
80,650,651,&&,operator,0,30,45
81,652,654,...,operator,0,30,47
82,656,659,args,identifier,0,30,51
83,660,660,),operator,0,30,55
84,661,661,{,operator,0,30,56
85,665,669,const,keyword,0,31,2
86,671,674,char,keyword,0,31,8
87,675,675,*,operator,0,31,12
88,677,681,comma,identifier,0,31,14
89,683,683,=,operator,0,31,20
90,685,690,strchr,identifier,0,31,22
91,691,691,(,operator,0,31,28
92,692,696,names,identifier,0,31,29
93,698,698,+,operator,0,31,35
94,700,700,1,integer,0,31,37
95,701,701,",",operator,0,31,38
96,703,705,"','",character,0,31,40
97,706,706,),operator,0,31,43
98,707,707,;,operator,0,31,44
99,711,714,cerr,identifier,0,32,2
100,715,715,.,operator,0,32,6
101,716,720,write,identifier,0,32,7
102,721,721,(,operator,0,32,12
103,722,726,names,identifier,0,32,13
104,727,727,",",operator,0,32,18
105,729,733,comma,identifier,0,32,20
106,735,735,-,operator,0,32,26
107,737,741,names,identifier,0,32,28
108,742,742,),operator,0,32,33
109,744,744,<,operator,0,32,35
110,745,745,<,operator,0,32,36
111,747,750,""": """,string,0,32,38
112,752,752,<,operator,0,32,43
113,753,753,<,operator,0,32,44
114,755,758,arg1,identifier,0,32,46
115,760,760,<,operator,0,32,51
116,761,761,<,operator,0,32,52
117,763,766,""" |""",string,0,32,54
118,767,767,;,operator,0,32,58
119,771,773,__f,identifier,0,33,2
120,774,774,(,operator,0,33,5
121,775,779,comma,identifier,0,33,6
122,781,781,+,operator,0,33,12
123,783,783,1,integer,0,33,14
124,784,784,",",operator,0,33,15
125,786,789,args,identifier,0,33,17
126,790,792,...,operator,0,33,21
127,793,793,),operator,0,33,24
128,794,794,;,operator,0,33,25
129,796,796,},operator,0,34,0
130,799,805,typedef,keyword,0,36,0
131,807,810,long,keyword,0,36,8
132,812,815,long,keyword,0,36,13
133,817,821,int64,identifier,0,36,18
134,822,822,;,operator,0,36,23
135,824,830,typedef,keyword,0,37,0
136,832,835,pair,identifier,0,37,8
137,836,836,<,operator,0,37,12
138,837,839,int,keyword,0,37,13
139,840,840,",",operator,0,37,16
140,842,844,int,keyword,0,37,18
141,845,845,>,operator,0,37,21
142,847,848,ii,identifier,0,37,23
143,849,849,;,operator,0,37,25
144,851,855,const,keyword,0,38,0
145,857,859,int,keyword,0,38,6
146,861,863,INF,identifier,0,38,10
147,865,865,=,operator,0,38,14
148,867,867,1,integer,0,38,16
149,869,869,<,operator,0,38,18
150,870,870,<,operator,0,38,19
151,872,873,30,integer,0,38,21
152,874,874,;,operator,0,38,23
153,876,880,const,keyword,0,39,0
154,882,884,int,keyword,0,39,6
155,886,888,MOD,identifier,0,39,10
156,890,890,=,operator,0,39,14
157,892,894,1e9,floating,0,39,16
158,896,896,+,operator,0,39,20
159,898,898,7,integer,0,39,22
160,899,899,;,operator,0,39,23
161,902,906,const,keyword,0,41,0
162,908,910,int,keyword,0,41,6
163,912,912,N,identifier,0,41,10
164,914,914,=,operator,0,41,12
165,916,918,1e5,floating,0,41,14
166,920,920,+,operator,0,41,18
167,922,923,10,integer,0,41,20
168,924,924,;,operator,0,41,22
169,926,931,vector,identifier,0,42,0
170,932,932,<,operator,0,42,6
171,933,935,int,keyword,0,42,7
172,936,936,>,operator,0,42,10
173,938,938,a,identifier,0,42,12
174,939,939,[,operator,0,42,13
175,940,940,N,identifier,0,42,14
176,941,941,],operator,0,42,15
177,942,942,;,operator,0,42,16
178,944,945,ii,identifier,0,43,0
179,947,951,range,identifier,0,43,3
180,952,952,[,operator,0,43,8
181,953,953,N,identifier,0,43,9
182,954,954,],operator,0,43,10
183,955,955,;,operator,0,43,11
184,957,959,int,keyword,0,44,0
185,961,963,ret,identifier,0,44,4
186,964,964,[,operator,0,44,7
187,965,965,N,identifier,0,44,8
188,966,966,],operator,0,44,9
189,967,967,;,operator,0,44,10
190,970,973,bool,keyword,0,46,0
191,975,977,DFS,identifier,0,46,5
192,978,978,(,operator,0,46,8
193,979,981,int,keyword,0,46,9
194,983,983,u,identifier,0,46,13
195,984,984,",",operator,0,46,14
196,986,988,int,keyword,0,46,16
197,990,995,parent,identifier,0,46,20
198,996,996,),operator,0,46,26
199,998,998,{,operator,0,46,28
200,1002,1003,if,keyword,0,47,2
201,1005,1005,(,operator,0,47,5
202,1006,1011,parent,identifier,0,47,6
203,1013,1014,>=,operator,0,47,13
204,1016,1016,0,integer,0,47,16
205,1017,1017,),operator,0,47,17
206,1019,1019,{,operator,0,47,19
207,1025,1029,range,identifier,0,48,4
208,1030,1030,[,operator,0,48,9
209,1031,1031,u,identifier,0,48,10
210,1032,1032,],operator,0,48,11
211,1033,1033,.,operator,0,48,12
212,1034,1038,first,identifier,0,48,13
213,1040,1040,=,operator,0,48,19
214,1042,1044,max,identifier,0,48,21
215,1045,1045,(,operator,0,48,24
216,1046,1050,range,identifier,0,48,25
217,1051,1051,[,operator,0,48,30
218,1052,1052,u,identifier,0,48,31
219,1053,1053,],operator,0,48,32
220,1054,1054,.,operator,0,48,33
221,1055,1059,first,identifier,0,48,34
222,1060,1060,",",operator,0,48,39
223,1062,1066,range,identifier,0,48,41
224,1067,1067,[,operator,0,48,46
225,1068,1073,parent,identifier,0,48,47
226,1074,1074,],operator,0,48,53
227,1075,1075,.,operator,0,48,54
228,1076,1080,first,identifier,0,48,55
229,1082,1082,-,operator,0,48,61
230,1084,1084,1,integer,0,48,63
231,1085,1085,),operator,0,48,64
232,1086,1086,;,operator,0,48,65
233,1092,1096,range,identifier,0,49,4
234,1097,1097,[,operator,0,49,9
235,1098,1098,u,identifier,0,49,10
236,1099,1099,],operator,0,49,11
237,1100,1100,.,operator,0,49,12
238,1101,1106,second,identifier,0,49,13
239,1108,1108,=,operator,0,49,20
240,1110,1112,min,identifier,0,49,22
241,1113,1113,(,operator,0,49,25
242,1114,1118,range,identifier,0,49,26
243,1119,1119,[,operator,0,49,31
244,1120,1120,u,identifier,0,49,32
245,1121,1121,],operator,0,49,33
246,1122,1122,.,operator,0,49,34
247,1123,1128,second,identifier,0,49,35
248,1129,1129,",",operator,0,49,41
249,1131,1135,range,identifier,0,49,43
250,1136,1136,[,operator,0,49,48
251,1137,1142,parent,identifier,0,49,49
252,1143,1143,],operator,0,49,55
253,1144,1144,.,operator,0,49,56
254,1145,1150,second,identifier,0,49,57
255,1152,1152,+,operator,0,49,64
256,1154,1154,1,integer,0,49,66
257,1155,1155,),operator,0,49,67
258,1156,1156,;,operator,0,49,68
259,1160,1160,},operator,0,50,2
260,1164,1165,if,keyword,0,51,2
261,1167,1167,(,operator,0,51,5
262,1168,1172,range,identifier,0,51,6
263,1173,1173,[,operator,0,51,11
264,1174,1174,u,identifier,0,51,12
265,1175,1175,],operator,0,51,13
266,1176,1176,.,operator,0,51,14
267,1177,1182,second,identifier,0,51,15
268,1184,1184,<,operator,0,51,22
269,1186,1190,range,identifier,0,51,24
270,1191,1191,[,operator,0,51,29
271,1192,1192,u,identifier,0,51,30
272,1193,1193,],operator,0,51,31
273,1194,1194,.,operator,0,51,32
274,1195,1199,first,identifier,0,51,33
275,1200,1200,),operator,0,51,38
276,1202,1207,return,keyword,0,51,40
277,1209,1213,false,keyword,0,51,47
278,1214,1214,;,operator,0,51,52
279,1218,1220,for,keyword,0,52,2
280,1222,1222,(,operator,0,52,6
281,1223,1226,auto,keyword,0,52,7
282,1227,1227,&,operator,0,52,11
283,1229,1229,v,identifier,0,52,13
284,1231,1231,:,operator,0,52,15
285,1233,1233,a,identifier,0,52,17
286,1234,1234,[,operator,0,52,18
287,1235,1235,u,identifier,0,52,19
288,1236,1236,],operator,0,52,20
289,1237,1237,),operator,0,52,21
290,1239,1239,{,operator,0,52,23
291,1245,1246,if,keyword,0,53,4
292,1248,1248,(,operator,0,53,7
293,1249,1249,v,identifier,0,53,8
294,1251,1252,==,operator,0,53,10
295,1254,1259,parent,identifier,0,53,13
296,1260,1260,),operator,0,53,19
297,1262,1269,continue,keyword,0,53,21
298,1270,1270,;,operator,0,53,29
299,1276,1277,if,keyword,0,54,4
300,1279,1279,(,operator,0,54,7
301,1280,1280,"!",operator,0,54,8
302,1281,1283,DFS,identifier,0,54,9
303,1284,1284,(,operator,0,54,12
304,1285,1285,v,identifier,0,54,13
305,1286,1286,",",operator,0,54,14
306,1288,1288,u,identifier,0,54,16
307,1289,1289,),operator,0,54,17
308,1290,1290,),operator,0,54,18
309,1292,1297,return,keyword,0,54,20
310,1299,1303,false,keyword,0,54,27
311,1304,1304,;,operator,0,54,32
312,1310,1314,range,identifier,0,55,4
313,1315,1315,[,operator,0,55,9
314,1316,1316,u,identifier,0,55,10
315,1317,1317,],operator,0,55,11
316,1318,1318,.,operator,0,55,12
317,1319,1323,first,identifier,0,55,13
318,1325,1325,=,operator,0,55,19
319,1327,1329,max,identifier,0,55,21
320,1330,1330,(,operator,0,55,24
321,1331,1335,range,identifier,0,55,25
322,1336,1336,[,operator,0,55,30
323,1337,1337,u,identifier,0,55,31
324,1338,1338,],operator,0,55,32
325,1339,1339,.,operator,0,55,33
326,1340,1344,first,identifier,0,55,34
327,1345,1345,",",operator,0,55,39
328,1347,1351,range,identifier,0,55,41
329,1352,1352,[,operator,0,55,46
330,1353,1353,v,identifier,0,55,47
331,1354,1354,],operator,0,55,48
332,1355,1355,.,operator,0,55,49
333,1356,1360,first,identifier,0,55,50
334,1362,1362,-,operator,0,55,56
335,1364,1364,1,integer,0,55,58
336,1365,1365,),operator,0,55,59
337,1366,1366,;,operator,0,55,60
338,1372,1376,range,identifier,0,56,4
339,1377,1377,[,operator,0,56,9
340,1378,1378,u,identifier,0,56,10
341,1379,1379,],operator,0,56,11
342,1380,1380,.,operator,0,56,12
343,1381,1386,second,identifier,0,56,13
344,1388,1388,=,operator,0,56,20
345,1390,1392,min,identifier,0,56,22
346,1393,1393,(,operator,0,56,25
347,1394,1398,range,identifier,0,56,26
348,1399,1399,[,operator,0,56,31
349,1400,1400,u,identifier,0,56,32
350,1401,1401,],operator,0,56,33
351,1402,1402,.,operator,0,56,34
352,1403,1408,second,identifier,0,56,35
353,1409,1409,",",operator,0,56,41
354,1411,1415,range,identifier,0,56,43
355,1416,1416,[,operator,0,56,48
356,1417,1417,v,identifier,0,56,49
357,1418,1418,],operator,0,56,50
358,1419,1419,.,operator,0,56,51
359,1420,1425,second,identifier,0,56,52
360,1427,1427,+,operator,0,56,59
361,1429,1429,1,integer,0,56,61
362,1430,1430,),operator,0,56,62
363,1431,1431,;,operator,0,56,63
364,1437,1438,if,keyword,0,57,4
365,1440,1440,(,operator,0,57,7
366,1441,1445,range,identifier,0,57,8
367,1446,1446,[,operator,0,57,13
368,1447,1447,u,identifier,0,57,14
369,1448,1448,],operator,0,57,15
370,1449,1449,.,operator,0,57,16
371,1450,1455,second,identifier,0,57,17
372,1457,1457,<,operator,0,57,24
373,1459,1463,range,identifier,0,57,26
374,1464,1464,[,operator,0,57,31
375,1465,1465,u,identifier,0,57,32
376,1466,1466,],operator,0,57,33
377,1467,1467,.,operator,0,57,34
378,1468,1472,first,identifier,0,57,35
379,1473,1473,),operator,0,57,40
380,1475,1480,return,keyword,0,57,42
381,1482,1486,false,keyword,0,57,49
382,1487,1487,;,operator,0,57,54
383,1491,1491,},operator,0,58,2
384,1495,1500,return,keyword,0,59,2
385,1502,1505,true,keyword,0,59,9
386,1506,1506,;,operator,0,59,13
387,1508,1508,},operator,0,60,0
388,1511,1514,void,keyword,0,62,0
389,1516,1519,DFS2,identifier,0,62,5
390,1520,1520,(,operator,0,62,9
391,1521,1523,int,keyword,0,62,10
392,1525,1525,u,identifier,0,62,14
393,1526,1526,",",operator,0,62,15
394,1528,1530,int,keyword,0,62,17
395,1532,1537,parent,identifier,0,62,21
396,1538,1538,),operator,0,62,27
397,1540,1540,{,operator,0,62,29
398,1544,1545,if,keyword,0,63,2
399,1547,1547,(,operator,0,63,5
400,1548,1553,parent,identifier,0,63,6
401,1555,1556,>=,operator,0,63,13
402,1558,1558,0,integer,0,63,16
403,1559,1559,),operator,0,63,17
404,1561,1561,{,operator,0,63,19
405,1567,1571,range,identifier,0,64,4
406,1572,1572,[,operator,0,64,9
407,1573,1573,u,identifier,0,64,10
408,1574,1574,],operator,0,64,11
409,1575,1575,.,operator,0,64,12
410,1576,1580,first,identifier,0,64,13
411,1582,1582,=,operator,0,64,19
412,1584,1586,max,identifier,0,64,21
413,1587,1587,(,operator,0,64,24
414,1588,1592,range,identifier,0,64,25
415,1593,1593,[,operator,0,64,30
416,1594,1594,u,identifier,0,64,31
417,1595,1595,],operator,0,64,32
418,1596,1596,.,operator,0,64,33
419,1597,1601,first,identifier,0,64,34
420,1602,1602,",",operator,0,64,39
421,1604,1606,ret,identifier,0,64,41
422,1607,1607,[,operator,0,64,44
423,1608,1613,parent,identifier,0,64,45
424,1614,1614,],operator,0,64,51
425,1616,1616,-,operator,0,64,53
426,1618,1618,1,integer,0,64,55
427,1619,1619,),operator,0,64,56
428,1620,1620,;,operator,0,64,57
429,1626,1630,range,identifier,0,65,4
430,1631,1631,[,operator,0,65,9
431,1632,1632,u,identifier,0,65,10
432,1633,1633,],operator,0,65,11
433,1634,1634,.,operator,0,65,12
434,1635,1640,second,identifier,0,65,13
435,1642,1642,=,operator,0,65,20
436,1644,1646,min,identifier,0,65,22
437,1647,1647,(,operator,0,65,25
438,1648,1652,range,identifier,0,65,26
439,1653,1653,[,operator,0,65,31
440,1654,1654,u,identifier,0,65,32
441,1655,1655,],operator,0,65,33
442,1656,1656,.,operator,0,65,34
443,1657,1662,second,identifier,0,65,35
444,1663,1663,",",operator,0,65,41
445,1665,1667,ret,identifier,0,65,43
446,1668,1668,[,operator,0,65,46
447,1669,1674,parent,identifier,0,65,47
448,1675,1675,],operator,0,65,53
449,1677,1677,+,operator,0,65,55
450,1679,1679,1,integer,0,65,57
451,1680,1680,),operator,0,65,58
452,1681,1681,;,operator,0,65,59
453,1685,1685,},operator,0,66,2
454,1689,1691,ret,identifier,0,67,2
455,1692,1692,[,operator,0,67,5
456,1693,1693,u,identifier,0,67,6
457,1694,1694,],operator,0,67,7
458,1696,1696,=,operator,0,67,9
459,1698,1702,range,identifier,0,67,11
460,1703,1703,[,operator,0,67,16
461,1704,1704,u,identifier,0,67,17
462,1705,1705,],operator,0,67,18
463,1706,1706,.,operator,0,67,19
464,1707,1711,first,identifier,0,67,20
465,1712,1712,;,operator,0,67,25
466,1716,1718,for,keyword,0,68,2
467,1720,1720,(,operator,0,68,6
468,1721,1724,auto,keyword,0,68,7
469,1725,1725,&,operator,0,68,11
470,1727,1727,v,identifier,0,68,13
471,1729,1729,:,operator,0,68,15
472,1731,1731,a,identifier,0,68,17
473,1732,1732,[,operator,0,68,18
474,1733,1733,u,identifier,0,68,19
475,1734,1734,],operator,0,68,20
476,1735,1735,),operator,0,68,21
477,1737,1737,{,operator,0,68,23
478,1743,1744,if,keyword,0,69,4
479,1746,1746,(,operator,0,69,7
480,1747,1747,v,identifier,0,69,8
481,1749,1750,==,operator,0,69,10
482,1752,1757,parent,identifier,0,69,13
483,1758,1758,),operator,0,69,19
484,1760,1767,continue,keyword,0,69,21
485,1768,1768,;,operator,0,69,29
486,1774,1777,DFS2,identifier,0,70,4
487,1778,1778,(,operator,0,70,8
488,1779,1779,v,identifier,0,70,9
489,1780,1780,",",operator,0,70,10
490,1782,1782,u,identifier,0,70,12
491,1783,1783,),operator,0,70,13
492,1784,1784,;,operator,0,70,14
493,1788,1788,},operator,0,71,2
494,1790,1790,},operator,0,72,0
495,1793,1795,int,keyword,0,74,0
496,1797,1800,main,identifier,0,74,4
497,1801,1801,(,operator,0,74,8
498,1802,1802,),operator,0,74,9
499,1804,1804,{,operator,0,74,11
500,1808,1810,int,keyword,0,75,2
501,1812,1812,n,identifier,0,75,6
502,1813,1813,",",operator,0,75,7
503,1815,1815,m,identifier,0,75,9
504,1816,1816,;,operator,0,75,10
505,1820,1824,scanf,identifier,0,76,2
506,1825,1825,(,operator,0,76,7
507,1826,1829,"""%d""",string,0,76,8
508,1830,1830,",",operator,0,76,12
509,1832,1832,&,operator,0,76,14
510,1833,1833,n,identifier,0,76,15
511,1834,1834,),operator,0,76,16
512,1835,1835,;,operator,0,76,17
513,1839,1841,for,keyword,0,77,2
514,1843,1843,(,operator,0,77,6
515,1844,1846,int,keyword,0,77,7
516,1848,1848,i,identifier,0,77,11
517,1850,1850,=,operator,0,77,13
518,1852,1852,1,integer,0,77,15
519,1853,1853,;,operator,0,77,16
520,1855,1855,i,identifier,0,77,18
521,1857,1857,<,operator,0,77,20
522,1859,1859,n,identifier,0,77,22
523,1860,1860,;,operator,0,77,23
524,1862,1863,++,operator,0,77,25
525,1864,1864,i,identifier,0,77,27
526,1865,1865,),operator,0,77,28
527,1867,1867,{,operator,0,77,30
528,1873,1875,int,keyword,0,78,4
529,1877,1877,x,identifier,0,78,8
530,1878,1878,",",operator,0,78,9
531,1880,1880,y,identifier,0,78,11
532,1881,1881,;,operator,0,78,12
533,1887,1891,scanf,identifier,0,79,4
534,1892,1892,(,operator,0,79,9
535,1893,1898,"""%d%d""",string,0,79,10
536,1899,1899,",",operator,0,79,16
537,1901,1901,&,operator,0,79,18
538,1902,1902,x,identifier,0,79,19
539,1903,1903,",",operator,0,79,20
540,1905,1905,&,operator,0,79,22
541,1906,1906,y,identifier,0,79,23
542,1907,1907,),operator,0,79,24
543,1908,1908,;,operator,0,79,25
544,1914,1915,--,operator,0,80,4
545,1916,1916,x,identifier,0,80,6
546,1917,1917,;,operator,0,80,7
547,1919,1920,--,operator,0,80,9
548,1921,1921,y,identifier,0,80,11
549,1922,1922,;,operator,0,80,12
550,1928,1928,a,identifier,0,81,4
551,1929,1929,[,operator,0,81,5
552,1930,1930,x,identifier,0,81,6
553,1931,1931,],operator,0,81,7
554,1932,1932,.,operator,0,81,8
555,1933,1941,push_back,identifier,0,81,9
556,1942,1942,(,operator,0,81,18
557,1943,1943,y,identifier,0,81,19
558,1944,1944,),operator,0,81,20
559,1945,1945,;,operator,0,81,21
560,1951,1951,a,identifier,0,82,4
561,1952,1952,[,operator,0,82,5
562,1953,1953,y,identifier,0,82,6
563,1954,1954,],operator,0,82,7
564,1955,1955,.,operator,0,82,8
565,1956,1964,push_back,identifier,0,82,9
566,1965,1965,(,operator,0,82,18
567,1966,1966,x,identifier,0,82,19
568,1967,1967,),operator,0,82,20
569,1968,1968,;,operator,0,82,21
570,1972,1972,},operator,0,83,2
571,1976,1978,for,keyword,0,84,2
572,1980,1980,(,operator,0,84,6
573,1981,1983,int,keyword,0,84,7
574,1985,1985,i,identifier,0,84,11
575,1987,1987,=,operator,0,84,13
576,1989,1989,0,integer,0,84,15
577,1990,1990,;,operator,0,84,16
578,1992,1992,i,identifier,0,84,18
579,1994,1994,<,operator,0,84,20
580,1996,1996,n,identifier,0,84,22
581,1997,1997,;,operator,0,84,23
582,1999,2000,++,operator,0,84,25
583,2001,2001,i,identifier,0,84,27
584,2002,2002,),operator,0,84,28
585,2004,2004,{,operator,0,84,30
586,2010,2014,range,identifier,0,85,4
587,2015,2015,[,operator,0,85,9
588,2016,2016,i,identifier,0,85,10
589,2017,2017,],operator,0,85,11
590,2019,2019,=,operator,0,85,13
591,2021,2021,{,operator,0,85,15
592,2022,2022,-,operator,0,85,16
593,2023,2025,INF,identifier,0,85,17
594,2026,2026,",",operator,0,85,20
595,2028,2030,INF,identifier,0,85,22
596,2031,2031,},operator,0,85,25
597,2032,2032,;,operator,0,85,26
598,2036,2036,},operator,0,86,2
599,2040,2044,scanf,identifier,0,87,2
600,2045,2045,(,operator,0,87,7
601,2046,2049,"""%d""",string,0,87,8
602,2050,2050,",",operator,0,87,12
603,2052,2052,&,operator,0,87,14
604,2053,2053,m,identifier,0,87,15
605,2054,2054,),operator,0,87,16
606,2055,2055,;,operator,0,87,17
607,2059,2063,while,keyword,0,88,2
608,2065,2065,(,operator,0,88,8
609,2066,2066,m,identifier,0,88,9
610,2067,2068,--,operator,0,88,10
611,2069,2069,),operator,0,88,12
612,2071,2071,{,operator,0,88,14
613,2077,2079,int,keyword,0,89,4
614,2081,2081,x,identifier,0,89,8
615,2082,2082,",",operator,0,89,9
616,2084,2086,val,identifier,0,89,11
617,2087,2087,;,operator,0,89,14
618,2093,2097,scanf,identifier,0,90,4
619,2098,2098,(,operator,0,90,9
620,2099,2104,"""%d%d""",string,0,90,10
621,2105,2105,",",operator,0,90,16
622,2107,2107,&,operator,0,90,18
623,2108,2108,x,identifier,0,90,19
624,2109,2109,",",operator,0,90,20
625,2111,2111,&,operator,0,90,22
626,2112,2114,val,identifier,0,90,23
627,2115,2115,),operator,0,90,26
628,2116,2116,;,operator,0,90,27
629,2122,2123,--,operator,0,91,4
630,2124,2124,x,identifier,0,91,6
631,2125,2125,;,operator,0,91,7
632,2131,2135,range,identifier,0,92,4
633,2136,2136,[,operator,0,92,9
634,2137,2137,x,identifier,0,92,10
635,2138,2138,],operator,0,92,11
636,2140,2140,=,operator,0,92,13
637,2142,2142,{,operator,0,92,15
638,2143,2145,val,identifier,0,92,16
639,2146,2146,",",operator,0,92,19
640,2148,2150,val,identifier,0,92,21
641,2151,2151,},operator,0,92,24
642,2152,2152,;,operator,0,92,25
643,2156,2156,},operator,0,93,2
644,2160,2163,bool,keyword,0,94,2
645,2165,2167,ans,identifier,0,94,7
646,2169,2169,=,operator,0,94,11
647,2171,2173,DFS,identifier,0,94,13
648,2174,2174,(,operator,0,94,16
649,2175,2175,0,integer,0,94,17
650,2176,2176,",",operator,0,94,18
651,2178,2178,-,operator,0,94,20
652,2179,2179,1,integer,0,94,21
653,2180,2180,),operator,0,94,22
654,2181,2181,;,operator,0,94,23
655,2185,2188,puts,identifier,0,95,2
656,2189,2189,(,operator,0,95,6
657,2190,2192,ans,identifier,0,95,7
658,2194,2194,?,operator,0,95,11
659,2196,2200,"""Yes""",string,0,95,13
660,2202,2202,:,operator,0,95,19
661,2204,2207,"""No""",string,0,95,21
662,2208,2208,),operator,0,95,25
663,2209,2209,;,operator,0,95,26
664,2213,2214,if,keyword,0,96,2
665,2216,2216,(,operator,0,96,5
666,2217,2219,ans,identifier,0,96,6
667,2220,2220,),operator,0,96,9
668,2222,2222,{,operator,0,96,11
669,2228,2231,DFS2,identifier,0,97,4
670,2232,2232,(,operator,0,97,8
671,2233,2233,0,integer,0,97,9
672,2234,2234,",",operator,0,97,10
673,2236,2236,-,operator,0,97,12
674,2237,2237,1,integer,0,97,13
675,2238,2238,),operator,0,97,14
676,2239,2239,;,operator,0,97,15
677,2245,2247,for,keyword,0,98,4
678,2249,2249,(,operator,0,98,8
679,2250,2252,int,keyword,0,98,9
680,2254,2254,i,identifier,0,98,13
681,2256,2256,=,operator,0,98,15
682,2258,2258,0,integer,0,98,17
683,2259,2259,;,operator,0,98,18
684,2261,2261,i,identifier,0,98,20
685,2263,2263,<,operator,0,98,22
686,2265,2265,n,identifier,0,98,24
687,2266,2266,;,operator,0,98,25
688,2268,2269,++,operator,0,98,27
689,2270,2270,i,identifier,0,98,29
690,2271,2271,),operator,0,98,30
691,2273,2273,{,operator,0,98,32
692,2281,2286,printf,identifier,0,99,6
693,2287,2287,(,operator,0,99,12
694,2288,2293,"""%d\n""",string,0,99,13
695,2294,2294,",",operator,0,99,19
696,2296,2298,ret,identifier,0,99,21
697,2299,2299,[,operator,0,99,24
698,2300,2300,i,identifier,0,99,25
699,2301,2301,],operator,0,99,26
700,2302,2302,),operator,0,99,27
701,2303,2303,;,operator,0,99,28
702,2309,2309,},operator,0,100,4
703,2313,2313,},operator,0,101,2
704,2317,2322,return,keyword,0,102,2
705,2324,2324,0,integer,0,102,9
706,2325,2325,;,operator,0,102,10
707,2327,2327,},operator,0,103,0
708,2329,2328,<EOF>,eof,0,104,0
