seqnr,start,stop,text,class,channel,line,column
0,0,18,"#include <iostream>",directive,1,1,0
1,20,37,"#include <cstring>",directive,1,2,0
2,39,56,"#include <cstdlib>",directive,1,3,0
3,58,74,"#include <cstdio>",directive,1,4,0
4,76,91,"#include <cmath>",directive,1,5,0
5,93,108,"#include <ctime>",directive,1,6,0
6,110,125,"#include <queue>",directive,1,7,0
7,127,140,"#include <set>",directive,1,8,0
8,142,155,"#include <map>",directive,1,9,0
9,157,173,"#include <string>",directive,1,10,0
10,175,191,"#include <bitset>",directive,1,11,0
11,193,209,"#include <vector>",directive,1,12,0
12,211,228,"#include <complex>",directive,1,13,0
13,230,249,"#include <algorithm>",directive,1,14,0
14,251,255,using,keyword,0,15,0
15,257,265,namespace,keyword,0,15,6
16,267,269,std,identifier,0,15,16
17,270,270,;,operator,0,15,19
18,272,278,typedef,keyword,0,16,0
19,280,283,long,keyword,0,16,8
20,285,288,long,keyword,0,16,13
21,290,291,ll,identifier,0,16,18
22,292,292,;,operator,0,16,20
23,294,300,typedef,keyword,0,17,0
24,302,307,double,keyword,0,17,8
25,309,310,db,identifier,0,17,15
26,311,311,;,operator,0,17,17
27,313,319,typedef,keyword,0,18,0
28,321,324,pair,identifier,0,18,8
29,325,325,<,operator,0,18,12
30,326,328,int,keyword,0,18,13
31,329,329,",",operator,0,18,16
32,330,332,int,keyword,0,18,17
33,333,333,>,operator,0,18,20
34,335,337,pii,identifier,0,18,22
35,338,338,;,operator,0,18,25
36,340,346,typedef,keyword,0,19,0
37,348,353,vector,identifier,0,19,8
38,354,354,<,operator,0,19,14
39,355,357,int,keyword,0,19,15
40,358,358,>,operator,0,19,18
41,360,361,vi,identifier,0,19,20
42,362,362,;,operator,0,19,22
43,364,407,"#define de(x) cout << #x << ""="" << x << endl",directive,1,20,0
44,409,449,"#define rep(i,a,b) for(int i=a;i<(b);++i)",directive,1,21,0
45,451,486,"#define all(x) (x).begin(),(x).end()",directive,1,22,0
46,488,516,"#define sz(x) (int)(x).size()",directive,1,23,0
47,518,537,"#define mp make_pair",directive,1,24,0
48,539,558,"#define pb push_back",directive,1,25,0
49,560,575,"#define fi first",directive,1,26,0
50,577,593,"#define se second",directive,1,27,0
51,595,599,const,keyword,0,28,0
52,601,603,int,keyword,0,28,6
53,605,605,N,identifier,0,28,10
54,607,607,=,operator,0,28,12
55,609,614,101010,integer,0,28,14
56,616,616,",",operator,0,28,21
57,618,620,inf,identifier,0,28,23
58,622,622,=,operator,0,28,27
59,624,624,1,integer,0,28,29
60,625,625,<,operator,0,28,30
61,626,626,<,operator,0,28,31
62,627,628,28,integer,0,28,32
63,629,629,;,operator,0,28,34
64,631,633,int,keyword,0,29,0
65,635,635,n,identifier,0,29,4
66,637,637,",",operator,0,29,6
67,639,641,ans,identifier,0,29,8
68,642,642,[,operator,0,29,11
69,643,643,N,identifier,0,29,12
70,644,644,],operator,0,29,13
71,645,645,;,operator,0,29,14
72,647,648,vi,identifier,0,30,0
73,650,650,g,identifier,0,30,3
74,651,651,[,operator,0,30,4
75,652,652,N,identifier,0,30,5
76,653,653,],operator,0,30,6
77,654,654,;,operator,0,30,7
78,656,658,pii,identifier,0,31,0
79,660,660,a,identifier,0,31,4
80,661,661,[,operator,0,31,5
81,662,662,N,identifier,0,31,6
82,663,663,],operator,0,31,7
83,665,665,",",operator,0,31,9
84,667,667,b,identifier,0,31,11
85,668,668,[,operator,0,31,12
86,669,669,N,identifier,0,31,13
87,670,670,],operator,0,31,14
88,671,671,;,operator,0,31,15
89,674,676,pii,identifier,0,33,0
90,678,682,merge,identifier,0,33,4
91,683,683,(,operator,0,33,9
92,684,686,pii,identifier,0,33,10
93,688,688,a,identifier,0,33,14
94,689,689,",",operator,0,33,15
95,690,692,pii,identifier,0,33,16
96,694,694,b,identifier,0,33,20
97,695,695,),operator,0,33,21
98,696,696,{,operator,0,33,22
99,702,707,return,keyword,0,34,4
100,709,710,mp,identifier,0,34,11
101,711,711,(,operator,0,34,13
102,712,714,max,identifier,0,34,14
103,715,715,(,operator,0,34,17
104,716,716,a,identifier,0,34,18
105,717,717,.,operator,0,34,19
106,718,719,fi,identifier,0,34,20
107,721,721,",",operator,0,34,23
108,723,723,b,identifier,0,34,25
109,724,724,.,operator,0,34,26
110,725,726,fi,identifier,0,34,27
111,727,727,),operator,0,34,29
112,729,729,",",operator,0,34,31
113,731,733,min,identifier,0,34,33
114,734,734,(,operator,0,34,36
115,735,735,a,identifier,0,34,37
116,736,736,.,operator,0,34,38
117,737,738,se,identifier,0,34,39
118,740,740,",",operator,0,34,42
119,742,742,b,identifier,0,34,44
120,743,743,.,operator,0,34,45
121,744,745,se,identifier,0,34,46
122,746,746,),operator,0,34,48
123,747,747,),operator,0,34,49
124,748,748,;,operator,0,34,50
125,750,750,},operator,0,35,0
126,753,756,bool,keyword,0,37,0
127,758,758,f,identifier,0,37,5
128,759,759,;,operator,0,37,6
129,761,764,void,keyword,0,38,0
130,766,768,dfs,identifier,0,38,5
131,769,769,(,operator,0,38,8
132,770,772,int,keyword,0,38,9
133,774,774,c,identifier,0,38,13
134,775,775,",",operator,0,38,14
135,776,778,int,keyword,0,38,15
136,780,781,fa,identifier,0,38,19
137,782,782,),operator,0,38,21
138,783,783,{,operator,0,38,22
139,789,791,for,keyword,0,39,4
140,792,792,(,operator,0,39,7
141,793,796,auto,keyword,0,39,8
142,798,798,t,identifier,0,39,13
143,800,800,:,operator,0,39,15
144,802,802,g,identifier,0,39,17
145,803,803,[,operator,0,39,18
146,804,804,c,identifier,0,39,19
147,805,805,],operator,0,39,20
148,806,806,),operator,0,39,21
149,808,809,if,keyword,0,39,23
150,810,810,(,operator,0,39,25
151,811,811,t,identifier,0,39,26
152,813,814,"!=",operator,0,39,28
153,816,817,fa,identifier,0,39,31
154,818,818,),operator,0,39,33
155,819,819,{,operator,0,39,34
156,829,831,dfs,identifier,0,40,8
157,832,832,(,operator,0,40,11
158,833,833,t,identifier,0,40,12
159,835,835,",",operator,0,40,14
160,837,837,c,identifier,0,40,16
161,838,838,),operator,0,40,17
162,839,839,;,operator,0,40,18
163,849,851,pii,identifier,0,41,8
164,853,854,nt,identifier,0,41,12
165,856,856,=,operator,0,41,15
166,858,858,b,identifier,0,41,17
167,859,859,[,operator,0,41,18
168,860,860,t,identifier,0,41,19
169,861,861,],operator,0,41,20
170,862,862,;,operator,0,41,21
171,863,864,nt,identifier,0,41,22
172,865,865,.,operator,0,41,24
173,866,867,fi,identifier,0,41,25
174,868,869,--,operator,0,41,27
175,870,870,",",operator,0,41,29
176,871,872,nt,identifier,0,41,30
177,873,873,.,operator,0,41,32
178,874,875,se,identifier,0,41,33
179,876,877,++,operator,0,41,35
180,878,878,;,operator,0,41,37
181,888,888,a,identifier,0,42,8
182,889,889,[,operator,0,42,9
183,890,890,c,identifier,0,42,10
184,891,891,],operator,0,42,11
185,893,893,=,operator,0,42,13
186,895,899,merge,identifier,0,42,15
187,900,900,(,operator,0,42,20
188,901,901,a,identifier,0,42,21
189,902,902,[,operator,0,42,22
190,903,903,c,identifier,0,42,23
191,904,904,],operator,0,42,24
192,906,906,",",operator,0,42,26
193,908,909,nt,identifier,0,42,28
194,910,910,),operator,0,42,30
195,911,911,;,operator,0,42,31
196,921,922,nt,identifier,0,43,8
197,924,924,=,operator,0,43,11
198,926,926,a,identifier,0,43,13
199,927,927,[,operator,0,43,14
200,928,928,t,identifier,0,43,15
201,929,929,],operator,0,43,16
202,930,930,;,operator,0,43,17
203,931,932,nt,identifier,0,43,18
204,933,933,.,operator,0,43,20
205,934,935,fi,identifier,0,43,21
206,936,937,--,operator,0,43,23
207,938,938,",",operator,0,43,25
208,939,940,nt,identifier,0,43,26
209,941,941,.,operator,0,43,28
210,942,943,se,identifier,0,43,29
211,944,945,++,operator,0,43,31
212,946,946,;,operator,0,43,33
213,956,956,b,identifier,0,44,8
214,957,957,[,operator,0,44,9
215,958,958,c,identifier,0,44,10
216,959,959,],operator,0,44,11
217,961,961,=,operator,0,44,13
218,963,967,merge,identifier,0,44,15
219,968,968,(,operator,0,44,20
220,969,969,b,identifier,0,44,21
221,970,970,[,operator,0,44,22
222,971,971,c,identifier,0,44,23
223,972,972,],operator,0,44,24
224,974,974,",",operator,0,44,26
225,976,977,nt,identifier,0,44,28
226,978,978,),operator,0,44,30
227,979,979,;,operator,0,44,31
228,985,985,},operator,0,45,4
229,991,994,bool,keyword,0,46,4
230,996,997,ok,identifier,0,46,9
231,999,999,=,operator,0,46,12
232,1001,1001,a,identifier,0,46,14
233,1002,1002,[,operator,0,46,15
234,1003,1003,c,identifier,0,46,16
235,1004,1004,],operator,0,46,17
236,1005,1005,.,operator,0,46,18
237,1006,1007,se,identifier,0,46,19
238,1009,1009,>,operator,0,46,22
239,1011,1011,a,identifier,0,46,24
240,1012,1012,[,operator,0,46,25
241,1013,1013,c,identifier,0,46,26
242,1014,1014,],operator,0,46,27
243,1015,1015,.,operator,0,46,28
244,1016,1017,fi,identifier,0,46,29
245,1019,1020,||,operator,0,46,32
246,1022,1022,(,operator,0,46,35
247,1023,1023,a,identifier,0,46,36
248,1024,1024,[,operator,0,46,37
249,1025,1025,c,identifier,0,46,38
250,1026,1026,],operator,0,46,39
251,1027,1027,.,operator,0,46,40
252,1028,1029,se,identifier,0,46,41
253,1031,1032,==,operator,0,46,44
254,1034,1034,a,identifier,0,46,47
255,1035,1035,[,operator,0,46,48
256,1036,1036,c,identifier,0,46,49
257,1037,1037,],operator,0,46,50
258,1038,1038,.,operator,0,46,51
259,1039,1040,fi,identifier,0,46,52
260,1042,1043,&&,operator,0,46,55
261,1045,1045,a,identifier,0,46,58
262,1046,1046,[,operator,0,46,59
263,1047,1047,c,identifier,0,46,60
264,1048,1048,],operator,0,46,61
265,1049,1049,.,operator,0,46,62
266,1050,1051,se,identifier,0,46,63
267,1053,1053,%,operator,0,46,66
268,1055,1055,2,integer,0,46,68
269,1057,1058,==,operator,0,46,70
270,1060,1060,1,integer,0,46,73
271,1061,1061,),operator,0,46,74
272,1062,1062,;,operator,0,46,75
273,1068,1069,ok,identifier,0,47,4
274,1071,1072,|=,operator,0,47,7
275,1074,1074,b,identifier,0,47,10
276,1075,1075,[,operator,0,47,11
277,1076,1076,c,identifier,0,47,12
278,1077,1077,],operator,0,47,13
279,1078,1078,.,operator,0,47,14
280,1079,1080,se,identifier,0,47,15
281,1082,1082,>,operator,0,47,18
282,1084,1084,b,identifier,0,47,20
283,1085,1085,[,operator,0,47,21
284,1086,1086,c,identifier,0,47,22
285,1087,1087,],operator,0,47,23
286,1088,1088,.,operator,0,47,24
287,1089,1090,fi,identifier,0,47,25
288,1092,1093,||,operator,0,47,28
289,1095,1095,(,operator,0,47,31
290,1096,1096,b,identifier,0,47,32
291,1097,1097,[,operator,0,47,33
292,1098,1098,c,identifier,0,47,34
293,1099,1099,],operator,0,47,35
294,1100,1100,.,operator,0,47,36
295,1101,1102,se,identifier,0,47,37
296,1104,1105,==,operator,0,47,40
297,1107,1107,b,identifier,0,47,43
298,1108,1108,[,operator,0,47,44
299,1109,1109,c,identifier,0,47,45
300,1110,1110,],operator,0,47,46
301,1111,1111,.,operator,0,47,47
302,1112,1113,fi,identifier,0,47,48
303,1115,1116,&&,operator,0,47,51
304,1118,1118,b,identifier,0,47,54
305,1119,1119,[,operator,0,47,55
306,1120,1120,c,identifier,0,47,56
307,1121,1121,],operator,0,47,57
308,1122,1122,.,operator,0,47,58
309,1123,1124,se,identifier,0,47,59
310,1126,1126,%,operator,0,47,62
311,1128,1128,2,integer,0,47,64
312,1130,1131,==,operator,0,47,66
313,1133,1133,0,integer,0,47,69
314,1134,1134,),operator,0,47,70
315,1135,1135,;,operator,0,47,71
316,1141,1142,if,keyword,0,48,4
317,1143,1143,(,operator,0,48,6
318,1144,1144,"!",operator,0,48,7
319,1145,1146,ok,identifier,0,48,8
320,1147,1147,),operator,0,48,10
321,1157,1157,f,identifier,0,49,8
322,1159,1159,=,operator,0,49,10
323,1161,1165,false,keyword,0,49,12
324,1166,1166,;,operator,0,49,17
325,1168,1168,},operator,0,50,0
326,1170,1173,void,keyword,0,51,0
327,1175,1178,dfs2,identifier,0,51,5
328,1179,1179,(,operator,0,51,9
329,1180,1182,int,keyword,0,51,10
330,1184,1184,c,identifier,0,51,14
331,1185,1185,",",operator,0,51,15
332,1186,1188,int,keyword,0,51,16
333,1190,1191,fa,identifier,0,51,20
334,1192,1192,",",operator,0,51,22
335,1193,1195,int,keyword,0,51,23
336,1197,1200,last,identifier,0,51,27
337,1201,1201,),operator,0,51,31
338,1202,1202,{,operator,0,51,32
339,1208,1210,int,keyword,0,52,4
340,1212,1214,cur,identifier,0,52,8
341,1216,1216,=,operator,0,52,12
342,1218,1218,0,integer,0,52,14
343,1219,1219,;,operator,0,52,15
344,1225,1226,if,keyword,0,53,4
345,1227,1227,(,operator,0,53,6
346,1228,1229,fa,identifier,0,53,7
347,1231,1232,"!=",operator,0,53,10
348,1234,1234,0,integer,0,53,13
349,1235,1235,),operator,0,53,14
350,1236,1236,{,operator,0,53,15
351,1246,1247,if,keyword,0,54,8
352,1248,1248,(,operator,0,54,10
353,1249,1252,last,identifier,0,54,11
354,1254,1254,%,operator,0,54,16
355,1256,1256,2,integer,0,54,18
356,1258,1259,==,operator,0,54,20
357,1261,1261,0,integer,0,54,23
358,1262,1262,),operator,0,54,24
359,1263,1263,{,operator,0,54,25
360,1277,1277,a,identifier,0,55,12
361,1278,1278,[,operator,0,55,13
362,1279,1279,c,identifier,0,55,14
363,1280,1280,],operator,0,55,15
364,1282,1282,=,operator,0,55,17
365,1284,1288,merge,identifier,0,55,19
366,1289,1289,(,operator,0,55,24
367,1290,1290,a,identifier,0,55,25
368,1291,1291,[,operator,0,55,26
369,1292,1292,c,identifier,0,55,27
370,1293,1293,],operator,0,55,28
371,1295,1295,",",operator,0,55,30
372,1297,1298,mp,identifier,0,55,32
373,1299,1299,(,operator,0,55,34
374,1300,1303,last,identifier,0,55,35
375,1305,1305,-,operator,0,55,40
376,1307,1307,1,integer,0,55,42
377,1309,1309,",",operator,0,55,44
378,1311,1314,last,identifier,0,55,46
379,1316,1316,+,operator,0,55,51
380,1318,1318,1,integer,0,55,53
381,1319,1319,),operator,0,55,54
382,1320,1320,),operator,0,55,55
383,1321,1321,;,operator,0,55,56
384,1335,1335,b,identifier,0,56,12
385,1336,1336,[,operator,0,56,13
386,1337,1337,c,identifier,0,56,14
387,1338,1338,],operator,0,56,15
388,1340,1340,=,operator,0,56,17
389,1342,1343,mp,identifier,0,56,19
390,1344,1344,(,operator,0,56,21
391,1345,1347,inf,identifier,0,56,22
392,1349,1349,",",operator,0,56,26
393,1351,1351,-,operator,0,56,28
394,1352,1354,inf,identifier,0,56,29
395,1355,1355,),operator,0,56,32
396,1356,1356,;,operator,0,56,33
397,1366,1366,},operator,0,57,8
398,1368,1371,else,keyword,0,57,10
399,1373,1373,{,operator,0,57,15
400,1387,1387,b,identifier,0,58,12
401,1388,1388,[,operator,0,58,13
402,1389,1389,c,identifier,0,58,14
403,1390,1390,],operator,0,58,15
404,1392,1392,=,operator,0,58,17
405,1394,1398,merge,identifier,0,58,19
406,1399,1399,(,operator,0,58,24
407,1400,1400,b,identifier,0,58,25
408,1401,1401,[,operator,0,58,26
409,1402,1402,c,identifier,0,58,27
410,1403,1403,],operator,0,58,28
411,1405,1405,",",operator,0,58,30
412,1407,1408,mp,identifier,0,58,32
413,1409,1409,(,operator,0,58,34
414,1410,1413,last,identifier,0,58,35
415,1415,1415,-,operator,0,58,40
416,1417,1417,1,integer,0,58,42
417,1419,1419,",",operator,0,58,44
418,1421,1424,last,identifier,0,58,46
419,1426,1426,+,operator,0,58,51
420,1428,1428,1,integer,0,58,53
421,1429,1429,),operator,0,58,54
422,1430,1430,),operator,0,58,55
423,1431,1431,;,operator,0,58,56
424,1445,1445,a,identifier,0,59,12
425,1446,1446,[,operator,0,59,13
426,1447,1447,c,identifier,0,59,14
427,1448,1448,],operator,0,59,15
428,1450,1450,=,operator,0,59,17
429,1452,1453,mp,identifier,0,59,19
430,1454,1454,(,operator,0,59,21
431,1455,1457,inf,identifier,0,59,22
432,1459,1459,",",operator,0,59,26
433,1461,1461,-,operator,0,59,28
434,1462,1464,inf,identifier,0,59,29
435,1465,1465,),operator,0,59,32
436,1466,1466,;,operator,0,59,33
437,1476,1476,},operator,0,60,8
438,1482,1482,},operator,0,61,4
439,1488,1489,if,keyword,0,62,4
440,1490,1490,(,operator,0,62,6
441,1491,1491,a,identifier,0,62,7
442,1492,1492,[,operator,0,62,8
443,1493,1493,c,identifier,0,62,9
444,1494,1494,],operator,0,62,10
445,1495,1495,.,operator,0,62,11
446,1496,1497,se,identifier,0,62,12
447,1499,1499,>,operator,0,62,15
448,1501,1501,a,identifier,0,62,17
449,1502,1502,[,operator,0,62,18
450,1503,1503,c,identifier,0,62,19
451,1504,1504,],operator,0,62,20
452,1505,1505,.,operator,0,62,21
453,1506,1507,fi,identifier,0,62,22
454,1509,1510,||,operator,0,62,25
455,1512,1512,(,operator,0,62,28
456,1513,1513,a,identifier,0,62,29
457,1514,1514,[,operator,0,62,30
458,1515,1515,c,identifier,0,62,31
459,1516,1516,],operator,0,62,32
460,1517,1517,.,operator,0,62,33
461,1518,1519,se,identifier,0,62,34
462,1521,1522,==,operator,0,62,37
463,1524,1524,a,identifier,0,62,40
464,1525,1525,[,operator,0,62,41
465,1526,1526,c,identifier,0,62,42
466,1527,1527,],operator,0,62,43
467,1528,1528,.,operator,0,62,44
468,1529,1530,fi,identifier,0,62,45
469,1532,1533,&&,operator,0,62,48
470,1535,1535,a,identifier,0,62,51
471,1536,1536,[,operator,0,62,52
472,1537,1537,c,identifier,0,62,53
473,1538,1538,],operator,0,62,54
474,1539,1539,.,operator,0,62,55
475,1540,1541,se,identifier,0,62,56
476,1543,1543,%,operator,0,62,59
477,1545,1545,2,integer,0,62,61
478,1547,1548,==,operator,0,62,63
479,1550,1550,1,integer,0,62,66
480,1551,1551,),operator,0,62,67
481,1552,1552,),operator,0,62,68
482,1553,1553,{,operator,0,62,69
483,1563,1565,cur,identifier,0,63,8
484,1567,1567,=,operator,0,63,12
485,1569,1569,a,identifier,0,63,14
486,1570,1570,[,operator,0,63,15
487,1571,1571,c,identifier,0,63,16
488,1572,1572,],operator,0,63,17
489,1573,1573,.,operator,0,63,18
490,1574,1575,fi,identifier,0,63,19
491,1576,1576,;,operator,0,63,21
492,1577,1578,if,keyword,0,63,22
493,1579,1579,(,operator,0,63,24
494,1580,1582,cur,identifier,0,63,25
495,1584,1584,%,operator,0,63,29
496,1586,1586,2,integer,0,63,31
497,1588,1589,==,operator,0,63,33
498,1591,1591,0,integer,0,63,36
499,1592,1592,),operator,0,63,37
500,1594,1595,++,operator,0,63,39
501,1596,1598,cur,identifier,0,63,41
502,1599,1599,;,operator,0,63,44
503,1605,1605,},operator,0,64,4
504,1607,1610,else,keyword,0,64,6
505,1612,1612,{,operator,0,64,11
506,1622,1624,cur,identifier,0,65,8
507,1626,1626,=,operator,0,65,12
508,1628,1628,b,identifier,0,65,14
509,1629,1629,[,operator,0,65,15
510,1630,1630,c,identifier,0,65,16
511,1631,1631,],operator,0,65,17
512,1632,1632,.,operator,0,65,18
513,1633,1634,fi,identifier,0,65,19
514,1635,1635,;,operator,0,65,21
515,1636,1637,if,keyword,0,65,22
516,1638,1638,(,operator,0,65,24
517,1639,1641,cur,identifier,0,65,25
518,1643,1643,%,operator,0,65,29
519,1645,1645,2,integer,0,65,31
520,1647,1648,==,operator,0,65,33
521,1650,1650,1,integer,0,65,36
522,1651,1651,),operator,0,65,37
523,1653,1654,++,operator,0,65,39
524,1655,1657,cur,identifier,0,65,41
525,1658,1658,;,operator,0,65,44
526,1664,1664,},operator,0,66,4
527,1670,1672,ans,identifier,0,67,4
528,1673,1673,[,operator,0,67,7
529,1674,1674,c,identifier,0,67,8
530,1675,1675,],operator,0,67,9
531,1677,1677,=,operator,0,67,11
532,1679,1681,cur,identifier,0,67,13
533,1682,1682,;,operator,0,67,16
534,1688,1690,for,keyword,0,68,4
535,1691,1691,(,operator,0,68,7
536,1692,1695,auto,keyword,0,68,8
537,1697,1697,t,identifier,0,68,13
538,1699,1699,:,operator,0,68,15
539,1701,1701,g,identifier,0,68,17
540,1702,1702,[,operator,0,68,18
541,1703,1703,c,identifier,0,68,19
542,1704,1704,],operator,0,68,20
543,1705,1705,),operator,0,68,21
544,1707,1708,if,keyword,0,68,23
545,1709,1709,(,operator,0,68,25
546,1710,1710,t,identifier,0,68,26
547,1712,1713,"!=",operator,0,68,28
548,1715,1716,fa,identifier,0,68,31
549,1717,1717,),operator,0,68,33
550,1719,1722,dfs2,identifier,0,68,35
551,1723,1723,(,operator,0,68,39
552,1724,1724,t,identifier,0,68,40
553,1726,1726,",",operator,0,68,42
554,1728,1728,c,identifier,0,68,44
555,1730,1730,",",operator,0,68,46
556,1732,1734,cur,identifier,0,68,48
557,1735,1735,),operator,0,68,51
558,1736,1736,;,operator,0,68,52
559,1738,1738,},operator,0,69,0
560,1741,1743,int,keyword,0,71,0
561,1745,1748,main,identifier,0,71,4
562,1749,1749,(,operator,0,71,8
563,1750,1750,),operator,0,71,9
564,1751,1751,{,operator,0,71,10
565,1757,1759,cin,identifier,0,72,4
566,1761,1761,>,operator,0,72,8
567,1762,1762,>,operator,0,72,9
568,1764,1764,n,identifier,0,72,11
569,1765,1765,;,operator,0,72,12
570,1771,1773,rep,identifier,0,73,4
571,1774,1774,(,operator,0,73,7
572,1775,1775,i,identifier,0,73,8
573,1776,1776,",",operator,0,73,9
574,1777,1777,1,integer,0,73,10
575,1778,1778,",",operator,0,73,11
576,1779,1779,n,identifier,0,73,12
577,1780,1780,),operator,0,73,13
578,1781,1781,{,operator,0,73,14
579,1791,1793,int,keyword,0,74,8
580,1795,1795,u,identifier,0,74,12
581,1796,1796,",",operator,0,74,13
582,1797,1797,v,identifier,0,74,14
583,1798,1798,;,operator,0,74,15
584,1799,1801,cin,identifier,0,74,16
585,1803,1803,>,operator,0,74,20
586,1804,1804,>,operator,0,74,21
587,1806,1806,u,identifier,0,74,23
588,1808,1808,>,operator,0,74,25
589,1809,1809,>,operator,0,74,26
590,1811,1811,v,identifier,0,74,28
591,1812,1812,;,operator,0,74,29
592,1822,1822,g,identifier,0,75,8
593,1823,1823,[,operator,0,75,9
594,1824,1824,u,identifier,0,75,10
595,1825,1825,],operator,0,75,11
596,1826,1826,.,operator,0,75,12
597,1827,1828,pb,identifier,0,75,13
598,1829,1829,(,operator,0,75,15
599,1830,1830,v,identifier,0,75,16
600,1831,1831,),operator,0,75,17
601,1832,1832,;,operator,0,75,18
602,1842,1842,g,identifier,0,76,8
603,1843,1843,[,operator,0,76,9
604,1844,1844,v,identifier,0,76,10
605,1845,1845,],operator,0,76,11
606,1846,1846,.,operator,0,76,12
607,1847,1848,pb,identifier,0,76,13
608,1849,1849,(,operator,0,76,15
609,1850,1850,u,identifier,0,76,16
610,1851,1851,),operator,0,76,17
611,1852,1852,;,operator,0,76,18
612,1858,1858,},operator,0,77,4
613,1864,1866,rep,identifier,0,78,4
614,1867,1867,(,operator,0,78,7
615,1868,1868,i,identifier,0,78,8
616,1869,1869,",",operator,0,78,9
617,1870,1870,0,integer,0,78,10
618,1871,1871,",",operator,0,78,11
619,1872,1872,n,identifier,0,78,12
620,1873,1873,),operator,0,78,13
621,1874,1874,{,operator,0,78,14
622,1884,1884,a,identifier,0,79,8
623,1885,1885,[,operator,0,79,9
624,1886,1886,i,identifier,0,79,10
625,1887,1887,],operator,0,79,11
626,1889,1889,=,operator,0,79,13
627,1891,1892,mp,identifier,0,79,15
628,1893,1893,(,operator,0,79,17
629,1894,1894,-,operator,0,79,18
630,1895,1897,inf,identifier,0,79,19
631,1899,1899,",",operator,0,79,23
632,1901,1903,inf,identifier,0,79,25
633,1904,1904,),operator,0,79,28
634,1905,1905,;,operator,0,79,29
635,1915,1915,b,identifier,0,80,8
636,1916,1916,[,operator,0,80,9
637,1917,1917,i,identifier,0,80,10
638,1918,1918,],operator,0,80,11
639,1920,1920,=,operator,0,80,13
640,1922,1923,mp,identifier,0,80,15
641,1924,1924,(,operator,0,80,17
642,1925,1925,-,operator,0,80,18
643,1926,1928,inf,identifier,0,80,19
644,1930,1930,",",operator,0,80,23
645,1932,1934,inf,identifier,0,80,25
646,1935,1935,),operator,0,80,28
647,1936,1936,;,operator,0,80,29
648,1942,1942,},operator,0,81,4
649,1948,1950,int,keyword,0,82,4
650,1952,1952,m,identifier,0,82,8
651,1953,1953,;,operator,0,82,9
652,1959,1961,cin,identifier,0,83,4
653,1963,1963,>,operator,0,83,8
654,1964,1964,>,operator,0,83,9
655,1966,1966,m,identifier,0,83,11
656,1967,1967,;,operator,0,83,12
657,1973,1975,int,keyword,0,84,4
658,1977,1977,x,identifier,0,84,8
659,1979,1979,",",operator,0,84,10
660,1981,1981,y,identifier,0,84,12
661,1982,1982,;,operator,0,84,13
662,1988,1990,rep,identifier,0,85,4
663,1991,1991,(,operator,0,85,7
664,1992,1992,i,identifier,0,85,8
665,1993,1993,",",operator,0,85,9
666,1994,1994,0,integer,0,85,10
667,1995,1995,",",operator,0,85,11
668,1996,1996,m,identifier,0,85,12
669,1997,1997,),operator,0,85,13
670,1998,1998,{,operator,0,85,14
671,2008,2010,cin,identifier,0,86,8
672,2012,2012,>,operator,0,86,12
673,2013,2013,>,operator,0,86,13
674,2015,2015,x,identifier,0,86,15
675,2017,2017,>,operator,0,86,17
676,2018,2018,>,operator,0,86,18
677,2020,2020,y,identifier,0,86,20
678,2021,2021,;,operator,0,86,21
679,2031,2032,if,keyword,0,87,8
680,2033,2033,(,operator,0,87,10
681,2034,2034,y,identifier,0,87,11
682,2035,2035,&,operator,0,87,12
683,2036,2036,1,integer,0,87,13
684,2037,2037,),operator,0,87,14
685,2039,2039,a,identifier,0,87,16
686,2040,2040,[,operator,0,87,17
687,2041,2041,x,identifier,0,87,18
688,2042,2042,],operator,0,87,19
689,2044,2044,=,operator,0,87,21
690,2046,2047,mp,identifier,0,87,23
691,2048,2048,(,operator,0,87,25
692,2049,2049,y,identifier,0,87,26
693,2050,2050,",",operator,0,87,27
694,2051,2051,y,identifier,0,87,28
695,2052,2052,),operator,0,87,29
696,2054,2054,",",operator,0,87,31
697,2056,2056,b,identifier,0,87,33
698,2057,2057,[,operator,0,87,34
699,2058,2058,x,identifier,0,87,35
700,2059,2059,],operator,0,87,36
701,2061,2061,=,operator,0,87,38
702,2063,2064,mp,identifier,0,87,40
703,2065,2065,(,operator,0,87,42
704,2066,2068,inf,identifier,0,87,43
705,2069,2069,",",operator,0,87,46
706,2070,2070,-,operator,0,87,47
707,2071,2073,inf,identifier,0,87,48
708,2074,2074,),operator,0,87,51
709,2075,2075,;,operator,0,87,52
710,2085,2088,else,keyword,0,88,8
711,2090,2090,b,identifier,0,88,13
712,2091,2091,[,operator,0,88,14
713,2092,2092,x,identifier,0,88,15
714,2093,2093,],operator,0,88,16
715,2095,2095,=,operator,0,88,18
716,2097,2098,mp,identifier,0,88,20
717,2099,2099,(,operator,0,88,22
718,2100,2100,y,identifier,0,88,23
719,2101,2101,",",operator,0,88,24
720,2102,2102,y,identifier,0,88,25
721,2103,2103,),operator,0,88,26
722,2105,2105,",",operator,0,88,28
723,2107,2107,a,identifier,0,88,30
724,2108,2108,[,operator,0,88,31
725,2109,2109,x,identifier,0,88,32
726,2110,2110,],operator,0,88,33
727,2112,2112,=,operator,0,88,35
728,2114,2115,mp,identifier,0,88,37
729,2116,2116,(,operator,0,88,39
730,2117,2119,inf,identifier,0,88,40
731,2120,2120,",",operator,0,88,43
732,2121,2121,-,operator,0,88,44
733,2122,2124,inf,identifier,0,88,45
734,2125,2125,),operator,0,88,48
735,2126,2126,;,operator,0,88,49
736,2132,2132,},operator,0,89,4
737,2138,2138,f,identifier,0,90,4
738,2140,2140,=,operator,0,90,6
739,2142,2145,true,keyword,0,90,8
740,2146,2146,;,operator,0,90,12
741,2152,2154,dfs,identifier,0,91,4
742,2155,2155,(,operator,0,91,7
743,2156,2156,1,integer,0,91,8
744,2158,2158,",",operator,0,91,10
745,2160,2160,0,integer,0,91,12
746,2161,2161,),operator,0,91,13
747,2162,2162,;,operator,0,91,14
748,2168,2169,if,keyword,0,92,4
749,2170,2170,(,operator,0,92,6
750,2171,2171,"!",operator,0,92,7
751,2172,2172,f,identifier,0,92,8
752,2173,2173,),operator,0,92,9
753,2175,2178,puts,identifier,0,92,11
754,2179,2179,(,operator,0,92,15
755,2180,2183,"""No""",string,0,92,16
756,2184,2184,),operator,0,92,20
757,2185,2185,;,operator,0,92,21
758,2191,2194,else,keyword,0,93,4
759,2195,2195,{,operator,0,93,8
760,2205,2208,puts,identifier,0,94,8
761,2209,2209,(,operator,0,94,12
762,2210,2214,"""Yes""",string,0,94,13
763,2215,2215,),operator,0,94,18
764,2216,2216,;,operator,0,94,19
765,2226,2229,dfs2,identifier,0,95,8
766,2230,2230,(,operator,0,95,12
767,2231,2231,1,integer,0,95,13
768,2233,2233,",",operator,0,95,15
769,2235,2235,0,integer,0,95,17
770,2237,2237,",",operator,0,95,19
771,2239,2239,0,integer,0,95,21
772,2240,2240,),operator,0,95,22
773,2241,2241,;,operator,0,95,23
774,2251,2253,rep,identifier,0,96,8
775,2254,2254,(,operator,0,96,11
776,2255,2255,i,identifier,0,96,12
777,2256,2256,",",operator,0,96,13
778,2257,2257,1,integer,0,96,14
779,2258,2258,",",operator,0,96,15
780,2259,2259,n,identifier,0,96,16
781,2260,2260,+,operator,0,96,17
782,2261,2261,1,integer,0,96,18
783,2262,2262,),operator,0,96,19
784,2264,2269,printf,identifier,0,96,21
785,2270,2270,(,operator,0,96,27
786,2271,2276,"""%d\n""",string,0,96,28
787,2277,2277,",",operator,0,96,34
788,2278,2280,ans,identifier,0,96,35
789,2281,2281,[,operator,0,96,38
790,2282,2282,i,identifier,0,96,39
791,2283,2283,],operator,0,96,40
792,2284,2284,),operator,0,96,41
793,2285,2285,;,operator,0,96,42
794,2291,2291,},operator,0,97,4
795,2297,2302,return,keyword,0,98,4
796,2304,2304,0,integer,0,98,11
797,2305,2305,;,operator,0,98,12
798,2307,2307,},operator,0,99,0
799,2309,2308,<EOF>,eof,0,100,0
