seqnr,start,stop,text,class,channel,line,column
0,0,17,"#include<iostream>",directive,1,1,0
1,19,37,"#include<algorithm>",directive,1,2,0
2,39,54,"#include<vector>",directive,1,3,0
3,56,60,using,keyword,0,4,0
4,62,70,namespace,keyword,0,4,6
5,72,74,std,identifier,0,4,16
6,75,75,;,operator,0,4,19
7,79,85,int64_t,identifier,0,7,0
8,87,87,N,identifier,0,7,8
9,88,88,;,operator,0,7,9
10,90,96,int64_t,identifier,0,8,0
11,98,98,K,identifier,0,8,8
12,99,99,;,operator,0,8,9
13,101,106,vector,identifier,0,9,0
14,107,107,<,operator,0,9,6
15,108,114,int64_t,identifier,0,9,7
16,115,115,>,operator,0,9,14
17,117,117,G,identifier,0,9,16
18,118,118,[,operator,0,9,17
19,119,124,100000,integer,0,9,18
20,125,125,],operator,0,9,24
21,126,126,;,operator,0,9,25
22,128,134,int64_t,identifier,0,10,0
23,136,136,P,identifier,0,10,8
24,137,137,[,operator,0,10,9
25,138,143,100000,integer,0,10,10
26,144,144,],operator,0,10,16
27,145,145,;,operator,0,10,17
28,147,151,const,keyword,0,11,0
29,153,159,int64_t,identifier,0,11,6
30,161,163,INF,identifier,0,11,14
31,165,165,=,operator,0,11,18
32,167,169,1e9,floating,0,11,20
33,170,170,+,operator,0,11,23
34,171,171,1,integer,0,11,24
35,172,172,;,operator,0,11,25
36,174,179,vector,identifier,0,12,0
37,180,180,<,operator,0,12,6
38,181,187,int64_t,identifier,0,12,7
39,188,188,>,operator,0,12,14
40,190,190,v,identifier,0,12,16
41,191,191,[,operator,0,12,17
42,192,197,100000,integer,0,12,18
43,198,198,],operator,0,12,24
44,199,199,;,operator,0,12,25
45,202,207,vector,identifier,0,14,0
46,208,208,<,operator,0,14,6
47,209,215,int64_t,identifier,0,14,7
48,216,216,>,operator,0,14,14
49,218,222,solv1,identifier,0,14,16
50,223,223,(,operator,0,14,21
51,224,230,int64_t,identifier,0,14,22
52,232,232,a,identifier,0,14,30
53,233,233,",",operator,0,14,31
54,234,240,int64_t,identifier,0,14,32
55,242,242,b,identifier,0,14,40
56,243,243,),operator,0,14,41
57,244,244,{,operator,0,14,42
58,288,291,bool,keyword,0,15,4
59,293,296,flag,identifier,0,15,9
60,297,297,=,operator,0,15,13
61,298,301,true,keyword,0,15,14
62,302,302,;,operator,0,15,18
63,324,329,vector,identifier,0,16,4
64,330,330,<,operator,0,16,10
65,331,337,int64_t,identifier,0,16,11
66,338,338,>,operator,0,16,18
67,340,342,ret,identifier,0,16,20
68,343,343,;,operator,0,16,23
69,349,350,if,keyword,0,17,4
70,351,351,(,operator,0,17,6
71,352,352,b,identifier,0,17,7
72,354,355,"!=",operator,0,17,9
73,357,357,-,operator,0,17,12
74,358,358,1,integer,0,17,13
75,360,361,&&,operator,0,17,15
76,363,363,G,identifier,0,17,18
77,364,364,[,operator,0,17,19
78,365,365,a,identifier,0,17,20
79,366,366,],operator,0,17,21
80,367,367,.,operator,0,17,22
81,368,371,size,identifier,0,17,23
82,372,372,(,operator,0,17,27
83,373,373,),operator,0,17,28
84,374,375,==,operator,0,17,29
85,376,376,1,integer,0,17,31
86,377,377,),operator,0,17,32
87,378,378,{,operator,0,17,33
88,393,394,if,keyword,0,18,8
89,395,395,(,operator,0,18,10
90,396,396,P,identifier,0,18,11
91,397,397,[,operator,0,18,12
92,398,398,a,identifier,0,18,13
93,399,399,],operator,0,18,14
94,400,401,"!=",operator,0,18,15
95,402,404,INF,identifier,0,18,17
96,405,405,),operator,0,18,20
97,406,406,{,operator,0,18,21
98,420,420,v,identifier,0,19,12
99,421,421,[,operator,0,19,13
100,422,422,a,identifier,0,19,14
101,423,423,],operator,0,19,15
102,424,424,.,operator,0,19,16
103,425,433,push_back,identifier,0,19,17
104,434,434,(,operator,0,19,26
105,435,435,P,identifier,0,19,27
106,436,436,[,operator,0,19,28
107,437,437,a,identifier,0,19,29
108,438,438,],operator,0,19,30
109,439,439,),operator,0,19,31
110,440,440,;,operator,0,19,32
111,454,456,ret,identifier,0,20,12
112,457,457,.,operator,0,20,15
113,458,466,push_back,identifier,0,20,16
114,467,467,(,operator,0,20,25
115,468,468,P,identifier,0,20,26
116,469,469,[,operator,0,20,27
117,470,470,a,identifier,0,20,28
118,471,471,],operator,0,20,29
119,472,472,-,operator,0,20,30
120,473,473,1,integer,0,20,31
121,474,474,),operator,0,20,32
122,475,475,;,operator,0,20,33
123,489,491,ret,identifier,0,21,12
124,492,492,.,operator,0,21,15
125,493,501,push_back,identifier,0,21,16
126,502,502,(,operator,0,21,25
127,503,503,P,identifier,0,21,26
128,504,504,[,operator,0,21,27
129,505,505,a,identifier,0,21,28
130,506,506,],operator,0,21,29
131,507,507,+,operator,0,21,30
132,508,508,1,integer,0,21,31
133,509,509,),operator,0,21,32
134,510,510,;,operator,0,21,33
135,520,520,},operator,0,22,8
136,526,526,},operator,0,23,4
137,527,530,else,keyword,0,23,5
138,531,531,{,operator,0,23,9
139,541,543,for,keyword,0,24,8
140,544,544,(,operator,0,24,11
141,545,547,int,keyword,0,24,12
142,549,549,i,identifier,0,24,16
143,550,550,=,operator,0,24,17
144,551,551,0,integer,0,24,18
145,552,552,;,operator,0,24,19
146,553,553,i,identifier,0,24,20
147,554,554,<,operator,0,24,21
148,555,555,G,identifier,0,24,22
149,556,556,[,operator,0,24,23
150,557,557,a,identifier,0,24,24
151,558,558,],operator,0,24,25
152,559,559,.,operator,0,24,26
153,560,563,size,identifier,0,24,27
154,564,564,(,operator,0,24,31
155,565,565,),operator,0,24,32
156,566,566,;,operator,0,24,33
157,567,567,i,identifier,0,24,34
158,568,569,++,operator,0,24,35
159,570,570,),operator,0,24,37
160,571,571,{,operator,0,24,38
161,585,586,if,keyword,0,25,12
162,587,587,(,operator,0,25,14
163,588,588,G,identifier,0,25,15
164,589,589,[,operator,0,25,16
165,590,590,a,identifier,0,25,17
166,591,591,],operator,0,25,18
167,592,592,[,operator,0,25,19
168,593,593,i,identifier,0,25,20
169,594,594,],operator,0,25,21
170,595,596,"!=",operator,0,25,22
171,597,597,b,identifier,0,25,24
172,598,598,),operator,0,25,25
173,599,599,{,operator,0,25,26
174,617,622,vector,identifier,0,26,16
175,623,623,<,operator,0,26,22
176,624,630,int64_t,identifier,0,26,23
177,631,631,>,operator,0,26,30
178,633,635,tmp,identifier,0,26,32
179,637,637,=,operator,0,26,36
180,639,643,solv1,identifier,0,26,38
181,644,644,(,operator,0,26,43
182,645,645,G,identifier,0,26,44
183,646,646,[,operator,0,26,45
184,647,647,a,identifier,0,26,46
185,648,648,],operator,0,26,47
186,649,649,[,operator,0,26,48
187,650,650,i,identifier,0,26,49
188,651,651,],operator,0,26,50
189,652,652,",",operator,0,26,51
190,653,653,a,identifier,0,26,52
191,654,654,),operator,0,26,53
192,655,655,;,operator,0,26,54
193,687,688,if,keyword,0,27,16
194,689,689,(,operator,0,27,18
195,690,692,tmp,identifier,0,27,19
196,693,693,[,operator,0,27,22
197,694,694,0,integer,0,27,23
198,695,695,],operator,0,27,24
199,696,697,==,operator,0,27,25
200,698,700,INF,identifier,0,27,27
201,701,701,),operator,0,27,30
202,702,702,{,operator,0,27,31
203,724,727,flag,identifier,0,28,20
204,728,728,=,operator,0,28,24
205,729,733,false,keyword,0,28,25
206,734,734,;,operator,0,28,30
207,752,752,},operator,0,29,16
208,753,756,else,keyword,0,29,17
209,757,757,{,operator,0,29,21
210,779,780,if,keyword,0,30,20
211,781,781,(,operator,0,30,22
212,782,784,tmp,identifier,0,30,23
213,785,785,.,operator,0,30,26
214,786,789,size,identifier,0,30,27
215,790,790,(,operator,0,30,31
216,791,791,),operator,0,30,32
217,792,793,"!=",operator,0,30,33
218,794,794,0,integer,0,30,35
219,795,795,),operator,0,30,36
220,796,796,{,operator,0,30,37
221,841,842,if,keyword,0,31,24
222,843,843,(,operator,0,31,26
223,844,844,P,identifier,0,31,27
224,845,845,[,operator,0,31,28
225,846,846,a,identifier,0,31,29
226,847,847,],operator,0,31,30
227,848,849,"!=",operator,0,31,31
228,850,852,INF,identifier,0,31,33
229,853,853,),operator,0,31,36
230,854,854,{,operator,0,31,37
231,884,890,int64_t,identifier,0,32,28
232,892,892,x,identifier,0,32,36
233,894,894,=,operator,0,32,38
234,896,896,P,identifier,0,32,40
235,897,897,[,operator,0,32,41
236,898,898,a,identifier,0,32,42
237,899,899,],operator,0,32,43
238,900,900,-,operator,0,32,44
239,901,903,tmp,identifier,0,32,45
240,904,904,[,operator,0,32,48
241,905,905,0,integer,0,32,49
242,906,906,],operator,0,32,50
243,907,907,;,operator,0,32,51
244,937,943,int64_t,identifier,0,33,28
245,945,945,y,identifier,0,33,36
246,947,947,=,operator,0,33,38
247,949,949,P,identifier,0,33,40
248,950,950,[,operator,0,33,41
249,951,951,a,identifier,0,33,42
250,952,952,],operator,0,33,43
251,953,953,-,operator,0,33,44
252,954,956,tmp,identifier,0,33,45
253,957,957,[,operator,0,33,48
254,958,958,1,integer,0,33,49
255,959,959,],operator,0,33,50
256,960,960,;,operator,0,33,51
257,990,991,if,keyword,0,34,28
258,992,992,(,operator,0,34,30
259,993,993,x,identifier,0,34,31
260,994,994,%,operator,0,34,32
261,995,995,2,integer,0,34,33
262,997,998,"!=",operator,0,34,35
263,1000,1000,0,integer,0,34,38
264,1002,1003,||,operator,0,34,40
265,1005,1005,y,identifier,0,34,43
266,1006,1006,%,operator,0,34,44
267,1007,1007,2,integer,0,34,45
268,1009,1010,"!=",operator,0,34,47
269,1012,1012,0,integer,0,34,50
270,1013,1013,),operator,0,34,51
271,1014,1014,{,operator,0,34,52
272,1048,1051,flag,identifier,0,35,32
273,1052,1052,=,operator,0,35,36
274,1053,1057,false,keyword,0,35,37
275,1058,1058,;,operator,0,35,42
276,1088,1088,},operator,0,36,28
277,1114,1114,},operator,0,37,24
278,1140,1141,if,keyword,0,38,24
279,1142,1142,(,operator,0,38,26
280,1143,1143,v,identifier,0,38,27
281,1144,1144,[,operator,0,38,28
282,1145,1145,a,identifier,0,38,29
283,1146,1146,],operator,0,38,30
284,1147,1147,.,operator,0,38,31
285,1148,1151,size,identifier,0,38,32
286,1152,1152,(,operator,0,38,36
287,1153,1153,),operator,0,38,37
288,1154,1155,==,operator,0,38,38
289,1156,1156,0,integer,0,38,40
290,1157,1157,),operator,0,38,41
291,1158,1158,{,operator,0,38,42
292,1188,1188,v,identifier,0,39,28
293,1189,1189,[,operator,0,39,29
294,1190,1190,a,identifier,0,39,30
295,1191,1191,],operator,0,39,31
296,1192,1192,=,operator,0,39,32
297,1193,1195,tmp,identifier,0,39,33
298,1196,1196,;,operator,0,39,36
299,1222,1222,},operator,0,40,24
300,1223,1226,else,keyword,0,40,25
301,1227,1227,{,operator,0,40,29
302,1257,1260,sort,identifier,0,41,28
303,1261,1261,(,operator,0,41,32
304,1262,1262,v,identifier,0,41,33
305,1263,1263,[,operator,0,41,34
306,1264,1264,a,identifier,0,41,35
307,1265,1265,],operator,0,41,36
308,1266,1266,.,operator,0,41,37
309,1267,1271,begin,identifier,0,41,38
310,1272,1272,(,operator,0,41,43
311,1273,1273,),operator,0,41,44
312,1274,1274,",",operator,0,41,45
313,1275,1275,v,identifier,0,41,46
314,1276,1276,[,operator,0,41,47
315,1277,1277,a,identifier,0,41,48
316,1278,1278,],operator,0,41,49
317,1279,1279,.,operator,0,41,50
318,1280,1282,end,identifier,0,41,51
319,1283,1283,(,operator,0,41,54
320,1284,1284,),operator,0,41,55
321,1285,1285,),operator,0,41,56
322,1286,1286,;,operator,0,41,57
323,1316,1319,sort,identifier,0,42,28
324,1320,1320,(,operator,0,42,32
325,1321,1323,tmp,identifier,0,42,33
326,1324,1324,.,operator,0,42,36
327,1325,1329,begin,identifier,0,42,37
328,1330,1330,(,operator,0,42,42
329,1331,1331,),operator,0,42,43
330,1332,1332,",",operator,0,42,44
331,1333,1335,tmp,identifier,0,42,45
332,1336,1336,.,operator,0,42,48
333,1337,1339,end,identifier,0,42,49
334,1340,1340,(,operator,0,42,52
335,1341,1341,),operator,0,42,53
336,1342,1342,),operator,0,42,54
337,1343,1343,;,operator,0,42,55
338,1373,1374,if,keyword,0,43,28
339,1375,1375,(,operator,0,43,30
340,1376,1378,tmp,identifier,0,43,31
341,1379,1379,[,operator,0,43,34
342,1380,1380,1,integer,0,43,35
343,1381,1381,],operator,0,43,36
344,1382,1382,<,operator,0,43,37
345,1383,1383,v,identifier,0,43,38
346,1384,1384,[,operator,0,43,39
347,1385,1385,a,identifier,0,43,40
348,1386,1386,],operator,0,43,41
349,1387,1387,[,operator,0,43,42
350,1388,1388,0,integer,0,43,43
351,1389,1389,],operator,0,43,44
352,1391,1392,||,operator,0,43,46
353,1394,1394,v,identifier,0,43,49
354,1395,1395,[,operator,0,43,50
355,1396,1396,a,identifier,0,43,51
356,1397,1397,],operator,0,43,52
357,1398,1398,[,operator,0,43,53
358,1399,1399,1,integer,0,43,54
359,1400,1400,],operator,0,43,55
360,1401,1401,<,operator,0,43,56
361,1402,1404,tmp,identifier,0,43,57
362,1405,1405,[,operator,0,43,60
363,1406,1406,0,integer,0,43,61
364,1407,1407,],operator,0,43,62
365,1408,1408,),operator,0,43,63
366,1409,1409,{,operator,0,43,64
367,1443,1446,flag,identifier,0,44,32
368,1447,1447,=,operator,0,44,36
369,1448,1452,false,keyword,0,44,37
370,1453,1453,;,operator,0,44,42
371,1483,1483,},operator,0,45,28
372,1484,1487,else,keyword,0,45,29
373,1488,1488,{,operator,0,45,33
374,1522,1522,v,identifier,0,46,32
375,1523,1523,[,operator,0,46,33
376,1524,1524,a,identifier,0,46,34
377,1525,1525,],operator,0,46,35
378,1526,1526,[,operator,0,46,36
379,1527,1527,0,integer,0,46,37
380,1528,1528,],operator,0,46,38
381,1529,1529,=,operator,0,46,39
382,1530,1532,max,identifier,0,46,40
383,1533,1533,(,operator,0,46,43
384,1534,1536,tmp,identifier,0,46,44
385,1537,1537,[,operator,0,46,47
386,1538,1538,0,integer,0,46,48
387,1539,1539,],operator,0,46,49
388,1540,1540,",",operator,0,46,50
389,1541,1541,v,identifier,0,46,51
390,1542,1542,[,operator,0,46,52
391,1543,1543,a,identifier,0,46,53
392,1544,1544,],operator,0,46,54
393,1545,1545,[,operator,0,46,55
394,1546,1546,0,integer,0,46,56
395,1547,1547,],operator,0,46,57
396,1548,1548,),operator,0,46,58
397,1549,1549,;,operator,0,46,59
398,1583,1583,v,identifier,0,47,32
399,1584,1584,[,operator,0,47,33
400,1585,1585,a,identifier,0,47,34
401,1586,1586,],operator,0,47,35
402,1587,1587,[,operator,0,47,36
403,1588,1588,1,integer,0,47,37
404,1589,1589,],operator,0,47,38
405,1590,1590,=,operator,0,47,39
406,1591,1593,min,identifier,0,47,40
407,1594,1594,(,operator,0,47,43
408,1595,1597,tmp,identifier,0,47,44
409,1598,1598,[,operator,0,47,47
410,1599,1599,1,integer,0,47,48
411,1600,1600,],operator,0,47,49
412,1601,1601,",",operator,0,47,50
413,1602,1602,v,identifier,0,47,51
414,1603,1603,[,operator,0,47,52
415,1604,1604,a,identifier,0,47,53
416,1605,1605,],operator,0,47,54
417,1606,1606,[,operator,0,47,55
418,1607,1607,1,integer,0,47,56
419,1608,1608,],operator,0,47,57
420,1609,1609,),operator,0,47,58
421,1610,1610,;,operator,0,47,59
422,1640,1640,},operator,0,48,28
423,1666,1666,},operator,0,49,24
424,1688,1688,},operator,0,50,20
425,1706,1706,},operator,0,51,16
426,1720,1720,},operator,0,52,12
427,1730,1730,},operator,0,53,8
428,1772,1773,if,keyword,0,54,8
429,1774,1774,(,operator,0,54,10
430,1775,1778,flag,identifier,0,54,11
431,1779,1779,),operator,0,54,15
432,1780,1780,{,operator,0,54,16
433,1794,1795,if,keyword,0,55,12
434,1796,1796,(,operator,0,55,14
435,1797,1797,P,identifier,0,55,15
436,1798,1798,[,operator,0,55,16
437,1799,1799,a,identifier,0,55,17
438,1800,1800,],operator,0,55,18
439,1801,1802,"!=",operator,0,55,19
440,1803,1805,INF,identifier,0,55,21
441,1806,1806,),operator,0,55,24
442,1807,1807,{,operator,0,55,25
443,1825,1826,if,keyword,0,56,16
444,1827,1827,(,operator,0,56,18
445,1828,1828,v,identifier,0,56,19
446,1829,1829,[,operator,0,56,20
447,1830,1830,a,identifier,0,56,21
448,1831,1831,],operator,0,56,22
449,1832,1832,.,operator,0,56,23
450,1833,1836,size,identifier,0,56,24
451,1837,1837,(,operator,0,56,28
452,1838,1838,),operator,0,56,29
453,1839,1840,"!=",operator,0,56,30
454,1841,1841,0,integer,0,56,32
455,1842,1842,),operator,0,56,33
456,1843,1843,{,operator,0,56,34
457,1865,1866,if,keyword,0,57,20
458,1867,1867,(,operator,0,57,22
459,1868,1868,P,identifier,0,57,23
460,1869,1869,[,operator,0,57,24
461,1870,1870,a,identifier,0,57,25
462,1871,1871,],operator,0,57,26
463,1872,1872,<,operator,0,57,27
464,1873,1873,v,identifier,0,57,28
465,1874,1874,[,operator,0,57,29
466,1875,1875,a,identifier,0,57,30
467,1876,1876,],operator,0,57,31
468,1877,1877,[,operator,0,57,32
469,1878,1878,0,integer,0,57,33
470,1879,1879,],operator,0,57,34
471,1881,1882,||,operator,0,57,36
472,1884,1884,P,identifier,0,57,39
473,1885,1885,[,operator,0,57,40
474,1886,1886,a,identifier,0,57,41
475,1887,1887,],operator,0,57,42
476,1888,1888,>,operator,0,57,43
477,1889,1889,v,identifier,0,57,44
478,1890,1890,[,operator,0,57,45
479,1891,1891,a,identifier,0,57,46
480,1892,1892,],operator,0,57,47
481,1893,1893,[,operator,0,57,48
482,1894,1894,1,integer,0,57,49
483,1895,1895,],operator,0,57,50
484,1896,1896,),operator,0,57,51
485,1897,1897,{,operator,0,57,52
486,1923,1926,flag,identifier,0,58,24
487,1927,1927,=,operator,0,58,28
488,1928,1932,false,keyword,0,58,29
489,1933,1933,;,operator,0,58,34
490,1955,1955,},operator,0,59,20
491,1956,1959,else,keyword,0,59,21
492,1960,1960,{,operator,0,59,25
493,1986,1986,v,identifier,0,60,24
494,1987,1987,[,operator,0,60,25
495,1988,1988,a,identifier,0,60,26
496,1989,1989,],operator,0,60,27
497,1990,1990,.,operator,0,60,28
498,1991,1995,clear,identifier,0,60,29
499,1996,1996,(,operator,0,60,34
500,1997,1997,),operator,0,60,35
501,1998,1998,;,operator,0,60,36
502,2024,2024,v,identifier,0,61,24
503,2025,2025,[,operator,0,61,25
504,2026,2026,a,identifier,0,61,26
505,2027,2027,],operator,0,61,27
506,2028,2028,.,operator,0,61,28
507,2029,2037,push_back,identifier,0,61,29
508,2038,2038,(,operator,0,61,38
509,2039,2039,P,identifier,0,61,39
510,2040,2040,[,operator,0,61,40
511,2041,2041,a,identifier,0,61,41
512,2042,2042,],operator,0,61,42
513,2043,2043,),operator,0,61,43
514,2044,2044,;,operator,0,61,44
515,2070,2072,ret,identifier,0,62,24
516,2073,2073,.,operator,0,62,27
517,2074,2082,push_back,identifier,0,62,28
518,2083,2083,(,operator,0,62,37
519,2084,2084,P,identifier,0,62,38
520,2085,2085,[,operator,0,62,39
521,2086,2086,a,identifier,0,62,40
522,2087,2087,],operator,0,62,41
523,2088,2088,-,operator,0,62,42
524,2089,2089,1,integer,0,62,43
525,2090,2090,),operator,0,62,44
526,2091,2091,;,operator,0,62,45
527,2117,2119,ret,identifier,0,63,24
528,2120,2120,.,operator,0,63,27
529,2121,2129,push_back,identifier,0,63,28
530,2130,2130,(,operator,0,63,37
531,2131,2131,P,identifier,0,63,38
532,2132,2132,[,operator,0,63,39
533,2133,2133,a,identifier,0,63,40
534,2134,2134,],operator,0,63,41
535,2135,2135,+,operator,0,63,42
536,2136,2136,1,integer,0,63,43
537,2137,2137,),operator,0,63,44
538,2138,2138,;,operator,0,63,45
539,2160,2160,},operator,0,64,20
540,2178,2178,},operator,0,65,16
541,2179,2182,else,keyword,0,65,17
542,2183,2183,{,operator,0,65,21
543,2205,2205,v,identifier,0,66,20
544,2206,2206,[,operator,0,66,21
545,2207,2207,a,identifier,0,66,22
546,2208,2208,],operator,0,66,23
547,2209,2209,.,operator,0,66,24
548,2210,2218,push_back,identifier,0,66,25
549,2219,2219,(,operator,0,66,34
550,2220,2220,P,identifier,0,66,35
551,2221,2221,[,operator,0,66,36
552,2222,2222,a,identifier,0,66,37
553,2223,2223,],operator,0,66,38
554,2224,2224,),operator,0,66,39
555,2225,2225,;,operator,0,66,40
556,2247,2249,ret,identifier,0,67,20
557,2250,2250,.,operator,0,67,23
558,2251,2259,push_back,identifier,0,67,24
559,2260,2260,(,operator,0,67,33
560,2261,2261,P,identifier,0,67,34
561,2262,2262,[,operator,0,67,35
562,2263,2263,a,identifier,0,67,36
563,2264,2264,],operator,0,67,37
564,2265,2265,-,operator,0,67,38
565,2266,2266,1,integer,0,67,39
566,2267,2267,),operator,0,67,40
567,2268,2268,;,operator,0,67,41
568,2290,2292,ret,identifier,0,68,20
569,2293,2293,.,operator,0,68,23
570,2294,2302,push_back,identifier,0,68,24
571,2303,2303,(,operator,0,68,33
572,2304,2304,P,identifier,0,68,34
573,2305,2305,[,operator,0,68,35
574,2306,2306,a,identifier,0,68,36
575,2307,2307,],operator,0,68,37
576,2308,2308,+,operator,0,68,38
577,2309,2309,1,integer,0,68,39
578,2310,2310,),operator,0,68,40
579,2311,2311,;,operator,0,68,41
580,2329,2329,},operator,0,69,16
581,2343,2343,},operator,0,70,12
582,2344,2347,else,keyword,0,70,13
583,2348,2348,{,operator,0,70,17
584,2366,2367,if,keyword,0,71,16
585,2368,2368,(,operator,0,71,18
586,2369,2369,v,identifier,0,71,19
587,2370,2370,[,operator,0,71,20
588,2371,2371,a,identifier,0,71,21
589,2372,2372,],operator,0,71,22
590,2373,2373,.,operator,0,71,23
591,2374,2377,size,identifier,0,71,24
592,2378,2378,(,operator,0,71,28
593,2379,2379,),operator,0,71,29
594,2380,2381,"!=",operator,0,71,30
595,2382,2382,0,integer,0,71,32
596,2383,2383,),operator,0,71,33
597,2384,2384,{,operator,0,71,34
598,2406,2408,ret,identifier,0,72,20
599,2409,2409,.,operator,0,72,23
600,2410,2418,push_back,identifier,0,72,24
601,2419,2419,(,operator,0,72,33
602,2420,2420,v,identifier,0,72,34
603,2421,2421,[,operator,0,72,35
604,2422,2422,a,identifier,0,72,36
605,2423,2423,],operator,0,72,37
606,2424,2424,[,operator,0,72,38
607,2425,2425,0,integer,0,72,39
608,2426,2426,],operator,0,72,40
609,2427,2427,-,operator,0,72,41
610,2428,2428,1,integer,0,72,42
611,2429,2429,),operator,0,72,43
612,2430,2430,;,operator,0,72,44
613,2452,2454,ret,identifier,0,73,20
614,2455,2455,.,operator,0,73,23
615,2456,2464,push_back,identifier,0,73,24
616,2465,2465,(,operator,0,73,33
617,2466,2466,v,identifier,0,73,34
618,2467,2467,[,operator,0,73,35
619,2468,2468,a,identifier,0,73,36
620,2469,2469,],operator,0,73,37
621,2470,2470,[,operator,0,73,38
622,2471,2471,1,integer,0,73,39
623,2472,2472,],operator,0,73,40
624,2473,2473,+,operator,0,73,41
625,2474,2474,1,integer,0,73,42
626,2475,2475,),operator,0,73,43
627,2476,2476,;,operator,0,73,44
628,2494,2494,},operator,0,74,16
629,2508,2508,},operator,0,75,12
630,2518,2518,},operator,0,76,8
631,2528,2529,if,keyword,0,77,8
632,2530,2530,(,operator,0,77,10
633,2531,2531,"!",operator,0,77,11
634,2532,2535,flag,identifier,0,77,12
635,2536,2536,),operator,0,77,16
636,2537,2537,{,operator,0,77,17
637,2551,2553,ret,identifier,0,78,12
638,2554,2554,.,operator,0,78,15
639,2555,2563,push_back,identifier,0,78,16
640,2564,2564,(,operator,0,78,25
641,2565,2567,INF,identifier,0,78,26
642,2568,2568,),operator,0,78,29
643,2569,2569,;,operator,0,78,30
644,2583,2585,ret,identifier,0,79,12
645,2586,2586,.,operator,0,79,15
646,2587,2595,push_back,identifier,0,79,16
647,2596,2596,(,operator,0,79,25
648,2597,2599,INF,identifier,0,79,26
649,2600,2600,),operator,0,79,29
650,2601,2601,;,operator,0,79,30
651,2611,2611,},operator,0,80,8
652,2617,2617,},operator,0,81,4
653,2623,2628,return,keyword,0,82,4
654,2630,2632,ret,identifier,0,82,11
655,2633,2633,;,operator,0,82,14
656,2635,2635,},operator,0,83,0
657,2637,2640,void,keyword,0,84,0
658,2642,2646,solv2,identifier,0,84,5
659,2647,2647,(,operator,0,84,10
660,2648,2654,int64_t,identifier,0,84,11
661,2656,2656,a,identifier,0,84,19
662,2657,2657,",",operator,0,84,20
663,2658,2664,int64_t,identifier,0,84,21
664,2666,2666,c,identifier,0,84,29
665,2667,2667,",",operator,0,84,30
666,2668,2674,int64_t,identifier,0,84,31
667,2676,2676,b,identifier,0,84,39
668,2677,2677,),operator,0,84,40
669,2678,2678,{,operator,0,84,41
670,2704,2705,if,keyword,0,85,4
671,2706,2706,(,operator,0,85,6
672,2707,2707,b,identifier,0,85,7
673,2708,2709,==,operator,0,85,8
674,2710,2710,-,operator,0,85,10
675,2711,2711,1,integer,0,85,11
676,2712,2712,),operator,0,85,12
677,2713,2713,{,operator,0,85,13
678,2723,2723,P,identifier,0,86,8
679,2724,2724,[,operator,0,86,9
680,2725,2725,a,identifier,0,86,10
681,2726,2726,],operator,0,86,11
682,2727,2727,=,operator,0,86,12
683,2728,2728,v,identifier,0,86,13
684,2729,2729,[,operator,0,86,14
685,2730,2730,a,identifier,0,86,15
686,2731,2731,],operator,0,86,16
687,2732,2732,[,operator,0,86,17
688,2733,2733,0,integer,0,86,18
689,2734,2734,],operator,0,86,19
690,2735,2735,;,operator,0,86,20
691,2745,2747,for,keyword,0,87,8
692,2748,2748,(,operator,0,87,11
693,2749,2751,int,keyword,0,87,12
694,2753,2753,i,identifier,0,87,16
695,2754,2754,=,operator,0,87,17
696,2755,2755,0,integer,0,87,18
697,2756,2756,;,operator,0,87,19
698,2757,2757,i,identifier,0,87,20
699,2758,2758,<,operator,0,87,21
700,2759,2759,G,identifier,0,87,22
701,2760,2760,[,operator,0,87,23
702,2761,2761,a,identifier,0,87,24
703,2762,2762,],operator,0,87,25
704,2763,2763,.,operator,0,87,26
705,2764,2767,size,identifier,0,87,27
706,2768,2768,(,operator,0,87,31
707,2769,2769,),operator,0,87,32
708,2770,2770,;,operator,0,87,33
709,2771,2771,i,identifier,0,87,34
710,2772,2773,++,operator,0,87,35
711,2774,2774,),operator,0,87,37
712,2775,2775,{,operator,0,87,38
713,2789,2793,solv2,identifier,0,88,12
714,2794,2794,(,operator,0,88,17
715,2795,2795,G,identifier,0,88,18
716,2796,2796,[,operator,0,88,19
717,2797,2797,a,identifier,0,88,20
718,2798,2798,],operator,0,88,21
719,2799,2799,[,operator,0,88,22
720,2800,2800,i,identifier,0,88,23
721,2801,2801,],operator,0,88,24
722,2802,2802,",",operator,0,88,25
723,2803,2803,P,identifier,0,88,26
724,2804,2804,[,operator,0,88,27
725,2805,2805,a,identifier,0,88,28
726,2806,2806,],operator,0,88,29
727,2807,2807,",",operator,0,88,30
728,2808,2808,a,identifier,0,88,31
729,2809,2809,),operator,0,88,32
730,2810,2810,;,operator,0,88,33
731,2820,2820,},operator,0,89,8
732,2826,2826,},operator,0,90,4
733,2827,2830,else,keyword,0,90,5
734,2831,2831,{,operator,0,90,9
735,2841,2842,if,keyword,0,91,8
736,2843,2843,(,operator,0,91,10
737,2844,2844,P,identifier,0,91,11
738,2845,2845,[,operator,0,91,12
739,2846,2846,a,identifier,0,91,13
740,2847,2847,],operator,0,91,14
741,2848,2849,==,operator,0,91,15
742,2850,2852,INF,identifier,0,91,17
743,2853,2853,),operator,0,91,20
744,2854,2854,{,operator,0,91,21
745,2868,2869,if,keyword,0,92,12
746,2870,2870,(,operator,0,92,14
747,2871,2871,v,identifier,0,92,15
748,2872,2872,[,operator,0,92,16
749,2873,2873,a,identifier,0,92,17
750,2874,2874,],operator,0,92,18
751,2875,2875,.,operator,0,92,19
752,2876,2879,size,identifier,0,92,20
753,2880,2880,(,operator,0,92,24
754,2881,2881,),operator,0,92,25
755,2882,2883,==,operator,0,92,26
756,2884,2884,0,integer,0,92,28
757,2885,2885,),operator,0,92,29
758,2886,2886,{,operator,0,92,30
759,2904,2904,P,identifier,0,93,16
760,2905,2905,[,operator,0,93,17
761,2906,2906,a,identifier,0,93,18
762,2907,2907,],operator,0,93,19
763,2908,2908,=,operator,0,93,20
764,2909,2909,c,identifier,0,93,21
765,2910,2910,-,operator,0,93,22
766,2911,2911,1,integer,0,93,23
767,2912,2912,;,operator,0,93,24
768,2926,2926,},operator,0,94,12
769,2927,2930,else,keyword,0,94,13
770,2932,2933,if,keyword,0,94,18
771,2934,2934,(,operator,0,94,20
772,2935,2935,v,identifier,0,94,21
773,2936,2936,[,operator,0,94,22
774,2937,2937,a,identifier,0,94,23
775,2938,2938,],operator,0,94,24
776,2939,2939,.,operator,0,94,25
777,2940,2943,size,identifier,0,94,26
778,2944,2944,(,operator,0,94,30
779,2945,2945,),operator,0,94,31
780,2946,2947,==,operator,0,94,32
781,2948,2948,1,integer,0,94,34
782,2949,2949,),operator,0,94,35
783,2950,2950,{,operator,0,94,36
784,2968,2968,P,identifier,0,95,16
785,2969,2969,[,operator,0,95,17
786,2970,2970,a,identifier,0,95,18
787,2971,2971,],operator,0,95,19
788,2972,2972,=,operator,0,95,20
789,2973,2973,v,identifier,0,95,21
790,2974,2974,[,operator,0,95,22
791,2975,2975,a,identifier,0,95,23
792,2976,2976,],operator,0,95,24
793,2977,2977,[,operator,0,95,25
794,2978,2978,0,integer,0,95,26
795,2979,2979,],operator,0,95,27
796,2980,2980,;,operator,0,95,28
797,2994,2994,},operator,0,96,12
798,2995,2998,else,keyword,0,96,13
799,2999,2999,{,operator,0,96,17
800,3017,3018,if,keyword,0,97,16
801,3019,3019,(,operator,0,97,18
802,3020,3020,v,identifier,0,97,19
803,3021,3021,[,operator,0,97,20
804,3022,3022,a,identifier,0,97,21
805,3023,3023,],operator,0,97,22
806,3024,3024,[,operator,0,97,23
807,3025,3025,0,integer,0,97,24
808,3026,3026,],operator,0,97,25
809,3027,3028,<=,operator,0,97,26
810,3030,3030,c,identifier,0,97,29
811,3031,3031,-,operator,0,97,30
812,3032,3032,1,integer,0,97,31
813,3034,3035,&&,operator,0,97,33
814,3037,3037,c,identifier,0,97,36
815,3038,3038,-,operator,0,97,37
816,3039,3039,1,integer,0,97,38
817,3040,3041,<=,operator,0,97,39
818,3043,3043,v,identifier,0,97,42
819,3044,3044,[,operator,0,97,43
820,3045,3045,a,identifier,0,97,44
821,3046,3046,],operator,0,97,45
822,3047,3047,[,operator,0,97,46
823,3048,3048,1,integer,0,97,47
824,3049,3049,],operator,0,97,48
825,3050,3050,),operator,0,97,49
826,3051,3051,{,operator,0,97,50
827,3073,3073,P,identifier,0,98,20
828,3074,3074,[,operator,0,98,21
829,3075,3075,a,identifier,0,98,22
830,3076,3076,],operator,0,98,23
831,3077,3077,=,operator,0,98,24
832,3078,3078,c,identifier,0,98,25
833,3079,3079,-,operator,0,98,26
834,3080,3080,1,integer,0,98,27
835,3081,3081,;,operator,0,98,28
836,3099,3099,},operator,0,99,16
837,3117,3118,if,keyword,0,100,16
838,3119,3119,(,operator,0,100,18
839,3120,3120,v,identifier,0,100,19
840,3121,3121,[,operator,0,100,20
841,3122,3122,a,identifier,0,100,21
842,3123,3123,],operator,0,100,22
843,3124,3124,[,operator,0,100,23
844,3125,3125,0,integer,0,100,24
845,3126,3126,],operator,0,100,25
846,3127,3128,<=,operator,0,100,26
847,3130,3130,c,identifier,0,100,29
848,3131,3131,+,operator,0,100,30
849,3132,3132,1,integer,0,100,31
850,3134,3135,&&,operator,0,100,33
851,3137,3137,c,identifier,0,100,36
852,3138,3138,+,operator,0,100,37
853,3139,3139,1,integer,0,100,38
854,3141,3142,<=,operator,0,100,40
855,3144,3144,v,identifier,0,100,43
856,3145,3145,[,operator,0,100,44
857,3146,3146,a,identifier,0,100,45
858,3147,3147,],operator,0,100,46
859,3148,3148,[,operator,0,100,47
860,3149,3149,1,integer,0,100,48
861,3150,3150,],operator,0,100,49
862,3151,3151,),operator,0,100,50
863,3152,3152,{,operator,0,100,51
864,3174,3174,P,identifier,0,101,20
865,3175,3175,[,operator,0,101,21
866,3176,3176,a,identifier,0,101,22
867,3177,3177,],operator,0,101,23
868,3178,3178,=,operator,0,101,24
869,3179,3179,c,identifier,0,101,25
870,3180,3180,+,operator,0,101,26
871,3181,3181,1,integer,0,101,27
872,3182,3182,;,operator,0,101,28
873,3200,3200,},operator,0,102,16
874,3214,3214,},operator,0,103,12
875,3224,3224,},operator,0,104,8
876,3234,3236,for,keyword,0,105,8
877,3237,3237,(,operator,0,105,11
878,3238,3240,int,keyword,0,105,12
879,3242,3242,i,identifier,0,105,16
880,3243,3243,=,operator,0,105,17
881,3244,3244,0,integer,0,105,18
882,3245,3245,;,operator,0,105,19
883,3246,3246,i,identifier,0,105,20
884,3247,3247,<,operator,0,105,21
885,3248,3248,G,identifier,0,105,22
886,3249,3249,[,operator,0,105,23
887,3250,3250,a,identifier,0,105,24
888,3251,3251,],operator,0,105,25
889,3252,3252,.,operator,0,105,26
890,3253,3256,size,identifier,0,105,27
891,3257,3257,(,operator,0,105,31
892,3258,3258,),operator,0,105,32
893,3259,3259,;,operator,0,105,33
894,3260,3260,i,identifier,0,105,34
895,3261,3262,++,operator,0,105,35
896,3263,3263,),operator,0,105,37
897,3264,3264,{,operator,0,105,38
898,3278,3279,if,keyword,0,106,12
899,3280,3280,(,operator,0,106,14
900,3281,3281,G,identifier,0,106,15
901,3282,3282,[,operator,0,106,16
902,3283,3283,a,identifier,0,106,17
903,3284,3284,],operator,0,106,18
904,3285,3285,[,operator,0,106,19
905,3286,3286,i,identifier,0,106,20
906,3287,3287,],operator,0,106,21
907,3288,3289,"!=",operator,0,106,22
908,3290,3290,b,identifier,0,106,24
909,3291,3291,),operator,0,106,25
910,3292,3292,{,operator,0,106,26
911,3310,3314,solv2,identifier,0,107,16
912,3315,3315,(,operator,0,107,21
913,3316,3316,G,identifier,0,107,22
914,3317,3317,[,operator,0,107,23
915,3318,3318,a,identifier,0,107,24
916,3319,3319,],operator,0,107,25
917,3320,3320,[,operator,0,107,26
918,3321,3321,i,identifier,0,107,27
919,3322,3322,],operator,0,107,28
920,3323,3323,",",operator,0,107,29
921,3324,3324,P,identifier,0,107,30
922,3325,3325,[,operator,0,107,31
923,3326,3326,a,identifier,0,107,32
924,3327,3327,],operator,0,107,33
925,3328,3328,",",operator,0,107,34
926,3329,3329,a,identifier,0,107,35
927,3330,3330,),operator,0,107,36
928,3331,3331,;,operator,0,107,37
929,3345,3345,},operator,0,108,12
930,3355,3355,},operator,0,109,8
931,3361,3361,},operator,0,110,4
932,3363,3363,},operator,0,111,0
933,3368,3370,int,keyword,0,115,0
934,3372,3375,main,identifier,0,115,4
935,3376,3376,(,operator,0,115,8
936,3377,3377,),operator,0,115,9
937,3378,3378,{,operator,0,115,10
938,3384,3386,cin,identifier,0,116,4
939,3387,3387,>,operator,0,116,7
940,3388,3388,>,operator,0,116,8
941,3389,3389,N,identifier,0,116,9
942,3390,3390,;,operator,0,116,10
943,3396,3398,for,keyword,0,117,4
944,3399,3399,(,operator,0,117,7
945,3400,3402,int,keyword,0,117,8
946,3404,3404,i,identifier,0,117,12
947,3405,3405,=,operator,0,117,13
948,3406,3406,0,integer,0,117,14
949,3407,3407,;,operator,0,117,15
950,3408,3408,i,identifier,0,117,16
951,3409,3409,<,operator,0,117,17
952,3410,3410,N,identifier,0,117,18
953,3411,3411,-,operator,0,117,19
954,3412,3412,1,integer,0,117,20
955,3413,3413,;,operator,0,117,21
956,3414,3414,i,identifier,0,117,22
957,3415,3416,++,operator,0,117,23
958,3417,3417,),operator,0,117,25
959,3418,3418,{,operator,0,117,26
960,3428,3434,int64_t,identifier,0,118,8
961,3436,3436,a,identifier,0,118,16
962,3437,3437,",",operator,0,118,17
963,3438,3438,b,identifier,0,118,18
964,3439,3439,;,operator,0,118,19
965,3449,3451,cin,identifier,0,119,8
966,3452,3452,>,operator,0,119,11
967,3453,3453,>,operator,0,119,12
968,3454,3454,a,identifier,0,119,13
969,3455,3455,>,operator,0,119,14
970,3456,3456,>,operator,0,119,15
971,3457,3457,b,identifier,0,119,16
972,3458,3458,;,operator,0,119,17
973,3468,3468,a,identifier,0,120,8
974,3469,3470,--,operator,0,120,9
975,3471,3471,;,operator,0,120,11
976,3473,3473,b,identifier,0,120,13
977,3474,3475,--,operator,0,120,14
978,3476,3476,;,operator,0,120,16
979,3486,3486,G,identifier,0,121,8
980,3487,3487,[,operator,0,121,9
981,3488,3488,a,identifier,0,121,10
982,3489,3489,],operator,0,121,11
983,3490,3490,.,operator,0,121,12
984,3491,3499,push_back,identifier,0,121,13
985,3500,3500,(,operator,0,121,22
986,3501,3501,b,identifier,0,121,23
987,3502,3502,),operator,0,121,24
988,3503,3503,;,operator,0,121,25
989,3513,3513,G,identifier,0,122,8
990,3514,3514,[,operator,0,122,9
991,3515,3515,b,identifier,0,122,10
992,3516,3516,],operator,0,122,11
993,3517,3517,.,operator,0,122,12
994,3518,3526,push_back,identifier,0,122,13
995,3527,3527,(,operator,0,122,22
996,3528,3528,a,identifier,0,122,23
997,3529,3529,),operator,0,122,24
998,3530,3530,;,operator,0,122,25
999,3536,3536,},operator,0,123,4
1000,3542,3544,cin,identifier,0,124,4
1001,3545,3545,>,operator,0,124,7
1002,3546,3546,>,operator,0,124,8
1003,3547,3547,K,identifier,0,124,9
1004,3548,3548,;,operator,0,124,10
1005,3554,3557,fill,identifier,0,125,4
1006,3558,3558,(,operator,0,125,8
1007,3559,3559,P,identifier,0,125,9
1008,3560,3560,",",operator,0,125,10
1009,3561,3561,P,identifier,0,125,11
1010,3562,3562,+,operator,0,125,12
1011,3563,3563,N,identifier,0,125,13
1012,3564,3564,",",operator,0,125,14
1013,3565,3567,INF,identifier,0,125,15
1014,3568,3568,),operator,0,125,18
1015,3569,3569,;,operator,0,125,19
1016,3575,3577,for,keyword,0,126,4
1017,3578,3578,(,operator,0,126,7
1018,3579,3581,int,keyword,0,126,8
1019,3583,3583,i,identifier,0,126,12
1020,3584,3584,=,operator,0,126,13
1021,3585,3585,0,integer,0,126,14
1022,3586,3586,;,operator,0,126,15
1023,3587,3587,i,identifier,0,126,16
1024,3588,3588,<,operator,0,126,17
1025,3589,3589,K,identifier,0,126,18
1026,3590,3590,;,operator,0,126,19
1027,3591,3591,i,identifier,0,126,20
1028,3592,3593,++,operator,0,126,21
1029,3594,3594,),operator,0,126,23
1030,3595,3595,{,operator,0,126,24
1031,3605,3611,int64_t,identifier,0,127,8
1032,3613,3613,a,identifier,0,127,16
1033,3614,3614,",",operator,0,127,17
1034,3615,3615,b,identifier,0,127,18
1035,3616,3616,;,operator,0,127,19
1036,3626,3628,cin,identifier,0,128,8
1037,3629,3629,>,operator,0,128,11
1038,3630,3630,>,operator,0,128,12
1039,3631,3631,a,identifier,0,128,13
1040,3632,3632,>,operator,0,128,14
1041,3633,3633,>,operator,0,128,15
1042,3634,3634,b,identifier,0,128,16
1043,3635,3635,;,operator,0,128,17
1044,3645,3645,a,identifier,0,129,8
1045,3646,3647,--,operator,0,129,9
1046,3648,3648,;,operator,0,129,11
1047,3658,3658,P,identifier,0,130,8
1048,3659,3659,[,operator,0,130,9
1049,3660,3660,a,identifier,0,130,10
1050,3661,3661,],operator,0,130,11
1051,3662,3662,=,operator,0,130,12
1052,3663,3663,b,identifier,0,130,13
1053,3664,3664,;,operator,0,130,14
1054,3670,3670,},operator,0,131,4
1055,3676,3681,vector,identifier,0,132,4
1056,3682,3682,<,operator,0,132,10
1057,3683,3689,int64_t,identifier,0,132,11
1058,3690,3690,>,operator,0,132,18
1059,3692,3694,tmp,identifier,0,132,20
1060,3695,3695,=,operator,0,132,23
1061,3696,3700,solv1,identifier,0,132,24
1062,3701,3701,(,operator,0,132,29
1063,3702,3702,0,integer,0,132,30
1064,3703,3703,",",operator,0,132,31
1065,3704,3704,-,operator,0,132,32
1066,3705,3705,1,integer,0,132,33
1067,3706,3706,),operator,0,132,34
1068,3707,3707,;,operator,0,132,35
1069,3713,3714,if,keyword,0,133,4
1070,3715,3715,(,operator,0,133,6
1071,3716,3718,tmp,identifier,0,133,7
1072,3719,3719,[,operator,0,133,10
1073,3720,3720,0,integer,0,133,11
1074,3721,3721,],operator,0,133,12
1075,3722,3723,"!=",operator,0,133,13
1076,3724,3726,INF,identifier,0,133,15
1077,3727,3727,),operator,0,133,18
1078,3728,3728,{,operator,0,133,19
1079,3738,3741,cout,identifier,0,134,8
1080,3742,3742,<,operator,0,134,12
1081,3743,3743,<,operator,0,134,13
1082,3744,3748,"""Yes""",string,0,134,14
1083,3749,3749,<,operator,0,134,19
1084,3750,3750,<,operator,0,134,20
1085,3751,3754,endl,identifier,0,134,21
1086,3755,3755,;,operator,0,134,25
1087,3765,3769,solv2,identifier,0,135,8
1088,3770,3770,(,operator,0,135,13
1089,3771,3771,0,integer,0,135,14
1090,3772,3772,",",operator,0,135,15
1091,3773,3773,0,integer,0,135,16
1092,3774,3774,",",operator,0,135,17
1093,3775,3775,-,operator,0,135,18
1094,3776,3776,1,integer,0,135,19
1095,3777,3777,),operator,0,135,20
1096,3778,3778,;,operator,0,135,21
1097,3788,3790,for,keyword,0,136,8
1098,3791,3791,(,operator,0,136,11
1099,3792,3794,int,keyword,0,136,12
1100,3796,3796,i,identifier,0,136,16
1101,3797,3797,=,operator,0,136,17
1102,3798,3798,0,integer,0,136,18
1103,3799,3799,;,operator,0,136,19
1104,3800,3800,i,identifier,0,136,20
1105,3801,3801,<,operator,0,136,21
1106,3802,3802,N,identifier,0,136,22
1107,3803,3803,;,operator,0,136,23
1108,3804,3804,i,identifier,0,136,24
1109,3805,3806,++,operator,0,136,25
1110,3807,3807,),operator,0,136,27
1111,3808,3808,{,operator,0,136,28
1112,3822,3825,cout,identifier,0,137,12
1113,3826,3826,<,operator,0,137,16
1114,3827,3827,<,operator,0,137,17
1115,3828,3828,P,identifier,0,137,18
1116,3829,3829,[,operator,0,137,19
1117,3830,3830,i,identifier,0,137,20
1118,3831,3831,],operator,0,137,21
1119,3832,3832,<,operator,0,137,22
1120,3833,3833,<,operator,0,137,23
1121,3834,3837,endl,identifier,0,137,24
1122,3838,3838,;,operator,0,137,28
1123,3848,3848,},operator,0,138,8
1124,3854,3854,},operator,0,139,4
1125,3855,3858,else,keyword,0,139,5
1126,3859,3859,{,operator,0,139,9
1127,3869,3872,cout,identifier,0,140,8
1128,3873,3873,<,operator,0,140,12
1129,3874,3874,<,operator,0,140,13
1130,3875,3878,"""No""",string,0,140,14
1131,3879,3879,<,operator,0,140,18
1132,3880,3880,<,operator,0,140,19
1133,3881,3884,endl,identifier,0,140,20
1134,3885,3885,;,operator,0,140,24
1135,3891,3891,},operator,0,141,4
1136,3897,3902,return,keyword,0,142,4
1137,3904,3904,0,integer,0,142,11
1138,3905,3905,;,operator,0,142,12
1139,3907,3907,},operator,0,143,0
1140,3909,3908,<EOF>,eof,0,144,0
