seqnr,start,stop,text,class,channel,line,column
0,0,16,"#include <cstdio>",directive,1,1,0
1,18,34,"#include <cctype>",directive,1,2,0
2,36,53,"#include <cstring>",directive,1,3,0
3,55,70,"#include <queue>",directive,1,4,0
4,72,76,const,keyword,0,5,0
5,78,80,int,keyword,0,5,6
6,82,83,MX,identifier,0,5,10
7,85,85,=,operator,0,5,13
8,87,96,0x3f3f3f3f,integer,0,5,15
9,97,97,",",operator,0,5,25
10,99,100,MN,identifier,0,5,27
11,102,102,=,operator,0,5,30
12,104,113,0x9f9f9f9f,integer,0,5,32
13,114,114,;,operator,0,5,42
14,116,120,using,keyword,0,6,0
15,122,130,namespace,keyword,0,6,6
16,132,134,std,identifier,0,6,16
17,135,135,;,operator,0,6,19
18,137,141,const,keyword,0,7,0
19,143,145,int,keyword,0,7,6
20,147,147,N,identifier,0,7,10
21,149,149,=,operator,0,7,12
22,151,156,200005,integer,0,7,14
23,157,157,",",operator,0,7,20
24,159,159,M,identifier,0,7,22
25,161,161,=,operator,0,7,24
26,163,168,500005,integer,0,7,26
27,169,169,;,operator,0,7,32
28,171,173,int,keyword,0,8,0
29,175,176,to,identifier,0,8,4
30,177,177,[,operator,0,8,6
31,178,178,M,identifier,0,8,7
32,179,179,],operator,0,8,8
33,180,180,",",operator,0,8,9
34,182,183,nt,identifier,0,8,11
35,184,184,[,operator,0,8,13
36,185,185,M,identifier,0,8,14
37,186,186,],operator,0,8,15
38,187,187,",",operator,0,8,16
39,189,190,hd,identifier,0,8,18
40,191,191,[,operator,0,8,20
41,192,192,N,identifier,0,8,21
42,193,193,],operator,0,8,22
43,194,194,",",operator,0,8,23
44,196,198,tot,identifier,0,8,25
45,200,200,=,operator,0,8,29
46,202,202,0,integer,0,8,31
47,203,203,;,operator,0,8,32
48,205,207,int,keyword,0,9,0
49,209,210,lb,identifier,0,9,4
50,211,211,[,operator,0,9,6
51,212,212,N,identifier,0,9,7
52,213,213,],operator,0,9,8
53,214,214,",",operator,0,9,9
54,216,217,rb,identifier,0,9,11
55,218,218,[,operator,0,9,13
56,219,219,N,identifier,0,9,14
57,220,220,],operator,0,9,15
58,221,221,",",operator,0,9,16
59,223,224,fa,identifier,0,9,18
60,225,225,[,operator,0,9,20
61,226,226,N,identifier,0,9,21
62,227,227,],operator,0,9,22
63,228,228,",",operator,0,9,23
64,230,232,dep,identifier,0,9,25
65,233,233,[,operator,0,9,28
66,234,234,N,identifier,0,9,29
67,235,235,],operator,0,9,30
68,236,236,",",operator,0,9,31
69,238,240,ord,identifier,0,9,33
70,241,241,[,operator,0,9,36
71,242,242,N,identifier,0,9,37
72,243,243,],operator,0,9,38
73,244,244,",",operator,0,9,39
74,246,248,cnt,identifier,0,9,41
75,250,250,=,operator,0,9,45
76,252,252,0,integer,0,9,47
77,253,253,;,operator,0,9,48
78,256,261,inline,keyword,0,11,0
79,263,266,void,keyword,0,11,7
80,268,269,in,identifier,0,11,12
81,270,270,(,operator,0,11,14
82,271,273,int,keyword,0,11,15
83,275,275,&,operator,0,11,19
84,276,276,x,identifier,0,11,20
85,277,277,),operator,0,11,21
86,278,278,{,operator,0,11,22
87,281,288,register,keyword,0,12,1
88,290,293,char,keyword,0,12,10
89,295,296,ch,identifier,0,12,15
90,297,297,;,operator,0,12,17
91,300,300,x,identifier,0,13,1
92,302,302,=,operator,0,13,3
93,304,304,0,integer,0,13,5
94,305,305,;,operator,0,13,6
95,308,312,while,keyword,0,14,1
96,313,313,(,operator,0,14,6
97,314,320,isspace,identifier,0,14,7
98,321,321,(,operator,0,14,14
99,322,323,ch,identifier,0,14,15
100,325,325,=,operator,0,14,18
101,327,333,getchar,identifier,0,14,20
102,334,334,(,operator,0,14,27
103,335,335,),operator,0,14,28
104,336,336,),operator,0,14,29
105,337,337,),operator,0,14,30
106,338,338,;,operator,0,14,31
107,341,342,do,keyword,0,15,1
108,344,344,x,identifier,0,15,4
109,346,346,=,operator,0,15,6
110,348,348,x,identifier,0,15,8
111,350,350,*,operator,0,15,10
112,352,353,10,integer,0,15,12
113,355,355,+,operator,0,15,15
114,357,358,ch,identifier,0,15,17
115,360,360,-,operator,0,15,20
116,362,364,'0',character,0,15,22
117,365,365,;,operator,0,15,25
118,367,371,while,keyword,0,15,27
119,372,372,(,operator,0,15,32
120,373,379,isdigit,identifier,0,15,33
121,380,380,(,operator,0,15,40
122,381,382,ch,identifier,0,15,41
123,384,384,=,operator,0,15,44
124,386,392,getchar,identifier,0,15,46
125,393,393,(,operator,0,15,53
126,394,394,),operator,0,15,54
127,395,395,),operator,0,15,55
128,396,396,),operator,0,15,56
129,397,397,;,operator,0,15,57
130,399,399,},operator,0,16,0
131,401,406,inline,keyword,0,17,0
132,408,411,void,keyword,0,17,7
133,413,419,addedge,identifier,0,17,12
134,420,420,(,operator,0,17,19
135,421,423,int,keyword,0,17,20
136,425,425,x,identifier,0,17,24
137,426,426,",",operator,0,17,25
138,428,430,int,keyword,0,17,27
139,432,432,y,identifier,0,17,31
140,433,433,),operator,0,17,32
141,434,434,{,operator,0,17,33
142,437,438,++,operator,0,18,1
143,439,441,tot,identifier,0,18,3
144,442,442,;,operator,0,18,6
145,445,446,to,identifier,0,19,1
146,447,447,[,operator,0,19,3
147,448,450,tot,identifier,0,19,4
148,451,451,],operator,0,19,7
149,453,453,=,operator,0,19,9
150,455,455,y,identifier,0,19,11
151,456,456,;,operator,0,19,12
152,458,459,nt,identifier,0,19,14
153,460,460,[,operator,0,19,16
154,461,463,tot,identifier,0,19,17
155,464,464,],operator,0,19,20
156,466,466,=,operator,0,19,22
157,468,469,hd,identifier,0,19,24
158,470,470,[,operator,0,19,26
159,471,471,x,identifier,0,19,27
160,472,472,],operator,0,19,28
161,473,473,;,operator,0,19,29
162,475,476,hd,identifier,0,19,31
163,477,477,[,operator,0,19,33
164,478,478,x,identifier,0,19,34
165,479,479,],operator,0,19,35
166,481,481,=,operator,0,19,37
167,483,485,tot,identifier,0,19,39
168,486,486,;,operator,0,19,42
169,488,488,},operator,0,20,0
170,491,494,void,keyword,0,22,0
171,496,498,bfs,identifier,0,22,5
172,499,499,(,operator,0,22,8
173,500,500,),operator,0,22,9
174,501,501,{,operator,0,22,10
175,504,508,queue,identifier,0,23,1
176,509,509,<,operator,0,23,6
177,510,512,int,keyword,0,23,7
178,513,513,>,operator,0,23,10
179,515,515,q,identifier,0,23,12
180,516,516,;,operator,0,23,13
181,519,519,q,identifier,0,24,1
182,520,520,.,operator,0,24,2
183,521,524,push,identifier,0,24,3
184,525,525,(,operator,0,24,7
185,526,526,1,integer,0,24,8
186,527,527,),operator,0,24,9
187,528,528,;,operator,0,24,10
188,531,532,fa,identifier,0,25,1
189,533,533,[,operator,0,25,3
190,534,534,1,integer,0,25,4
191,535,535,],operator,0,25,5
192,537,537,=,operator,0,25,7
193,539,539,1,integer,0,25,9
194,540,540,;,operator,0,25,10
195,542,544,dep,identifier,0,25,12
196,545,545,[,operator,0,25,15
197,546,546,1,integer,0,25,16
198,547,547,],operator,0,25,17
199,549,549,=,operator,0,25,19
200,551,551,0,integer,0,25,21
201,552,552,;,operator,0,25,22
202,555,557,int,keyword,0,26,1
203,559,559,x,identifier,0,26,5
204,560,560,;,operator,0,26,6
205,563,567,while,keyword,0,27,1
206,568,568,(,operator,0,27,6
207,569,569,"!",operator,0,27,7
208,570,570,q,identifier,0,27,8
209,571,571,.,operator,0,27,9
210,572,576,empty,identifier,0,27,10
211,577,577,(,operator,0,27,15
212,578,578,),operator,0,27,16
213,579,579,),operator,0,27,17
214,580,580,{,operator,0,27,18
215,584,584,x,identifier,0,28,2
216,586,586,=,operator,0,28,4
217,588,588,q,identifier,0,28,6
218,589,589,.,operator,0,28,7
219,590,594,front,identifier,0,28,8
220,595,595,(,operator,0,28,13
221,596,596,),operator,0,28,14
222,597,597,;,operator,0,28,15
223,599,599,q,identifier,0,28,17
224,600,600,.,operator,0,28,18
225,601,603,pop,identifier,0,28,19
226,604,604,(,operator,0,28,22
227,605,605,),operator,0,28,23
228,606,606,;,operator,0,28,24
229,610,612,ord,identifier,0,29,2
230,613,613,[,operator,0,29,5
231,614,615,++,operator,0,29,6
232,616,618,cnt,identifier,0,29,8
233,619,619,],operator,0,29,11
234,621,621,=,operator,0,29,13
235,623,623,x,identifier,0,29,15
236,624,624,;,operator,0,29,16
237,628,630,for,keyword,0,30,2
238,631,631,(,operator,0,30,5
239,632,634,int,keyword,0,30,6
240,636,636,i,identifier,0,30,10
241,637,637,=,operator,0,30,11
242,638,639,hd,identifier,0,30,12
243,640,640,[,operator,0,30,14
244,641,641,x,identifier,0,30,15
245,642,642,],operator,0,30,16
246,643,643,;,operator,0,30,17
247,645,645,i,identifier,0,30,19
248,646,646,;,operator,0,30,20
249,648,648,i,identifier,0,30,22
250,649,649,=,operator,0,30,23
251,650,651,nt,identifier,0,30,24
252,652,652,[,operator,0,30,26
253,653,653,i,identifier,0,30,27
254,654,654,],operator,0,30,28
255,655,655,),operator,0,30,29
256,656,656,{,operator,0,30,30
257,661,662,if,keyword,0,31,3
258,663,663,(,operator,0,31,5
259,664,665,to,identifier,0,31,6
260,666,666,[,operator,0,31,8
261,667,667,i,identifier,0,31,9
262,668,668,],operator,0,31,10
263,670,671,"!=",operator,0,31,12
264,673,674,fa,identifier,0,31,15
265,675,675,[,operator,0,31,17
266,676,676,x,identifier,0,31,18
267,677,677,],operator,0,31,19
268,678,678,),operator,0,31,20
269,679,679,{,operator,0,31,21
270,685,686,fa,identifier,0,32,4
271,687,687,[,operator,0,32,6
272,688,689,to,identifier,0,32,7
273,690,690,[,operator,0,32,9
274,691,691,i,identifier,0,32,10
275,692,692,],operator,0,32,11
276,693,693,],operator,0,32,12
277,695,695,=,operator,0,32,14
278,697,697,x,identifier,0,32,16
279,698,698,;,operator,0,32,17
280,704,706,dep,identifier,0,33,4
281,707,707,[,operator,0,33,7
282,708,709,to,identifier,0,33,8
283,710,710,[,operator,0,33,10
284,711,711,i,identifier,0,33,11
285,712,712,],operator,0,33,12
286,713,713,],operator,0,33,13
287,715,715,=,operator,0,33,15
288,717,719,dep,identifier,0,33,17
289,720,720,[,operator,0,33,20
290,721,721,x,identifier,0,33,21
291,722,722,],operator,0,33,22
292,724,724,+,operator,0,33,24
293,726,726,1,integer,0,33,26
294,727,727,;,operator,0,33,27
295,789,790,if,keyword,0,35,4
296,791,791,(,operator,0,35,6
297,792,793,lb,identifier,0,35,7
298,794,794,[,operator,0,35,9
299,795,795,x,identifier,0,35,10
300,796,796,],operator,0,35,11
301,798,799,"!=",operator,0,35,13
302,801,802,MN,identifier,0,35,16
303,803,803,),operator,0,35,18
304,805,806,lb,identifier,0,35,20
305,807,807,[,operator,0,35,22
306,808,809,to,identifier,0,35,23
307,810,810,[,operator,0,35,25
308,811,811,i,identifier,0,35,26
309,812,812,],operator,0,35,27
310,813,813,],operator,0,35,28
311,815,815,=,operator,0,35,30
312,817,819,max,identifier,0,35,32
313,820,820,(,operator,0,35,35
314,821,822,lb,identifier,0,35,36
315,823,823,[,operator,0,35,38
316,824,825,to,identifier,0,35,39
317,826,826,[,operator,0,35,41
318,827,827,i,identifier,0,35,42
319,828,828,],operator,0,35,43
320,829,829,],operator,0,35,44
321,830,830,",",operator,0,35,45
322,832,833,lb,identifier,0,35,47
323,834,834,[,operator,0,35,49
324,835,835,x,identifier,0,35,50
325,836,836,],operator,0,35,51
326,838,838,-,operator,0,35,53
327,840,840,1,integer,0,35,55
328,841,841,),operator,0,35,56
329,842,842,;,operator,0,35,57
330,848,849,if,keyword,0,36,4
331,850,850,(,operator,0,36,6
332,851,852,rb,identifier,0,36,7
333,853,853,[,operator,0,36,9
334,854,854,x,identifier,0,36,10
335,855,855,],operator,0,36,11
336,857,858,"!=",operator,0,36,13
337,860,861,MX,identifier,0,36,16
338,862,862,),operator,0,36,18
339,864,865,rb,identifier,0,36,20
340,866,866,[,operator,0,36,22
341,867,868,to,identifier,0,36,23
342,869,869,[,operator,0,36,25
343,870,870,i,identifier,0,36,26
344,871,871,],operator,0,36,27
345,872,872,],operator,0,36,28
346,874,874,=,operator,0,36,30
347,876,878,min,identifier,0,36,32
348,879,879,(,operator,0,36,35
349,880,881,rb,identifier,0,36,36
350,882,882,[,operator,0,36,38
351,883,884,to,identifier,0,36,39
352,885,885,[,operator,0,36,41
353,886,886,i,identifier,0,36,42
354,887,887,],operator,0,36,43
355,888,888,],operator,0,36,44
356,889,889,",",operator,0,36,45
357,891,892,rb,identifier,0,36,47
358,893,893,[,operator,0,36,49
359,894,894,x,identifier,0,36,50
360,895,895,],operator,0,36,51
361,897,897,+,operator,0,36,53
362,899,899,1,integer,0,36,55
363,900,900,),operator,0,36,56
364,901,901,;,operator,0,36,57
365,907,907,q,identifier,0,37,4
366,908,908,.,operator,0,37,5
367,909,912,push,identifier,0,37,6
368,913,913,(,operator,0,37,10
369,914,915,to,identifier,0,37,11
370,916,916,[,operator,0,37,13
371,917,917,i,identifier,0,37,14
372,918,918,],operator,0,37,15
373,919,919,),operator,0,37,16
374,920,920,;,operator,0,37,17
375,925,925,},operator,0,38,3
376,929,929,},operator,0,39,2
377,932,932,},operator,0,40,1
378,934,934,},operator,0,41,0
379,937,939,int,keyword,0,43,0
380,941,944,main,identifier,0,43,4
381,945,945,(,operator,0,43,8
382,946,946,),operator,0,43,9
383,947,947,{,operator,0,43,10
384,1028,1030,int,keyword,0,46,1
385,1032,1032,n,identifier,0,46,5
386,1033,1033,",",operator,0,46,6
387,1035,1035,k,identifier,0,46,8
388,1036,1036,",",operator,0,46,9
389,1038,1038,x,identifier,0,46,11
390,1039,1039,",",operator,0,46,12
391,1041,1041,y,identifier,0,46,14
392,1042,1042,;,operator,0,46,15
393,1045,1046,in,identifier,0,47,1
394,1047,1047,(,operator,0,47,3
395,1048,1048,n,identifier,0,47,4
396,1049,1049,),operator,0,47,5
397,1050,1050,;,operator,0,47,6
398,1053,1055,for,keyword,0,48,1
399,1056,1056,(,operator,0,48,4
400,1057,1059,int,keyword,0,48,5
401,1061,1061,i,identifier,0,48,9
402,1062,1062,=,operator,0,48,10
403,1063,1063,1,integer,0,48,11
404,1064,1064,;,operator,0,48,12
405,1066,1066,i,identifier,0,48,14
406,1067,1067,<,operator,0,48,15
407,1068,1068,n,identifier,0,48,16
408,1069,1069,;,operator,0,48,17
409,1071,1071,i,identifier,0,48,19
410,1072,1073,++,operator,0,48,20
411,1074,1074,),operator,0,48,22
412,1075,1075,{,operator,0,48,23
413,1079,1080,in,identifier,0,49,2
414,1081,1081,(,operator,0,49,4
415,1082,1082,x,identifier,0,49,5
416,1083,1083,),operator,0,49,6
417,1084,1084,;,operator,0,49,7
418,1086,1087,in,identifier,0,49,9
419,1088,1088,(,operator,0,49,11
420,1089,1089,y,identifier,0,49,12
421,1090,1090,),operator,0,49,13
422,1091,1091,;,operator,0,49,14
423,1095,1101,addedge,identifier,0,50,2
424,1102,1102,(,operator,0,50,9
425,1103,1103,x,identifier,0,50,10
426,1104,1104,",",operator,0,50,11
427,1106,1106,y,identifier,0,50,13
428,1107,1107,),operator,0,50,14
429,1108,1108,;,operator,0,50,15
430,1110,1116,addedge,identifier,0,50,17
431,1117,1117,(,operator,0,50,24
432,1118,1118,y,identifier,0,50,25
433,1119,1119,",",operator,0,50,26
434,1121,1121,x,identifier,0,50,28
435,1122,1122,),operator,0,50,29
436,1123,1123,;,operator,0,50,30
437,1126,1126,},operator,0,51,1
438,1129,1134,memset,identifier,0,52,1
439,1135,1135,(,operator,0,52,7
440,1136,1137,lb,identifier,0,52,8
441,1138,1138,",",operator,0,52,10
442,1140,1143,0x9f,integer,0,52,12
443,1144,1144,",",operator,0,52,16
444,1146,1151,sizeof,keyword,0,52,18
445,1153,1154,lb,identifier,0,52,25
446,1155,1155,),operator,0,52,27
447,1156,1156,;,operator,0,52,28
448,1158,1163,memset,identifier,0,52,30
449,1164,1164,(,operator,0,52,36
450,1165,1166,rb,identifier,0,52,37
451,1167,1167,",",operator,0,52,39
452,1169,1172,0x3f,integer,0,52,41
453,1173,1173,",",operator,0,52,45
454,1175,1180,sizeof,keyword,0,52,47
455,1182,1183,rb,identifier,0,52,54
456,1184,1184,),operator,0,52,56
457,1185,1185,;,operator,0,52,57
458,1188,1189,in,identifier,0,53,1
459,1190,1190,(,operator,0,53,3
460,1191,1191,k,identifier,0,53,4
461,1192,1192,),operator,0,53,5
462,1193,1193,;,operator,0,53,6
463,1196,1198,for,keyword,0,54,1
464,1199,1199,(,operator,0,54,4
465,1200,1202,int,keyword,0,54,5
466,1204,1204,i,identifier,0,54,9
467,1205,1205,=,operator,0,54,10
468,1206,1206,1,integer,0,54,11
469,1207,1207,;,operator,0,54,12
470,1209,1209,i,identifier,0,54,14
471,1210,1211,<=,operator,0,54,15
472,1212,1212,k,identifier,0,54,17
473,1213,1213,;,operator,0,54,18
474,1215,1215,i,identifier,0,54,20
475,1216,1217,++,operator,0,54,21
476,1218,1218,),operator,0,54,23
477,1219,1219,{,operator,0,54,24
478,1223,1224,in,identifier,0,55,2
479,1225,1225,(,operator,0,55,4
480,1226,1226,x,identifier,0,55,5
481,1227,1227,),operator,0,55,6
482,1228,1228,;,operator,0,55,7
483,1230,1231,in,identifier,0,55,9
484,1232,1232,(,operator,0,55,11
485,1233,1233,y,identifier,0,55,12
486,1234,1234,),operator,0,55,13
487,1235,1235,;,operator,0,55,14
488,1239,1240,lb,identifier,0,56,2
489,1241,1241,[,operator,0,56,4
490,1242,1242,x,identifier,0,56,5
491,1243,1243,],operator,0,56,6
492,1245,1245,=,operator,0,56,8
493,1247,1247,y,identifier,0,56,10
494,1248,1248,;,operator,0,56,11
495,1250,1251,rb,identifier,0,56,13
496,1252,1252,[,operator,0,56,15
497,1253,1253,x,identifier,0,56,16
498,1254,1254,],operator,0,56,17
499,1256,1256,=,operator,0,56,19
500,1258,1258,y,identifier,0,56,21
501,1259,1259,;,operator,0,56,22
502,1262,1262,},operator,0,57,1
503,1265,1267,bfs,identifier,0,58,1
504,1268,1268,(,operator,0,58,4
505,1269,1269,),operator,0,58,5
506,1270,1270,;,operator,0,58,6
507,1273,1275,for,keyword,0,59,1
508,1276,1276,(,operator,0,59,4
509,1277,1279,int,keyword,0,59,5
510,1281,1281,i,identifier,0,59,9
511,1282,1282,=,operator,0,59,10
512,1283,1283,n,identifier,0,59,11
513,1284,1284,;,operator,0,59,12
514,1286,1286,i,identifier,0,59,14
515,1287,1288,>=,operator,0,59,15
516,1289,1289,1,integer,0,59,17
517,1290,1290,;,operator,0,59,18
518,1292,1292,i,identifier,0,59,20
519,1293,1294,--,operator,0,59,21
520,1295,1295,),operator,0,59,23
521,1296,1296,{,operator,0,59,24
522,1300,1301,if,keyword,0,60,2
523,1302,1302,(,operator,0,60,4
524,1303,1304,lb,identifier,0,60,5
525,1305,1305,[,operator,0,60,7
526,1306,1308,ord,identifier,0,60,8
527,1309,1309,[,operator,0,60,11
528,1310,1310,i,identifier,0,60,12
529,1311,1311,],operator,0,60,13
530,1312,1312,],operator,0,60,14
531,1314,1315,"!=",operator,0,60,16
532,1317,1318,MN,identifier,0,60,19
533,1319,1319,),operator,0,60,21
534,1321,1322,lb,identifier,0,60,23
535,1323,1323,[,operator,0,60,25
536,1324,1325,fa,identifier,0,60,26
537,1326,1326,[,operator,0,60,28
538,1327,1329,ord,identifier,0,60,29
539,1330,1330,[,operator,0,60,32
540,1331,1331,i,identifier,0,60,33
541,1332,1332,],operator,0,60,34
542,1333,1333,],operator,0,60,35
543,1334,1334,],operator,0,60,36
544,1336,1336,=,operator,0,60,38
545,1338,1340,max,identifier,0,60,40
546,1341,1341,(,operator,0,60,43
547,1342,1343,lb,identifier,0,60,44
548,1344,1344,[,operator,0,60,46
549,1345,1346,fa,identifier,0,60,47
550,1347,1347,[,operator,0,60,49
551,1348,1350,ord,identifier,0,60,50
552,1351,1351,[,operator,0,60,53
553,1352,1352,i,identifier,0,60,54
554,1353,1353,],operator,0,60,55
555,1354,1354,],operator,0,60,56
556,1355,1355,],operator,0,60,57
557,1356,1356,",",operator,0,60,58
558,1358,1359,lb,identifier,0,60,60
559,1360,1360,[,operator,0,60,62
560,1361,1363,ord,identifier,0,60,63
561,1364,1364,[,operator,0,60,66
562,1365,1365,i,identifier,0,60,67
563,1366,1366,],operator,0,60,68
564,1367,1367,],operator,0,60,69
565,1369,1369,-,operator,0,60,71
566,1371,1371,1,integer,0,60,73
567,1372,1372,),operator,0,60,74
568,1373,1373,;,operator,0,60,75
569,1377,1378,if,keyword,0,61,2
570,1379,1379,(,operator,0,61,4
571,1380,1381,rb,identifier,0,61,5
572,1382,1382,[,operator,0,61,7
573,1383,1385,ord,identifier,0,61,8
574,1386,1386,[,operator,0,61,11
575,1387,1387,i,identifier,0,61,12
576,1388,1388,],operator,0,61,13
577,1389,1389,],operator,0,61,14
578,1391,1392,"!=",operator,0,61,16
579,1394,1395,MX,identifier,0,61,19
580,1396,1396,),operator,0,61,21
581,1398,1399,rb,identifier,0,61,23
582,1400,1400,[,operator,0,61,25
583,1401,1402,fa,identifier,0,61,26
584,1403,1403,[,operator,0,61,28
585,1404,1406,ord,identifier,0,61,29
586,1407,1407,[,operator,0,61,32
587,1408,1408,i,identifier,0,61,33
588,1409,1409,],operator,0,61,34
589,1410,1410,],operator,0,61,35
590,1411,1411,],operator,0,61,36
591,1413,1413,=,operator,0,61,38
592,1415,1417,min,identifier,0,61,40
593,1418,1418,(,operator,0,61,43
594,1419,1420,rb,identifier,0,61,44
595,1421,1421,[,operator,0,61,46
596,1422,1423,fa,identifier,0,61,47
597,1424,1424,[,operator,0,61,49
598,1425,1427,ord,identifier,0,61,50
599,1428,1428,[,operator,0,61,53
600,1429,1429,i,identifier,0,61,54
601,1430,1430,],operator,0,61,55
602,1431,1431,],operator,0,61,56
603,1432,1432,],operator,0,61,57
604,1433,1433,",",operator,0,61,58
605,1435,1436,rb,identifier,0,61,60
606,1437,1437,[,operator,0,61,62
607,1438,1440,ord,identifier,0,61,63
608,1441,1441,[,operator,0,61,66
609,1442,1442,i,identifier,0,61,67
610,1443,1443,],operator,0,61,68
611,1444,1444,],operator,0,61,69
612,1446,1446,+,operator,0,61,71
613,1448,1448,1,integer,0,61,73
614,1449,1449,),operator,0,61,74
615,1450,1450,;,operator,0,61,75
616,1453,1453,},operator,0,62,1
617,1456,1458,cnt,identifier,0,63,1
618,1460,1460,=,operator,0,63,5
619,1462,1462,0,integer,0,63,7
620,1463,1463,;,operator,0,63,8
621,1466,1468,bfs,identifier,0,64,1
622,1469,1469,(,operator,0,64,4
623,1470,1470,),operator,0,64,5
624,1471,1471,;,operator,0,64,6
625,1474,1476,for,keyword,0,65,1
626,1477,1477,(,operator,0,65,4
627,1478,1480,int,keyword,0,65,5
628,1482,1482,i,identifier,0,65,9
629,1483,1483,=,operator,0,65,10
630,1484,1484,n,identifier,0,65,11
631,1485,1485,;,operator,0,65,12
632,1487,1487,i,identifier,0,65,14
633,1488,1489,>=,operator,0,65,15
634,1490,1490,1,integer,0,65,17
635,1491,1491,;,operator,0,65,18
636,1493,1493,i,identifier,0,65,20
637,1494,1495,--,operator,0,65,21
638,1496,1496,),operator,0,65,23
639,1497,1497,{,operator,0,65,24
640,1501,1502,if,keyword,0,66,2
641,1503,1503,(,operator,0,66,4
642,1504,1505,lb,identifier,0,66,5
643,1506,1506,[,operator,0,66,7
644,1507,1509,ord,identifier,0,66,8
645,1510,1510,[,operator,0,66,11
646,1511,1511,i,identifier,0,66,12
647,1512,1512,],operator,0,66,13
648,1513,1513,],operator,0,66,14
649,1515,1516,"!=",operator,0,66,16
650,1518,1519,MN,identifier,0,66,19
651,1520,1520,),operator,0,66,21
652,1522,1523,lb,identifier,0,66,23
653,1524,1524,[,operator,0,66,25
654,1525,1526,fa,identifier,0,66,26
655,1527,1527,[,operator,0,66,28
656,1528,1530,ord,identifier,0,66,29
657,1531,1531,[,operator,0,66,32
658,1532,1532,i,identifier,0,66,33
659,1533,1533,],operator,0,66,34
660,1534,1534,],operator,0,66,35
661,1535,1535,],operator,0,66,36
662,1537,1537,=,operator,0,66,38
663,1539,1541,max,identifier,0,66,40
664,1542,1542,(,operator,0,66,43
665,1543,1544,lb,identifier,0,66,44
666,1545,1545,[,operator,0,66,46
667,1546,1547,fa,identifier,0,66,47
668,1548,1548,[,operator,0,66,49
669,1549,1551,ord,identifier,0,66,50
670,1552,1552,[,operator,0,66,53
671,1553,1553,i,identifier,0,66,54
672,1554,1554,],operator,0,66,55
673,1555,1555,],operator,0,66,56
674,1556,1556,],operator,0,66,57
675,1557,1557,",",operator,0,66,58
676,1559,1560,lb,identifier,0,66,60
677,1561,1561,[,operator,0,66,62
678,1562,1564,ord,identifier,0,66,63
679,1565,1565,[,operator,0,66,66
680,1566,1566,i,identifier,0,66,67
681,1567,1567,],operator,0,66,68
682,1568,1568,],operator,0,66,69
683,1570,1570,-,operator,0,66,71
684,1572,1572,1,integer,0,66,73
685,1573,1573,),operator,0,66,74
686,1574,1574,;,operator,0,66,75
687,1578,1579,if,keyword,0,67,2
688,1580,1580,(,operator,0,67,4
689,1581,1582,rb,identifier,0,67,5
690,1583,1583,[,operator,0,67,7
691,1584,1586,ord,identifier,0,67,8
692,1587,1587,[,operator,0,67,11
693,1588,1588,i,identifier,0,67,12
694,1589,1589,],operator,0,67,13
695,1590,1590,],operator,0,67,14
696,1592,1593,"!=",operator,0,67,16
697,1595,1596,MX,identifier,0,67,19
698,1597,1597,),operator,0,67,21
699,1599,1600,rb,identifier,0,67,23
700,1601,1601,[,operator,0,67,25
701,1602,1603,fa,identifier,0,67,26
702,1604,1604,[,operator,0,67,28
703,1605,1607,ord,identifier,0,67,29
704,1608,1608,[,operator,0,67,32
705,1609,1609,i,identifier,0,67,33
706,1610,1610,],operator,0,67,34
707,1611,1611,],operator,0,67,35
708,1612,1612,],operator,0,67,36
709,1614,1614,=,operator,0,67,38
710,1616,1618,min,identifier,0,67,40
711,1619,1619,(,operator,0,67,43
712,1620,1621,rb,identifier,0,67,44
713,1622,1622,[,operator,0,67,46
714,1623,1624,fa,identifier,0,67,47
715,1625,1625,[,operator,0,67,49
716,1626,1628,ord,identifier,0,67,50
717,1629,1629,[,operator,0,67,53
718,1630,1630,i,identifier,0,67,54
719,1631,1631,],operator,0,67,55
720,1632,1632,],operator,0,67,56
721,1633,1633,],operator,0,67,57
722,1634,1634,",",operator,0,67,58
723,1636,1637,rb,identifier,0,67,60
724,1638,1638,[,operator,0,67,62
725,1639,1641,ord,identifier,0,67,63
726,1642,1642,[,operator,0,67,66
727,1643,1643,i,identifier,0,67,67
728,1644,1644,],operator,0,67,68
729,1645,1645,],operator,0,67,69
730,1647,1647,+,operator,0,67,71
731,1649,1649,1,integer,0,67,73
732,1650,1650,),operator,0,67,74
733,1651,1651,;,operator,0,67,75
734,1654,1654,},operator,0,68,1
735,1657,1659,cnt,identifier,0,69,1
736,1661,1661,=,operator,0,69,5
737,1663,1663,0,integer,0,69,7
738,1664,1664,;,operator,0,69,8
739,1667,1669,bfs,identifier,0,70,1
740,1670,1670,(,operator,0,70,4
741,1671,1671,),operator,0,70,5
742,1672,1672,;,operator,0,70,6
743,1675,1678,bool,keyword,0,71,1
744,1680,1683,flag,identifier,0,71,6
745,1685,1685,=,operator,0,71,11
746,1687,1691,false,keyword,0,71,13
747,1692,1692,;,operator,0,71,18
748,1695,1697,for,keyword,0,72,1
749,1698,1698,(,operator,0,72,4
750,1699,1701,int,keyword,0,72,5
751,1703,1703,i,identifier,0,72,9
752,1704,1704,=,operator,0,72,10
753,1705,1705,1,integer,0,72,11
754,1706,1706,;,operator,0,72,12
755,1708,1708,i,identifier,0,72,14
756,1709,1710,<=,operator,0,72,15
757,1711,1711,n,identifier,0,72,17
758,1712,1712,;,operator,0,72,18
759,1714,1714,i,identifier,0,72,20
760,1715,1716,++,operator,0,72,21
761,1717,1717,),operator,0,72,23
762,1718,1718,{,operator,0,72,24
763,1773,1774,if,keyword,0,74,2
764,1775,1775,(,operator,0,74,4
765,1776,1777,lb,identifier,0,74,5
766,1778,1778,[,operator,0,74,7
767,1779,1779,i,identifier,0,74,8
768,1780,1780,],operator,0,74,9
769,1782,1782,>,operator,0,74,11
770,1784,1785,rb,identifier,0,74,13
771,1786,1786,[,operator,0,74,15
772,1787,1787,i,identifier,0,74,16
773,1788,1788,],operator,0,74,17
774,1789,1789,),operator,0,74,18
775,1790,1790,{,operator,0,74,19
776,1795,1798,flag,identifier,0,75,3
777,1800,1800,=,operator,0,75,8
778,1802,1805,true,keyword,0,75,10
779,1806,1806,;,operator,0,75,14
780,1811,1815,break,keyword,0,76,3
781,1816,1816,;,operator,0,76,8
782,1820,1820,},operator,0,77,2
783,1823,1823,},operator,0,78,1
784,1826,1827,if,keyword,0,79,1
785,1828,1828,(,operator,0,79,3
786,1829,1832,flag,identifier,0,79,4
787,1833,1833,),operator,0,79,8
788,1835,1838,puts,identifier,0,79,10
789,1839,1839,(,operator,0,79,14
790,1840,1843,"""No""",string,0,79,15
791,1844,1844,),operator,0,79,19
792,1845,1845,;,operator,0,79,20
793,1848,1851,else,keyword,0,80,1
794,1852,1852,{,operator,0,80,5
795,1856,1859,puts,identifier,0,81,2
796,1860,1860,(,operator,0,81,6
797,1861,1865,"""Yes""",string,0,81,7
798,1866,1866,),operator,0,81,12
799,1867,1867,;,operator,0,81,13
800,1871,1873,for,keyword,0,82,2
801,1874,1874,(,operator,0,82,5
802,1875,1877,int,keyword,0,82,6
803,1879,1879,i,identifier,0,82,10
804,1880,1880,=,operator,0,82,11
805,1881,1881,1,integer,0,82,12
806,1882,1882,;,operator,0,82,13
807,1884,1884,i,identifier,0,82,15
808,1885,1886,<=,operator,0,82,16
809,1887,1887,n,identifier,0,82,18
810,1888,1888,;,operator,0,82,19
811,1890,1890,i,identifier,0,82,21
812,1891,1892,++,operator,0,82,22
813,1893,1893,),operator,0,82,24
814,1898,1899,if,keyword,0,83,3
815,1900,1900,(,operator,0,83,5
816,1901,1902,lb,identifier,0,83,6
817,1903,1903,[,operator,0,83,8
818,1904,1904,i,identifier,0,83,9
819,1905,1905,],operator,0,83,10
820,1907,1908,"!=",operator,0,83,12
821,1910,1911,MN,identifier,0,83,15
822,1912,1912,),operator,0,83,17
823,1914,1919,printf,identifier,0,83,19
824,1920,1920,(,operator,0,83,25
825,1921,1926,"""%d\n""",string,0,83,26
826,1927,1927,",",operator,0,83,32
827,1929,1930,lb,identifier,0,83,34
828,1931,1931,[,operator,0,83,36
829,1932,1932,i,identifier,0,83,37
830,1933,1933,],operator,0,83,38
831,1934,1934,),operator,0,83,39
832,1935,1935,;,operator,0,83,40
833,1940,1943,else,keyword,0,84,3
834,1945,1950,printf,identifier,0,84,8
835,1951,1951,(,operator,0,84,14
836,1952,1957,"""%d\n""",string,0,84,15
837,1958,1958,",",operator,0,84,21
838,1960,1961,rb,identifier,0,84,23
839,1962,1962,[,operator,0,84,25
840,1963,1963,i,identifier,0,84,26
841,1964,1964,],operator,0,84,27
842,1965,1965,),operator,0,84,28
843,1966,1966,;,operator,0,84,29
844,1970,1976,putchar,identifier,0,85,2
845,1977,1977,(,operator,0,85,9
846,1978,1981,'\n',character,0,85,10
847,1982,1982,),operator,0,85,14
848,1983,1983,;,operator,0,85,15
849,1986,1986,},operator,0,86,1
850,1989,1994,return,keyword,0,87,1
851,1996,1996,0,integer,0,87,8
852,1997,1997,;,operator,0,87,9
853,1999,1999,},operator,0,88,0
854,2000,1999,<EOF>,eof,0,88,1
