seqnr,start,stop,text,class,channel,line,column
0,0,22,"#include<bits/stdc++.h>",directive,1,1,0
1,24,28,const,keyword,0,2,0
2,30,32,int,keyword,0,2,6
3,34,35,MN,identifier,0,2,10
4,36,36,=,operator,0,2,12
5,37,42,100000,integer,0,2,13
6,43,43,+,operator,0,2,19
7,44,44,5,integer,0,2,20
8,45,45,;,operator,0,2,21
9,47,51,using,keyword,0,3,0
10,53,61,namespace,keyword,0,3,6
11,63,65,std,identifier,0,3,16
12,66,66,;,operator,0,3,19
13,68,74,typedef,keyword,0,4,0
14,76,79,long,keyword,0,4,8
15,81,84,long,keyword,0,4,13
16,86,87,ll,identifier,0,4,18
17,88,88,;,operator,0,4,20
18,90,97,template,keyword,0,5,0
19,98,98,<,operator,0,5,8
20,99,106,typename,keyword,0,5,9
21,108,108,T,identifier,0,5,18
22,109,109,>,operator,0,5,19
23,110,110,T,identifier,0,5,20
24,111,111,&,operator,0,5,21
25,112,113,IN,identifier,0,5,22
26,114,114,(,operator,0,5,24
27,115,115,T,identifier,0,5,25
28,116,116,&,operator,0,5,26
29,117,118,in,identifier,0,5,27
30,119,119,),operator,0,5,29
31,120,120,{,operator,0,5,30
32,123,124,in,identifier,0,6,1
33,125,125,=,operator,0,6,3
34,126,126,0,integer,0,6,4
35,127,127,;,operator,0,6,5
36,128,131,char,keyword,0,6,6
37,133,133,c,identifier,0,6,11
38,134,134,=,operator,0,6,12
39,135,141,getchar,identifier,0,6,13
40,142,142,(,operator,0,6,20
41,143,143,),operator,0,6,21
42,144,144,;,operator,0,6,22
43,145,147,int,keyword,0,6,23
44,149,149,f,identifier,0,6,27
45,150,150,=,operator,0,6,28
46,151,151,1,integer,0,6,29
47,152,152,;,operator,0,6,30
48,155,159,while,keyword,0,7,1
49,160,160,(,operator,0,7,6
50,161,161,"!",operator,0,7,7
51,162,168,isdigit,identifier,0,7,8
52,169,169,(,operator,0,7,15
53,170,170,c,identifier,0,7,16
54,171,171,),operator,0,7,17
55,172,172,),operator,0,7,18
56,173,173,{,operator,0,7,19
57,174,175,if,keyword,0,7,20
58,176,176,(,operator,0,7,22
59,177,177,c,identifier,0,7,23
60,178,179,==,operator,0,7,24
61,180,182,'-',character,0,7,26
62,183,183,),operator,0,7,29
63,184,184,f,identifier,0,7,30
64,185,185,=,operator,0,7,31
65,186,186,-,operator,0,7,32
66,187,187,1,integer,0,7,33
67,188,188,;,operator,0,7,34
68,189,189,c,identifier,0,7,35
69,190,190,=,operator,0,7,36
70,191,197,getchar,identifier,0,7,37
71,198,198,(,operator,0,7,44
72,199,199,),operator,0,7,45
73,200,200,;,operator,0,7,46
74,201,201,},operator,0,7,47
75,204,208,while,keyword,0,8,1
76,209,209,(,operator,0,8,6
77,210,216,isdigit,identifier,0,8,7
78,217,217,(,operator,0,8,14
79,218,218,c,identifier,0,8,15
80,219,219,),operator,0,8,16
81,220,220,),operator,0,8,17
82,221,222,in,identifier,0,8,18
83,223,223,=,operator,0,8,20
84,224,225,in,identifier,0,8,21
85,226,226,*,operator,0,8,23
86,227,228,10,integer,0,8,24
87,229,229,+,operator,0,8,26
88,230,230,c,identifier,0,8,27
89,231,231,-,operator,0,8,28
90,232,234,'0',character,0,8,29
91,235,235,",",operator,0,8,32
92,236,236,c,identifier,0,8,33
93,237,237,=,operator,0,8,34
94,238,244,getchar,identifier,0,8,35
95,245,245,(,operator,0,8,42
96,246,246,),operator,0,8,43
97,247,247,;,operator,0,8,44
98,250,251,in,identifier,0,9,1
99,252,253,*=,operator,0,9,3
100,254,254,f,identifier,0,9,5
101,255,255,;,operator,0,9,6
102,256,261,return,keyword,0,9,7
103,263,264,in,identifier,0,9,14
104,265,265,;,operator,0,9,16
105,267,267,},operator,0,10,0
106,269,271,int,keyword,0,11,0
107,273,273,n,identifier,0,11,4
108,274,274,",",operator,0,11,5
109,275,275,k,identifier,0,11,6
110,276,276,;,operator,0,11,7
111,278,280,int,keyword,0,12,0
112,282,284,nxt,identifier,0,12,4
113,285,285,[,operator,0,12,7
114,286,287,MN,identifier,0,12,8
115,288,288,*,operator,0,12,10
116,289,289,2,integer,0,12,11
117,290,290,],operator,0,12,12
118,291,291,",",operator,0,12,13
119,292,293,to,identifier,0,12,14
120,294,294,[,operator,0,12,16
121,295,296,MN,identifier,0,12,17
122,297,297,*,operator,0,12,19
123,298,298,2,integer,0,12,20
124,299,299,],operator,0,12,21
125,300,300,",",operator,0,12,22
126,301,301,h,identifier,0,12,23
127,302,302,[,operator,0,12,24
128,303,304,MN,identifier,0,12,25
129,305,305,],operator,0,12,27
130,306,306,",",operator,0,12,28
131,307,309,cnt,identifier,0,12,29
132,310,310,;,operator,0,12,32
133,312,314,int,keyword,0,13,0
134,316,317,rt,identifier,0,13,4
135,318,318,",",operator,0,13,6
136,319,319,a,identifier,0,13,7
137,320,320,[,operator,0,13,8
138,321,322,MN,identifier,0,13,9
139,323,323,],operator,0,13,11
140,324,324,",",operator,0,13,12
141,325,325,f,identifier,0,13,13
142,326,326,[,operator,0,13,14
143,327,328,MN,identifier,0,13,15
144,329,329,],operator,0,13,17
145,330,330,",",operator,0,13,18
146,331,331,L,identifier,0,13,19
147,332,332,[,operator,0,13,20
148,333,334,MN,identifier,0,13,21
149,335,335,],operator,0,13,23
150,336,336,",",operator,0,13,24
151,337,337,R,identifier,0,13,25
152,338,338,[,operator,0,13,26
153,339,340,MN,identifier,0,13,27
154,341,341,],operator,0,13,29
155,342,342,;,operator,0,13,30
156,344,347,void,keyword,0,14,0
157,349,351,add,identifier,0,14,5
158,352,352,(,operator,0,14,8
159,353,355,int,keyword,0,14,9
160,357,357,u,identifier,0,14,13
161,358,358,",",operator,0,14,14
162,359,361,int,keyword,0,14,15
163,363,363,v,identifier,0,14,19
164,364,364,),operator,0,14,20
165,365,365,{,operator,0,14,21
166,366,367,to,identifier,0,14,22
167,368,368,[,operator,0,14,24
168,369,371,cnt,identifier,0,14,25
169,372,372,],operator,0,14,28
170,373,373,=,operator,0,14,29
171,374,374,v,identifier,0,14,30
172,375,375,",",operator,0,14,31
173,376,378,nxt,identifier,0,14,32
174,379,379,[,operator,0,14,35
175,380,382,cnt,identifier,0,14,36
176,383,383,],operator,0,14,39
177,384,384,=,operator,0,14,40
178,385,385,h,identifier,0,14,41
179,386,386,[,operator,0,14,42
180,387,387,u,identifier,0,14,43
181,388,388,],operator,0,14,44
182,389,389,",",operator,0,14,45
183,390,390,h,identifier,0,14,46
184,391,391,[,operator,0,14,47
185,392,392,u,identifier,0,14,48
186,393,393,],operator,0,14,49
187,394,394,=,operator,0,14,50
188,395,397,cnt,identifier,0,14,51
189,398,399,++,operator,0,14,54
190,400,400,;,operator,0,14,56
191,401,401,},operator,0,14,57
192,403,405,int,keyword,0,15,0
193,407,410,dfs1,identifier,0,15,4
194,411,411,(,operator,0,15,8
195,412,414,int,keyword,0,15,9
196,416,416,u,identifier,0,15,13
197,417,417,",",operator,0,15,14
198,418,420,int,keyword,0,15,15
199,422,423,fa,identifier,0,15,19
200,424,424,),operator,0,15,21
201,425,425,{,operator,0,15,22
202,428,429,if,keyword,0,16,1
203,430,430,(,operator,0,16,3
204,431,431,a,identifier,0,16,4
205,432,432,[,operator,0,16,5
206,433,433,u,identifier,0,16,6
207,434,434,],operator,0,16,7
208,435,436,"!=",operator,0,16,8
209,437,437,-,operator,0,16,10
210,438,438,1,integer,0,16,11
211,439,439,),operator,0,16,12
212,440,440,L,identifier,0,16,13
213,441,441,[,operator,0,16,14
214,442,442,u,identifier,0,16,15
215,443,443,],operator,0,16,16
216,444,444,=,operator,0,16,17
217,445,445,R,identifier,0,16,18
218,446,446,[,operator,0,16,19
219,447,447,u,identifier,0,16,20
220,448,448,],operator,0,16,21
221,449,449,=,operator,0,16,22
222,450,450,a,identifier,0,16,23
223,451,451,[,operator,0,16,24
224,452,452,u,identifier,0,16,25
225,453,453,],operator,0,16,26
226,454,454,;,operator,0,16,27
227,457,460,else,keyword,0,17,1
228,462,462,L,identifier,0,17,6
229,463,463,[,operator,0,17,7
230,464,464,u,identifier,0,17,8
231,465,465,],operator,0,17,9
232,466,466,=,operator,0,17,10
233,467,473,INT_MIN,identifier,0,17,11
234,474,474,+,operator,0,17,18
235,475,477,100,integer,0,17,19
236,478,478,",",operator,0,17,22
237,479,479,R,identifier,0,17,23
238,480,480,[,operator,0,17,24
239,481,481,u,identifier,0,17,25
240,482,482,],operator,0,17,26
241,483,483,=,operator,0,17,27
242,484,490,INT_MAX,identifier,0,17,28
243,491,491,-,operator,0,17,35
244,492,494,100,integer,0,17,36
245,495,495,;,operator,0,17,39
246,498,500,for,keyword,0,18,1
247,501,501,(,operator,0,18,4
248,502,504,int,keyword,0,18,5
249,506,506,e,identifier,0,18,9
250,507,507,=,operator,0,18,10
251,508,508,h,identifier,0,18,11
252,509,509,[,operator,0,18,12
253,510,510,u,identifier,0,18,13
254,511,511,],operator,0,18,14
255,512,512,",",operator,0,18,15
256,513,513,v,identifier,0,18,16
257,514,514,=,operator,0,18,17
258,515,516,to,identifier,0,18,18
259,517,517,[,operator,0,18,20
260,518,518,e,identifier,0,18,21
261,519,519,],operator,0,18,22
262,520,520,;,operator,0,18,23
263,521,521,~,operator,0,18,24
264,522,522,e,identifier,0,18,25
265,523,523,;,operator,0,18,26
266,524,524,e,identifier,0,18,27
267,525,525,=,operator,0,18,28
268,526,528,nxt,identifier,0,18,29
269,529,529,[,operator,0,18,32
270,530,530,e,identifier,0,18,33
271,531,531,],operator,0,18,34
272,532,532,",",operator,0,18,35
273,533,533,v,identifier,0,18,36
274,534,534,=,operator,0,18,37
275,535,536,to,identifier,0,18,38
276,537,537,[,operator,0,18,40
277,538,538,e,identifier,0,18,41
278,539,539,],operator,0,18,42
279,540,540,),operator,0,18,43
280,541,542,if,keyword,0,18,44
281,543,543,(,operator,0,18,46
282,544,544,v,identifier,0,18,47
283,545,545,^,operator,0,18,48
284,546,547,fa,identifier,0,18,49
285,548,548,),operator,0,18,51
286,549,549,{,operator,0,18,52
287,553,553,f,identifier,0,19,2
288,554,554,[,operator,0,19,3
289,555,555,v,identifier,0,19,4
290,556,556,],operator,0,19,5
291,557,557,=,operator,0,19,6
292,558,558,f,identifier,0,19,7
293,559,559,[,operator,0,19,8
294,560,560,u,identifier,0,19,9
295,561,561,],operator,0,19,10
296,562,562,^,operator,0,19,11
297,563,563,1,integer,0,19,12
298,564,564,;,operator,0,19,13
299,568,569,if,keyword,0,20,2
300,570,570,(,operator,0,20,4
301,571,571,"!",operator,0,20,5
302,572,575,dfs1,identifier,0,20,6
303,576,576,(,operator,0,20,10
304,577,577,v,identifier,0,20,11
305,578,578,",",operator,0,20,12
306,579,579,u,identifier,0,20,13
307,580,580,),operator,0,20,14
308,581,581,),operator,0,20,15
309,582,587,return,keyword,0,20,16
310,589,589,0,integer,0,20,23
311,590,590,;,operator,0,20,24
312,594,594,L,identifier,0,21,2
313,595,595,[,operator,0,21,3
314,596,596,u,identifier,0,21,4
315,597,597,],operator,0,21,5
316,598,598,=,operator,0,21,6
317,599,601,max,identifier,0,21,7
318,602,602,(,operator,0,21,10
319,603,603,L,identifier,0,21,11
320,604,604,[,operator,0,21,12
321,605,605,u,identifier,0,21,13
322,606,606,],operator,0,21,14
323,607,607,",",operator,0,21,15
324,608,608,L,identifier,0,21,16
325,609,609,[,operator,0,21,17
326,610,610,v,identifier,0,21,18
327,611,611,],operator,0,21,19
328,612,612,-,operator,0,21,20
329,613,613,1,integer,0,21,21
330,614,614,),operator,0,21,22
331,615,615,",",operator,0,21,23
332,616,616,R,identifier,0,21,24
333,617,617,[,operator,0,21,25
334,618,618,u,identifier,0,21,26
335,619,619,],operator,0,21,27
336,620,620,=,operator,0,21,28
337,621,623,min,identifier,0,21,29
338,624,624,(,operator,0,21,32
339,625,625,R,identifier,0,21,33
340,626,626,[,operator,0,21,34
341,627,627,u,identifier,0,21,35
342,628,628,],operator,0,21,36
343,629,629,",",operator,0,21,37
344,630,630,R,identifier,0,21,38
345,631,631,[,operator,0,21,39
346,632,632,v,identifier,0,21,40
347,633,633,],operator,0,21,41
348,634,634,+,operator,0,21,42
349,635,635,1,integer,0,21,43
350,636,636,),operator,0,21,44
351,637,637,;,operator,0,21,45
352,640,640,},operator,0,22,1
353,643,648,return,keyword,0,23,1
354,650,650,L,identifier,0,23,8
355,651,651,[,operator,0,23,9
356,652,652,u,identifier,0,23,10
357,653,653,],operator,0,23,11
358,654,655,<=,operator,0,23,12
359,656,656,R,identifier,0,23,14
360,657,657,[,operator,0,23,15
361,658,658,u,identifier,0,23,16
362,659,659,],operator,0,23,17
363,660,660,;,operator,0,23,18
364,662,662,},operator,0,24,0
365,664,666,int,keyword,0,25,0
366,668,671,dfs2,identifier,0,25,4
367,672,672,(,operator,0,25,8
368,673,675,int,keyword,0,25,9
369,677,677,u,identifier,0,25,13
370,678,678,",",operator,0,25,14
371,679,681,int,keyword,0,25,15
372,683,684,fa,identifier,0,25,19
373,685,685,),operator,0,25,21
374,686,686,{,operator,0,25,22
375,689,691,for,keyword,0,26,1
376,692,692,(,operator,0,26,4
377,693,695,int,keyword,0,26,5
378,697,697,e,identifier,0,26,9
379,698,698,=,operator,0,26,10
380,699,699,h,identifier,0,26,11
381,700,700,[,operator,0,26,12
382,701,701,u,identifier,0,26,13
383,702,702,],operator,0,26,14
384,703,703,",",operator,0,26,15
385,704,704,v,identifier,0,26,16
386,705,705,=,operator,0,26,17
387,706,707,to,identifier,0,26,18
388,708,708,[,operator,0,26,20
389,709,709,e,identifier,0,26,21
390,710,710,],operator,0,26,22
391,711,711,;,operator,0,26,23
392,712,712,~,operator,0,26,24
393,713,713,e,identifier,0,26,25
394,714,714,;,operator,0,26,26
395,715,715,e,identifier,0,26,27
396,716,716,=,operator,0,26,28
397,717,719,nxt,identifier,0,26,29
398,720,720,[,operator,0,26,32
399,721,721,e,identifier,0,26,33
400,722,722,],operator,0,26,34
401,723,723,",",operator,0,26,35
402,724,724,v,identifier,0,26,36
403,725,725,=,operator,0,26,37
404,726,727,to,identifier,0,26,38
405,728,728,[,operator,0,26,40
406,729,729,e,identifier,0,26,41
407,730,730,],operator,0,26,42
408,731,731,),operator,0,26,43
409,732,733,if,keyword,0,26,44
410,734,734,(,operator,0,26,46
411,735,735,v,identifier,0,26,47
412,736,736,^,operator,0,26,48
413,737,738,fa,identifier,0,26,49
414,739,739,),operator,0,26,51
415,740,740,{,operator,0,26,52
416,744,744,L,identifier,0,27,2
417,745,745,[,operator,0,27,3
418,746,746,v,identifier,0,27,4
419,747,747,],operator,0,27,5
420,748,748,=,operator,0,27,6
421,749,751,max,identifier,0,27,7
422,752,752,(,operator,0,27,10
423,753,753,L,identifier,0,27,11
424,754,754,[,operator,0,27,12
425,755,755,v,identifier,0,27,13
426,756,756,],operator,0,27,14
427,757,757,",",operator,0,27,15
428,758,758,L,identifier,0,27,16
429,759,759,[,operator,0,27,17
430,760,760,u,identifier,0,27,18
431,761,761,],operator,0,27,19
432,762,762,-,operator,0,27,20
433,763,763,1,integer,0,27,21
434,764,764,),operator,0,27,22
435,765,765,",",operator,0,27,23
436,766,766,R,identifier,0,27,24
437,767,767,[,operator,0,27,25
438,768,768,v,identifier,0,27,26
439,769,769,],operator,0,27,27
440,770,770,=,operator,0,27,28
441,771,773,min,identifier,0,27,29
442,774,774,(,operator,0,27,32
443,775,775,R,identifier,0,27,33
444,776,776,[,operator,0,27,34
445,777,777,v,identifier,0,27,35
446,778,778,],operator,0,27,36
447,779,779,",",operator,0,27,37
448,780,780,R,identifier,0,27,38
449,781,781,[,operator,0,27,39
450,782,782,u,identifier,0,27,40
451,783,783,],operator,0,27,41
452,784,784,+,operator,0,27,42
453,785,785,1,integer,0,27,43
454,786,786,),operator,0,27,44
455,787,787,;,operator,0,27,45
456,791,792,if,keyword,0,28,2
457,793,793,(,operator,0,28,4
458,794,794,"!",operator,0,28,5
459,795,798,dfs2,identifier,0,28,6
460,799,799,(,operator,0,28,10
461,800,800,v,identifier,0,28,11
462,801,801,",",operator,0,28,12
463,802,802,u,identifier,0,28,13
464,803,803,),operator,0,28,14
465,804,804,),operator,0,28,15
466,805,810,return,keyword,0,28,16
467,812,812,0,integer,0,28,23
468,813,813,;,operator,0,28,24
469,816,816,},operator,0,29,1
470,819,824,return,keyword,0,30,1
471,826,826,L,identifier,0,30,8
472,827,827,[,operator,0,30,9
473,828,828,u,identifier,0,30,10
474,829,829,],operator,0,30,11
475,830,831,<=,operator,0,30,12
476,832,832,R,identifier,0,30,14
477,833,833,[,operator,0,30,15
478,834,834,u,identifier,0,30,16
479,835,835,],operator,0,30,17
480,836,836,;,operator,0,30,18
481,838,838,},operator,0,31,0
482,840,843,void,keyword,0,32,0
483,845,849,input,identifier,0,32,5
484,850,850,(,operator,0,32,10
485,851,851,),operator,0,32,11
486,852,852,{,operator,0,32,12
487,855,856,IN,identifier,0,33,1
488,857,857,(,operator,0,33,3
489,858,858,n,identifier,0,33,4
490,859,859,),operator,0,33,5
491,860,860,;,operator,0,33,6
492,861,866,memset,identifier,0,33,7
493,867,867,(,operator,0,33,13
494,868,868,h,identifier,0,33,14
495,869,869,",",operator,0,33,15
496,870,870,-,operator,0,33,16
497,871,871,1,integer,0,33,17
498,872,872,",",operator,0,33,18
499,873,878,sizeof,keyword,0,33,19
500,880,880,h,identifier,0,33,26
501,881,881,),operator,0,33,27
502,882,882,;,operator,0,33,28
503,883,888,memset,identifier,0,33,29
504,889,889,(,operator,0,33,35
505,890,890,a,identifier,0,33,36
506,891,891,",",operator,0,33,37
507,892,892,-,operator,0,33,38
508,893,893,1,integer,0,33,39
509,894,894,",",operator,0,33,40
510,895,900,sizeof,keyword,0,33,41
511,902,902,a,identifier,0,33,48
512,903,903,),operator,0,33,49
513,904,904,;,operator,0,33,50
514,907,909,for,keyword,0,34,1
515,910,910,(,operator,0,34,4
516,911,913,int,keyword,0,34,5
517,915,915,i,identifier,0,34,9
518,916,916,=,operator,0,34,10
519,917,917,1,integer,0,34,11
520,918,918,",",operator,0,34,12
521,919,919,u,identifier,0,34,13
522,920,920,",",operator,0,34,14
523,921,921,v,identifier,0,34,15
524,922,922,;,operator,0,34,16
525,923,923,i,identifier,0,34,17
526,924,924,<,operator,0,34,18
527,925,925,n,identifier,0,34,19
528,926,926,;,operator,0,34,20
529,927,928,++,operator,0,34,21
530,929,929,i,identifier,0,34,23
531,930,930,),operator,0,34,24
532,931,932,IN,identifier,0,34,25
533,933,933,(,operator,0,34,27
534,934,934,u,identifier,0,34,28
535,935,935,),operator,0,34,29
536,936,936,",",operator,0,34,30
537,937,938,IN,identifier,0,34,31
538,939,939,(,operator,0,34,33
539,940,940,v,identifier,0,34,34
540,941,941,),operator,0,34,35
541,942,942,",",operator,0,34,36
542,943,945,add,identifier,0,34,37
543,946,946,(,operator,0,34,40
544,947,947,u,identifier,0,34,41
545,948,948,",",operator,0,34,42
546,949,949,v,identifier,0,34,43
547,950,950,),operator,0,34,44
548,951,951,",",operator,0,34,45
549,952,954,add,identifier,0,34,46
550,955,955,(,operator,0,34,49
551,956,956,v,identifier,0,34,50
552,957,957,",",operator,0,34,51
553,958,958,u,identifier,0,34,52
554,959,959,),operator,0,34,53
555,960,960,;,operator,0,34,54
556,963,964,IN,identifier,0,35,1
557,965,965,(,operator,0,35,3
558,966,966,k,identifier,0,35,4
559,967,967,),operator,0,35,5
560,968,968,;,operator,0,35,6
561,971,973,for,keyword,0,36,1
562,974,974,(,operator,0,36,4
563,975,977,int,keyword,0,36,5
564,979,979,i,identifier,0,36,9
565,980,980,=,operator,0,36,10
566,981,981,1,integer,0,36,11
567,982,982,",",operator,0,36,12
568,983,983,x,identifier,0,36,13
569,984,984,",",operator,0,36,14
570,985,985,y,identifier,0,36,15
571,986,986,;,operator,0,36,16
572,987,987,i,identifier,0,36,17
573,988,989,<=,operator,0,36,18
574,990,990,k,identifier,0,36,20
575,991,991,;,operator,0,36,21
576,992,993,++,operator,0,36,22
577,994,994,i,identifier,0,36,24
578,995,995,),operator,0,36,25
579,996,997,IN,identifier,0,36,26
580,998,998,(,operator,0,36,28
581,999,999,x,identifier,0,36,29
582,1000,1000,),operator,0,36,30
583,1001,1001,",",operator,0,36,31
584,1002,1003,IN,identifier,0,36,32
585,1004,1004,(,operator,0,36,34
586,1005,1005,y,identifier,0,36,35
587,1006,1006,),operator,0,36,36
588,1007,1007,",",operator,0,36,37
589,1008,1008,a,identifier,0,36,38
590,1009,1009,[,operator,0,36,39
591,1010,1011,rt,identifier,0,36,40
592,1012,1012,=,operator,0,36,42
593,1013,1013,x,identifier,0,36,43
594,1014,1014,],operator,0,36,44
595,1015,1015,=,operator,0,36,45
596,1016,1016,y,identifier,0,36,46
597,1017,1017,;,operator,0,36,47
598,1020,1020,f,identifier,0,37,1
599,1021,1021,[,operator,0,37,2
600,1022,1023,rt,identifier,0,37,3
601,1024,1024,],operator,0,37,5
602,1025,1025,=,operator,0,37,6
603,1026,1026,a,identifier,0,37,7
604,1027,1027,[,operator,0,37,8
605,1028,1029,rt,identifier,0,37,9
606,1030,1030,],operator,0,37,11
607,1031,1031,&,operator,0,37,12
608,1032,1032,1,integer,0,37,13
609,1033,1033,;,operator,0,37,14
610,1036,1037,if,keyword,0,38,1
611,1038,1038,(,operator,0,38,3
612,1039,1039,"!",operator,0,38,4
613,1040,1043,dfs1,identifier,0,38,5
614,1044,1044,(,operator,0,38,9
615,1045,1046,rt,identifier,0,38,10
616,1047,1047,",",operator,0,38,12
617,1048,1048,0,integer,0,38,13
618,1049,1049,),operator,0,38,14
619,1050,1050,),operator,0,38,15
620,1051,1056,return,keyword,0,38,16
621,1058,1061,puts,identifier,0,38,23
622,1062,1062,(,operator,0,38,27
623,1063,1066,"""No""",string,0,38,28
624,1067,1067,),operator,0,38,32
625,1068,1068,",",operator,0,38,33
626,1069,1072,void,keyword,0,38,34
627,1073,1073,(,operator,0,38,38
628,1074,1074,),operator,0,38,39
629,1075,1075,;,operator,0,38,40
630,1078,1079,if,keyword,0,39,1
631,1080,1080,(,operator,0,39,3
632,1081,1081,"!",operator,0,39,4
633,1082,1085,dfs2,identifier,0,39,5
634,1086,1086,(,operator,0,39,9
635,1087,1088,rt,identifier,0,39,10
636,1089,1089,",",operator,0,39,12
637,1090,1090,0,integer,0,39,13
638,1091,1091,),operator,0,39,14
639,1092,1092,),operator,0,39,15
640,1093,1098,return,keyword,0,39,16
641,1100,1103,puts,identifier,0,39,23
642,1104,1104,(,operator,0,39,27
643,1105,1108,"""No""",string,0,39,28
644,1109,1109,),operator,0,39,32
645,1110,1110,",",operator,0,39,33
646,1111,1114,void,keyword,0,39,34
647,1115,1115,(,operator,0,39,38
648,1116,1116,),operator,0,39,39
649,1117,1117,;,operator,0,39,40
650,1120,1122,for,keyword,0,40,1
651,1123,1123,(,operator,0,40,4
652,1124,1126,int,keyword,0,40,5
653,1128,1128,i,identifier,0,40,9
654,1129,1129,=,operator,0,40,10
655,1130,1130,1,integer,0,40,11
656,1131,1131,;,operator,0,40,12
657,1132,1132,i,identifier,0,40,13
658,1133,1134,<=,operator,0,40,14
659,1135,1135,n,identifier,0,40,16
660,1136,1136,;,operator,0,40,17
661,1137,1138,++,operator,0,40,18
662,1139,1139,i,identifier,0,40,20
663,1140,1140,),operator,0,40,21
664,1141,1141,{,operator,0,40,22
665,1145,1146,if,keyword,0,41,2
666,1147,1147,(,operator,0,41,4
667,1148,1148,L,identifier,0,41,5
668,1149,1149,[,operator,0,41,6
669,1150,1150,i,identifier,0,41,7
670,1151,1151,],operator,0,41,8
671,1152,1153,==,operator,0,41,9
672,1154,1154,R,identifier,0,41,11
673,1155,1155,[,operator,0,41,12
674,1156,1156,i,identifier,0,41,13
675,1157,1157,],operator,0,41,14
676,1158,1159,&&,operator,0,41,15
677,1160,1160,(,operator,0,41,17
678,1161,1161,L,identifier,0,41,18
679,1162,1162,[,operator,0,41,19
680,1163,1163,i,identifier,0,41,20
681,1164,1164,],operator,0,41,21
682,1165,1165,&,operator,0,41,22
683,1166,1166,1,integer,0,41,23
684,1167,1167,),operator,0,41,24
685,1168,1169,"!=",operator,0,41,25
686,1170,1170,f,identifier,0,41,27
687,1171,1171,[,operator,0,41,28
688,1172,1172,i,identifier,0,41,29
689,1173,1173,],operator,0,41,30
690,1174,1174,),operator,0,41,31
691,1175,1180,return,keyword,0,41,32
692,1182,1185,puts,identifier,0,41,39
693,1186,1186,(,operator,0,41,43
694,1187,1190,"""No""",string,0,41,44
695,1191,1191,),operator,0,41,48
696,1192,1192,",",operator,0,41,49
697,1193,1196,void,keyword,0,41,50
698,1197,1197,(,operator,0,41,54
699,1198,1198,),operator,0,41,55
700,1199,1199,;,operator,0,41,56
701,1203,1204,if,keyword,0,42,2
702,1205,1205,(,operator,0,42,4
703,1206,1206,(,operator,0,42,5
704,1207,1207,L,identifier,0,42,6
705,1208,1208,[,operator,0,42,7
706,1209,1209,i,identifier,0,42,8
707,1210,1210,],operator,0,42,9
708,1211,1211,&,operator,0,42,10
709,1212,1212,1,integer,0,42,11
710,1213,1213,),operator,0,42,12
711,1214,1215,==,operator,0,42,13
712,1216,1216,f,identifier,0,42,15
713,1217,1217,[,operator,0,42,16
714,1218,1218,i,identifier,0,42,17
715,1219,1219,],operator,0,42,18
716,1220,1220,),operator,0,42,19
717,1221,1221,a,identifier,0,42,20
718,1222,1222,[,operator,0,42,21
719,1223,1223,i,identifier,0,42,22
720,1224,1224,],operator,0,42,23
721,1225,1225,=,operator,0,42,24
722,1226,1226,L,identifier,0,42,25
723,1227,1227,[,operator,0,42,26
724,1228,1228,i,identifier,0,42,27
725,1229,1229,],operator,0,42,28
726,1230,1230,;,operator,0,42,29
727,1234,1237,else,keyword,0,43,2
728,1239,1239,a,identifier,0,43,7
729,1240,1240,[,operator,0,43,8
730,1241,1241,i,identifier,0,43,9
731,1242,1242,],operator,0,43,10
732,1243,1243,=,operator,0,43,11
733,1244,1244,L,identifier,0,43,12
734,1245,1245,[,operator,0,43,13
735,1246,1246,i,identifier,0,43,14
736,1247,1247,],operator,0,43,15
737,1248,1248,+,operator,0,43,16
738,1249,1249,1,integer,0,43,17
739,1250,1250,;,operator,0,43,18
740,1253,1253,},operator,0,44,1
741,1256,1259,puts,identifier,0,45,1
742,1260,1260,(,operator,0,45,5
743,1261,1265,"""Yes""",string,0,45,6
744,1266,1266,),operator,0,45,11
745,1267,1267,;,operator,0,45,12
746,1270,1272,for,keyword,0,46,1
747,1273,1273,(,operator,0,46,4
748,1274,1276,int,keyword,0,46,5
749,1278,1278,i,identifier,0,46,9
750,1279,1279,=,operator,0,46,10
751,1280,1280,1,integer,0,46,11
752,1281,1281,;,operator,0,46,12
753,1282,1282,i,identifier,0,46,13
754,1283,1284,<=,operator,0,46,14
755,1285,1285,n,identifier,0,46,16
756,1286,1286,;,operator,0,46,17
757,1287,1288,++,operator,0,46,18
758,1289,1289,i,identifier,0,46,20
759,1290,1290,),operator,0,46,21
760,1291,1296,printf,identifier,0,46,22
761,1297,1297,(,operator,0,46,28
762,1298,1303,"""%d\n""",string,0,46,29
763,1304,1304,",",operator,0,46,35
764,1305,1305,a,identifier,0,46,36
765,1306,1306,[,operator,0,46,37
766,1307,1307,i,identifier,0,46,38
767,1308,1308,],operator,0,46,39
768,1309,1309,),operator,0,46,40
769,1310,1310,;,operator,0,46,41
770,1312,1312,},operator,0,47,0
771,1314,1316,int,keyword,0,48,0
772,1318,1321,main,identifier,0,48,4
773,1322,1322,(,operator,0,48,8
774,1323,1323,),operator,0,48,9
775,1324,1324,{,operator,0,48,10
776,1327,1331,input,identifier,0,49,1
777,1332,1332,(,operator,0,49,6
778,1333,1333,),operator,0,49,7
779,1334,1334,;,operator,0,49,8
780,1337,1342,return,keyword,0,50,1
781,1344,1344,0,integer,0,50,8
782,1345,1345,;,operator,0,50,9
783,1347,1347,},operator,0,51,0
784,1348,1347,<EOF>,eof,0,51,1
