seqnr,start,stop,text,class,channel,line,column
0,151,174,"#include <bits/stdc++.h>",directive,1,4,0
1,176,180,using,keyword,0,5,0
2,182,190,namespace,keyword,0,5,6
3,192,194,std,identifier,0,5,16
4,195,195,;,operator,0,5,19
5,197,201,using,keyword,0,6,0
6,203,204,ll,identifier,0,6,6
7,206,206,=,operator,0,6,9
8,208,211,long,keyword,0,6,11
9,213,216,long,keyword,0,6,16
10,217,217,;,operator,0,6,20
11,219,223,using,keyword,0,7,0
12,225,226,db,identifier,0,7,6
13,228,228,=,operator,0,7,9
14,230,235,double,keyword,0,7,11
15,236,236,;,operator,0,7,17
16,238,242,using,keyword,0,8,0
17,244,245,ld,identifier,0,8,6
18,247,247,=,operator,0,8,9
19,249,252,long,keyword,0,8,11
20,254,259,double,keyword,0,8,16
21,260,260,;,operator,0,8,22
22,262,269,template,keyword,0,9,0
23,270,270,<,operator,0,9,8
24,271,278,typename,keyword,0,9,9
25,280,280,T,identifier,0,9,18
26,281,281,>,operator,0,9,19
27,283,287,using,keyword,0,9,21
28,289,289,V,identifier,0,9,27
29,291,291,=,operator,0,9,29
30,293,298,vector,identifier,0,9,31
31,299,299,<,operator,0,9,37
32,300,300,T,identifier,0,9,38
33,301,301,>,operator,0,9,39
34,302,302,;,operator,0,9,40
35,304,311,template,keyword,0,10,0
36,312,312,<,operator,0,10,8
37,313,320,typename,keyword,0,10,9
38,322,322,T,identifier,0,10,18
39,323,323,>,operator,0,10,19
40,325,329,using,keyword,0,10,21
41,331,332,VV,identifier,0,10,27
42,334,334,=,operator,0,10,30
43,336,341,vector,identifier,0,10,32
44,342,342,<,operator,0,10,38
45,343,348,vector,identifier,0,10,39
46,349,349,<,operator,0,10,45
47,350,350,T,identifier,0,10,46
48,351,351,>,operator,0,10,47
49,352,352,>,operator,0,10,48
50,353,353,;,operator,0,10,49
51,355,370,"#define fs first",directive,1,11,0
52,372,388,"#define sc second",directive,1,12,0
53,390,409,"#define pb push_back",directive,1,13,0
54,411,430,"#define mp make_pair",directive,1,14,0
55,432,452,"#define mt make_tuple",directive,1,15,0
56,454,476,"#define eb emplace_back",directive,1,16,0
57,478,499,"#define lb lower_bound",directive,1,17,0
58,501,522,"#define ub upper_bound",directive,1,18,0
59,524,559,"#define all(v) (v).begin(),(v).end()",directive,1,19,0
60,561,589,"#define siz(v) (ll)(v).size()",directive,1,20,0
61,591,634,"#define rep(i,a,n) for(ll i=a;i<(ll)(n);++i)",directive,1,21,0
62,636,681,"#define repr(i,a,n) for(ll i=n-1;(ll)a<=i;--i)",directive,1,22,0
63,683,699,"#define ENDL '\n'",directive,1,23,0
64,701,707,typedef,keyword,0,24,0
65,709,712,pair,identifier,0,24,8
66,713,713,<,operator,0,24,12
67,714,716,int,keyword,0,24,13
68,717,717,",",operator,0,24,16
69,718,720,int,keyword,0,24,17
70,721,721,>,operator,0,24,20
71,723,724,Pi,identifier,0,24,22
72,725,725,;,operator,0,24,24
73,727,733,typedef,keyword,0,25,0
74,735,738,pair,identifier,0,25,8
75,739,739,<,operator,0,25,12
76,740,741,ll,identifier,0,25,13
77,742,742,",",operator,0,25,15
78,743,744,ll,identifier,0,25,16
79,745,745,>,operator,0,25,18
80,747,748,PL,identifier,0,25,20
81,749,749,;,operator,0,25,22
82,751,759,constexpr,keyword,0,26,0
83,761,762,ll,identifier,0,26,10
84,764,766,mod,identifier,0,26,13
85,768,768,=,operator,0,26,17
86,770,779,1000000007,integer,0,26,19
87,780,780,;,operator,0,26,29
88,782,790,constexpr,keyword,0,27,0
89,792,793,ll,identifier,0,27,10
90,795,797,INF,identifier,0,27,13
91,799,799,=,operator,0,27,17
92,801,810,1000000099,integer,0,27,19
93,811,811,;,operator,0,27,29
94,813,821,constexpr,keyword,0,28,0
95,823,824,ll,identifier,0,28,10
96,826,829,LINF,identifier,0,28,13
97,831,831,=,operator,0,28,18
98,833,833,(,operator,0,28,20
99,834,835,ll,identifier,0,28,21
100,836,836,),operator,0,28,23
101,837,837,(,operator,0,28,24
102,838,841,1e18,floating,0,28,25
103,843,843,+,operator,0,28,30
104,844,845,99,integer,0,28,31
105,846,846,),operator,0,28,33
106,847,847,;,operator,0,28,34
107,849,853,const,keyword,0,29,0
108,855,860,vector,identifier,0,29,6
109,861,861,<,operator,0,29,12
110,862,863,ll,identifier,0,29,13
111,864,864,>,operator,0,29,15
112,866,867,dx,identifier,0,29,17
113,868,868,=,operator,0,29,19
114,869,869,{,operator,0,29,20
115,870,870,-,operator,0,29,21
116,871,871,1,integer,0,29,22
117,872,872,",",operator,0,29,23
118,873,873,1,integer,0,29,24
119,874,874,",",operator,0,29,25
120,875,875,0,integer,0,29,26
121,876,876,",",operator,0,29,27
122,877,877,0,integer,0,29,28
123,878,878,},operator,0,29,29
124,879,879,",",operator,0,29,30
125,880,881,dy,identifier,0,29,31
126,882,882,=,operator,0,29,33
127,883,883,{,operator,0,29,34
128,884,884,0,integer,0,29,35
129,885,885,",",operator,0,29,36
130,886,886,0,integer,0,29,37
131,887,887,",",operator,0,29,38
132,888,888,-,operator,0,29,39
133,889,889,1,integer,0,29,40
134,890,890,",",operator,0,29,41
135,891,891,1,integer,0,29,42
136,892,892,},operator,0,29,43
137,893,893,;,operator,0,29,44
138,895,902,template,keyword,0,30,0
139,903,903,<,operator,0,30,8
140,904,911,typename,keyword,0,30,9
141,913,913,T,identifier,0,30,18
142,914,914,",",operator,0,30,19
143,915,922,typename,keyword,0,30,20
144,924,924,U,identifier,0,30,29
145,925,925,>,operator,0,30,30
146,927,932,inline,keyword,0,30,32
147,934,937,bool,keyword,0,30,39
148,939,943,chmin,identifier,0,30,44
149,944,944,(,operator,0,30,49
150,945,945,T,identifier,0,30,50
151,946,946,&,operator,0,30,51
152,948,948,t,identifier,0,30,53
153,949,949,",",operator,0,30,54
154,951,955,const,keyword,0,30,56
155,957,957,U,identifier,0,30,62
156,958,958,&,operator,0,30,63
157,960,960,u,identifier,0,30,65
158,961,961,),operator,0,30,66
159,962,962,{,operator,0,30,67
160,963,964,if,keyword,0,30,68
161,965,965,(,operator,0,30,70
162,966,966,t,identifier,0,30,71
163,967,967,>,operator,0,30,72
164,968,968,u,identifier,0,30,73
165,969,969,),operator,0,30,74
166,970,970,{,operator,0,30,75
167,971,971,t,identifier,0,30,76
168,972,972,=,operator,0,30,77
169,973,973,u,identifier,0,30,78
170,974,974,;,operator,0,30,79
171,975,980,return,keyword,0,30,80
172,982,982,1,integer,0,30,87
173,983,983,;,operator,0,30,88
174,984,984,},operator,0,30,89
175,985,990,return,keyword,0,30,90
176,992,992,0,integer,0,30,97
177,993,993,;,operator,0,30,98
178,994,994,},operator,0,30,99
179,996,1003,template,keyword,0,31,0
180,1004,1004,<,operator,0,31,8
181,1005,1012,typename,keyword,0,31,9
182,1014,1014,T,identifier,0,31,18
183,1015,1015,",",operator,0,31,19
184,1016,1023,typename,keyword,0,31,20
185,1025,1025,U,identifier,0,31,29
186,1026,1026,>,operator,0,31,30
187,1028,1033,inline,keyword,0,31,32
188,1035,1038,bool,keyword,0,31,39
189,1040,1044,chmax,identifier,0,31,44
190,1045,1045,(,operator,0,31,49
191,1046,1046,T,identifier,0,31,50
192,1047,1047,&,operator,0,31,51
193,1049,1049,t,identifier,0,31,53
194,1050,1050,",",operator,0,31,54
195,1052,1056,const,keyword,0,31,56
196,1058,1058,U,identifier,0,31,62
197,1059,1059,&,operator,0,31,63
198,1061,1061,u,identifier,0,31,65
199,1062,1062,),operator,0,31,66
200,1063,1063,{,operator,0,31,67
201,1064,1065,if,keyword,0,31,68
202,1066,1066,(,operator,0,31,70
203,1067,1067,t,identifier,0,31,71
204,1068,1068,<,operator,0,31,72
205,1069,1069,u,identifier,0,31,73
206,1070,1070,),operator,0,31,74
207,1071,1071,{,operator,0,31,75
208,1072,1072,t,identifier,0,31,76
209,1073,1073,=,operator,0,31,77
210,1074,1074,u,identifier,0,31,78
211,1075,1075,;,operator,0,31,79
212,1076,1081,return,keyword,0,31,80
213,1083,1083,1,integer,0,31,87
214,1084,1084,;,operator,0,31,88
215,1085,1085,},operator,0,31,89
216,1086,1091,return,keyword,0,31,90
217,1093,1093,0,integer,0,31,97
218,1094,1094,;,operator,0,31,98
219,1095,1095,},operator,0,31,99
220,1097,1104,template,keyword,0,32,0
221,1105,1105,<,operator,0,32,8
222,1106,1113,typename,keyword,0,32,9
223,1115,1115,T,identifier,0,32,18
224,1116,1116,>,operator,0,32,19
225,1118,1123,inline,keyword,0,32,21
226,1125,1125,T,identifier,0,32,28
227,1127,1129,gcd,identifier,0,32,30
228,1130,1130,(,operator,0,32,33
229,1131,1131,T,identifier,0,32,34
230,1133,1133,a,identifier,0,32,36
231,1134,1134,",",operator,0,32,37
232,1135,1135,T,identifier,0,32,38
233,1137,1137,b,identifier,0,32,40
234,1138,1138,),operator,0,32,41
235,1139,1139,{,operator,0,32,42
236,1140,1145,return,keyword,0,32,43
237,1147,1147,b,identifier,0,32,50
238,1148,1148,?,operator,0,32,51
239,1149,1151,gcd,identifier,0,32,52
240,1152,1152,(,operator,0,32,55
241,1153,1153,b,identifier,0,32,56
242,1154,1154,",",operator,0,32,57
243,1155,1155,a,identifier,0,32,58
244,1156,1156,%,operator,0,32,59
245,1157,1157,b,identifier,0,32,60
246,1158,1158,),operator,0,32,61
247,1159,1159,:,operator,0,32,62
248,1160,1160,a,identifier,0,32,63
249,1161,1161,;,operator,0,32,64
250,1162,1162,},operator,0,32,65
251,1164,1171,template,keyword,0,33,0
252,1172,1172,<,operator,0,33,8
253,1173,1180,typename,keyword,0,33,9
254,1182,1182,T,identifier,0,33,18
255,1183,1183,",",operator,0,33,19
256,1184,1191,typename,keyword,0,33,20
257,1193,1193,Y,identifier,0,33,29
258,1194,1194,>,operator,0,33,30
259,1196,1201,inline,keyword,0,33,32
260,1203,1203,T,identifier,0,33,39
261,1205,1208,mpow,identifier,0,33,41
262,1209,1209,(,operator,0,33,45
263,1210,1210,T,identifier,0,33,46
264,1212,1212,a,identifier,0,33,48
265,1213,1213,",",operator,0,33,49
266,1215,1215,Y,identifier,0,33,51
267,1217,1217,n,identifier,0,33,53
268,1218,1218,),operator,0,33,54
269,1220,1220,{,operator,0,33,56
270,1224,1224,T,identifier,0,34,2
271,1226,1228,res,identifier,0,34,4
272,1230,1230,=,operator,0,34,8
273,1232,1232,1,integer,0,34,10
274,1233,1233,;,operator,0,34,11
275,1237,1239,for,keyword,0,35,2
276,1240,1240,(,operator,0,35,5
277,1241,1241,;,operator,0,35,6
278,1242,1242,n,identifier,0,35,7
279,1243,1243,;,operator,0,35,8
280,1244,1244,n,identifier,0,35,9
281,1245,1247,>>=,operator,0,35,10
282,1248,1248,1,integer,0,35,13
283,1249,1249,),operator,0,35,14
284,1251,1251,{,operator,0,35,16
285,1257,1258,if,keyword,0,36,4
286,1260,1260,(,operator,0,36,7
287,1261,1261,n,identifier,0,36,8
288,1263,1263,&,operator,0,36,10
289,1265,1265,1,integer,0,36,12
290,1266,1266,),operator,0,36,13
291,1268,1270,res,identifier,0,36,15
292,1272,1272,=,operator,0,36,19
293,1274,1276,res,identifier,0,36,21
294,1278,1278,*,operator,0,36,25
295,1280,1280,a,identifier,0,36,27
296,1281,1281,;,operator,0,36,28
297,1287,1287,a,identifier,0,37,4
298,1289,1289,=,operator,0,37,6
299,1291,1291,a,identifier,0,37,8
300,1293,1293,*,operator,0,37,10
301,1295,1295,a,identifier,0,37,12
302,1296,1296,;,operator,0,37,13
303,1300,1300,},operator,0,38,2
304,1304,1309,return,keyword,0,39,2
305,1311,1313,res,identifier,0,39,9
306,1314,1314,;,operator,0,39,12
307,1316,1316,},operator,0,40,0
308,1319,1320,VV,identifier,0,42,0
309,1321,1321,<,operator,0,42,2
310,1322,1324,int,keyword,0,42,3
311,1325,1325,>,operator,0,42,6
312,1327,1327,e,identifier,0,42,8
313,1328,1328,;,operator,0,42,9
314,1330,1330,V,identifier,0,43,0
315,1331,1331,<,operator,0,43,1
316,1332,1334,int,keyword,0,43,2
317,1335,1335,>,operator,0,43,5
318,1337,1339,ans,identifier,0,43,7
319,1340,1340,",",operator,0,43,10
320,1341,1342,st,identifier,0,43,11
321,1343,1343,",",operator,0,43,13
322,1344,1345,ue,identifier,0,43,14
323,1346,1346,;,operator,0,43,16
324,1348,1348,V,identifier,0,44,0
325,1349,1349,<,operator,0,44,1
326,1350,1353,bool,keyword,0,44,2
327,1354,1354,>,operator,0,44,6
328,1356,1359,used,identifier,0,44,8
329,1360,1360,;,operator,0,44,12
330,1363,1366,void,keyword,0,46,0
331,1368,1371,dfs1,identifier,0,46,5
332,1372,1372,(,operator,0,46,9
333,1373,1375,int,keyword,0,46,10
334,1377,1379,now,identifier,0,46,14
335,1380,1380,",",operator,0,46,17
336,1381,1383,int,keyword,0,46,18
337,1385,1387,pre,identifier,0,46,22
338,1388,1388,),operator,0,46,25
339,1389,1389,{,operator,0,46,26
340,1393,1394,if,keyword,0,47,2
341,1395,1395,(,operator,0,47,4
342,1396,1397,st,identifier,0,47,5
343,1398,1398,[,operator,0,47,7
344,1399,1401,now,identifier,0,47,8
345,1402,1402,],operator,0,47,11
346,1403,1403,>,operator,0,47,12
347,1404,1405,ue,identifier,0,47,13
348,1406,1406,[,operator,0,47,15
349,1407,1409,now,identifier,0,47,16
350,1410,1410,],operator,0,47,19
351,1411,1411,),operator,0,47,20
352,1412,1412,{,operator,0,47,21
353,1418,1421,cout,identifier,0,48,4
354,1422,1422,<,operator,0,48,8
355,1423,1423,<,operator,0,48,9
356,1424,1427,"""No""",string,0,48,10
357,1428,1428,<,operator,0,48,14
358,1429,1429,<,operator,0,48,15
359,1430,1433,ENDL,identifier,0,48,16
360,1434,1434,;,operator,0,48,20
361,1440,1443,exit,identifier,0,49,4
362,1444,1444,(,operator,0,49,8
363,1445,1445,0,integer,0,49,9
364,1446,1446,),operator,0,49,10
365,1447,1447,;,operator,0,49,11
366,1451,1451,},operator,0,50,2
367,1456,1458,for,keyword,0,52,2
368,1459,1459,(,operator,0,52,5
369,1460,1463,auto,keyword,0,52,6
370,1464,1465,&&,operator,0,52,10
371,1467,1469,nex,identifier,0,52,13
372,1470,1470,:,operator,0,52,16
373,1471,1471,e,identifier,0,52,17
374,1472,1472,[,operator,0,52,18
375,1473,1475,now,identifier,0,52,19
376,1476,1476,],operator,0,52,22
377,1477,1477,),operator,0,52,23
378,1478,1478,{,operator,0,52,24
379,1484,1485,if,keyword,0,53,4
380,1486,1486,(,operator,0,53,6
381,1487,1489,pre,identifier,0,53,7
382,1490,1491,==,operator,0,53,10
383,1492,1494,nex,identifier,0,53,12
384,1495,1495,),operator,0,53,15
385,1496,1503,continue,keyword,0,53,16
386,1504,1504,;,operator,0,53,24
387,1511,1515,chmax,identifier,0,55,4
388,1516,1516,(,operator,0,55,9
389,1517,1518,st,identifier,0,55,10
390,1519,1519,[,operator,0,55,12
391,1520,1522,nex,identifier,0,55,13
392,1523,1523,],operator,0,55,16
393,1524,1524,",",operator,0,55,17
394,1525,1526,st,identifier,0,55,18
395,1527,1527,[,operator,0,55,20
396,1528,1530,now,identifier,0,55,21
397,1531,1531,],operator,0,55,24
398,1532,1532,-,operator,0,55,25
399,1533,1533,1,integer,0,55,26
400,1534,1534,),operator,0,55,27
401,1535,1535,;,operator,0,55,28
402,1541,1545,chmin,identifier,0,56,4
403,1546,1546,(,operator,0,56,9
404,1547,1548,ue,identifier,0,56,10
405,1549,1549,[,operator,0,56,12
406,1550,1552,nex,identifier,0,56,13
407,1553,1553,],operator,0,56,16
408,1554,1554,",",operator,0,56,17
409,1555,1556,ue,identifier,0,56,18
410,1557,1557,[,operator,0,56,20
411,1558,1560,now,identifier,0,56,21
412,1561,1561,],operator,0,56,24
413,1562,1562,+,operator,0,56,25
414,1563,1563,1,integer,0,56,26
415,1564,1564,),operator,0,56,27
416,1565,1565,;,operator,0,56,28
417,1571,1574,dfs1,identifier,0,57,4
418,1575,1575,(,operator,0,57,8
419,1576,1578,nex,identifier,0,57,9
420,1579,1579,",",operator,0,57,12
421,1580,1582,now,identifier,0,57,13
422,1583,1583,),operator,0,57,16
423,1584,1584,;,operator,0,57,17
424,1590,1594,chmax,identifier,0,58,4
425,1595,1595,(,operator,0,58,9
426,1596,1597,st,identifier,0,58,10
427,1598,1598,[,operator,0,58,12
428,1599,1601,now,identifier,0,58,13
429,1602,1602,],operator,0,58,16
430,1603,1603,",",operator,0,58,17
431,1604,1605,st,identifier,0,58,18
432,1606,1606,[,operator,0,58,20
433,1607,1609,nex,identifier,0,58,21
434,1610,1610,],operator,0,58,24
435,1611,1611,-,operator,0,58,25
436,1612,1612,1,integer,0,58,26
437,1613,1613,),operator,0,58,27
438,1614,1614,;,operator,0,58,28
439,1620,1624,chmin,identifier,0,59,4
440,1625,1625,(,operator,0,59,9
441,1626,1627,ue,identifier,0,59,10
442,1628,1628,[,operator,0,59,12
443,1629,1631,now,identifier,0,59,13
444,1632,1632,],operator,0,59,16
445,1633,1633,",",operator,0,59,17
446,1634,1635,ue,identifier,0,59,18
447,1636,1636,[,operator,0,59,20
448,1637,1639,nex,identifier,0,59,21
449,1640,1640,],operator,0,59,24
450,1641,1641,+,operator,0,59,25
451,1642,1642,1,integer,0,59,26
452,1643,1643,),operator,0,59,27
453,1644,1644,;,operator,0,59,28
454,1653,1653,},operator,0,61,2
455,1655,1655,},operator,0,62,0
456,1659,1662,void,keyword,0,65,0
457,1664,1667,dfs2,identifier,0,65,5
458,1668,1668,(,operator,0,65,9
459,1669,1671,int,keyword,0,65,10
460,1673,1675,now,identifier,0,65,14
461,1676,1676,",",operator,0,65,17
462,1677,1679,int,keyword,0,65,18
463,1681,1683,pre,identifier,0,65,22
464,1684,1684,),operator,0,65,25
465,1685,1685,{,operator,0,65,26
466,1689,1690,if,keyword,0,66,2
467,1691,1691,(,operator,0,66,4
468,1692,1693,st,identifier,0,66,5
469,1694,1694,[,operator,0,66,7
470,1695,1697,now,identifier,0,66,8
471,1698,1698,],operator,0,66,11
472,1699,1699,>,operator,0,66,12
473,1700,1701,ue,identifier,0,66,13
474,1702,1702,[,operator,0,66,15
475,1703,1705,now,identifier,0,66,16
476,1706,1706,],operator,0,66,19
477,1707,1707,),operator,0,66,20
478,1708,1708,{,operator,0,66,21
479,1714,1717,cout,identifier,0,67,4
480,1718,1718,<,operator,0,67,8
481,1719,1719,<,operator,0,67,9
482,1720,1723,"""No""",string,0,67,10
483,1724,1724,<,operator,0,67,14
484,1725,1725,<,operator,0,67,15
485,1726,1729,ENDL,identifier,0,67,16
486,1730,1730,;,operator,0,67,20
487,1736,1739,exit,identifier,0,68,4
488,1740,1740,(,operator,0,68,8
489,1741,1741,0,integer,0,68,9
490,1742,1742,),operator,0,68,10
491,1743,1743,;,operator,0,68,11
492,1747,1747,},operator,0,69,2
493,1752,1754,ans,identifier,0,71,2
494,1755,1755,[,operator,0,71,5
495,1756,1758,now,identifier,0,71,6
496,1759,1759,],operator,0,71,9
497,1760,1760,=,operator,0,71,10
498,1761,1762,st,identifier,0,71,11
499,1763,1763,[,operator,0,71,13
500,1764,1766,now,identifier,0,71,14
501,1767,1767,],operator,0,71,17
502,1768,1768,;,operator,0,71,18
503,1772,1774,for,keyword,0,72,2
504,1775,1775,(,operator,0,72,5
505,1776,1779,auto,keyword,0,72,6
506,1780,1781,&&,operator,0,72,10
507,1783,1785,nex,identifier,0,72,13
508,1786,1786,:,operator,0,72,16
509,1787,1787,e,identifier,0,72,17
510,1788,1788,[,operator,0,72,18
511,1789,1791,now,identifier,0,72,19
512,1792,1792,],operator,0,72,22
513,1793,1793,),operator,0,72,23
514,1794,1794,{,operator,0,72,24
515,1800,1801,if,keyword,0,73,4
516,1802,1802,(,operator,0,73,6
517,1803,1805,pre,identifier,0,73,7
518,1806,1807,==,operator,0,73,10
519,1808,1810,nex,identifier,0,73,12
520,1811,1811,),operator,0,73,15
521,1812,1819,continue,keyword,0,73,16
522,1820,1820,;,operator,0,73,24
523,1826,1827,if,keyword,0,74,4
524,1828,1828,(,operator,0,74,6
525,1829,1830,st,identifier,0,74,7
526,1831,1831,[,operator,0,74,9
527,1832,1834,nex,identifier,0,74,10
528,1835,1835,],operator,0,74,13
529,1836,1837,==,operator,0,74,14
530,1838,1840,ans,identifier,0,74,16
531,1841,1841,[,operator,0,74,19
532,1842,1844,now,identifier,0,74,20
533,1845,1845,],operator,0,74,23
534,1846,1846,),operator,0,74,24
535,1847,1847,{,operator,0,74,25
536,1855,1858,cout,identifier,0,75,6
537,1859,1859,<,operator,0,75,10
538,1860,1860,<,operator,0,75,11
539,1861,1864,"""No""",string,0,75,12
540,1865,1865,<,operator,0,75,16
541,1866,1866,<,operator,0,75,17
542,1867,1870,ENDL,identifier,0,75,18
543,1871,1871,;,operator,0,75,22
544,1879,1882,exit,identifier,0,76,6
545,1883,1883,(,operator,0,76,10
546,1884,1884,0,integer,0,76,11
547,1885,1885,),operator,0,76,12
548,1886,1886,;,operator,0,76,13
549,1892,1892,},operator,0,77,4
550,1899,1903,chmax,identifier,0,79,4
551,1904,1904,(,operator,0,79,9
552,1905,1906,st,identifier,0,79,10
553,1907,1907,[,operator,0,79,12
554,1908,1910,nex,identifier,0,79,13
555,1911,1911,],operator,0,79,16
556,1912,1912,",",operator,0,79,17
557,1913,1915,ans,identifier,0,79,18
558,1916,1916,[,operator,0,79,21
559,1917,1919,now,identifier,0,79,22
560,1920,1920,],operator,0,79,25
561,1921,1921,-,operator,0,79,26
562,1922,1922,1,integer,0,79,27
563,1923,1923,),operator,0,79,28
564,1924,1924,;,operator,0,79,29
565,1930,1934,chmin,identifier,0,80,4
566,1935,1935,(,operator,0,80,9
567,1936,1937,ue,identifier,0,80,10
568,1938,1938,[,operator,0,80,12
569,1939,1941,nex,identifier,0,80,13
570,1942,1942,],operator,0,80,16
571,1943,1943,",",operator,0,80,17
572,1944,1946,ans,identifier,0,80,18
573,1947,1947,[,operator,0,80,21
574,1948,1950,now,identifier,0,80,22
575,1951,1951,],operator,0,80,25
576,1952,1952,+,operator,0,80,26
577,1953,1953,1,integer,0,80,27
578,1954,1954,),operator,0,80,28
579,1955,1955,;,operator,0,80,29
580,1961,1964,dfs2,identifier,0,81,4
581,1965,1965,(,operator,0,81,8
582,1966,1968,nex,identifier,0,81,9
583,1969,1969,",",operator,0,81,12
584,1970,1972,now,identifier,0,81,13
585,1973,1973,),operator,0,81,16
586,1974,1974,;,operator,0,81,17
587,1978,1978,},operator,0,82,2
588,1980,1980,},operator,0,83,0
589,1983,1988,signed,keyword,0,85,0
590,1990,1993,main,identifier,0,85,7
591,1994,1994,(,operator,0,85,11
592,1995,1995,),operator,0,85,12
593,1996,1996,{,operator,0,85,13
594,2000,2002,cin,identifier,0,86,2
595,2003,2003,.,operator,0,86,5
596,2004,2006,tie,identifier,0,86,6
597,2007,2007,(,operator,0,86,9
598,2008,2008,0,integer,0,86,10
599,2009,2009,),operator,0,86,11
600,2010,2010,;,operator,0,86,12
601,2011,2013,ios,identifier,0,86,13
602,2014,2015,::,operator,0,86,16
603,2016,2030,sync_with_stdio,identifier,0,86,18
604,2031,2031,(,operator,0,86,33
605,2032,2036,false,keyword,0,86,34
606,2037,2037,),operator,0,86,39
607,2038,2038,;,operator,0,86,40
608,2042,2045,cout,identifier,0,87,2
609,2046,2046,<,operator,0,87,6
610,2047,2047,<,operator,0,87,7
611,2048,2052,fixed,identifier,0,87,8
612,2053,2053,<,operator,0,87,13
613,2054,2054,<,operator,0,87,14
614,2055,2066,setprecision,identifier,0,87,15
615,2067,2067,(,operator,0,87,27
616,2068,2069,20,integer,0,87,28
617,2070,2070,),operator,0,87,30
618,2071,2071,;,operator,0,87,31
619,2075,2077,int,keyword,0,88,2
620,2079,2079,n,identifier,0,88,6
621,2080,2080,;,operator,0,88,7
622,2081,2083,cin,identifier,0,88,8
623,2084,2084,>,operator,0,88,11
624,2085,2085,>,operator,0,88,12
625,2086,2086,n,identifier,0,88,13
626,2087,2087,;,operator,0,88,14
627,2091,2091,e,identifier,0,89,2
628,2092,2092,.,operator,0,89,3
629,2093,2098,assign,identifier,0,89,4
630,2099,2099,(,operator,0,89,10
631,2100,2100,n,identifier,0,89,11
632,2101,2101,",",operator,0,89,12
633,2102,2102,V,identifier,0,89,13
634,2103,2103,<,operator,0,89,14
635,2104,2106,int,keyword,0,89,15
636,2107,2107,>,operator,0,89,18
637,2108,2108,(,operator,0,89,19
638,2109,2109,0,integer,0,89,20
639,2110,2110,),operator,0,89,21
640,2111,2111,),operator,0,89,22
641,2112,2112,;,operator,0,89,23
642,2116,2118,ans,identifier,0,90,2
643,2119,2119,.,operator,0,90,5
644,2120,2125,assign,identifier,0,90,6
645,2126,2126,(,operator,0,90,12
646,2127,2127,n,identifier,0,90,13
647,2128,2128,",",operator,0,90,14
648,2129,2131,INF,identifier,0,90,15
649,2132,2132,),operator,0,90,18
650,2133,2133,",",operator,0,90,19
651,2134,2135,st,identifier,0,90,20
652,2136,2136,.,operator,0,90,22
653,2137,2142,assign,identifier,0,90,23
654,2143,2143,(,operator,0,90,29
655,2144,2144,n,identifier,0,90,30
656,2145,2145,",",operator,0,90,31
657,2146,2146,-,operator,0,90,32
658,2147,2149,INF,identifier,0,90,33
659,2150,2150,),operator,0,90,36
660,2151,2151,",",operator,0,90,37
661,2152,2153,ue,identifier,0,90,38
662,2154,2154,.,operator,0,90,40
663,2155,2160,assign,identifier,0,90,41
664,2161,2161,(,operator,0,90,47
665,2162,2162,n,identifier,0,90,48
666,2163,2163,",",operator,0,90,49
667,2164,2166,INF,identifier,0,90,50
668,2167,2167,),operator,0,90,53
669,2168,2168,;,operator,0,90,54
670,2172,2175,used,identifier,0,91,2
671,2176,2176,.,operator,0,91,6
672,2177,2182,assign,identifier,0,91,7
673,2183,2183,(,operator,0,91,13
674,2184,2184,n,identifier,0,91,14
675,2185,2185,",",operator,0,91,15
676,2186,2190,false,keyword,0,91,16
677,2191,2191,),operator,0,91,21
678,2192,2192,;,operator,0,91,22
679,2197,2199,rep,identifier,0,93,2
680,2200,2200,(,operator,0,93,5
681,2201,2201,i,identifier,0,93,6
682,2202,2202,",",operator,0,93,7
683,2203,2203,0,integer,0,93,8
684,2204,2204,",",operator,0,93,9
685,2205,2205,n,identifier,0,93,10
686,2206,2206,-,operator,0,93,11
687,2207,2207,1,integer,0,93,12
688,2208,2208,),operator,0,93,13
689,2209,2209,{,operator,0,93,14
690,2215,2217,int,keyword,0,94,4
691,2219,2219,a,identifier,0,94,8
692,2220,2220,",",operator,0,94,9
693,2221,2221,b,identifier,0,94,10
694,2222,2222,;,operator,0,94,11
695,2223,2225,cin,identifier,0,94,12
696,2226,2226,>,operator,0,94,15
697,2227,2227,>,operator,0,94,16
698,2228,2228,a,identifier,0,94,17
699,2229,2229,>,operator,0,94,18
700,2230,2230,>,operator,0,94,19
701,2231,2231,b,identifier,0,94,20
702,2232,2232,;,operator,0,94,21
703,2238,2238,a,identifier,0,95,4
704,2239,2240,--,operator,0,95,5
705,2241,2241,;,operator,0,95,7
706,2242,2242,b,identifier,0,95,8
707,2243,2244,--,operator,0,95,9
708,2245,2245,;,operator,0,95,11
709,2251,2251,e,identifier,0,96,4
710,2252,2252,[,operator,0,96,5
711,2253,2253,a,identifier,0,96,6
712,2254,2254,],operator,0,96,7
713,2255,2255,.,operator,0,96,8
714,2256,2257,pb,identifier,0,96,9
715,2258,2258,(,operator,0,96,11
716,2259,2259,b,identifier,0,96,12
717,2260,2260,),operator,0,96,13
718,2261,2261,;,operator,0,96,14
719,2267,2267,e,identifier,0,97,4
720,2268,2268,[,operator,0,97,5
721,2269,2269,b,identifier,0,97,6
722,2270,2270,],operator,0,97,7
723,2271,2271,.,operator,0,97,8
724,2272,2273,pb,identifier,0,97,9
725,2274,2274,(,operator,0,97,11
726,2275,2275,a,identifier,0,97,12
727,2276,2276,),operator,0,97,13
728,2277,2277,;,operator,0,97,14
729,2281,2281,},operator,0,98,2
730,2286,2288,int,keyword,0,100,2
731,2290,2290,k,identifier,0,100,6
732,2291,2291,;,operator,0,100,7
733,2292,2294,cin,identifier,0,100,8
734,2295,2295,>,operator,0,100,11
735,2296,2296,>,operator,0,100,12
736,2297,2297,k,identifier,0,100,13
737,2298,2298,;,operator,0,100,14
738,2302,2304,rep,identifier,0,101,2
739,2305,2305,(,operator,0,101,5
740,2306,2306,i,identifier,0,101,6
741,2307,2307,",",operator,0,101,7
742,2308,2308,0,integer,0,101,8
743,2309,2309,",",operator,0,101,9
744,2310,2310,k,identifier,0,101,10
745,2311,2311,),operator,0,101,11
746,2312,2312,{,operator,0,101,12
747,2318,2320,int,keyword,0,102,4
748,2322,2322,v,identifier,0,102,8
749,2323,2323,",",operator,0,102,9
750,2324,2324,p,identifier,0,102,10
751,2325,2325,;,operator,0,102,11
752,2326,2328,cin,identifier,0,102,12
753,2329,2329,>,operator,0,102,15
754,2330,2330,>,operator,0,102,16
755,2331,2331,v,identifier,0,102,17
756,2332,2332,>,operator,0,102,18
757,2333,2333,>,operator,0,102,19
758,2334,2334,p,identifier,0,102,20
759,2335,2335,;,operator,0,102,21
760,2341,2341,v,identifier,0,103,4
761,2342,2343,--,operator,0,103,5
762,2344,2344,;,operator,0,103,7
763,2350,2352,ans,identifier,0,104,4
764,2353,2353,[,operator,0,104,7
765,2354,2354,v,identifier,0,104,8
766,2355,2355,],operator,0,104,9
767,2356,2356,=,operator,0,104,10
768,2357,2358,st,identifier,0,104,11
769,2359,2359,[,operator,0,104,13
770,2360,2360,v,identifier,0,104,14
771,2361,2361,],operator,0,104,15
772,2362,2362,=,operator,0,104,16
773,2363,2364,ue,identifier,0,104,17
774,2365,2365,[,operator,0,104,19
775,2366,2366,v,identifier,0,104,20
776,2367,2367,],operator,0,104,21
777,2368,2368,=,operator,0,104,22
778,2369,2369,p,identifier,0,104,23
779,2370,2370,;,operator,0,104,24
780,2376,2379,used,identifier,0,105,4
781,2380,2380,[,operator,0,105,8
782,2381,2381,v,identifier,0,105,9
783,2382,2382,],operator,0,105,10
784,2383,2383,=,operator,0,105,11
785,2384,2387,true,keyword,0,105,12
786,2388,2388,;,operator,0,105,16
787,2392,2392,},operator,0,106,2
788,2397,2400,dfs1,identifier,0,108,2
789,2401,2401,(,operator,0,108,6
790,2402,2402,0,integer,0,108,7
791,2403,2403,",",operator,0,108,8
792,2404,2404,-,operator,0,108,9
793,2405,2405,1,integer,0,108,10
794,2406,2406,),operator,0,108,11
795,2407,2407,;,operator,0,108,12
796,2411,2414,dfs2,identifier,0,109,2
797,2415,2415,(,operator,0,109,6
798,2416,2416,0,integer,0,109,7
799,2417,2417,",",operator,0,109,8
800,2418,2418,-,operator,0,109,9
801,2419,2419,1,integer,0,109,10
802,2420,2420,),operator,0,109,11
803,2421,2421,;,operator,0,109,12
804,2426,2429,cout,identifier,0,111,2
805,2430,2430,<,operator,0,111,6
806,2431,2431,<,operator,0,111,7
807,2432,2436,"""Yes""",string,0,111,8
808,2437,2437,<,operator,0,111,13
809,2438,2438,<,operator,0,111,14
810,2439,2442,ENDL,identifier,0,111,15
811,2443,2443,;,operator,0,111,19
812,2447,2449,rep,identifier,0,112,2
813,2450,2450,(,operator,0,112,5
814,2451,2451,i,identifier,0,112,6
815,2452,2452,",",operator,0,112,7
816,2453,2453,0,integer,0,112,8
817,2454,2454,",",operator,0,112,9
818,2455,2455,n,identifier,0,112,10
819,2456,2456,),operator,0,112,11
820,2457,2457,{,operator,0,112,12
821,2464,2467,cout,identifier,0,113,4
822,2468,2468,<,operator,0,113,8
823,2469,2469,<,operator,0,113,9
824,2470,2472,ans,identifier,0,113,10
825,2473,2473,[,operator,0,113,13
826,2474,2474,i,identifier,0,113,14
827,2475,2475,],operator,0,113,15
828,2476,2476,<,operator,0,113,16
829,2477,2477,<,operator,0,113,17
830,2478,2481,ENDL,identifier,0,113,18
831,2482,2482,;,operator,0,113,22
832,2486,2486,},operator,0,114,2
833,2489,2489,},operator,0,116,0
834,2552,2551,<EOF>,eof,0,118,44
