seqnr,start,stop,text,class,channel,line,column
0,0,16,"#include <cstdio>",directive,1,1,0
1,18,36,"#include <iostream>",directive,1,2,0
2,38,55,"#include <cstdlib>",directive,1,3,0
3,57,74,"#include <cassert>",directive,1,4,0
4,76,90,"#define L first",directive,1,5,0
5,92,107,"#define R second",directive,1,6,0
6,109,166,"#define travel(x, i) for (int i = fir[x]; i; i = e[i].nxt)",directive,1,7,0
7,168,202,"#define fail {puts(""No""); exit(0);}",directive,1,8,0
8,204,208,using,keyword,0,9,0
9,210,218,namespace,keyword,0,9,6
10,220,222,std,identifier,0,9,16
11,223,223,;,operator,0,9,19
12,226,230,const,keyword,0,11,0
13,232,234,int,keyword,0,11,6
14,236,236,N,identifier,0,11,10
15,238,238,=,operator,0,11,12
16,240,242,1e5,floating,0,11,14
17,244,244,+,operator,0,11,18
18,246,246,5,integer,0,11,20
19,247,247,;,operator,0,11,21
20,249,253,const,keyword,0,12,0
21,255,257,int,keyword,0,12,6
22,259,261,INF,identifier,0,12,10
23,263,263,=,operator,0,12,14
24,265,267,1e7,floating,0,12,16
25,268,268,;,operator,0,12,19
26,271,276,struct,keyword,0,14,0
27,278,281,edge,identifier,0,14,7
28,283,283,{,operator,0,14,12
29,287,289,int,keyword,0,15,2
30,291,293,nxt,identifier,0,15,6
31,294,294,",",operator,0,15,9
32,296,297,to,identifier,0,15,11
33,298,298,;,operator,0,15,13
34,300,300,},operator,0,16,0
35,302,302,e,identifier,0,16,2
36,303,303,[,operator,0,16,3
37,304,304,N,identifier,0,16,4
38,306,306,<,operator,0,16,6
39,307,307,<,operator,0,16,7
40,309,309,1,integer,0,16,9
41,310,310,],operator,0,16,10
42,311,311,;,operator,0,16,11
43,313,318,struct,keyword,0,17,0
44,320,329,Constraint,identifier,0,17,7
45,331,331,{,operator,0,17,18
46,335,338,pair,identifier,0,18,2
47,340,340,<,operator,0,18,7
48,341,343,int,keyword,0,18,8
49,344,344,",",operator,0,18,11
50,346,348,int,keyword,0,18,13
51,349,349,>,operator,0,18,16
52,351,355,range,identifier,0,18,18
53,356,356,;,operator,0,18,23
54,360,363,bool,keyword,0,19,2
55,365,365,o,identifier,0,19,7
56,366,366,",",operator,0,19,8
57,368,368,u,identifier,0,19,10
58,369,369,;,operator,0,19,11
59,373,382,Constraint,identifier,0,20,2
60,383,383,(,operator,0,20,12
61,384,384,),operator,0,20,13
62,386,386,{,operator,0,20,15
63,387,387,u,identifier,0,20,16
64,389,389,=,operator,0,20,18
65,391,391,0,integer,0,20,20
66,392,392,;,operator,0,20,21
67,393,393,},operator,0,20,22
68,395,395,},operator,0,21,0
69,397,399,con,identifier,0,21,2
70,400,400,[,operator,0,21,5
71,401,401,N,identifier,0,21,6
72,402,402,],operator,0,21,7
73,403,403,;,operator,0,21,8
74,405,407,int,keyword,0,22,0
75,409,411,fir,identifier,0,22,4
76,412,412,[,operator,0,22,7
77,413,413,N,identifier,0,22,8
78,414,414,],operator,0,22,9
79,415,415,",",operator,0,22,10
80,417,419,cnt,identifier,0,22,12
81,421,421,=,operator,0,22,16
82,423,423,0,integer,0,22,18
83,424,424,;,operator,0,22,19
84,426,428,int,keyword,0,23,0
85,430,430,n,identifier,0,23,4
86,431,431,",",operator,0,23,5
87,433,433,k,identifier,0,23,7
88,434,434,",",operator,0,23,8
89,436,438,col,identifier,0,23,10
90,439,439,[,operator,0,23,13
91,440,440,N,identifier,0,23,14
92,441,441,],operator,0,23,15
93,442,442,;,operator,0,23,16
94,444,447,bool,keyword,0,24,0
95,449,452,done,identifier,0,24,5
96,453,453,[,operator,0,24,9
97,454,454,N,identifier,0,24,10
98,455,455,],operator,0,24,11
99,456,456,;,operator,0,24,12
100,459,464,inline,keyword,0,26,0
101,466,469,void,keyword,0,26,7
102,471,473,add,identifier,0,26,12
103,474,474,(,operator,0,26,15
104,475,477,int,keyword,0,26,16
105,479,479,x,identifier,0,26,20
106,480,480,",",operator,0,26,21
107,482,484,int,keyword,0,26,23
108,486,486,y,identifier,0,26,27
109,487,487,),operator,0,26,28
110,489,489,{,operator,0,26,30
111,493,493,e,identifier,0,27,2
112,494,494,[,operator,0,27,3
113,495,496,++,operator,0,27,4
114,498,500,cnt,identifier,0,27,7
115,501,501,],operator,0,27,10
116,503,503,=,operator,0,27,12
117,505,505,(,operator,0,27,14
118,506,509,edge,identifier,0,27,15
119,510,510,),operator,0,27,19
120,511,511,{,operator,0,27,20
121,512,514,fir,identifier,0,27,21
122,515,515,[,operator,0,27,24
123,516,516,x,identifier,0,27,25
124,517,517,],operator,0,27,26
125,518,518,",",operator,0,27,27
126,520,520,y,identifier,0,27,29
127,521,521,},operator,0,27,30
128,522,522,;,operator,0,27,31
129,526,528,fir,identifier,0,28,2
130,529,529,[,operator,0,28,5
131,530,530,x,identifier,0,28,6
132,531,531,],operator,0,28,7
133,533,533,=,operator,0,28,9
134,535,537,cnt,identifier,0,28,11
135,538,538,;,operator,0,28,14
136,540,540,},operator,0,29,0
137,543,548,inline,keyword,0,31,0
138,550,553,void,keyword,0,31,7
139,555,561,combine,identifier,0,31,12
140,562,562,(,operator,0,31,19
141,563,572,Constraint,identifier,0,31,20
142,574,574,&,operator,0,31,31
143,575,575,A,identifier,0,31,32
144,576,576,",",operator,0,31,33
145,578,582,const,keyword,0,31,35
146,584,593,Constraint,identifier,0,31,41
147,595,595,&,operator,0,31,52
148,596,596,B,identifier,0,31,53
149,597,597,),operator,0,31,54
150,599,599,{,operator,0,31,56
151,603,604,if,keyword,0,32,2
152,606,606,(,operator,0,32,5
153,607,607,"!",operator,0,32,6
154,608,608,B,identifier,0,32,7
155,609,609,.,operator,0,32,8
156,610,610,u,identifier,0,32,9
157,611,611,),operator,0,32,10
158,613,618,return,keyword,0,32,12
159,619,619,;,operator,0,32,18
160,623,624,if,keyword,0,33,2
161,626,626,(,operator,0,33,5
162,627,627,"!",operator,0,33,6
163,628,628,A,identifier,0,33,7
164,629,629,.,operator,0,33,8
165,630,630,u,identifier,0,33,9
166,631,631,),operator,0,33,10
167,633,633,{,operator,0,33,12
168,639,639,A,identifier,0,34,4
169,641,641,=,operator,0,34,6
170,643,643,B,identifier,0,34,8
171,644,644,;,operator,0,34,9
172,650,650,A,identifier,0,35,4
173,651,651,.,operator,0,35,5
174,652,656,range,identifier,0,35,6
175,657,657,.,operator,0,35,11
176,658,658,L,identifier,0,35,12
177,660,661,--,operator,0,35,14
178,662,662,;,operator,0,35,16
179,668,668,A,identifier,0,36,4
180,669,669,.,operator,0,36,5
181,670,674,range,identifier,0,36,6
182,675,675,.,operator,0,36,11
183,676,676,R,identifier,0,36,12
184,678,679,++,operator,0,36,14
185,680,680,;,operator,0,36,16
186,686,691,return,keyword,0,37,4
187,692,692,;,operator,0,37,10
188,696,696,},operator,0,38,2
189,700,700,A,identifier,0,39,2
190,701,701,.,operator,0,39,3
191,702,706,range,identifier,0,39,4
192,707,707,.,operator,0,39,9
193,708,708,L,identifier,0,39,10
194,710,710,=,operator,0,39,12
195,712,714,max,identifier,0,39,14
196,715,715,(,operator,0,39,17
197,716,716,A,identifier,0,39,18
198,717,717,.,operator,0,39,19
199,718,722,range,identifier,0,39,20
200,723,723,.,operator,0,39,25
201,724,724,L,identifier,0,39,26
202,725,725,",",operator,0,39,27
203,727,727,B,identifier,0,39,29
204,728,728,.,operator,0,39,30
205,729,733,range,identifier,0,39,31
206,734,734,.,operator,0,39,36
207,735,735,L,identifier,0,39,37
208,737,737,-,operator,0,39,39
209,739,739,1,integer,0,39,41
210,740,740,),operator,0,39,42
211,741,741,;,operator,0,39,43
212,745,745,A,identifier,0,40,2
213,746,746,.,operator,0,40,3
214,747,751,range,identifier,0,40,4
215,752,752,.,operator,0,40,9
216,753,753,R,identifier,0,40,10
217,755,755,=,operator,0,40,12
218,757,759,min,identifier,0,40,14
219,760,760,(,operator,0,40,17
220,761,761,A,identifier,0,40,18
221,762,762,.,operator,0,40,19
222,763,767,range,identifier,0,40,20
223,768,768,.,operator,0,40,25
224,769,769,R,identifier,0,40,26
225,770,770,",",operator,0,40,27
226,772,772,B,identifier,0,40,29
227,773,773,.,operator,0,40,30
228,774,778,range,identifier,0,40,31
229,779,779,.,operator,0,40,36
230,780,780,R,identifier,0,40,37
231,782,782,+,operator,0,40,39
232,784,784,1,integer,0,40,41
233,785,785,),operator,0,40,42
234,786,786,;,operator,0,40,43
235,788,788,},operator,0,41,0
236,791,796,inline,keyword,0,43,0
237,798,801,void,keyword,0,43,7
238,803,805,dfs,identifier,0,43,12
239,806,806,(,operator,0,43,15
240,807,809,int,keyword,0,43,16
241,811,811,x,identifier,0,43,20
242,812,812,",",operator,0,43,21
243,814,816,int,keyword,0,43,23
244,818,819,pa,identifier,0,43,27
245,820,820,),operator,0,43,29
246,822,822,{,operator,0,43,31
247,826,827,if,keyword,0,44,2
248,829,829,(,operator,0,44,5
249,830,833,done,identifier,0,44,6
250,834,834,[,operator,0,44,10
251,835,835,x,identifier,0,44,11
252,836,836,],operator,0,44,12
253,837,837,),operator,0,44,13
254,839,839,{,operator,0,44,15
255,845,847,con,identifier,0,45,4
256,848,848,[,operator,0,45,7
257,849,849,x,identifier,0,45,8
258,850,850,],operator,0,45,9
259,851,851,.,operator,0,45,10
260,852,852,u,identifier,0,45,11
261,854,854,=,operator,0,45,13
262,856,856,1,integer,0,45,15
263,857,857,;,operator,0,45,16
264,863,865,con,identifier,0,46,4
265,866,866,[,operator,0,46,7
266,867,867,x,identifier,0,46,8
267,868,868,],operator,0,46,9
268,869,869,.,operator,0,46,10
269,870,874,range,identifier,0,46,11
270,875,875,.,operator,0,46,16
271,876,876,L,identifier,0,46,17
272,878,878,=,operator,0,46,19
273,880,882,con,identifier,0,46,21
274,883,883,[,operator,0,46,24
275,884,884,x,identifier,0,46,25
276,885,885,],operator,0,46,26
277,886,886,.,operator,0,46,27
278,887,891,range,identifier,0,46,28
279,892,892,.,operator,0,46,33
280,893,893,R,identifier,0,46,34
281,895,895,=,operator,0,46,36
282,897,899,col,identifier,0,46,38
283,900,900,[,operator,0,46,41
284,901,901,x,identifier,0,46,42
285,902,902,],operator,0,46,43
286,903,903,;,operator,0,46,44
287,909,911,con,identifier,0,47,4
288,912,912,[,operator,0,47,7
289,913,913,x,identifier,0,47,8
290,914,914,],operator,0,47,9
291,915,915,.,operator,0,47,10
292,916,916,o,identifier,0,47,11
293,918,918,=,operator,0,47,13
294,920,922,col,identifier,0,47,15
295,923,923,[,operator,0,47,18
296,924,924,x,identifier,0,47,19
297,925,925,],operator,0,47,20
298,927,927,&,operator,0,47,22
299,929,929,1,integer,0,47,24
300,930,930,;,operator,0,47,25
301,934,934,},operator,0,48,2
302,938,943,travel,identifier,0,49,2
303,944,944,(,operator,0,49,8
304,945,945,x,identifier,0,49,9
305,946,946,",",operator,0,49,10
306,948,948,i,identifier,0,49,12
307,949,949,),operator,0,49,13
308,955,956,if,keyword,0,50,4
309,958,958,(,operator,0,50,7
310,959,959,e,identifier,0,50,8
311,960,960,[,operator,0,50,9
312,961,961,i,identifier,0,50,10
313,962,962,],operator,0,50,11
314,963,963,.,operator,0,50,12
315,964,965,to,identifier,0,50,13
316,967,968,"!=",operator,0,50,16
317,970,971,pa,identifier,0,50,19
318,972,972,),operator,0,50,21
319,974,974,{,operator,0,50,23
320,982,984,dfs,identifier,0,51,6
321,985,985,(,operator,0,51,9
322,986,986,e,identifier,0,51,10
323,987,987,[,operator,0,51,11
324,988,988,i,identifier,0,51,12
325,989,989,],operator,0,51,13
326,990,990,.,operator,0,51,14
327,991,992,to,identifier,0,51,15
328,993,993,",",operator,0,51,17
329,995,995,x,identifier,0,51,19
330,996,996,),operator,0,51,20
331,997,997,;,operator,0,51,21
332,1005,1006,if,keyword,0,52,6
333,1008,1008,(,operator,0,52,9
334,1009,1011,con,identifier,0,52,10
335,1012,1012,[,operator,0,52,13
336,1013,1013,x,identifier,0,52,14
337,1014,1014,],operator,0,52,15
338,1015,1015,.,operator,0,52,16
339,1016,1016,u,identifier,0,52,17
340,1018,1019,&&,operator,0,52,19
341,1021,1023,con,identifier,0,52,22
342,1024,1024,[,operator,0,52,25
343,1025,1025,e,identifier,0,52,26
344,1026,1026,[,operator,0,52,27
345,1027,1027,i,identifier,0,52,28
346,1028,1028,],operator,0,52,29
347,1029,1029,.,operator,0,52,30
348,1030,1031,to,identifier,0,52,31
349,1032,1032,],operator,0,52,33
350,1033,1033,.,operator,0,52,34
351,1034,1034,u,identifier,0,52,35
352,1036,1037,&&,operator,0,52,37
353,1039,1041,con,identifier,0,52,40
354,1042,1042,[,operator,0,52,43
355,1043,1043,x,identifier,0,52,44
356,1044,1044,],operator,0,52,45
357,1045,1045,.,operator,0,52,46
358,1046,1046,o,identifier,0,52,47
359,1048,1049,==,operator,0,52,49
360,1051,1053,con,identifier,0,52,52
361,1054,1054,[,operator,0,52,55
362,1055,1055,e,identifier,0,52,56
363,1056,1056,[,operator,0,52,57
364,1057,1057,i,identifier,0,52,58
365,1058,1058,],operator,0,52,59
366,1059,1059,.,operator,0,52,60
367,1060,1061,to,identifier,0,52,61
368,1062,1062,],operator,0,52,63
369,1063,1063,.,operator,0,52,64
370,1064,1064,o,identifier,0,52,65
371,1065,1065,),operator,0,52,66
372,1067,1070,fail,identifier,0,52,68
373,1078,1080,con,identifier,0,53,6
374,1081,1081,[,operator,0,53,9
375,1082,1082,x,identifier,0,53,10
376,1083,1083,],operator,0,53,11
377,1084,1084,.,operator,0,53,12
378,1085,1085,o,identifier,0,53,13
379,1087,1087,=,operator,0,53,15
380,1089,1091,con,identifier,0,53,17
381,1092,1092,[,operator,0,53,20
382,1093,1093,e,identifier,0,53,21
383,1094,1094,[,operator,0,53,22
384,1095,1095,i,identifier,0,53,23
385,1096,1096,],operator,0,53,24
386,1097,1097,.,operator,0,53,25
387,1098,1099,to,identifier,0,53,26
388,1100,1100,],operator,0,53,28
389,1101,1101,.,operator,0,53,29
390,1102,1102,o,identifier,0,53,30
391,1104,1104,^,operator,0,53,32
392,1106,1106,1,integer,0,53,34
393,1107,1107,;,operator,0,53,35
394,1115,1121,combine,identifier,0,54,6
395,1122,1122,(,operator,0,54,13
396,1123,1125,con,identifier,0,54,14
397,1126,1126,[,operator,0,54,17
398,1127,1127,x,identifier,0,54,18
399,1128,1128,],operator,0,54,19
400,1129,1129,",",operator,0,54,20
401,1131,1133,con,identifier,0,54,22
402,1134,1134,[,operator,0,54,25
403,1135,1135,e,identifier,0,54,26
404,1136,1136,[,operator,0,54,27
405,1137,1137,i,identifier,0,54,28
406,1138,1138,],operator,0,54,29
407,1139,1139,.,operator,0,54,30
408,1140,1141,to,identifier,0,54,31
409,1142,1142,],operator,0,54,33
410,1143,1143,),operator,0,54,34
411,1144,1144,;,operator,0,54,35
412,1152,1153,if,keyword,0,55,6
413,1155,1155,(,operator,0,55,9
414,1156,1158,con,identifier,0,55,10
415,1159,1159,[,operator,0,55,13
416,1160,1160,x,identifier,0,55,14
417,1161,1161,],operator,0,55,15
418,1162,1162,.,operator,0,55,16
419,1163,1167,range,identifier,0,55,17
420,1168,1168,.,operator,0,55,22
421,1169,1169,L,identifier,0,55,23
422,1171,1171,>,operator,0,55,25
423,1173,1175,con,identifier,0,55,27
424,1176,1176,[,operator,0,55,30
425,1177,1177,x,identifier,0,55,31
426,1178,1178,],operator,0,55,32
427,1179,1179,.,operator,0,55,33
428,1180,1184,range,identifier,0,55,34
429,1185,1185,.,operator,0,55,39
430,1186,1186,R,identifier,0,55,40
431,1187,1187,),operator,0,55,41
432,1189,1192,fail,identifier,0,55,43
433,1198,1198,},operator,0,56,4
434,1200,1200,},operator,0,57,0
435,1203,1208,inline,keyword,0,59,0
436,1210,1213,void,keyword,0,59,7
437,1215,1219,solve,identifier,0,59,12
438,1220,1220,(,operator,0,59,17
439,1221,1223,int,keyword,0,59,18
440,1225,1225,x,identifier,0,59,22
441,1226,1226,",",operator,0,59,23
442,1228,1230,int,keyword,0,59,25
443,1232,1233,pa,identifier,0,59,29
444,1234,1234,),operator,0,59,31
445,1236,1236,{,operator,0,59,33
446,1240,1241,if,keyword,0,60,2
447,1243,1243,(,operator,0,60,5
448,1244,1244,"!",operator,0,60,6
449,1245,1248,done,identifier,0,60,7
450,1249,1249,[,operator,0,60,11
451,1250,1250,x,identifier,0,60,12
452,1251,1251,],operator,0,60,13
453,1252,1252,),operator,0,60,14
454,1254,1254,{,operator,0,60,16
455,1260,1261,if,keyword,0,61,4
456,1263,1263,(,operator,0,61,7
457,1264,1266,con,identifier,0,61,8
458,1267,1267,[,operator,0,61,11
459,1268,1268,x,identifier,0,61,12
460,1269,1269,],operator,0,61,13
461,1270,1270,.,operator,0,61,14
462,1271,1275,range,identifier,0,61,15
463,1276,1276,.,operator,0,61,20
464,1277,1277,L,identifier,0,61,21
465,1279,1280,<=,operator,0,61,23
466,1282,1284,col,identifier,0,61,26
467,1285,1285,[,operator,0,61,29
468,1286,1287,pa,identifier,0,61,30
469,1288,1288,],operator,0,61,32
470,1290,1290,+,operator,0,61,34
471,1292,1292,1,integer,0,61,36
472,1294,1295,&&,operator,0,61,38
473,1297,1299,col,identifier,0,61,41
474,1300,1300,[,operator,0,61,44
475,1301,1302,pa,identifier,0,61,45
476,1303,1303,],operator,0,61,47
477,1305,1305,+,operator,0,61,49
478,1307,1307,1,integer,0,61,51
479,1309,1310,<=,operator,0,61,53
480,1312,1314,con,identifier,0,61,56
481,1315,1315,[,operator,0,61,59
482,1316,1316,x,identifier,0,61,60
483,1317,1317,],operator,0,61,61
484,1318,1318,.,operator,0,61,62
485,1319,1323,range,identifier,0,61,63
486,1324,1324,.,operator,0,61,68
487,1325,1325,R,identifier,0,61,69
488,1326,1326,),operator,0,61,70
489,1328,1330,col,identifier,0,61,72
490,1331,1331,[,operator,0,61,75
491,1332,1332,x,identifier,0,61,76
492,1333,1333,],operator,0,61,77
493,1335,1335,=,operator,0,61,79
494,1337,1339,col,identifier,0,61,81
495,1340,1340,[,operator,0,61,84
496,1341,1342,pa,identifier,0,61,85
497,1343,1343,],operator,0,61,87
498,1345,1345,+,operator,0,61,89
499,1347,1347,1,integer,0,61,91
500,1348,1348,;,operator,0,61,92
501,1354,1357,else,keyword,0,62,4
502,1359,1361,col,identifier,0,62,9
503,1362,1362,[,operator,0,62,12
504,1363,1363,x,identifier,0,62,13
505,1364,1364,],operator,0,62,14
506,1366,1366,=,operator,0,62,16
507,1368,1370,col,identifier,0,62,18
508,1371,1371,[,operator,0,62,21
509,1372,1373,pa,identifier,0,62,22
510,1374,1374,],operator,0,62,24
511,1376,1376,-,operator,0,62,26
512,1378,1378,1,integer,0,62,28
513,1379,1379,",",operator,0,62,29
514,1381,1386,assert,'assert',0,62,31
515,1387,1387,(,operator,0,62,37
516,1388,1390,con,identifier,0,62,38
517,1391,1391,[,operator,0,62,41
518,1392,1392,x,identifier,0,62,42
519,1393,1393,],operator,0,62,43
520,1394,1394,.,operator,0,62,44
521,1395,1399,range,identifier,0,62,45
522,1400,1400,.,operator,0,62,50
523,1401,1401,L,identifier,0,62,51
524,1403,1404,<=,operator,0,62,53
525,1406,1408,col,identifier,0,62,56
526,1409,1409,[,operator,0,62,59
527,1410,1411,pa,identifier,0,62,60
528,1412,1412,],operator,0,62,62
529,1414,1414,-,operator,0,62,64
530,1416,1416,1,integer,0,62,66
531,1418,1419,&&,operator,0,62,68
532,1421,1423,col,identifier,0,62,71
533,1424,1424,[,operator,0,62,74
534,1425,1426,pa,identifier,0,62,75
535,1427,1427,],operator,0,62,77
536,1429,1429,-,operator,0,62,79
537,1431,1431,1,integer,0,62,81
538,1433,1434,<=,operator,0,62,83
539,1436,1438,con,identifier,0,62,86
540,1439,1439,[,operator,0,62,89
541,1440,1440,x,identifier,0,62,90
542,1441,1441,],operator,0,62,91
543,1442,1442,.,operator,0,62,92
544,1443,1447,range,identifier,0,62,93
545,1448,1448,.,operator,0,62,98
546,1449,1449,R,identifier,0,62,99
547,1450,1450,),operator,0,62,100
548,1451,1451,;,operator,0,62,101
549,1457,1459,con,identifier,0,63,4
550,1460,1460,[,operator,0,63,7
551,1461,1461,x,identifier,0,63,8
552,1462,1462,],operator,0,63,9
553,1463,1463,.,operator,0,63,10
554,1464,1468,range,identifier,0,63,11
555,1469,1469,.,operator,0,63,16
556,1470,1470,R,identifier,0,63,17
557,1472,1472,=,operator,0,63,19
558,1474,1476,con,identifier,0,63,21
559,1477,1477,[,operator,0,63,24
560,1478,1478,x,identifier,0,63,25
561,1479,1479,],operator,0,63,26
562,1480,1480,.,operator,0,63,27
563,1481,1485,range,identifier,0,63,28
564,1486,1486,.,operator,0,63,33
565,1487,1487,L,identifier,0,63,34
566,1489,1489,=,operator,0,63,36
567,1491,1493,col,identifier,0,63,38
568,1494,1494,[,operator,0,63,41
569,1495,1495,x,identifier,0,63,42
570,1496,1496,],operator,0,63,43
571,1497,1497,;,operator,0,63,44
572,1503,1505,con,identifier,0,64,4
573,1506,1506,[,operator,0,64,7
574,1507,1507,x,identifier,0,64,8
575,1508,1508,],operator,0,64,9
576,1509,1509,.,operator,0,64,10
577,1510,1510,u,identifier,0,64,11
578,1512,1512,=,operator,0,64,13
579,1514,1514,1,integer,0,64,15
580,1515,1515,;,operator,0,64,16
581,1519,1519,},operator,0,65,2
582,1523,1528,travel,identifier,0,66,2
583,1529,1529,(,operator,0,66,8
584,1530,1530,x,identifier,0,66,9
585,1531,1531,",",operator,0,66,10
586,1533,1533,i,identifier,0,66,12
587,1534,1534,),operator,0,66,13
588,1540,1541,if,keyword,0,67,4
589,1543,1543,(,operator,0,67,7
590,1544,1544,e,identifier,0,67,8
591,1545,1545,[,operator,0,67,9
592,1546,1546,i,identifier,0,67,10
593,1547,1547,],operator,0,67,11
594,1548,1548,.,operator,0,67,12
595,1549,1550,to,identifier,0,67,13
596,1552,1553,"!=",operator,0,67,16
597,1555,1556,pa,identifier,0,67,19
598,1557,1557,),operator,0,67,21
599,1559,1559,{,operator,0,67,23
600,1567,1573,combine,identifier,0,68,6
601,1574,1574,(,operator,0,68,13
602,1575,1577,con,identifier,0,68,14
603,1578,1578,[,operator,0,68,17
604,1579,1579,e,identifier,0,68,18
605,1580,1580,[,operator,0,68,19
606,1581,1581,i,identifier,0,68,20
607,1582,1582,],operator,0,68,21
608,1583,1583,.,operator,0,68,22
609,1584,1585,to,identifier,0,68,23
610,1586,1586,],operator,0,68,25
611,1587,1587,",",operator,0,68,26
612,1589,1591,con,identifier,0,68,28
613,1592,1592,[,operator,0,68,31
614,1593,1593,x,identifier,0,68,32
615,1594,1594,],operator,0,68,33
616,1595,1595,),operator,0,68,34
617,1596,1596,;,operator,0,68,35
618,1604,1608,solve,identifier,0,69,6
619,1609,1609,(,operator,0,69,11
620,1610,1610,e,identifier,0,69,12
621,1611,1611,[,operator,0,69,13
622,1612,1612,i,identifier,0,69,14
623,1613,1613,],operator,0,69,15
624,1614,1614,.,operator,0,69,16
625,1615,1616,to,identifier,0,69,17
626,1617,1617,",",operator,0,69,19
627,1619,1619,x,identifier,0,69,21
628,1620,1620,),operator,0,69,22
629,1621,1621,;,operator,0,69,23
630,1627,1627,},operator,0,70,4
631,1629,1629,},operator,0,71,0
632,1632,1634,int,keyword,0,73,0
633,1636,1639,main,identifier,0,73,4
634,1640,1640,(,operator,0,73,8
635,1641,1641,),operator,0,73,9
636,1643,1643,{,operator,0,73,11
637,1647,1651,scanf,identifier,0,74,2
638,1652,1652,(,operator,0,74,7
639,1653,1656,"""%d""",string,0,74,8
640,1657,1657,",",operator,0,74,12
641,1659,1659,&,operator,0,74,14
642,1660,1660,n,identifier,0,74,15
643,1661,1661,),operator,0,74,16
644,1662,1662,;,operator,0,74,17
645,1666,1668,for,keyword,0,75,2
646,1670,1670,(,operator,0,75,6
647,1671,1673,int,keyword,0,75,7
648,1675,1675,i,identifier,0,75,11
649,1677,1677,=,operator,0,75,13
650,1679,1679,1,integer,0,75,15
651,1680,1680,",",operator,0,75,16
652,1682,1682,x,identifier,0,75,18
653,1683,1683,",",operator,0,75,19
654,1685,1685,y,identifier,0,75,21
655,1686,1686,;,operator,0,75,22
656,1688,1688,i,identifier,0,75,24
657,1690,1690,<,operator,0,75,26
658,1692,1692,n,identifier,0,75,28
659,1693,1693,;,operator,0,75,29
660,1695,1695,i,identifier,0,75,31
661,1697,1698,++,operator,0,75,33
662,1699,1699,),operator,0,75,35
663,1701,1701,{,operator,0,75,37
664,1707,1711,scanf,identifier,0,76,4
665,1712,1712,(,operator,0,76,9
666,1713,1718,"""%d%d""",string,0,76,10
667,1719,1719,",",operator,0,76,16
668,1721,1721,&,operator,0,76,18
669,1722,1722,x,identifier,0,76,19
670,1723,1723,",",operator,0,76,20
671,1725,1725,&,operator,0,76,22
672,1726,1726,y,identifier,0,76,23
673,1727,1727,),operator,0,76,24
674,1728,1728,;,operator,0,76,25
675,1734,1736,add,identifier,0,77,4
676,1737,1737,(,operator,0,77,7
677,1738,1738,x,identifier,0,77,8
678,1739,1739,",",operator,0,77,9
679,1741,1741,y,identifier,0,77,11
680,1742,1742,),operator,0,77,12
681,1743,1743,;,operator,0,77,13
682,1745,1747,add,identifier,0,77,15
683,1748,1748,(,operator,0,77,18
684,1749,1749,y,identifier,0,77,19
685,1750,1750,",",operator,0,77,20
686,1752,1752,x,identifier,0,77,22
687,1753,1753,),operator,0,77,23
688,1754,1754,;,operator,0,77,24
689,1758,1758,},operator,0,78,2
690,1762,1766,scanf,identifier,0,79,2
691,1767,1767,(,operator,0,79,7
692,1768,1771,"""%d""",string,0,79,8
693,1772,1772,",",operator,0,79,12
694,1774,1774,&,operator,0,79,14
695,1775,1775,k,identifier,0,79,15
696,1776,1776,),operator,0,79,16
697,1777,1777,;,operator,0,79,17
698,1781,1783,int,keyword,0,80,2
699,1785,1786,rt,identifier,0,80,6
700,1788,1788,=,operator,0,80,9
701,1790,1790,0,integer,0,80,11
702,1791,1791,;,operator,0,80,12
703,1795,1797,for,keyword,0,81,2
704,1799,1799,(,operator,0,81,6
705,1800,1802,int,keyword,0,81,7
706,1804,1804,i,identifier,0,81,11
707,1806,1806,=,operator,0,81,13
708,1808,1808,1,integer,0,81,15
709,1809,1809,",",operator,0,81,16
710,1811,1811,p,identifier,0,81,18
711,1812,1812,",",operator,0,81,19
712,1814,1814,v,identifier,0,81,21
713,1815,1815,;,operator,0,81,22
714,1817,1817,i,identifier,0,81,24
715,1819,1820,<=,operator,0,81,26
716,1822,1822,k,identifier,0,81,29
717,1823,1823,;,operator,0,81,30
718,1825,1825,i,identifier,0,81,32
719,1827,1828,++,operator,0,81,34
720,1829,1829,),operator,0,81,36
721,1831,1831,{,operator,0,81,38
722,1837,1841,scanf,identifier,0,82,4
723,1842,1842,(,operator,0,82,9
724,1843,1848,"""%d%d""",string,0,82,10
725,1849,1849,",",operator,0,82,16
726,1851,1851,&,operator,0,82,18
727,1852,1852,v,identifier,0,82,19
728,1853,1853,",",operator,0,82,20
729,1855,1855,&,operator,0,82,22
730,1856,1856,p,identifier,0,82,23
731,1857,1857,),operator,0,82,24
732,1858,1858,;,operator,0,82,25
733,1864,1865,if,keyword,0,83,4
734,1867,1867,(,operator,0,83,7
735,1868,1868,i,identifier,0,83,8
736,1870,1871,==,operator,0,83,10
737,1873,1873,1,integer,0,83,13
738,1874,1874,),operator,0,83,14
739,1876,1877,rt,identifier,0,83,16
740,1879,1879,=,operator,0,83,19
741,1881,1881,v,identifier,0,83,21
742,1882,1882,;,operator,0,83,22
743,1888,1890,col,identifier,0,84,4
744,1891,1891,[,operator,0,84,7
745,1892,1892,v,identifier,0,84,8
746,1893,1893,],operator,0,84,9
747,1895,1895,=,operator,0,84,11
748,1897,1897,p,identifier,0,84,13
749,1898,1898,;,operator,0,84,14
750,1904,1907,done,identifier,0,85,4
751,1908,1908,[,operator,0,85,8
752,1909,1909,v,identifier,0,85,9
753,1910,1910,],operator,0,85,10
754,1912,1912,=,operator,0,85,12
755,1914,1914,1,integer,0,85,14
756,1915,1915,;,operator,0,85,15
757,1919,1919,},operator,0,86,2
758,1923,1925,dfs,identifier,0,87,2
759,1926,1926,(,operator,0,87,5
760,1927,1928,rt,identifier,0,87,6
761,1929,1929,",",operator,0,87,8
762,1931,1931,0,integer,0,87,10
763,1932,1932,),operator,0,87,11
764,1933,1933,;,operator,0,87,12
765,1937,1940,puts,identifier,0,88,2
766,1941,1941,(,operator,0,88,6
767,1942,1946,"""Yes""",string,0,88,7
768,1947,1947,),operator,0,88,12
769,1948,1948,;,operator,0,88,13
770,1952,1956,solve,identifier,0,89,2
771,1957,1957,(,operator,0,89,7
772,1958,1959,rt,identifier,0,89,8
773,1960,1960,",",operator,0,89,10
774,1962,1962,0,integer,0,89,12
775,1963,1963,),operator,0,89,13
776,1964,1964,;,operator,0,89,14
777,1968,1970,for,keyword,0,90,2
778,1972,1972,(,operator,0,90,6
779,1973,1975,int,keyword,0,90,7
780,1977,1977,i,identifier,0,90,11
781,1979,1979,=,operator,0,90,13
782,1981,1981,1,integer,0,90,15
783,1982,1982,;,operator,0,90,16
784,1984,1984,i,identifier,0,90,18
785,1986,1987,<=,operator,0,90,20
786,1989,1989,n,identifier,0,90,23
787,1990,1990,;,operator,0,90,24
788,1992,1992,i,identifier,0,90,26
789,1994,1995,++,operator,0,90,28
790,1996,1996,),operator,0,90,30
791,1998,2003,printf,identifier,0,90,32
792,2004,2004,(,operator,0,90,38
793,2005,2010,"""%d\n""",string,0,90,39
794,2011,2011,",",operator,0,90,45
795,2013,2015,col,identifier,0,90,47
796,2016,2016,[,operator,0,90,50
797,2017,2017,i,identifier,0,90,51
798,2018,2018,],operator,0,90,52
799,2019,2019,),operator,0,90,53
800,2020,2020,;,operator,0,90,54
801,2024,2029,return,keyword,0,91,2
802,2031,2031,0,integer,0,91,9
803,2032,2032,;,operator,0,91,10
804,2034,2034,},operator,0,92,0
805,2036,2035,<EOF>,eof,0,93,0
