seqnr,start,stop,text,class,channel,line,column
0,0,23,"#include <bits/stdc++.h>",directive,1,1,0
1,25,29,using,keyword,0,2,0
2,31,39,namespace,keyword,0,2,6
3,41,43,std,identifier,0,2,16
4,44,44,;,operator,0,2,19
5,47,49,int,keyword,0,4,0
6,51,51,n,identifier,0,4,4
7,52,52,",",operator,0,4,5
8,54,54,k,identifier,0,4,7
9,55,55,",",operator,0,4,8
10,57,60,root,identifier,0,4,10
11,62,62,=,operator,0,4,15
12,64,64,0,integer,0,4,17
13,65,65,;,operator,0,4,18
14,67,72,vector,identifier,0,5,0
15,73,73,<,operator,0,5,6
16,74,79,vector,identifier,0,5,7
17,80,80,<,operator,0,5,13
18,81,83,int,keyword,0,5,14
19,84,84,>,operator,0,5,17
20,85,85,>,operator,0,5,18
21,87,87,g,identifier,0,5,20
22,88,88,;,operator,0,5,21
23,90,95,vector,identifier,0,6,0
24,96,96,<,operator,0,6,6
25,97,99,int,keyword,0,6,7
26,100,100,>,operator,0,6,10
27,102,104,res,identifier,0,6,12
28,105,105,",",operator,0,6,15
29,107,107,l,identifier,0,6,17
30,108,108,",",operator,0,6,18
31,110,110,r,identifier,0,6,20
32,111,111,;,operator,0,6,21
33,114,117,bool,keyword,0,8,0
34,119,123,solve,identifier,0,8,5
35,124,124,(,operator,0,8,10
36,125,125,),operator,0,8,11
37,126,126,;,operator,0,8,12
38,128,131,bool,keyword,0,9,0
39,133,135,dfs,identifier,0,9,5
40,136,136,(,operator,0,9,8
41,137,139,int,keyword,0,9,9
42,141,143,now,identifier,0,9,13
43,144,144,",",operator,0,9,16
44,146,148,int,keyword,0,9,18
45,150,152,par,identifier,0,9,22
46,153,153,",",operator,0,9,25
47,155,157,int,keyword,0,9,27
48,159,162,dist,identifier,0,9,31
49,163,163,),operator,0,9,35
50,164,164,;,operator,0,9,36
51,167,169,int,keyword,0,11,0
52,171,174,main,identifier,0,11,4
53,175,175,(,operator,0,11,8
54,176,176,),operator,0,11,9
55,178,178,{,operator,0,11,11
56,182,184,cin,identifier,0,12,2
57,186,186,>,operator,0,12,6
58,187,187,>,operator,0,12,7
59,189,189,n,identifier,0,12,9
60,190,190,;,operator,0,12,10
61,194,194,g,identifier,0,13,2
62,195,195,.,operator,0,13,3
63,196,201,resize,identifier,0,13,4
64,202,202,(,operator,0,13,10
65,203,203,n,identifier,0,13,11
66,204,204,),operator,0,13,12
67,205,205,;,operator,0,13,13
68,209,209,l,identifier,0,14,2
69,210,210,.,operator,0,14,3
70,211,216,assign,identifier,0,14,4
71,217,217,(,operator,0,14,10
72,218,218,n,identifier,0,14,11
73,219,219,",",operator,0,14,12
74,221,221,-,operator,0,14,14
75,222,228,3000000,integer,0,14,15
76,229,229,),operator,0,14,22
77,230,230,;,operator,0,14,23
78,234,234,r,identifier,0,15,2
79,235,235,.,operator,0,15,3
80,236,241,assign,identifier,0,15,4
81,242,242,(,operator,0,15,10
82,243,243,n,identifier,0,15,11
83,244,244,",",operator,0,15,12
84,246,252,3000000,integer,0,15,14
85,253,253,),operator,0,15,21
86,254,254,;,operator,0,15,22
87,258,260,res,identifier,0,16,2
88,261,261,.,operator,0,16,5
89,262,267,resize,identifier,0,16,6
90,268,268,(,operator,0,16,12
91,269,269,n,identifier,0,16,13
92,270,270,",",operator,0,16,14
93,272,272,-,operator,0,16,16
94,273,273,1,integer,0,16,17
95,274,274,),operator,0,16,18
96,275,275,;,operator,0,16,19
97,279,281,for,keyword,0,17,2
98,283,283,(,operator,0,17,6
99,284,286,int,keyword,0,17,7
100,288,288,i,identifier,0,17,11
101,290,290,=,operator,0,17,13
102,292,292,0,integer,0,17,15
103,293,293,;,operator,0,17,16
104,295,295,i,identifier,0,17,18
105,297,297,<,operator,0,17,20
106,299,299,n,identifier,0,17,22
107,301,301,-,operator,0,17,24
108,303,303,1,integer,0,17,26
109,304,304,;,operator,0,17,27
110,306,307,++,operator,0,17,29
111,308,308,i,identifier,0,17,31
112,309,309,),operator,0,17,32
113,311,311,{,operator,0,17,34
114,317,319,int,keyword,0,18,4
115,321,321,a,identifier,0,18,8
116,322,322,",",operator,0,18,9
117,324,324,b,identifier,0,18,11
118,325,325,;,operator,0,18,12
119,331,333,cin,identifier,0,19,4
120,335,335,>,operator,0,19,8
121,336,336,>,operator,0,19,9
122,338,338,a,identifier,0,19,11
123,340,340,>,operator,0,19,13
124,341,341,>,operator,0,19,14
125,343,343,b,identifier,0,19,16
126,344,344,;,operator,0,19,17
127,350,350,g,identifier,0,20,4
128,351,351,[,operator,0,20,5
129,352,353,--,operator,0,20,6
130,354,354,a,identifier,0,20,8
131,355,355,],operator,0,20,9
132,356,356,.,operator,0,20,10
133,357,365,push_back,identifier,0,20,11
134,366,366,(,operator,0,20,20
135,367,368,--,operator,0,20,21
136,369,369,b,identifier,0,20,23
137,370,370,),operator,0,20,24
138,371,371,;,operator,0,20,25
139,377,377,g,identifier,0,21,4
140,378,378,[,operator,0,21,5
141,379,379,b,identifier,0,21,6
142,380,380,],operator,0,21,7
143,381,381,.,operator,0,21,8
144,382,390,push_back,identifier,0,21,9
145,391,391,(,operator,0,21,18
146,392,392,a,identifier,0,21,19
147,393,393,),operator,0,21,20
148,394,394,;,operator,0,21,21
149,398,398,},operator,0,22,2
150,402,404,cin,identifier,0,23,2
151,406,406,>,operator,0,23,6
152,407,407,>,operator,0,23,7
153,409,409,k,identifier,0,23,9
154,410,410,;,operator,0,23,10
155,414,416,for,keyword,0,24,2
156,418,418,(,operator,0,24,6
157,419,421,int,keyword,0,24,7
158,423,423,i,identifier,0,24,11
159,425,425,=,operator,0,24,13
160,427,427,0,integer,0,24,15
161,428,428,;,operator,0,24,16
162,430,430,i,identifier,0,24,18
163,432,432,<,operator,0,24,20
164,434,434,k,identifier,0,24,22
165,435,435,;,operator,0,24,23
166,437,438,++,operator,0,24,25
167,439,439,i,identifier,0,24,27
168,440,440,),operator,0,24,28
169,442,442,{,operator,0,24,30
170,448,450,int,keyword,0,25,4
171,452,455,node,identifier,0,25,8
172,456,456,",",operator,0,25,12
173,458,458,p,identifier,0,25,14
174,459,459,;,operator,0,25,15
175,465,467,cin,identifier,0,26,4
176,469,469,>,operator,0,26,8
177,470,470,>,operator,0,26,9
178,472,475,node,identifier,0,26,11
179,477,477,>,operator,0,26,16
180,478,478,>,operator,0,26,17
181,480,480,p,identifier,0,26,19
182,481,481,;,operator,0,26,20
183,487,488,--,operator,0,27,4
184,489,492,node,identifier,0,27,6
185,493,493,;,operator,0,27,10
186,499,499,l,identifier,0,28,4
187,500,500,[,operator,0,28,5
188,501,504,node,identifier,0,28,6
189,505,505,],operator,0,28,10
190,507,507,=,operator,0,28,12
191,509,509,r,identifier,0,28,14
192,510,510,[,operator,0,28,15
193,511,514,node,identifier,0,28,16
194,515,515,],operator,0,28,20
195,517,517,=,operator,0,28,22
196,519,521,res,identifier,0,28,24
197,522,522,[,operator,0,28,27
198,523,526,node,identifier,0,28,28
199,527,527,],operator,0,28,32
200,529,529,=,operator,0,28,34
201,531,531,p,identifier,0,28,36
202,532,532,;,operator,0,28,37
203,538,541,root,identifier,0,29,4
204,543,543,=,operator,0,29,9
205,545,548,node,identifier,0,29,11
206,549,549,;,operator,0,29,15
207,553,553,},operator,0,30,2
208,557,558,if,keyword,0,31,2
209,560,560,(,operator,0,31,5
210,561,565,solve,identifier,0,31,6
211,566,566,(,operator,0,31,11
212,567,567,),operator,0,31,12
213,568,568,),operator,0,31,13
214,570,570,{,operator,0,31,15
215,576,579,cout,identifier,0,32,4
216,581,581,<,operator,0,32,9
217,582,582,<,operator,0,32,10
218,584,588,"""Yes""",string,0,32,12
219,590,590,<,operator,0,32,18
220,591,591,<,operator,0,32,19
221,593,596,endl,identifier,0,32,21
222,597,597,;,operator,0,32,25
223,603,605,for,keyword,0,33,4
224,607,607,(,operator,0,33,8
225,608,611,auto,keyword,0,33,9
226,613,613,&,operator,0,33,14
227,614,614,p,identifier,0,33,15
228,616,616,:,operator,0,33,17
229,618,620,res,identifier,0,33,19
230,621,621,),operator,0,33,22
231,623,626,cout,identifier,0,33,24
232,628,628,<,operator,0,33,29
233,629,629,<,operator,0,33,30
234,631,631,p,identifier,0,33,32
235,633,633,<,operator,0,33,34
236,634,634,<,operator,0,33,35
237,636,639,endl,identifier,0,33,37
238,640,640,;,operator,0,33,41
239,644,644,},operator,0,34,2
240,646,649,else,keyword,0,34,4
241,655,658,cout,identifier,0,35,4
242,660,660,<,operator,0,35,9
243,661,661,<,operator,0,35,10
244,663,666,"""No""",string,0,35,12
245,668,668,<,operator,0,35,17
246,669,669,<,operator,0,35,18
247,671,674,endl,identifier,0,35,20
248,675,675,;,operator,0,35,24
249,679,684,return,keyword,0,36,2
250,686,686,0,integer,0,36,9
251,687,687,;,operator,0,36,10
252,689,689,},operator,0,37,0
253,692,695,bool,keyword,0,39,0
254,697,701,solve,identifier,0,39,5
255,702,702,(,operator,0,39,10
256,703,703,),operator,0,39,11
257,705,705,{,operator,0,39,13
258,709,710,if,keyword,0,40,2
259,712,712,(,operator,0,40,5
260,713,713,"!",operator,0,40,6
261,714,716,dfs,identifier,0,40,7
262,717,717,(,operator,0,40,10
263,718,721,root,identifier,0,40,11
264,722,722,",",operator,0,40,15
265,724,724,-,operator,0,40,17
266,725,725,1,integer,0,40,18
267,726,726,",",operator,0,40,19
268,728,730,res,identifier,0,40,21
269,731,731,[,operator,0,40,24
270,732,735,root,identifier,0,40,25
271,736,736,],operator,0,40,29
272,738,738,&,operator,0,40,31
273,740,740,1,integer,0,40,33
274,741,741,),operator,0,40,34
275,742,742,),operator,0,40,35
276,744,749,return,keyword,0,40,37
277,751,751,0,integer,0,40,44
278,752,752,;,operator,0,40,45
279,756,760,queue,identifier,0,41,2
280,761,761,<,operator,0,41,7
281,762,764,int,keyword,0,41,8
282,765,765,>,operator,0,41,11
283,767,768,qu,identifier,0,41,13
284,769,769,;,operator,0,41,15
285,773,774,qu,identifier,0,42,2
286,775,775,.,operator,0,42,4
287,776,779,push,identifier,0,42,5
288,780,780,(,operator,0,42,9
289,781,784,root,identifier,0,42,10
290,785,785,),operator,0,42,14
291,786,786,;,operator,0,42,15
292,790,792,res,identifier,0,43,2
293,793,793,.,operator,0,43,5
294,794,799,assign,identifier,0,43,6
295,800,800,(,operator,0,43,12
296,801,801,n,identifier,0,43,13
297,802,802,",",operator,0,43,14
298,804,804,-,operator,0,43,16
299,805,813,100000000,integer,0,43,17
300,814,814,),operator,0,43,26
301,815,815,;,operator,0,43,27
302,819,821,res,identifier,0,44,2
303,822,822,[,operator,0,44,5
304,823,826,root,identifier,0,44,6
305,827,827,],operator,0,44,10
306,829,829,=,operator,0,44,12
307,831,831,l,identifier,0,44,14
308,832,832,[,operator,0,44,15
309,833,836,root,identifier,0,44,16
310,837,837,],operator,0,44,20
311,838,838,;,operator,0,44,21
312,842,846,while,keyword,0,45,2
313,848,848,(,operator,0,45,8
314,849,850,qu,identifier,0,45,9
315,851,851,.,operator,0,45,11
316,852,855,size,identifier,0,45,12
317,856,856,(,operator,0,45,16
318,857,857,),operator,0,45,17
319,858,858,),operator,0,45,18
320,860,860,{,operator,0,45,20
321,866,868,int,keyword,0,46,4
322,870,872,now,identifier,0,46,8
323,874,874,=,operator,0,46,12
324,876,877,qu,identifier,0,46,14
325,878,878,.,operator,0,46,16
326,879,883,front,identifier,0,46,17
327,884,884,(,operator,0,46,22
328,885,885,),operator,0,46,23
329,886,886,;,operator,0,46,24
330,892,893,qu,identifier,0,47,4
331,894,894,.,operator,0,47,6
332,895,897,pop,identifier,0,47,7
333,898,898,(,operator,0,47,10
334,899,899,),operator,0,47,11
335,900,900,;,operator,0,47,12
336,906,908,for,keyword,0,48,4
337,910,910,(,operator,0,48,8
338,911,914,auto,keyword,0,48,9
339,916,917,to,identifier,0,48,14
340,919,919,:,operator,0,48,17
341,921,921,g,identifier,0,48,19
342,922,922,[,operator,0,48,20
343,923,925,now,identifier,0,48,21
344,926,926,],operator,0,48,24
345,927,927,),operator,0,48,25
346,935,936,if,keyword,0,49,6
347,938,938,(,operator,0,49,9
348,939,941,res,identifier,0,49,10
349,942,942,[,operator,0,49,13
350,943,944,to,identifier,0,49,14
351,945,945,],operator,0,49,16
352,947,948,==,operator,0,49,18
353,950,950,-,operator,0,49,21
354,951,959,100000000,integer,0,49,22
355,960,960,),operator,0,49,31
356,962,962,{,operator,0,49,33
357,972,974,int,keyword,0,50,8
358,976,978,num,identifier,0,50,12
359,980,980,=,operator,0,50,16
360,982,984,res,identifier,0,50,18
361,985,985,[,operator,0,50,21
362,986,988,now,identifier,0,50,22
363,989,989,],operator,0,50,25
364,991,991,-,operator,0,50,27
365,993,993,1,integer,0,50,29
366,994,994,;,operator,0,50,30
367,1004,1005,if,keyword,0,51,8
368,1007,1007,(,operator,0,51,11
369,1008,1008,l,identifier,0,51,12
370,1009,1009,[,operator,0,51,13
371,1010,1011,to,identifier,0,51,14
372,1012,1012,],operator,0,51,16
373,1014,1015,<=,operator,0,51,18
374,1017,1019,num,identifier,0,51,21
375,1021,1022,&&,operator,0,51,25
376,1024,1026,num,identifier,0,51,28
377,1028,1029,<=,operator,0,51,32
378,1031,1031,r,identifier,0,51,35
379,1032,1032,[,operator,0,51,36
380,1033,1034,to,identifier,0,51,37
381,1035,1035,],operator,0,51,39
382,1036,1036,),operator,0,51,40
383,1048,1050,res,identifier,0,52,10
384,1051,1051,[,operator,0,52,13
385,1052,1053,to,identifier,0,52,14
386,1054,1054,],operator,0,52,16
387,1056,1056,=,operator,0,52,18
388,1058,1060,num,identifier,0,52,20
389,1061,1061,;,operator,0,52,23
390,1071,1074,else,keyword,0,53,8
391,1086,1088,res,identifier,0,54,10
392,1089,1089,[,operator,0,54,13
393,1090,1091,to,identifier,0,54,14
394,1092,1092,],operator,0,54,16
395,1094,1094,=,operator,0,54,18
396,1096,1098,num,identifier,0,54,20
397,1100,1100,+,operator,0,54,24
398,1102,1102,2,integer,0,54,26
399,1103,1103,;,operator,0,54,27
400,1113,1114,qu,identifier,0,55,8
401,1115,1115,.,operator,0,55,10
402,1116,1119,push,identifier,0,55,11
403,1120,1120,(,operator,0,55,15
404,1121,1122,to,identifier,0,55,16
405,1123,1123,),operator,0,55,18
406,1124,1124,;,operator,0,55,19
407,1132,1132,},operator,0,56,6
408,1136,1136,},operator,0,57,2
409,1140,1145,return,keyword,0,58,2
410,1147,1147,1,integer,0,58,9
411,1148,1148,;,operator,0,58,10
412,1150,1150,},operator,0,59,0
413,1152,1155,bool,keyword,0,60,0
414,1157,1159,dfs,identifier,0,60,5
415,1160,1160,(,operator,0,60,8
416,1161,1163,int,keyword,0,60,9
417,1165,1167,now,identifier,0,60,13
418,1168,1168,",",operator,0,60,16
419,1170,1172,int,keyword,0,60,18
420,1174,1176,par,identifier,0,60,22
421,1177,1177,",",operator,0,60,25
422,1179,1181,int,keyword,0,60,27
423,1183,1186,dist,identifier,0,60,31
424,1187,1187,),operator,0,60,35
425,1189,1189,{,operator,0,60,37
426,1193,1194,if,keyword,0,61,2
427,1196,1196,(,operator,0,61,5
428,1197,1199,res,identifier,0,61,6
429,1200,1200,[,operator,0,61,9
430,1201,1203,now,identifier,0,61,10
431,1204,1204,],operator,0,61,13
432,1206,1207,>=,operator,0,61,15
433,1209,1209,0,integer,0,61,18
434,1211,1212,&&,operator,0,61,20
435,1214,1214,(,operator,0,61,23
436,1215,1215,(,operator,0,61,24
437,1216,1218,res,identifier,0,61,25
438,1219,1219,[,operator,0,61,28
439,1220,1222,now,identifier,0,61,29
440,1223,1223,],operator,0,61,32
441,1225,1225,^,operator,0,61,34
442,1227,1230,dist,identifier,0,61,36
443,1231,1231,),operator,0,61,40
444,1233,1233,&,operator,0,61,42
445,1235,1235,1,integer,0,61,44
446,1236,1236,),operator,0,61,45
447,1237,1237,),operator,0,61,46
448,1239,1244,return,keyword,0,61,48
449,1246,1246,0,integer,0,61,55
450,1247,1247,;,operator,0,61,56
451,1251,1253,for,keyword,0,62,2
452,1255,1255,(,operator,0,62,6
453,1256,1259,auto,keyword,0,62,7
454,1261,1262,to,identifier,0,62,12
455,1264,1264,:,operator,0,62,15
456,1266,1266,g,identifier,0,62,17
457,1267,1267,[,operator,0,62,18
458,1268,1270,now,identifier,0,62,19
459,1271,1271,],operator,0,62,22
460,1272,1272,),operator,0,62,23
461,1278,1279,if,keyword,0,63,4
462,1281,1281,(,operator,0,63,7
463,1282,1283,to,identifier,0,63,8
464,1285,1286,"!=",operator,0,63,11
465,1288,1290,par,identifier,0,63,14
466,1291,1291,),operator,0,63,17
467,1293,1293,{,operator,0,63,19
468,1301,1302,if,keyword,0,64,6
469,1304,1304,(,operator,0,64,9
470,1305,1305,"!",operator,0,64,10
471,1306,1308,dfs,identifier,0,64,11
472,1309,1309,(,operator,0,64,14
473,1310,1311,to,identifier,0,64,15
474,1312,1312,",",operator,0,64,17
475,1314,1316,now,identifier,0,64,19
476,1317,1317,",",operator,0,64,22
477,1319,1322,dist,identifier,0,64,24
478,1324,1324,^,operator,0,64,29
479,1326,1326,1,integer,0,64,31
480,1327,1327,),operator,0,64,32
481,1328,1328,),operator,0,64,33
482,1330,1335,return,keyword,0,64,35
483,1337,1337,0,integer,0,64,42
484,1338,1338,;,operator,0,64,43
485,1346,1346,l,identifier,0,65,6
486,1347,1347,[,operator,0,65,7
487,1348,1350,now,identifier,0,65,8
488,1351,1351,],operator,0,65,11
489,1353,1353,=,operator,0,65,13
490,1355,1357,max,identifier,0,65,15
491,1358,1358,(,operator,0,65,18
492,1359,1359,l,identifier,0,65,19
493,1360,1360,[,operator,0,65,20
494,1361,1363,now,identifier,0,65,21
495,1364,1364,],operator,0,65,24
496,1365,1365,",",operator,0,65,25
497,1367,1367,l,identifier,0,65,27
498,1368,1368,[,operator,0,65,28
499,1369,1370,to,identifier,0,65,29
500,1371,1371,],operator,0,65,31
501,1373,1373,-,operator,0,65,33
502,1375,1375,1,integer,0,65,35
503,1376,1376,),operator,0,65,36
504,1377,1377,;,operator,0,65,37
505,1385,1385,r,identifier,0,66,6
506,1386,1386,[,operator,0,66,7
507,1387,1389,now,identifier,0,66,8
508,1390,1390,],operator,0,66,11
509,1392,1392,=,operator,0,66,13
510,1394,1396,min,identifier,0,66,15
511,1397,1397,(,operator,0,66,18
512,1398,1398,r,identifier,0,66,19
513,1399,1399,[,operator,0,66,20
514,1400,1402,now,identifier,0,66,21
515,1403,1403,],operator,0,66,24
516,1404,1404,",",operator,0,66,25
517,1406,1406,r,identifier,0,66,27
518,1407,1407,[,operator,0,66,28
519,1408,1409,to,identifier,0,66,29
520,1410,1410,],operator,0,66,31
521,1412,1412,+,operator,0,66,33
522,1414,1414,1,integer,0,66,35
523,1415,1415,),operator,0,66,36
524,1416,1416,;,operator,0,66,37
525,1422,1422,},operator,0,67,4
526,1426,1431,return,keyword,0,68,2
527,1433,1433,l,identifier,0,68,9
528,1434,1434,[,operator,0,68,10
529,1435,1437,now,identifier,0,68,11
530,1438,1438,],operator,0,68,14
531,1440,1441,<=,operator,0,68,16
532,1443,1443,r,identifier,0,68,19
533,1444,1444,[,operator,0,68,20
534,1445,1447,now,identifier,0,68,21
535,1448,1448,],operator,0,68,24
536,1449,1449,;,operator,0,68,25
537,1451,1451,},operator,0,69,0
538,1453,1452,<EOF>,eof,0,70,0
