seqnr,start,stop,text,class,channel,line,column
0,0,22,"#include<bits/stdc++.h>",directive,1,1,0
1,24,42,"#define SIZE 100005",directive,1,2,0
2,44,65,"#define INF 1000000000",directive,1,3,0
3,67,71,using,keyword,0,4,0
4,73,81,namespace,keyword,0,4,6
5,83,85,std,identifier,0,4,16
6,86,86,;,operator,0,4,19
7,88,93,vector,identifier,0,5,0
8,94,94,<,operator,0,5,6
9,95,97,int,keyword,0,5,7
10,98,98,>,operator,0,5,10
11,99,101,vec,identifier,0,5,11
12,102,102,[,operator,0,5,14
13,103,106,SIZE,identifier,0,5,15
14,107,107,],operator,0,5,19
15,108,108,;,operator,0,5,20
16,110,112,int,keyword,0,6,0
17,114,114,l,identifier,0,6,4
18,115,115,[,operator,0,6,5
19,116,119,SIZE,identifier,0,6,6
20,120,120,],operator,0,6,10
21,121,121,",",operator,0,6,11
22,122,122,r,identifier,0,6,12
23,123,123,[,operator,0,6,13
24,124,127,SIZE,identifier,0,6,14
25,128,128,],operator,0,6,18
26,129,129,",",operator,0,6,19
27,130,131,id,identifier,0,6,20
28,132,132,[,operator,0,6,22
29,133,136,SIZE,identifier,0,6,23
30,137,137,],operator,0,6,27
31,138,138,;,operator,0,6,28
32,140,143,bool,keyword,0,7,0
33,145,147,ans,identifier,0,7,5
34,148,148,;,operator,0,7,8
35,150,153,void,keyword,0,8,0
36,155,159,solve,identifier,0,8,5
37,160,160,(,operator,0,8,10
38,161,163,int,keyword,0,8,11
39,165,165,v,identifier,0,8,15
40,166,166,=,operator,0,8,16
41,167,167,0,integer,0,8,17
42,168,168,",",operator,0,8,18
43,169,171,int,keyword,0,8,19
44,173,173,p,identifier,0,8,23
45,174,174,=,operator,0,8,24
46,175,175,-,operator,0,8,25
47,176,176,1,integer,0,8,26
48,177,177,),operator,0,8,27
49,179,179,{,operator,0,9,0
50,182,182,l,identifier,0,10,1
51,183,183,[,operator,0,10,2
52,184,184,v,identifier,0,10,3
53,185,185,],operator,0,10,4
54,186,186,=,operator,0,10,5
55,187,187,-,operator,0,10,6
56,188,190,INF,identifier,0,10,7
57,191,191,-,operator,0,10,10
58,192,192,1,integer,0,10,11
59,193,193,;,operator,0,10,12
60,196,196,r,identifier,0,11,1
61,197,197,[,operator,0,11,2
62,198,198,v,identifier,0,11,3
63,199,199,],operator,0,11,4
64,200,200,=,operator,0,11,5
65,201,203,INF,identifier,0,11,6
66,204,204,+,operator,0,11,9
67,205,205,1,integer,0,11,10
68,206,206,;,operator,0,11,11
69,209,210,if,keyword,0,12,1
70,211,211,(,operator,0,12,3
71,212,213,id,identifier,0,12,4
72,214,214,[,operator,0,12,6
73,215,215,v,identifier,0,12,7
74,216,216,],operator,0,12,8
75,217,218,"!=",operator,0,12,9
76,219,219,-,operator,0,12,11
77,220,220,1,integer,0,12,12
78,221,221,),operator,0,12,13
79,225,225,l,identifier,0,13,2
80,226,226,[,operator,0,13,3
81,227,227,v,identifier,0,13,4
82,228,228,],operator,0,13,5
83,229,229,=,operator,0,13,6
84,230,230,r,identifier,0,13,7
85,231,231,[,operator,0,13,8
86,232,232,v,identifier,0,13,9
87,233,233,],operator,0,13,10
88,234,234,=,operator,0,13,11
89,235,236,id,identifier,0,13,12
90,237,237,[,operator,0,13,14
91,238,238,v,identifier,0,13,15
92,239,239,],operator,0,13,16
93,240,240,;,operator,0,13,17
94,243,245,for,keyword,0,14,1
95,246,246,(,operator,0,14,4
96,247,249,int,keyword,0,14,5
97,251,251,i,identifier,0,14,9
98,252,252,=,operator,0,14,10
99,253,253,0,integer,0,14,11
100,254,254,;,operator,0,14,12
101,255,255,i,identifier,0,14,13
102,256,256,<,operator,0,14,14
103,257,259,vec,identifier,0,14,15
104,260,260,[,operator,0,14,18
105,261,261,v,identifier,0,14,19
106,262,262,],operator,0,14,20
107,263,263,.,operator,0,14,21
108,264,267,size,identifier,0,14,22
109,268,268,(,operator,0,14,26
110,269,269,),operator,0,14,27
111,270,270,;,operator,0,14,28
112,271,271,i,identifier,0,14,29
113,272,273,++,operator,0,14,30
114,274,274,),operator,0,14,32
115,277,277,{,operator,0,15,1
116,281,283,int,keyword,0,16,2
117,285,286,to,identifier,0,16,6
118,287,287,=,operator,0,16,8
119,288,290,vec,identifier,0,16,9
120,291,291,[,operator,0,16,12
121,292,292,v,identifier,0,16,13
122,293,293,],operator,0,16,14
123,294,294,[,operator,0,16,15
124,295,295,i,identifier,0,16,16
125,296,296,],operator,0,16,17
126,297,297,;,operator,0,16,18
127,301,302,if,keyword,0,17,2
128,303,303,(,operator,0,17,4
129,304,305,to,identifier,0,17,5
130,306,307,"!=",operator,0,17,7
131,308,308,p,identifier,0,17,9
132,309,309,),operator,0,17,10
133,313,313,{,operator,0,18,2
134,318,322,solve,identifier,0,19,3
135,323,323,(,operator,0,19,8
136,324,325,to,identifier,0,19,9
137,326,326,",",operator,0,19,11
138,327,327,v,identifier,0,19,12
139,328,328,),operator,0,19,13
140,329,329,;,operator,0,19,14
141,334,335,if,keyword,0,20,3
142,336,336,(,operator,0,20,5
143,337,337,l,identifier,0,20,6
144,338,338,[,operator,0,20,7
145,339,340,to,identifier,0,20,8
146,341,341,],operator,0,20,10
147,342,342,<,operator,0,20,11
148,343,343,-,operator,0,20,12
149,344,346,INF,identifier,0,20,13
150,347,347,/,operator,0,20,16
151,348,348,2,integer,0,20,17
152,349,349,),operator,0,20,18
153,354,354,{,operator,0,21,3
154,360,360,l,identifier,0,22,4
155,361,361,[,operator,0,22,5
156,362,362,v,identifier,0,22,6
157,363,363,],operator,0,22,7
158,364,364,=,operator,0,22,8
159,365,365,l,identifier,0,22,9
160,366,366,[,operator,0,22,10
161,367,368,to,identifier,0,22,11
162,369,369,],operator,0,22,13
163,370,370,-,operator,0,22,14
164,371,371,1,integer,0,22,15
165,372,372,;,operator,0,22,16
166,378,378,r,identifier,0,23,4
167,379,379,[,operator,0,23,5
168,380,380,v,identifier,0,23,6
169,381,381,],operator,0,23,7
170,382,382,=,operator,0,23,8
171,383,383,r,identifier,0,23,9
172,384,384,[,operator,0,23,10
173,385,386,to,identifier,0,23,11
174,387,387,],operator,0,23,13
175,388,388,+,operator,0,23,14
176,389,389,1,integer,0,23,15
177,390,390,;,operator,0,23,16
178,395,395,},operator,0,24,3
179,400,403,else,keyword,0,25,3
180,408,408,{,operator,0,26,3
181,414,415,if,keyword,0,27,4
182,416,416,(,operator,0,27,6
183,417,419,abs,identifier,0,27,7
184,420,420,(,operator,0,27,10
185,421,421,l,identifier,0,27,11
186,422,422,[,operator,0,27,12
187,423,424,to,identifier,0,27,13
188,425,425,],operator,0,27,15
189,426,426,),operator,0,27,16
190,427,427,%,operator,0,27,17
191,428,428,2,integer,0,27,18
192,429,430,==,operator,0,27,19
193,431,433,abs,identifier,0,27,21
194,434,434,(,operator,0,27,24
195,435,435,l,identifier,0,27,25
196,436,436,[,operator,0,27,26
197,437,437,v,identifier,0,27,27
198,438,438,],operator,0,27,28
199,439,439,),operator,0,27,29
200,440,440,%,operator,0,27,30
201,441,441,2,integer,0,27,31
202,442,442,),operator,0,27,32
203,448,448,{,operator,0,28,4
204,455,457,ans,identifier,0,29,5
205,458,458,=,operator,0,29,8
206,459,463,false,keyword,0,29,9
207,464,464,;,operator,0,29,14
208,471,476,return,keyword,0,30,5
209,477,477,;,operator,0,30,11
210,483,483,},operator,0,31,4
211,489,489,l,identifier,0,32,4
212,490,490,[,operator,0,32,5
213,491,491,v,identifier,0,32,6
214,492,492,],operator,0,32,7
215,493,493,=,operator,0,32,8
216,494,496,max,identifier,0,32,9
217,497,497,(,operator,0,32,12
218,498,498,l,identifier,0,32,13
219,499,499,[,operator,0,32,14
220,500,500,v,identifier,0,32,15
221,501,501,],operator,0,32,16
222,502,502,",",operator,0,32,17
223,503,503,l,identifier,0,32,18
224,504,504,[,operator,0,32,19
225,505,506,to,identifier,0,32,20
226,507,507,],operator,0,32,22
227,508,508,-,operator,0,32,23
228,509,509,1,integer,0,32,24
229,510,510,),operator,0,32,25
230,511,511,;,operator,0,32,26
231,517,517,r,identifier,0,33,4
232,518,518,[,operator,0,33,5
233,519,519,v,identifier,0,33,6
234,520,520,],operator,0,33,7
235,521,521,=,operator,0,33,8
236,522,524,min,identifier,0,33,9
237,525,525,(,operator,0,33,12
238,526,526,r,identifier,0,33,13
239,527,527,[,operator,0,33,14
240,528,528,v,identifier,0,33,15
241,529,529,],operator,0,33,16
242,530,530,",",operator,0,33,17
243,531,531,r,identifier,0,33,18
244,532,532,[,operator,0,33,19
245,533,534,to,identifier,0,33,20
246,535,535,],operator,0,33,22
247,536,536,+,operator,0,33,23
248,537,537,1,integer,0,33,24
249,538,538,),operator,0,33,25
250,539,539,;,operator,0,33,26
251,544,544,},operator,0,34,3
252,548,548,},operator,0,35,2
253,551,551,},operator,0,36,1
254,554,555,if,keyword,0,37,1
255,556,556,(,operator,0,37,3
256,557,557,l,identifier,0,37,4
257,558,558,[,operator,0,37,5
258,559,559,v,identifier,0,37,6
259,560,560,],operator,0,37,7
260,561,561,>,operator,0,37,8
261,562,562,r,identifier,0,37,9
262,563,563,[,operator,0,37,10
263,564,564,v,identifier,0,37,11
264,565,565,],operator,0,37,12
265,566,566,),operator,0,37,13
266,570,572,ans,identifier,0,38,2
267,573,573,=,operator,0,38,5
268,574,578,false,keyword,0,38,6
269,579,579,;,operator,0,38,11
270,581,581,},operator,0,39,0
271,583,586,void,keyword,0,40,0
272,588,591,make,identifier,0,40,5
273,592,592,(,operator,0,40,9
274,593,595,int,keyword,0,40,10
275,597,597,v,identifier,0,40,14
276,598,598,=,operator,0,40,15
277,599,599,0,integer,0,40,16
278,600,600,",",operator,0,40,17
279,601,603,int,keyword,0,40,18
280,605,605,p,identifier,0,40,22
281,606,606,=,operator,0,40,23
282,607,607,-,operator,0,40,24
283,608,608,1,integer,0,40,25
284,609,609,),operator,0,40,26
285,611,611,{,operator,0,41,0
286,614,615,if,keyword,0,42,1
287,616,616,(,operator,0,42,3
288,617,617,v,identifier,0,42,4
289,618,619,==,operator,0,42,5
290,620,620,0,integer,0,42,7
291,621,622,&&,operator,0,42,8
292,623,624,id,identifier,0,42,10
293,625,625,[,operator,0,42,12
294,626,626,v,identifier,0,42,13
295,627,627,],operator,0,42,14
296,628,629,==,operator,0,42,15
297,630,630,-,operator,0,42,17
298,631,631,1,integer,0,42,18
299,632,632,),operator,0,42,19
300,636,637,id,identifier,0,43,2
301,638,638,[,operator,0,43,4
302,639,639,v,identifier,0,43,5
303,640,640,],operator,0,43,6
304,641,641,=,operator,0,43,7
305,642,642,l,identifier,0,43,8
306,643,643,[,operator,0,43,9
307,644,644,v,identifier,0,43,10
308,645,645,],operator,0,43,11
309,646,646,;,operator,0,43,12
310,649,651,for,keyword,0,44,1
311,652,652,(,operator,0,44,4
312,653,655,int,keyword,0,44,5
313,657,657,i,identifier,0,44,9
314,658,658,=,operator,0,44,10
315,659,659,0,integer,0,44,11
316,660,660,;,operator,0,44,12
317,661,661,i,identifier,0,44,13
318,662,662,<,operator,0,44,14
319,663,665,vec,identifier,0,44,15
320,666,666,[,operator,0,44,18
321,667,667,v,identifier,0,44,19
322,668,668,],operator,0,44,20
323,669,669,.,operator,0,44,21
324,670,673,size,identifier,0,44,22
325,674,674,(,operator,0,44,26
326,675,675,),operator,0,44,27
327,676,676,;,operator,0,44,28
328,677,677,i,identifier,0,44,29
329,678,679,++,operator,0,44,30
330,680,680,),operator,0,44,32
331,683,683,{,operator,0,45,1
332,687,689,int,keyword,0,46,2
333,691,692,to,identifier,0,46,6
334,693,693,=,operator,0,46,8
335,694,696,vec,identifier,0,46,9
336,697,697,[,operator,0,46,12
337,698,698,v,identifier,0,46,13
338,699,699,],operator,0,46,14
339,700,700,[,operator,0,46,15
340,701,701,i,identifier,0,46,16
341,702,702,],operator,0,46,17
342,703,703,;,operator,0,46,18
343,707,708,if,keyword,0,47,2
344,709,709,(,operator,0,47,4
345,710,711,to,identifier,0,47,5
346,712,713,"!=",operator,0,47,7
347,714,714,p,identifier,0,47,9
348,715,715,),operator,0,47,10
349,719,719,{,operator,0,48,2
350,724,725,if,keyword,0,49,3
351,726,726,(,operator,0,49,5
352,727,728,id,identifier,0,49,6
353,729,729,[,operator,0,49,8
354,730,731,to,identifier,0,49,9
355,732,732,],operator,0,49,11
356,733,734,==,operator,0,49,12
357,735,735,-,operator,0,49,14
358,736,736,1,integer,0,49,15
359,737,737,),operator,0,49,16
360,742,742,{,operator,0,50,3
361,748,749,if,keyword,0,51,4
362,750,750,(,operator,0,51,6
363,751,751,l,identifier,0,51,7
364,752,752,[,operator,0,51,8
365,753,754,to,identifier,0,51,9
366,755,755,],operator,0,51,11
367,756,757,<=,operator,0,51,12
368,758,759,id,identifier,0,51,14
369,760,760,[,operator,0,51,16
370,761,761,v,identifier,0,51,17
371,762,762,],operator,0,51,18
372,763,763,-,operator,0,51,19
373,764,764,1,integer,0,51,20
374,765,766,&&,operator,0,51,21
375,767,768,id,identifier,0,51,23
376,769,769,[,operator,0,51,25
377,770,770,v,identifier,0,51,26
378,771,771,],operator,0,51,27
379,772,772,-,operator,0,51,28
380,773,773,1,integer,0,51,29
381,774,775,<=,operator,0,51,30
382,776,776,r,identifier,0,51,32
383,777,777,[,operator,0,51,33
384,778,779,to,identifier,0,51,34
385,780,780,],operator,0,51,36
386,781,781,),operator,0,51,37
387,788,789,id,identifier,0,52,5
388,790,790,[,operator,0,52,7
389,791,792,to,identifier,0,52,8
390,793,793,],operator,0,52,10
391,794,794,=,operator,0,52,11
392,795,796,id,identifier,0,52,12
393,797,797,[,operator,0,52,14
394,798,798,v,identifier,0,52,15
395,799,799,],operator,0,52,16
396,800,800,-,operator,0,52,17
397,801,801,1,integer,0,52,18
398,802,802,;,operator,0,52,19
399,808,811,else,keyword,0,53,4
400,818,819,id,identifier,0,54,5
401,820,820,[,operator,0,54,7
402,821,822,to,identifier,0,54,8
403,823,823,],operator,0,54,10
404,824,824,=,operator,0,54,11
405,825,826,id,identifier,0,54,12
406,827,827,[,operator,0,54,14
407,828,828,v,identifier,0,54,15
408,829,829,],operator,0,54,16
409,830,830,+,operator,0,54,17
410,831,831,1,integer,0,54,18
411,832,832,;,operator,0,54,19
412,837,837,},operator,0,55,3
413,842,845,make,identifier,0,56,3
414,846,846,(,operator,0,56,7
415,847,848,to,identifier,0,56,8
416,849,849,",",operator,0,56,10
417,850,850,v,identifier,0,56,11
418,851,851,),operator,0,56,12
419,852,852,;,operator,0,56,13
420,856,856,},operator,0,57,2
421,859,859,},operator,0,58,1
422,861,861,},operator,0,59,0
423,863,865,int,keyword,0,60,0
424,867,870,main,identifier,0,60,4
425,871,871,(,operator,0,60,8
426,872,872,),operator,0,60,9
427,874,874,{,operator,0,61,0
428,877,879,int,keyword,0,62,1
429,881,881,n,identifier,0,62,5
430,882,882,;,operator,0,62,6
431,885,889,scanf,identifier,0,63,1
432,890,890,(,operator,0,63,6
433,891,894,"""%d""",string,0,63,7
434,895,895,",",operator,0,63,11
435,896,896,&,operator,0,63,12
436,897,897,n,identifier,0,63,13
437,898,898,),operator,0,63,14
438,899,899,;,operator,0,63,15
439,902,904,for,keyword,0,64,1
440,905,905,(,operator,0,64,4
441,906,908,int,keyword,0,64,5
442,910,910,i,identifier,0,64,9
443,911,911,=,operator,0,64,10
444,912,912,0,integer,0,64,11
445,913,913,;,operator,0,64,12
446,914,914,i,identifier,0,64,13
447,915,915,<,operator,0,64,14
448,916,916,n,identifier,0,64,15
449,917,917,-,operator,0,64,16
450,918,918,1,integer,0,64,17
451,919,919,;,operator,0,64,18
452,920,920,i,identifier,0,64,19
453,921,922,++,operator,0,64,20
454,923,923,),operator,0,64,22
455,926,926,{,operator,0,65,1
456,930,932,int,keyword,0,66,2
457,934,934,a,identifier,0,66,6
458,935,935,",",operator,0,66,7
459,936,936,b,identifier,0,66,8
460,937,937,;,operator,0,66,9
461,941,945,scanf,identifier,0,67,2
462,946,946,(,operator,0,67,7
463,947,952,"""%d%d""",string,0,67,8
464,953,953,",",operator,0,67,14
465,954,954,&,operator,0,67,15
466,955,955,a,identifier,0,67,16
467,956,956,",",operator,0,67,17
468,957,957,&,operator,0,67,18
469,958,958,b,identifier,0,67,19
470,959,959,),operator,0,67,20
471,960,960,;,operator,0,67,21
472,964,964,a,identifier,0,68,2
473,965,966,--,operator,0,68,3
474,967,967,;,operator,0,68,5
475,971,971,b,identifier,0,69,2
476,972,973,--,operator,0,69,3
477,974,974,;,operator,0,69,5
478,978,980,vec,identifier,0,70,2
479,981,981,[,operator,0,70,5
480,982,982,a,identifier,0,70,6
481,983,983,],operator,0,70,7
482,984,984,.,operator,0,70,8
483,985,993,push_back,identifier,0,70,9
484,994,994,(,operator,0,70,18
485,995,995,b,identifier,0,70,19
486,996,996,),operator,0,70,20
487,997,997,;,operator,0,70,21
488,1001,1003,vec,identifier,0,71,2
489,1004,1004,[,operator,0,71,5
490,1005,1005,b,identifier,0,71,6
491,1006,1006,],operator,0,71,7
492,1007,1007,.,operator,0,71,8
493,1008,1016,push_back,identifier,0,71,9
494,1017,1017,(,operator,0,71,18
495,1018,1018,a,identifier,0,71,19
496,1019,1019,),operator,0,71,20
497,1020,1020,;,operator,0,71,21
498,1023,1023,},operator,0,72,1
499,1026,1031,memset,identifier,0,73,1
500,1032,1032,(,operator,0,73,7
501,1033,1034,id,identifier,0,73,8
502,1035,1035,",",operator,0,73,10
503,1036,1036,-,operator,0,73,11
504,1037,1037,1,integer,0,73,12
505,1038,1038,",",operator,0,73,13
506,1039,1044,sizeof,keyword,0,73,14
507,1045,1045,(,operator,0,73,20
508,1046,1047,id,identifier,0,73,21
509,1048,1048,),operator,0,73,23
510,1049,1049,),operator,0,73,24
511,1050,1050,;,operator,0,73,25
512,1053,1055,int,keyword,0,74,1
513,1057,1057,q,identifier,0,74,5
514,1058,1058,;,operator,0,74,6
515,1061,1065,scanf,identifier,0,75,1
516,1066,1066,(,operator,0,75,6
517,1067,1070,"""%d""",string,0,75,7
518,1071,1071,",",operator,0,75,11
519,1072,1072,&,operator,0,75,12
520,1073,1073,q,identifier,0,75,13
521,1074,1074,),operator,0,75,14
522,1075,1075,;,operator,0,75,15
523,1078,1082,while,keyword,0,76,1
524,1083,1083,(,operator,0,76,6
525,1084,1084,q,identifier,0,76,7
526,1085,1086,--,operator,0,76,8
527,1087,1087,),operator,0,76,10
528,1090,1090,{,operator,0,77,1
529,1094,1096,int,keyword,0,78,2
530,1098,1098,v,identifier,0,78,6
531,1099,1099,",",operator,0,78,7
532,1100,1100,p,identifier,0,78,8
533,1101,1101,;,operator,0,78,9
534,1105,1109,scanf,identifier,0,79,2
535,1110,1110,(,operator,0,79,7
536,1111,1116,"""%d%d""",string,0,79,8
537,1117,1117,",",operator,0,79,14
538,1118,1118,&,operator,0,79,15
539,1119,1119,v,identifier,0,79,16
540,1120,1120,",",operator,0,79,17
541,1121,1121,&,operator,0,79,18
542,1122,1122,p,identifier,0,79,19
543,1123,1123,),operator,0,79,20
544,1124,1124,;,operator,0,79,21
545,1128,1128,v,identifier,0,80,2
546,1129,1130,--,operator,0,80,3
547,1131,1131,;,operator,0,80,5
548,1135,1136,id,identifier,0,81,2
549,1137,1137,[,operator,0,81,4
550,1138,1138,v,identifier,0,81,5
551,1139,1139,],operator,0,81,6
552,1140,1140,=,operator,0,81,7
553,1141,1141,p,identifier,0,81,8
554,1142,1142,;,operator,0,81,9
555,1145,1145,},operator,0,82,1
556,1148,1150,ans,identifier,0,83,1
557,1151,1151,=,operator,0,83,4
558,1152,1155,true,keyword,0,83,5
559,1156,1156,;,operator,0,83,9
560,1159,1163,solve,identifier,0,84,1
561,1164,1164,(,operator,0,84,6
562,1165,1165,),operator,0,84,7
563,1166,1166,;,operator,0,84,8
564,1169,1170,if,keyword,0,85,1
565,1171,1171,(,operator,0,85,3
566,1172,1172,"!",operator,0,85,4
567,1173,1175,ans,identifier,0,85,5
568,1176,1176,),operator,0,85,8
569,1180,1183,puts,identifier,0,86,2
570,1184,1184,(,operator,0,86,6
571,1185,1188,"""No""",string,0,86,7
572,1189,1189,),operator,0,86,11
573,1190,1190,;,operator,0,86,12
574,1193,1196,else,keyword,0,87,1
575,1199,1199,{,operator,0,88,1
576,1203,1206,make,identifier,0,89,2
577,1207,1207,(,operator,0,89,6
578,1208,1208,),operator,0,89,7
579,1209,1209,;,operator,0,89,8
580,1213,1216,puts,identifier,0,90,2
581,1217,1217,(,operator,0,90,6
582,1218,1222,"""Yes""",string,0,90,7
583,1223,1223,),operator,0,90,12
584,1224,1224,;,operator,0,90,13
585,1228,1230,for,keyword,0,91,2
586,1231,1231,(,operator,0,91,5
587,1232,1234,int,keyword,0,91,6
588,1236,1236,i,identifier,0,91,10
589,1237,1237,=,operator,0,91,11
590,1238,1238,0,integer,0,91,12
591,1239,1239,;,operator,0,91,13
592,1240,1240,i,identifier,0,91,14
593,1241,1241,<,operator,0,91,15
594,1242,1242,n,identifier,0,91,16
595,1243,1243,;,operator,0,91,17
596,1244,1244,i,identifier,0,91,18
597,1245,1246,++,operator,0,91,19
598,1247,1247,),operator,0,91,21
599,1252,1257,printf,identifier,0,92,3
600,1258,1258,(,operator,0,92,9
601,1259,1264,"""%d\n""",string,0,92,10
602,1265,1265,",",operator,0,92,16
603,1266,1267,id,identifier,0,92,17
604,1268,1268,[,operator,0,92,19
605,1269,1269,i,identifier,0,92,20
606,1270,1270,],operator,0,92,21
607,1271,1271,),operator,0,92,22
608,1272,1272,;,operator,0,92,23
609,1275,1275,},operator,0,93,1
610,1278,1283,return,keyword,0,94,1
611,1285,1285,0,integer,0,94,8
612,1286,1286,;,operator,0,94,9
613,1288,1288,},operator,0,95,0
614,1290,1289,<EOF>,eof,0,96,0
