seqnr,start,stop,text,class,channel,line,column
0,0,23,"#include <bits/stdc++.h>",directive,1,1,0
1,25,67,"#define REP(i,a,b) for(int i=(a);i<(b);i++)",directive,1,2,0
2,69,113,"#define RREP(i,a,b) for(int i=(a);i>=(b);i--)",directive,1,3,0
3,115,139,"#define pq priority_queue",directive,1,4,0
4,141,163,"#define P pair<int,int>",directive,1,5,0
5,165,186,"#define P2 pair<int,P>",directive,1,6,0
6,188,210,"#define P3 pair<int,P2>",directive,1,7,0
7,212,218,typedef,keyword,0,8,0
8,220,223,long,keyword,0,8,8
9,225,228,long,keyword,0,8,13
10,230,231,ll,identifier,0,8,18
11,232,232,;,operator,0,8,20
12,234,240,typedef,keyword,0,8,22
13,242,245,long,keyword,0,8,30
14,247,252,double,keyword,0,8,35
15,254,255,ld,identifier,0,8,42
16,256,256,;,operator,0,8,44
17,258,262,using,keyword,0,9,0
18,264,272,namespace,keyword,0,9,6
19,274,276,std,identifier,0,9,16
20,277,277,;,operator,0,9,19
21,279,283,const,keyword,0,10,0
22,285,287,int,keyword,0,10,6
23,289,291,INF,identifier,0,10,10
24,292,292,=,operator,0,10,13
25,293,295,1e9,floating,0,10,14
26,296,296,",",operator,0,10,17
27,298,300,MOD,identifier,0,10,19
28,301,301,=,operator,0,10,22
29,302,304,1e9,floating,0,10,23
30,305,305,+,operator,0,10,26
31,306,306,7,integer,0,10,27
32,307,307,",",operator,0,10,28
33,309,314,around,identifier,0,10,30
34,315,315,[,operator,0,10,36
35,316,316,],operator,0,10,37
36,317,317,=,operator,0,10,38
37,318,318,{,operator,0,10,39
38,319,319,0,integer,0,10,40
39,320,320,",",operator,0,10,41
40,321,321,1,integer,0,10,42
41,322,322,",",operator,0,10,43
42,323,323,1,integer,0,10,44
43,324,324,",",operator,0,10,45
44,325,325,-,operator,0,10,46
45,326,326,1,integer,0,10,47
46,327,327,",",operator,0,10,48
47,328,328,-,operator,0,10,49
48,329,329,1,integer,0,10,50
49,330,330,",",operator,0,10,51
50,331,331,0,integer,0,10,52
51,332,332,",",operator,0,10,53
52,333,333,-,operator,0,10,54
53,334,334,1,integer,0,10,55
54,335,335,",",operator,0,10,56
55,336,336,1,integer,0,10,57
56,337,337,",",operator,0,10,58
57,338,338,0,integer,0,10,59
58,339,339,",",operator,0,10,60
59,340,340,0,integer,0,10,61
60,341,341,},operator,0,10,62
61,342,342,;,operator,0,10,63
62,344,348,const,keyword,0,11,0
63,350,351,ll,identifier,0,11,6
64,353,356,LINF,identifier,0,11,9
65,357,357,=,operator,0,11,13
66,358,361,1e18,floating,0,11,14
67,362,362,;,operator,0,11,18
68,364,368,const,keyword,0,12,0
69,370,371,ld,identifier,0,12,6
70,373,374,PI,identifier,0,12,9
71,375,375,=,operator,0,12,11
72,376,378,abs,identifier,0,12,12
73,379,379,(,operator,0,12,15
74,380,383,acos,identifier,0,12,16
75,384,384,(,operator,0,12,20
76,385,385,-,operator,0,12,21
77,386,386,1,integer,0,12,22
78,387,387,),operator,0,12,23
79,388,388,),operator,0,12,24
80,389,389,;,operator,0,12,25
81,391,393,int,keyword,0,13,0
82,395,395,n,identifier,0,13,4
83,396,396,",",operator,0,13,5
84,397,397,m,identifier,0,13,6
85,398,398,",",operator,0,13,7
86,399,399,x,identifier,0,13,8
87,400,400,",",operator,0,13,9
88,401,401,y,identifier,0,13,10
89,402,402,",",operator,0,13,11
90,403,403,a,identifier,0,13,12
91,404,404,[,operator,0,13,13
92,405,410,100010,integer,0,13,14
93,411,411,],operator,0,13,20
94,412,412,",",operator,0,13,21
95,413,413,b,identifier,0,13,22
96,414,414,[,operator,0,13,23
97,415,420,100010,integer,0,13,24
98,421,421,],operator,0,13,30
99,422,422,;,operator,0,13,31
100,425,427,int,keyword,0,15,0
101,429,430,li,identifier,0,15,4
102,431,431,[,operator,0,15,6
103,432,437,100010,integer,0,15,7
104,438,438,],operator,0,15,13
105,439,439,=,operator,0,15,14
106,440,440,{,operator,0,15,15
107,441,441,},operator,0,15,16
108,442,442,;,operator,0,15,17
109,449,451,int,keyword,0,16,0
110,453,454,dp,identifier,0,16,4
111,455,455,[,operator,0,16,6
112,456,461,100010,integer,0,16,7
113,462,462,],operator,0,16,13
114,463,463,[,operator,0,16,14
115,464,464,2,integer,0,16,15
116,465,465,],operator,0,16,16
117,466,466,=,operator,0,16,17
118,467,467,{,operator,0,16,18
119,468,468,},operator,0,16,19
120,469,469,;,operator,0,16,20
121,471,473,int,keyword,0,17,0
122,475,477,ans,identifier,0,17,4
123,478,478,[,operator,0,17,7
124,479,484,100010,integer,0,17,8
125,485,485,],operator,0,17,14
126,486,486,=,operator,0,17,15
127,487,487,{,operator,0,17,16
128,488,488,},operator,0,17,17
129,489,489,;,operator,0,17,18
130,491,494,bool,keyword,0,18,0
131,496,499,used,identifier,0,18,5
132,500,500,[,operator,0,18,9
133,501,506,100010,integer,0,18,10
134,507,507,],operator,0,18,16
135,508,508,=,operator,0,18,17
136,509,509,{,operator,0,18,18
137,510,510,},operator,0,18,19
138,511,511,;,operator,0,18,20
139,513,518,vector,identifier,0,19,0
140,519,519,<,operator,0,19,6
141,520,522,int,keyword,0,19,7
142,523,523,>,operator,0,19,10
143,525,525,g,identifier,0,19,12
144,526,526,[,operator,0,19,13
145,527,532,100010,integer,0,19,14
146,533,533,],operator,0,19,20
147,534,534,;,operator,0,19,21
148,537,539,int,keyword,0,21,0
149,541,545,solve,identifier,0,21,4
150,546,546,(,operator,0,21,9
151,547,547,),operator,0,21,10
152,548,548,;,operator,0,21,11
153,551,553,int,keyword,0,23,0
154,555,558,main,identifier,0,23,4
155,559,559,(,operator,0,23,8
156,560,560,),operator,0,23,9
157,561,561,{,operator,0,23,10
158,564,566,cin,identifier,0,24,1
159,568,568,>,operator,0,24,5
160,569,569,>,operator,0,24,6
161,571,571,n,identifier,0,24,8
162,572,572,;,operator,0,24,9
163,575,577,REP,identifier,0,25,1
164,578,578,(,operator,0,25,4
165,579,579,i,identifier,0,25,5
166,580,580,",",operator,0,25,6
167,581,581,0,integer,0,25,7
168,582,582,",",operator,0,25,8
169,583,583,n,identifier,0,25,9
170,584,584,-,operator,0,25,10
171,585,585,1,integer,0,25,11
172,586,586,),operator,0,25,12
173,588,590,cin,identifier,0,25,14
174,592,592,>,operator,0,25,18
175,593,593,>,operator,0,25,19
176,595,595,x,identifier,0,25,21
177,597,597,>,operator,0,25,23
178,598,598,>,operator,0,25,24
179,600,600,y,identifier,0,25,26
180,601,601,",",operator,0,25,27
181,602,602,g,identifier,0,25,28
182,603,603,[,operator,0,25,29
183,604,604,x,identifier,0,25,30
184,605,605,-,operator,0,25,31
185,606,606,1,integer,0,25,32
186,607,607,],operator,0,25,33
187,608,608,.,operator,0,25,34
188,609,617,push_back,identifier,0,25,35
189,618,618,(,operator,0,25,44
190,619,619,y,identifier,0,25,45
191,620,620,-,operator,0,25,46
192,621,621,1,integer,0,25,47
193,622,622,),operator,0,25,48
194,623,623,",",operator,0,25,49
195,624,624,g,identifier,0,25,50
196,625,625,[,operator,0,25,51
197,626,626,y,identifier,0,25,52
198,627,627,-,operator,0,25,53
199,628,628,1,integer,0,25,54
200,629,629,],operator,0,25,55
201,630,630,.,operator,0,25,56
202,631,639,push_back,identifier,0,25,57
203,640,640,(,operator,0,25,66
204,641,641,x,identifier,0,25,67
205,642,642,-,operator,0,25,68
206,643,643,1,integer,0,25,69
207,644,644,),operator,0,25,70
208,645,645,;,operator,0,25,71
209,648,650,cin,identifier,0,26,1
210,652,652,>,operator,0,26,5
211,653,653,>,operator,0,26,6
212,655,655,m,identifier,0,26,8
213,656,656,;,operator,0,26,9
214,658,660,REP,identifier,0,26,11
215,661,661,(,operator,0,26,14
216,662,662,i,identifier,0,26,15
217,663,663,",",operator,0,26,16
218,664,664,0,integer,0,26,17
219,665,665,",",operator,0,26,18
220,666,666,n,identifier,0,26,19
221,667,667,),operator,0,26,20
222,669,670,dp,identifier,0,26,22
223,671,671,[,operator,0,26,24
224,672,672,i,identifier,0,26,25
225,673,673,],operator,0,26,26
226,674,674,[,operator,0,26,27
227,675,675,0,integer,0,26,28
228,676,676,],operator,0,26,29
229,677,677,=,operator,0,26,30
230,678,678,-,operator,0,26,31
231,679,681,INF,identifier,0,26,32
232,682,682,",",operator,0,26,35
233,683,684,dp,identifier,0,26,36
234,685,685,[,operator,0,26,38
235,686,686,i,identifier,0,26,39
236,687,687,],operator,0,26,40
237,688,688,[,operator,0,26,41
238,689,689,1,integer,0,26,42
239,690,690,],operator,0,26,43
240,691,691,=,operator,0,26,44
241,692,694,INF,identifier,0,26,45
242,695,695,;,operator,0,26,48
243,698,700,REP,identifier,0,27,1
244,701,701,(,operator,0,27,4
245,702,702,i,identifier,0,27,5
246,703,703,",",operator,0,27,6
247,704,704,0,integer,0,27,7
248,705,705,",",operator,0,27,8
249,706,706,m,identifier,0,27,9
250,707,707,),operator,0,27,10
251,709,711,cin,identifier,0,27,12
252,713,713,>,operator,0,27,16
253,714,714,>,operator,0,27,17
254,716,716,a,identifier,0,27,19
255,717,717,[,operator,0,27,20
256,718,718,i,identifier,0,27,21
257,719,719,],operator,0,27,22
258,721,721,>,operator,0,27,24
259,722,722,>,operator,0,27,25
260,724,724,b,identifier,0,27,27
261,725,725,[,operator,0,27,28
262,726,726,i,identifier,0,27,29
263,727,727,],operator,0,27,30
264,728,728,",",operator,0,27,31
265,729,729,a,identifier,0,27,32
266,730,730,[,operator,0,27,33
267,731,731,i,identifier,0,27,34
268,732,732,],operator,0,27,35
269,733,734,--,operator,0,27,36
270,735,735,",",operator,0,27,38
271,736,737,dp,identifier,0,27,39
272,738,738,[,operator,0,27,41
273,739,739,a,identifier,0,27,42
274,740,740,[,operator,0,27,43
275,741,741,i,identifier,0,27,44
276,742,742,],operator,0,27,45
277,743,743,],operator,0,27,46
278,744,744,[,operator,0,27,47
279,745,745,0,integer,0,27,48
280,746,746,],operator,0,27,49
281,747,747,=,operator,0,27,50
282,748,749,dp,identifier,0,27,51
283,750,750,[,operator,0,27,53
284,751,751,a,identifier,0,27,54
285,752,752,[,operator,0,27,55
286,753,753,i,identifier,0,27,56
287,754,754,],operator,0,27,57
288,755,755,],operator,0,27,58
289,756,756,[,operator,0,27,59
290,757,757,1,integer,0,27,60
291,758,758,],operator,0,27,61
292,759,759,=,operator,0,27,62
293,760,760,b,identifier,0,27,63
294,761,761,[,operator,0,27,64
295,762,762,i,identifier,0,27,65
296,763,763,],operator,0,27,66
297,764,764,;,operator,0,27,67
298,769,773,solve,identifier,0,29,1
299,774,774,(,operator,0,29,6
300,775,775,),operator,0,29,7
301,776,776,;,operator,0,29,8
302,779,784,return,keyword,0,30,1
303,786,786,0,integer,0,30,8
304,787,787,;,operator,0,30,9
305,789,789,},operator,0,31,0
306,792,794,int,keyword,0,33,0
307,796,800,solve,identifier,0,33,4
308,801,801,(,operator,0,33,9
309,802,802,),operator,0,33,10
310,803,803,{,operator,0,33,11
311,806,810,queue,identifier,0,34,1
312,811,811,<,operator,0,34,6
313,812,814,int,keyword,0,34,7
314,815,815,>,operator,0,34,10
315,817,818,qu,identifier,0,34,12
316,819,819,",",operator,0,34,14
317,820,822,que,identifier,0,34,15
318,823,823,;,operator,0,34,18
319,826,827,qu,identifier,0,35,1
320,828,828,.,operator,0,35,3
321,829,832,push,identifier,0,35,4
322,833,833,(,operator,0,35,8
323,834,834,a,identifier,0,35,9
324,835,835,[,operator,0,35,10
325,836,836,0,integer,0,35,11
326,837,837,],operator,0,35,12
327,838,838,),operator,0,35,13
328,839,839,;,operator,0,35,14
329,841,842,li,identifier,0,35,16
330,843,843,[,operator,0,35,18
331,844,844,a,identifier,0,35,19
332,845,845,[,operator,0,35,20
333,846,846,0,integer,0,35,21
334,847,847,],operator,0,35,22
335,848,848,],operator,0,35,23
336,849,849,=,operator,0,35,24
337,850,850,1,integer,0,35,25
338,851,851,;,operator,0,35,26
339,854,858,while,keyword,0,36,1
340,859,859,(,operator,0,36,6
341,860,860,"!",operator,0,36,7
342,861,862,qu,identifier,0,36,8
343,863,863,.,operator,0,36,10
344,864,868,empty,identifier,0,36,11
345,869,869,(,operator,0,36,16
346,870,870,),operator,0,36,17
347,871,871,),operator,0,36,18
348,872,872,{,operator,0,36,19
349,876,879,auto,keyword,0,37,2
350,881,881,p,identifier,0,37,7
351,882,882,=,operator,0,37,8
352,883,884,qu,identifier,0,37,9
353,885,885,.,operator,0,37,11
354,886,890,front,identifier,0,37,12
355,891,891,(,operator,0,37,17
356,892,892,),operator,0,37,18
357,893,893,;,operator,0,37,19
358,895,896,qu,identifier,0,37,21
359,897,897,.,operator,0,37,23
360,898,900,pop,identifier,0,37,24
361,901,901,(,operator,0,37,27
362,902,902,),operator,0,37,28
363,903,903,;,operator,0,37,29
364,910,912,int,keyword,0,39,2
365,914,914,c,identifier,0,39,6
366,915,915,=,operator,0,39,7
367,916,916,0,integer,0,39,8
368,917,917,;,operator,0,39,9
369,921,923,for,keyword,0,40,2
370,924,924,(,operator,0,40,5
371,925,928,auto,keyword,0,40,6
372,930,930,e,identifier,0,40,11
373,931,931,:,operator,0,40,12
374,932,932,g,identifier,0,40,13
375,933,933,[,operator,0,40,14
376,934,934,p,identifier,0,40,15
377,935,935,],operator,0,40,16
378,936,936,),operator,0,40,17
379,937,937,{,operator,0,40,18
380,942,943,if,keyword,0,41,3
381,944,944,(,operator,0,41,5
382,945,946,li,identifier,0,41,6
383,947,947,[,operator,0,41,8
384,948,948,e,identifier,0,41,9
385,949,949,],operator,0,41,10
386,950,950,),operator,0,41,11
387,952,959,continue,keyword,0,41,13
388,960,960,;,operator,0,41,21
389,965,966,li,identifier,0,42,3
390,967,967,[,operator,0,42,5
391,968,968,e,identifier,0,42,6
392,969,969,],operator,0,42,7
393,970,970,=,operator,0,42,8
394,971,972,li,identifier,0,42,9
395,973,973,[,operator,0,42,11
396,974,974,p,identifier,0,42,12
397,975,975,],operator,0,42,13
398,976,976,+,operator,0,42,14
399,977,977,1,integer,0,42,15
400,978,978,;,operator,0,42,16
401,983,984,qu,identifier,0,43,3
402,985,985,.,operator,0,43,5
403,986,989,push,identifier,0,43,6
404,990,990,(,operator,0,43,10
405,991,991,e,identifier,0,43,11
406,992,992,),operator,0,43,12
407,993,993,;,operator,0,43,13
408,998,998,c,identifier,0,44,3
409,999,1000,++,operator,0,44,4
410,1001,1001,;,operator,0,44,6
411,1005,1005,},operator,0,45,2
412,1009,1010,if,keyword,0,46,2
413,1011,1011,(,operator,0,46,4
414,1012,1012,"!",operator,0,46,5
415,1013,1013,c,identifier,0,46,6
416,1014,1014,),operator,0,46,7
417,1016,1018,que,identifier,0,46,9
418,1019,1019,.,operator,0,46,12
419,1020,1023,push,identifier,0,46,13
420,1024,1024,(,operator,0,46,17
421,1025,1025,p,identifier,0,46,18
422,1026,1026,),operator,0,46,19
423,1027,1027,;,operator,0,46,20
424,1030,1030,},operator,0,47,1
425,1035,1037,REP,identifier,0,49,1
426,1038,1038,(,operator,0,49,4
427,1039,1039,i,identifier,0,49,5
428,1040,1040,",",operator,0,49,6
429,1041,1041,0,integer,0,49,7
430,1042,1042,",",operator,0,49,8
431,1043,1043,n,identifier,0,49,9
432,1044,1044,),operator,0,49,10
433,1046,1047,li,identifier,0,49,12
434,1048,1048,[,operator,0,49,14
435,1049,1049,i,identifier,0,49,15
436,1050,1050,],operator,0,49,16
437,1051,1052,--,operator,0,49,17
438,1053,1053,;,operator,0,49,19
439,1056,1058,REP,identifier,0,50,1
440,1059,1059,(,operator,0,50,4
441,1060,1060,i,identifier,0,50,5
442,1061,1061,",",operator,0,50,6
443,1062,1062,0,integer,0,50,7
444,1063,1063,",",operator,0,50,8
445,1064,1064,m,identifier,0,50,9
446,1065,1065,),operator,0,50,10
447,1067,1068,if,keyword,0,50,12
448,1069,1069,(,operator,0,50,14
449,1070,1071,li,identifier,0,50,15
450,1072,1072,[,operator,0,50,17
451,1073,1073,a,identifier,0,50,18
452,1074,1074,[,operator,0,50,19
453,1075,1075,i,identifier,0,50,20
454,1076,1076,],operator,0,50,21
455,1077,1077,],operator,0,50,22
456,1078,1078,%,operator,0,50,23
457,1079,1079,2,integer,0,50,24
458,1080,1081,"!=",operator,0,50,25
459,1082,1082,b,identifier,0,50,27
460,1083,1083,[,operator,0,50,28
461,1084,1084,i,identifier,0,50,29
462,1085,1085,],operator,0,50,30
463,1086,1086,%,operator,0,50,31
464,1087,1087,2,integer,0,50,32
465,1088,1088,),operator,0,50,33
466,1089,1089,{,operator,0,50,34
467,1090,1093,cout,identifier,0,50,35
468,1095,1095,<,operator,0,50,40
469,1096,1096,<,operator,0,50,41
470,1098,1101,"""No""",string,0,50,43
471,1103,1103,<,operator,0,50,48
472,1104,1104,<,operator,0,50,49
473,1106,1109,endl,identifier,0,50,51
474,1110,1110,;,operator,0,50,55
475,1112,1117,return,keyword,0,50,57
476,1119,1119,0,integer,0,50,64
477,1120,1120,;,operator,0,50,65
478,1121,1121,},operator,0,50,66
479,1124,1128,while,keyword,0,51,1
480,1129,1129,(,operator,0,51,6
481,1130,1130,"!",operator,0,51,7
482,1131,1133,que,identifier,0,51,8
483,1134,1134,.,operator,0,51,11
484,1135,1139,empty,identifier,0,51,12
485,1140,1140,(,operator,0,51,17
486,1141,1141,),operator,0,51,18
487,1142,1142,),operator,0,51,19
488,1143,1143,{,operator,0,51,20
489,1147,1150,auto,keyword,0,52,2
490,1152,1152,p,identifier,0,52,7
491,1153,1153,=,operator,0,52,8
492,1154,1156,que,identifier,0,52,9
493,1157,1157,.,operator,0,52,12
494,1158,1162,front,identifier,0,52,13
495,1163,1163,(,operator,0,52,18
496,1164,1164,),operator,0,52,19
497,1165,1165,;,operator,0,52,20
498,1167,1169,que,identifier,0,52,22
499,1170,1170,.,operator,0,52,25
500,1171,1173,pop,identifier,0,52,26
501,1174,1174,(,operator,0,52,29
502,1175,1175,),operator,0,52,30
503,1176,1176,;,operator,0,52,31
504,1180,1181,if,keyword,0,53,2
505,1182,1182,(,operator,0,53,4
506,1183,1186,used,identifier,0,53,5
507,1187,1187,[,operator,0,53,9
508,1188,1188,p,identifier,0,53,10
509,1189,1189,],operator,0,53,11
510,1190,1191,||,operator,0,53,12
511,1192,1193,dp,identifier,0,53,14
512,1194,1194,[,operator,0,53,16
513,1195,1195,p,identifier,0,53,17
514,1196,1196,],operator,0,53,18
515,1197,1197,[,operator,0,53,19
516,1198,1198,0,integer,0,53,20
517,1199,1199,],operator,0,53,21
518,1200,1201,"!=",operator,0,53,22
519,1202,1202,-,operator,0,53,24
520,1203,1205,INF,identifier,0,53,25
521,1206,1207,||,operator,0,53,28
522,1208,1209,dp,identifier,0,53,30
523,1210,1210,[,operator,0,53,32
524,1211,1211,p,identifier,0,53,33
525,1212,1212,],operator,0,53,34
526,1213,1213,[,operator,0,53,35
527,1214,1214,1,integer,0,53,36
528,1215,1215,],operator,0,53,37
529,1216,1217,"!=",operator,0,53,38
530,1218,1220,INF,identifier,0,53,40
531,1221,1221,),operator,0,53,43
532,1223,1230,continue,keyword,0,53,45
533,1231,1231,;,operator,0,53,53
534,1235,1238,used,identifier,0,54,2
535,1239,1239,[,operator,0,54,6
536,1240,1240,p,identifier,0,54,7
537,1241,1241,],operator,0,54,8
538,1242,1242,=,operator,0,54,9
539,1243,1246,true,keyword,0,54,10
540,1247,1247,;,operator,0,54,14
541,1254,1256,int,keyword,0,56,2
542,1258,1259,mi,identifier,0,56,6
543,1260,1260,=,operator,0,56,8
544,1261,1261,-,operator,0,56,9
545,1262,1264,INF,identifier,0,56,10
546,1265,1265,",",operator,0,56,13
547,1266,1267,ma,identifier,0,56,14
548,1268,1268,=,operator,0,56,16
549,1269,1271,INF,identifier,0,56,17
550,1272,1272,;,operator,0,56,20
551,1276,1278,for,keyword,0,57,2
552,1279,1279,(,operator,0,57,5
553,1280,1283,auto,keyword,0,57,6
554,1285,1285,e,identifier,0,57,11
555,1286,1286,:,operator,0,57,12
556,1287,1287,g,identifier,0,57,13
557,1288,1288,[,operator,0,57,14
558,1289,1289,p,identifier,0,57,15
559,1290,1290,],operator,0,57,16
560,1291,1291,),operator,0,57,17
561,1292,1292,{,operator,0,57,18
562,1297,1298,mi,identifier,0,58,3
563,1299,1299,=,operator,0,58,5
564,1300,1302,max,identifier,0,58,6
565,1303,1303,(,operator,0,58,9
566,1304,1305,mi,identifier,0,58,10
567,1306,1306,",",operator,0,58,12
568,1307,1308,dp,identifier,0,58,13
569,1309,1309,[,operator,0,58,15
570,1310,1310,e,identifier,0,58,16
571,1311,1311,],operator,0,58,17
572,1312,1312,[,operator,0,58,18
573,1313,1313,0,integer,0,58,19
574,1314,1314,],operator,0,58,20
575,1315,1315,),operator,0,58,21
576,1316,1316,;,operator,0,58,22
577,1321,1322,ma,identifier,0,59,3
578,1323,1323,=,operator,0,59,5
579,1324,1326,min,identifier,0,59,6
580,1327,1327,(,operator,0,59,9
581,1328,1329,ma,identifier,0,59,10
582,1330,1330,",",operator,0,59,12
583,1331,1332,dp,identifier,0,59,13
584,1333,1333,[,operator,0,59,15
585,1334,1334,e,identifier,0,59,16
586,1335,1335,],operator,0,59,17
587,1336,1336,[,operator,0,59,18
588,1337,1337,1,integer,0,59,19
589,1338,1338,],operator,0,59,20
590,1339,1339,),operator,0,59,21
591,1340,1340,;,operator,0,59,22
592,1345,1347,que,identifier,0,60,3
593,1348,1348,.,operator,0,60,6
594,1349,1352,push,identifier,0,60,7
595,1353,1353,(,operator,0,60,11
596,1354,1354,e,identifier,0,60,12
597,1355,1355,),operator,0,60,13
598,1356,1356,;,operator,0,60,14
599,1360,1360,},operator,0,61,2
600,1367,1368,mi,identifier,0,63,2
601,1369,1369,=,operator,0,63,4
602,1370,1372,max,identifier,0,63,5
603,1373,1373,(,operator,0,63,8
604,1374,1375,mi,identifier,0,63,9
605,1376,1376,-,operator,0,63,11
606,1377,1377,1,integer,0,63,12
607,1378,1378,",",operator,0,63,13
608,1379,1379,-,operator,0,63,14
609,1380,1382,INF,identifier,0,63,15
610,1383,1383,),operator,0,63,18
611,1384,1384,;,operator,0,63,19
612,1386,1387,ma,identifier,0,63,21
613,1388,1388,=,operator,0,63,23
614,1389,1391,min,identifier,0,63,24
615,1392,1392,(,operator,0,63,27
616,1393,1394,ma,identifier,0,63,28
617,1395,1395,+,operator,0,63,30
618,1396,1396,1,integer,0,63,31
619,1397,1397,",",operator,0,63,32
620,1398,1400,INF,identifier,0,63,33
621,1401,1401,),operator,0,63,36
622,1402,1402,;,operator,0,63,37
623,1406,1407,dp,identifier,0,64,2
624,1408,1408,[,operator,0,64,4
625,1409,1409,p,identifier,0,64,5
626,1410,1410,],operator,0,64,6
627,1411,1411,[,operator,0,64,7
628,1412,1412,0,integer,0,64,8
629,1413,1413,],operator,0,64,9
630,1414,1414,=,operator,0,64,10
631,1415,1416,mi,identifier,0,64,11
632,1417,1417,",",operator,0,64,13
633,1418,1419,dp,identifier,0,64,14
634,1420,1420,[,operator,0,64,16
635,1421,1421,p,identifier,0,64,17
636,1422,1422,],operator,0,64,18
637,1423,1423,[,operator,0,64,19
638,1424,1424,1,integer,0,64,20
639,1425,1425,],operator,0,64,21
640,1426,1426,=,operator,0,64,22
641,1427,1428,ma,identifier,0,64,23
642,1429,1429,;,operator,0,64,25
643,1432,1432,},operator,0,65,1
644,1437,1439,REP,identifier,0,67,1
645,1440,1440,(,operator,0,67,4
646,1441,1441,i,identifier,0,67,5
647,1442,1442,",",operator,0,67,6
648,1443,1443,0,integer,0,67,7
649,1444,1444,",",operator,0,67,8
650,1445,1445,n,identifier,0,67,9
651,1446,1446,),operator,0,67,10
652,1448,1451,used,identifier,0,67,12
653,1452,1452,[,operator,0,67,16
654,1453,1453,i,identifier,0,67,17
655,1454,1454,],operator,0,67,18
656,1455,1455,=,operator,0,67,19
657,1456,1460,false,keyword,0,67,20
658,1461,1461,;,operator,0,67,25
659,1464,1465,qu,identifier,0,68,1
660,1466,1466,.,operator,0,68,3
661,1467,1470,push,identifier,0,68,4
662,1471,1471,(,operator,0,68,8
663,1472,1472,a,identifier,0,68,9
664,1473,1473,[,operator,0,68,10
665,1474,1474,0,integer,0,68,11
666,1475,1475,],operator,0,68,12
667,1476,1476,),operator,0,68,13
668,1477,1477,;,operator,0,68,14
669,1479,1481,ans,identifier,0,68,16
670,1482,1482,[,operator,0,68,19
671,1483,1483,a,identifier,0,68,20
672,1484,1484,[,operator,0,68,21
673,1485,1485,0,integer,0,68,22
674,1486,1486,],operator,0,68,23
675,1487,1487,],operator,0,68,24
676,1488,1488,=,operator,0,68,25
677,1489,1489,b,identifier,0,68,26
678,1490,1490,[,operator,0,68,27
679,1491,1491,0,integer,0,68,28
680,1492,1492,],operator,0,68,29
681,1493,1493,;,operator,0,68,30
682,1496,1500,while,keyword,0,69,1
683,1501,1501,(,operator,0,69,6
684,1502,1502,"!",operator,0,69,7
685,1503,1504,qu,identifier,0,69,8
686,1505,1505,.,operator,0,69,10
687,1506,1510,empty,identifier,0,69,11
688,1511,1511,(,operator,0,69,16
689,1512,1512,),operator,0,69,17
690,1513,1513,),operator,0,69,18
691,1514,1514,{,operator,0,69,19
692,1518,1521,auto,keyword,0,70,2
693,1523,1523,p,identifier,0,70,7
694,1524,1524,=,operator,0,70,8
695,1525,1526,qu,identifier,0,70,9
696,1527,1527,.,operator,0,70,11
697,1528,1532,front,identifier,0,70,12
698,1533,1533,(,operator,0,70,17
699,1534,1534,),operator,0,70,18
700,1535,1535,;,operator,0,70,19
701,1537,1538,qu,identifier,0,70,21
702,1539,1539,.,operator,0,70,23
703,1540,1542,pop,identifier,0,70,24
704,1543,1543,(,operator,0,70,27
705,1544,1544,),operator,0,70,28
706,1545,1545,;,operator,0,70,29
707,1549,1550,if,keyword,0,71,2
708,1551,1551,(,operator,0,71,4
709,1552,1555,used,identifier,0,71,5
710,1556,1556,[,operator,0,71,9
711,1557,1557,p,identifier,0,71,10
712,1558,1558,],operator,0,71,11
713,1559,1559,),operator,0,71,12
714,1561,1568,continue,keyword,0,71,14
715,1569,1569,;,operator,0,71,22
716,1571,1574,used,identifier,0,71,24
717,1575,1575,[,operator,0,71,28
718,1576,1576,p,identifier,0,71,29
719,1577,1577,],operator,0,71,30
720,1578,1578,=,operator,0,71,31
721,1579,1582,true,keyword,0,71,32
722,1583,1583,;,operator,0,71,36
723,1590,1592,for,keyword,0,73,2
724,1593,1593,(,operator,0,73,5
725,1594,1597,auto,keyword,0,73,6
726,1599,1599,e,identifier,0,73,11
727,1600,1600,:,operator,0,73,12
728,1601,1601,g,identifier,0,73,13
729,1602,1602,[,operator,0,73,14
730,1603,1603,p,identifier,0,73,15
731,1604,1604,],operator,0,73,16
732,1605,1605,),operator,0,73,17
733,1606,1606,{,operator,0,73,18
734,1611,1612,if,keyword,0,74,3
735,1613,1613,(,operator,0,74,5
736,1614,1615,dp,identifier,0,74,6
737,1616,1616,[,operator,0,74,8
738,1617,1617,e,identifier,0,74,9
739,1618,1618,],operator,0,74,10
740,1619,1619,[,operator,0,74,11
741,1620,1620,0,integer,0,74,12
742,1621,1621,],operator,0,74,13
743,1622,1623,<=,operator,0,74,14
744,1624,1626,ans,identifier,0,74,16
745,1627,1627,[,operator,0,74,19
746,1628,1628,p,identifier,0,74,20
747,1629,1629,],operator,0,74,21
748,1630,1630,+,operator,0,74,22
749,1631,1631,1,integer,0,74,23
750,1632,1633,&&,operator,0,74,24
751,1634,1636,ans,identifier,0,74,26
752,1637,1637,[,operator,0,74,29
753,1638,1638,p,identifier,0,74,30
754,1639,1639,],operator,0,74,31
755,1640,1640,+,operator,0,74,32
756,1641,1641,1,integer,0,74,33
757,1642,1643,<=,operator,0,74,34
758,1644,1645,dp,identifier,0,74,36
759,1646,1646,[,operator,0,74,38
760,1647,1647,e,identifier,0,74,39
761,1648,1648,],operator,0,74,40
762,1649,1649,[,operator,0,74,41
763,1650,1650,1,integer,0,74,42
764,1651,1651,],operator,0,74,43
765,1652,1652,),operator,0,74,44
766,1654,1656,ans,identifier,0,74,46
767,1657,1657,[,operator,0,74,49
768,1658,1658,e,identifier,0,74,50
769,1659,1659,],operator,0,74,51
770,1660,1660,=,operator,0,74,52
771,1661,1663,ans,identifier,0,74,53
772,1664,1664,[,operator,0,74,56
773,1665,1665,p,identifier,0,74,57
774,1666,1666,],operator,0,74,58
775,1667,1667,+,operator,0,74,59
776,1668,1668,1,integer,0,74,60
777,1669,1669,;,operator,0,74,61
778,1674,1677,else,keyword,0,75,3
779,1679,1680,if,keyword,0,75,8
780,1681,1681,(,operator,0,75,10
781,1682,1683,dp,identifier,0,75,11
782,1684,1684,[,operator,0,75,13
783,1685,1685,e,identifier,0,75,14
784,1686,1686,],operator,0,75,15
785,1687,1687,[,operator,0,75,16
786,1688,1688,0,integer,0,75,17
787,1689,1689,],operator,0,75,18
788,1690,1691,<=,operator,0,75,19
789,1692,1694,ans,identifier,0,75,21
790,1695,1695,[,operator,0,75,24
791,1696,1696,p,identifier,0,75,25
792,1697,1697,],operator,0,75,26
793,1698,1698,-,operator,0,75,27
794,1699,1699,1,integer,0,75,28
795,1700,1701,&&,operator,0,75,29
796,1702,1704,ans,identifier,0,75,31
797,1705,1705,[,operator,0,75,34
798,1706,1706,p,identifier,0,75,35
799,1707,1707,],operator,0,75,36
800,1708,1708,-,operator,0,75,37
801,1709,1709,1,integer,0,75,38
802,1710,1711,<=,operator,0,75,39
803,1712,1713,dp,identifier,0,75,41
804,1714,1714,[,operator,0,75,43
805,1715,1715,e,identifier,0,75,44
806,1716,1716,],operator,0,75,45
807,1717,1717,[,operator,0,75,46
808,1718,1718,1,integer,0,75,47
809,1719,1719,],operator,0,75,48
810,1720,1720,),operator,0,75,49
811,1722,1724,ans,identifier,0,75,51
812,1725,1725,[,operator,0,75,54
813,1726,1726,e,identifier,0,75,55
814,1727,1727,],operator,0,75,56
815,1728,1728,=,operator,0,75,57
816,1729,1731,ans,identifier,0,75,58
817,1732,1732,[,operator,0,75,61
818,1733,1733,p,identifier,0,75,62
819,1734,1734,],operator,0,75,63
820,1735,1735,-,operator,0,75,64
821,1736,1736,1,integer,0,75,65
822,1737,1737,;,operator,0,75,66
823,1742,1745,else,keyword,0,76,3
824,1746,1746,{,operator,0,76,7
825,1747,1750,cout,identifier,0,76,8
826,1752,1752,<,operator,0,76,13
827,1753,1753,<,operator,0,76,14
828,1755,1758,"""No""",string,0,76,16
829,1760,1760,<,operator,0,76,21
830,1761,1761,<,operator,0,76,22
831,1763,1766,endl,identifier,0,76,24
832,1767,1767,;,operator,0,76,28
833,1769,1774,return,keyword,0,76,30
834,1776,1776,0,integer,0,76,37
835,1777,1777,;,operator,0,76,38
836,1778,1778,},operator,0,76,39
837,1783,1784,qu,identifier,0,77,3
838,1785,1785,.,operator,0,77,5
839,1786,1789,push,identifier,0,77,6
840,1790,1790,(,operator,0,77,10
841,1791,1791,e,identifier,0,77,11
842,1792,1792,),operator,0,77,12
843,1793,1793,;,operator,0,77,13
844,1797,1797,},operator,0,78,2
845,1800,1800,},operator,0,79,1
846,1805,1808,cout,identifier,0,81,1
847,1810,1810,<,operator,0,81,6
848,1811,1811,<,operator,0,81,7
849,1813,1817,"""Yes""",string,0,81,9
850,1819,1819,<,operator,0,81,15
851,1820,1820,<,operator,0,81,16
852,1822,1825,endl,identifier,0,81,18
853,1826,1826,;,operator,0,81,22
854,1829,1831,REP,identifier,0,82,1
855,1832,1832,(,operator,0,82,4
856,1833,1833,i,identifier,0,82,5
857,1834,1834,",",operator,0,82,6
858,1835,1835,0,integer,0,82,7
859,1836,1836,",",operator,0,82,8
860,1837,1837,n,identifier,0,82,9
861,1838,1838,),operator,0,82,10
862,1840,1843,cout,identifier,0,82,12
863,1845,1845,<,operator,0,82,17
864,1846,1846,<,operator,0,82,18
865,1848,1850,ans,identifier,0,82,20
866,1851,1851,[,operator,0,82,23
867,1852,1852,i,identifier,0,82,24
868,1853,1853,],operator,0,82,25
869,1855,1855,<,operator,0,82,27
870,1856,1856,<,operator,0,82,28
871,1858,1861,endl,identifier,0,82,30
872,1862,1862,;,operator,0,82,34
873,1865,1870,return,keyword,0,83,1
874,1872,1872,0,integer,0,83,8
875,1873,1873,;,operator,0,83,9
876,1875,1875,},operator,0,84,0
877,1877,1876,<EOF>,eof,0,85,0
