seqnr,start,stop,text,class,channel,line,column
0,0,23,"#include <bits/stdc++.h>",directive,1,1,0
1,26,30,using,keyword,0,3,0
2,32,40,namespace,keyword,0,3,6
3,42,44,std,identifier,0,3,16
4,45,45,;,operator,0,3,19
5,48,52,using,keyword,0,5,0
6,54,58,int64,identifier,0,5,6
7,60,60,=,operator,0,5,12
8,62,65,long,keyword,0,5,14
9,67,70,long,keyword,0,5,19
10,71,71,;,operator,0,5,23
11,73,77,const,keyword,0,6,0
12,79,81,int,keyword,0,6,6
13,83,85,mod,identifier,0,6,10
14,87,87,=,operator,0,6,14
15,89,91,1e9,floating,0,6,16
16,93,93,+,operator,0,6,20
17,95,95,7,integer,0,6,22
18,96,96,;,operator,0,6,23
19,98,102,const,keyword,0,7,0
20,104,106,int,keyword,0,7,6
21,108,110,inf,identifier,0,7,10
22,112,112,=,operator,0,7,14
23,114,114,(,operator,0,7,16
24,115,115,1,integer,0,7,17
25,117,117,<,operator,0,7,19
26,118,118,<,operator,0,7,20
27,120,121,30,integer,0,7,22
28,122,122,),operator,0,7,24
29,124,124,-,operator,0,7,26
30,126,126,1,integer,0,7,28
31,127,127,;,operator,0,7,29
32,129,133,const,keyword,0,8,0
33,135,139,int64,identifier,0,8,6
34,141,145,infll,identifier,0,8,12
35,147,147,=,operator,0,8,18
36,149,149,(,operator,0,8,20
37,150,152,1LL,integer,0,8,21
38,154,154,<,operator,0,8,25
39,155,155,<,operator,0,8,26
40,157,158,61,integer,0,8,28
41,159,159,),operator,0,8,30
42,161,161,-,operator,0,8,32
43,163,163,1,integer,0,8,34
44,164,164,;,operator,0,8,35
45,167,172,struct,keyword,0,10,0
46,174,180,IoSetup,identifier,0,10,7
47,182,182,{,operator,0,10,15
48,186,192,IoSetup,identifier,0,11,2
49,193,193,(,operator,0,11,9
50,194,194,),operator,0,11,10
51,196,196,{,operator,0,11,12
52,202,204,cin,identifier,0,12,4
53,205,205,.,operator,0,12,7
54,206,208,tie,identifier,0,12,8
55,209,209,(,operator,0,12,11
56,210,216,nullptr,keyword,0,12,12
57,217,217,),operator,0,12,19
58,218,218,;,operator,0,12,20
59,224,226,ios,identifier,0,13,4
60,227,228,::,operator,0,13,7
61,229,243,sync_with_stdio,identifier,0,13,9
62,244,244,(,operator,0,13,24
63,245,249,false,keyword,0,13,25
64,250,250,),operator,0,13,30
65,251,251,;,operator,0,13,31
66,257,260,cout,identifier,0,14,4
67,262,262,<,operator,0,14,9
68,263,263,<,operator,0,14,10
69,265,269,fixed,identifier,0,14,12
70,271,271,<,operator,0,14,18
71,272,272,<,operator,0,14,19
72,274,285,setprecision,identifier,0,14,21
73,286,286,(,operator,0,14,33
74,287,288,10,integer,0,14,34
75,289,289,),operator,0,14,36
76,290,290,;,operator,0,14,37
77,296,299,cerr,identifier,0,15,4
78,301,301,<,operator,0,15,9
79,302,302,<,operator,0,15,10
80,304,308,fixed,identifier,0,15,12
81,310,310,<,operator,0,15,18
82,311,311,<,operator,0,15,19
83,313,324,setprecision,identifier,0,15,21
84,325,325,(,operator,0,15,33
85,326,327,10,integer,0,15,34
86,328,328,),operator,0,15,36
87,329,329,;,operator,0,15,37
88,333,333,},operator,0,16,2
89,335,335,},operator,0,17,0
90,337,343,iosetup,identifier,0,17,2
91,344,344,;,operator,0,17,9
92,347,354,template,keyword,0,19,0
93,355,355,<,operator,0,19,8
94,357,364,typename,keyword,0,19,10
95,366,366,T,identifier,0,19,19
96,368,368,>,operator,0,19,21
97,370,376,ostream,identifier,0,20,0
98,378,378,&,operator,0,20,8
99,379,386,operator,keyword,0,20,9
100,387,387,<,operator,0,20,17
101,388,388,<,operator,0,20,18
102,389,389,(,operator,0,20,19
103,390,396,ostream,identifier,0,20,20
104,398,398,&,operator,0,20,28
105,399,400,os,identifier,0,20,29
106,401,401,",",operator,0,20,31
107,403,407,const,keyword,0,20,33
108,409,414,vector,identifier,0,20,39
109,415,415,<,operator,0,20,45
110,417,417,T,identifier,0,20,47
111,419,419,>,operator,0,20,49
112,421,421,&,operator,0,20,51
113,422,422,v,identifier,0,20,52
114,423,423,),operator,0,20,53
115,425,425,{,operator,0,20,55
116,429,431,for,keyword,0,21,2
117,432,432,(,operator,0,21,5
118,433,435,int,keyword,0,21,6
119,437,437,i,identifier,0,21,10
120,439,439,=,operator,0,21,12
121,441,441,0,integer,0,21,14
122,442,442,;,operator,0,21,15
123,444,444,i,identifier,0,21,17
124,446,446,<,operator,0,21,19
125,448,448,(,operator,0,21,21
126,449,451,int,keyword,0,21,22
127,452,452,),operator,0,21,25
128,454,454,v,identifier,0,21,27
129,455,455,.,operator,0,21,28
130,456,459,size,identifier,0,21,29
131,460,460,(,operator,0,21,33
132,461,461,),operator,0,21,34
133,462,462,;,operator,0,21,35
134,464,464,i,identifier,0,21,37
135,465,466,++,operator,0,21,38
136,467,467,),operator,0,21,40
137,469,469,{,operator,0,21,42
138,475,476,os,identifier,0,22,4
139,478,478,<,operator,0,22,7
140,479,479,<,operator,0,22,8
141,481,481,v,identifier,0,22,10
142,482,482,[,operator,0,22,11
143,483,483,i,identifier,0,22,12
144,484,484,],operator,0,22,13
145,486,486,<,operator,0,22,15
146,487,487,<,operator,0,22,16
147,489,489,(,operator,0,22,18
148,490,490,i,identifier,0,22,19
149,492,492,+,operator,0,22,21
150,494,494,1,integer,0,22,23
151,496,497,"!=",operator,0,22,25
152,499,499,v,identifier,0,22,28
153,500,500,.,operator,0,22,29
154,501,504,size,identifier,0,22,30
155,505,505,(,operator,0,22,34
156,506,506,),operator,0,22,35
157,508,508,?,operator,0,22,37
158,510,512,""" """,string,0,22,39
159,514,514,:,operator,0,22,43
160,516,517,"""""",string,0,22,45
161,518,518,),operator,0,22,47
162,519,519,;,operator,0,22,48
163,523,523,},operator,0,23,2
164,527,532,return,keyword,0,24,2
165,534,535,os,identifier,0,24,9
166,536,536,;,operator,0,24,11
167,538,538,},operator,0,25,0
168,541,548,template,keyword,0,27,0
169,549,549,<,operator,0,27,8
170,551,558,typename,keyword,0,27,10
171,560,560,T,identifier,0,27,19
172,562,562,>,operator,0,27,21
173,564,570,istream,identifier,0,28,0
174,572,572,&,operator,0,28,8
175,573,580,operator,keyword,0,28,9
176,581,581,>,operator,0,28,17
177,582,582,>,operator,0,28,18
178,583,583,(,operator,0,28,19
179,584,590,istream,identifier,0,28,20
180,592,592,&,operator,0,28,28
181,593,594,is,identifier,0,28,29
182,595,595,",",operator,0,28,31
183,597,602,vector,identifier,0,28,33
184,603,603,<,operator,0,28,39
185,605,605,T,identifier,0,28,41
186,607,607,>,operator,0,28,43
187,609,609,&,operator,0,28,45
188,610,610,v,identifier,0,28,46
189,611,611,),operator,0,28,47
190,613,613,{,operator,0,28,49
191,617,619,for,keyword,0,29,2
192,620,620,(,operator,0,29,5
193,621,621,T,identifier,0,29,6
194,623,623,&,operator,0,29,8
195,624,625,in,identifier,0,29,9
196,627,627,:,operator,0,29,12
197,629,629,v,identifier,0,29,14
198,630,630,),operator,0,29,15
199,632,633,is,identifier,0,29,17
200,635,635,>,operator,0,29,20
201,636,636,>,operator,0,29,21
202,638,639,in,identifier,0,29,23
203,640,640,;,operator,0,29,25
204,644,649,return,keyword,0,30,2
205,651,652,is,identifier,0,30,9
206,653,653,;,operator,0,30,11
207,655,655,},operator,0,31,0
208,658,665,template,keyword,0,33,0
209,666,666,<,operator,0,33,8
210,668,675,typename,keyword,0,33,10
211,677,678,T1,identifier,0,33,19
212,679,679,",",operator,0,33,21
213,681,688,typename,keyword,0,33,23
214,690,691,T2,identifier,0,33,32
215,693,693,>,operator,0,33,35
216,695,700,inline,keyword,0,34,0
217,702,705,bool,keyword,0,34,7
218,707,711,chmax,identifier,0,34,12
219,712,712,(,operator,0,34,17
220,713,714,T1,identifier,0,34,18
221,716,716,&,operator,0,34,21
222,717,717,a,identifier,0,34,22
223,718,718,",",operator,0,34,23
224,720,721,T2,identifier,0,34,25
225,723,723,b,identifier,0,34,28
226,724,724,),operator,0,34,29
227,726,726,{,operator,0,34,31
228,728,733,return,keyword,0,34,33
229,735,735,a,identifier,0,34,40
230,737,737,<,operator,0,34,42
231,739,739,b,identifier,0,34,44
232,741,742,&&,operator,0,34,46
233,744,744,(,operator,0,34,49
234,745,745,a,identifier,0,34,50
235,747,747,=,operator,0,34,52
236,749,749,b,identifier,0,34,54
237,750,750,",",operator,0,34,55
238,752,755,true,keyword,0,34,57
239,756,756,),operator,0,34,61
240,757,757,;,operator,0,34,62
241,759,759,},operator,0,34,64
242,762,769,template,keyword,0,36,0
243,770,770,<,operator,0,36,8
244,772,779,typename,keyword,0,36,10
245,781,782,T1,identifier,0,36,19
246,783,783,",",operator,0,36,21
247,785,792,typename,keyword,0,36,23
248,794,795,T2,identifier,0,36,32
249,797,797,>,operator,0,36,35
250,799,804,inline,keyword,0,37,0
251,806,809,bool,keyword,0,37,7
252,811,815,chmin,identifier,0,37,12
253,816,816,(,operator,0,37,17
254,817,818,T1,identifier,0,37,18
255,820,820,&,operator,0,37,21
256,821,821,a,identifier,0,37,22
257,822,822,",",operator,0,37,23
258,824,825,T2,identifier,0,37,25
259,827,827,b,identifier,0,37,28
260,828,828,),operator,0,37,29
261,830,830,{,operator,0,37,31
262,832,837,return,keyword,0,37,33
263,839,839,a,identifier,0,37,40
264,841,841,>,operator,0,37,42
265,843,843,b,identifier,0,37,44
266,845,846,&&,operator,0,37,46
267,848,848,(,operator,0,37,49
268,849,849,a,identifier,0,37,50
269,851,851,=,operator,0,37,52
270,853,853,b,identifier,0,37,54
271,854,854,",",operator,0,37,55
272,856,859,true,keyword,0,37,57
273,860,860,),operator,0,37,61
274,861,861,;,operator,0,37,62
275,863,863,},operator,0,37,64
276,866,873,template,keyword,0,39,0
277,874,874,<,operator,0,39,8
278,876,883,typename,keyword,0,39,10
279,885,885,T,identifier,0,39,19
280,887,887,=,operator,0,39,21
281,889,893,int64,identifier,0,39,23
282,895,895,>,operator,0,39,29
283,897,902,vector,identifier,0,40,0
284,903,903,<,operator,0,40,6
285,905,905,T,identifier,0,40,8
286,907,907,>,operator,0,40,10
287,909,914,make_v,identifier,0,40,12
288,915,915,(,operator,0,40,18
289,916,921,size_t,identifier,0,40,19
290,923,923,a,identifier,0,40,26
291,924,924,),operator,0,40,27
292,926,926,{,operator,0,40,29
293,930,935,return,keyword,0,41,2
294,937,942,vector,identifier,0,41,9
295,943,943,<,operator,0,41,15
296,945,945,T,identifier,0,41,17
297,947,947,>,operator,0,41,19
298,948,948,(,operator,0,41,20
299,949,949,a,identifier,0,41,21
300,950,950,),operator,0,41,22
301,951,951,;,operator,0,41,23
302,953,953,},operator,0,42,0
303,956,963,template,keyword,0,44,0
304,964,964,<,operator,0,44,8
305,966,973,typename,keyword,0,44,10
306,975,975,T,identifier,0,44,19
307,976,976,",",operator,0,44,20
308,978,985,typename,keyword,0,44,22
309,986,988,...,operator,0,44,30
310,990,991,Ts,identifier,0,44,34
311,993,993,>,operator,0,44,37
312,995,998,auto,keyword,0,45,0
313,1000,1005,make_v,identifier,0,45,5
314,1006,1006,(,operator,0,45,11
315,1007,1012,size_t,identifier,0,45,12
316,1014,1014,a,identifier,0,45,19
317,1015,1015,",",operator,0,45,20
318,1017,1018,Ts,identifier,0,45,22
319,1019,1021,...,operator,0,45,24
320,1023,1024,ts,identifier,0,45,28
321,1025,1025,),operator,0,45,30
322,1027,1027,{,operator,0,45,32
323,1031,1036,return,keyword,0,46,2
324,1038,1043,vector,identifier,0,46,9
325,1044,1044,<,operator,0,46,15
326,1046,1053,decltype,keyword,0,46,17
327,1054,1054,(,operator,0,46,25
328,1055,1060,make_v,identifier,0,46,26
329,1061,1061,<,operator,0,46,32
330,1063,1063,T,identifier,0,46,34
331,1065,1065,>,operator,0,46,36
332,1066,1066,(,operator,0,46,37
333,1067,1068,ts,identifier,0,46,38
334,1069,1071,...,operator,0,46,40
335,1072,1072,),operator,0,46,43
336,1073,1073,),operator,0,46,44
337,1075,1075,>,operator,0,46,46
338,1076,1076,(,operator,0,46,47
339,1077,1077,a,identifier,0,46,48
340,1078,1078,",",operator,0,46,49
341,1080,1085,make_v,identifier,0,46,51
342,1086,1086,<,operator,0,46,57
343,1088,1088,T,identifier,0,46,59
344,1090,1090,>,operator,0,46,61
345,1091,1091,(,operator,0,46,62
346,1092,1093,ts,identifier,0,46,63
347,1094,1096,...,operator,0,46,65
348,1097,1097,),operator,0,46,68
349,1098,1098,),operator,0,46,69
350,1099,1099,;,operator,0,46,70
351,1101,1101,},operator,0,47,0
352,1104,1111,template,keyword,0,49,0
353,1112,1112,<,operator,0,49,8
354,1114,1121,typename,keyword,0,49,10
355,1123,1123,T,identifier,0,49,19
356,1124,1124,",",operator,0,49,20
357,1126,1133,typename,keyword,0,49,22
358,1135,1135,V,identifier,0,49,31
359,1137,1137,>,operator,0,49,33
360,1139,1146,typename,keyword,0,50,0
361,1148,1156,enable_if,identifier,0,50,9
362,1157,1157,<,operator,0,50,18
363,1159,1166,is_class,identifier,0,50,20
364,1167,1167,<,operator,0,50,28
365,1169,1169,T,identifier,0,50,30
366,1171,1171,>,operator,0,50,32
367,1172,1173,::,operator,0,50,33
368,1174,1178,value,identifier,0,50,35
369,1180,1181,==,operator,0,50,41
370,1183,1183,0,integer,0,50,44
371,1185,1185,>,operator,0,50,46
372,1186,1187,::,operator,0,50,47
373,1188,1191,type,identifier,0,50,49
374,1193,1198,fill_v,identifier,0,50,54
375,1199,1199,(,operator,0,50,60
376,1200,1200,T,identifier,0,50,61
377,1202,1202,&,operator,0,50,63
378,1203,1203,t,identifier,0,50,64
379,1204,1204,",",operator,0,50,65
380,1206,1210,const,keyword,0,50,67
381,1212,1212,V,identifier,0,50,73
382,1214,1214,&,operator,0,50,75
383,1215,1215,v,identifier,0,50,76
384,1216,1216,),operator,0,50,77
385,1218,1218,{,operator,0,50,79
386,1222,1222,t,identifier,0,51,2
387,1224,1224,=,operator,0,51,4
388,1226,1226,v,identifier,0,51,6
389,1227,1227,;,operator,0,51,7
390,1229,1229,},operator,0,52,0
391,1232,1239,template,keyword,0,54,0
392,1240,1240,<,operator,0,54,8
393,1242,1249,typename,keyword,0,54,10
394,1251,1251,T,identifier,0,54,19
395,1252,1252,",",operator,0,54,20
396,1254,1261,typename,keyword,0,54,22
397,1263,1263,V,identifier,0,54,31
398,1265,1265,>,operator,0,54,33
399,1267,1274,typename,keyword,0,55,0
400,1276,1284,enable_if,identifier,0,55,9
401,1285,1285,<,operator,0,55,18
402,1287,1294,is_class,identifier,0,55,20
403,1295,1295,<,operator,0,55,28
404,1297,1297,T,identifier,0,55,30
405,1299,1299,>,operator,0,55,32
406,1300,1301,::,operator,0,55,33
407,1302,1306,value,identifier,0,55,35
408,1308,1309,"!=",operator,0,55,41
409,1311,1311,0,integer,0,55,44
410,1313,1313,>,operator,0,55,46
411,1314,1315,::,operator,0,55,47
412,1316,1319,type,identifier,0,55,49
413,1321,1326,fill_v,identifier,0,55,54
414,1327,1327,(,operator,0,55,60
415,1328,1328,T,identifier,0,55,61
416,1330,1330,&,operator,0,55,63
417,1331,1331,t,identifier,0,55,64
418,1332,1332,",",operator,0,55,65
419,1334,1338,const,keyword,0,55,67
420,1340,1340,V,identifier,0,55,73
421,1342,1342,&,operator,0,55,75
422,1343,1343,v,identifier,0,55,76
423,1344,1344,),operator,0,55,77
424,1346,1346,{,operator,0,55,79
425,1350,1352,for,keyword,0,56,2
426,1353,1353,(,operator,0,56,5
427,1354,1357,auto,keyword,0,56,6
428,1359,1359,&,operator,0,56,11
429,1360,1360,e,identifier,0,56,12
430,1362,1362,:,operator,0,56,14
431,1364,1364,t,identifier,0,56,16
432,1365,1365,),operator,0,56,17
433,1367,1372,fill_v,identifier,0,56,19
434,1373,1373,(,operator,0,56,25
435,1374,1374,e,identifier,0,56,26
436,1375,1375,",",operator,0,56,27
437,1377,1377,v,identifier,0,56,29
438,1378,1378,),operator,0,56,30
439,1379,1379,;,operator,0,56,31
440,1381,1381,},operator,0,57,0
441,1384,1391,template,keyword,0,59,0
442,1392,1392,<,operator,0,59,8
443,1394,1401,typename,keyword,0,59,10
444,1403,1403,T,identifier,0,59,19
445,1405,1405,>,operator,0,59,21
446,1407,1412,struct,keyword,0,60,0
447,1414,1417,edge,identifier,0,60,7
448,1419,1419,{,operator,0,60,12
449,1423,1425,int,keyword,0,61,2
450,1427,1429,src,identifier,0,61,6
451,1430,1430,",",operator,0,61,9
452,1432,1433,to,identifier,0,61,11
453,1434,1434,;,operator,0,61,13
454,1438,1438,T,identifier,0,62,2
455,1440,1443,cost,identifier,0,62,4
456,1444,1444,;,operator,0,62,8
457,1449,1452,edge,identifier,0,64,2
458,1453,1453,(,operator,0,64,6
459,1454,1456,int,keyword,0,64,7
460,1458,1459,to,identifier,0,64,11
461,1460,1460,",",operator,0,64,13
462,1462,1462,T,identifier,0,64,15
463,1464,1467,cost,identifier,0,64,17
464,1468,1468,),operator,0,64,21
465,1470,1470,:,operator,0,64,23
466,1472,1474,src,identifier,0,64,25
467,1475,1475,(,operator,0,64,28
468,1476,1476,-,operator,0,64,29
469,1477,1477,1,integer,0,64,30
470,1478,1478,),operator,0,64,31
471,1479,1479,",",operator,0,64,32
472,1481,1482,to,identifier,0,64,34
473,1483,1483,(,operator,0,64,36
474,1484,1485,to,identifier,0,64,37
475,1486,1486,),operator,0,64,39
476,1487,1487,",",operator,0,64,40
477,1489,1492,cost,identifier,0,64,42
478,1493,1493,(,operator,0,64,46
479,1494,1497,cost,identifier,0,64,47
480,1498,1498,),operator,0,64,51
481,1500,1500,{,operator,0,64,53
482,1501,1501,},operator,0,64,54
483,1506,1509,edge,identifier,0,66,2
484,1510,1510,(,operator,0,66,6
485,1511,1513,int,keyword,0,66,7
486,1515,1517,src,identifier,0,66,11
487,1518,1518,",",operator,0,66,14
488,1520,1522,int,keyword,0,66,16
489,1524,1525,to,identifier,0,66,20
490,1526,1526,",",operator,0,66,22
491,1528,1528,T,identifier,0,66,24
492,1530,1533,cost,identifier,0,66,26
493,1534,1534,),operator,0,66,30
494,1536,1536,:,operator,0,66,32
495,1538,1540,src,identifier,0,66,34
496,1541,1541,(,operator,0,66,37
497,1542,1544,src,identifier,0,66,38
498,1545,1545,),operator,0,66,41
499,1546,1546,",",operator,0,66,42
500,1548,1549,to,identifier,0,66,44
501,1550,1550,(,operator,0,66,46
502,1551,1552,to,identifier,0,66,47
503,1553,1553,),operator,0,66,49
504,1554,1554,",",operator,0,66,50
505,1556,1559,cost,identifier,0,66,52
506,1560,1560,(,operator,0,66,56
507,1561,1564,cost,identifier,0,66,57
508,1565,1565,),operator,0,66,61
509,1567,1567,{,operator,0,66,63
510,1568,1568,},operator,0,66,64
511,1573,1576,edge,identifier,0,68,2
512,1578,1578,&,operator,0,68,7
513,1579,1586,operator,keyword,0,68,8
514,1587,1587,=,operator,0,68,16
515,1588,1588,(,operator,0,68,17
516,1589,1593,const,keyword,0,68,18
517,1595,1597,int,keyword,0,68,24
518,1599,1599,&,operator,0,68,28
519,1600,1600,x,identifier,0,68,29
520,1601,1601,),operator,0,68,30
521,1603,1603,{,operator,0,68,32
522,1609,1610,to,identifier,0,69,4
523,1612,1612,=,operator,0,69,7
524,1614,1614,x,identifier,0,69,9
525,1615,1615,;,operator,0,69,10
526,1621,1626,return,keyword,0,70,4
527,1628,1628,*,operator,0,70,11
528,1629,1632,this,keyword,0,70,12
529,1633,1633,;,operator,0,70,16
530,1637,1637,},operator,0,71,2
531,1642,1649,operator,keyword,0,73,2
532,1651,1653,int,keyword,0,73,11
533,1654,1654,(,operator,0,73,14
534,1655,1655,),operator,0,73,15
535,1657,1661,const,keyword,0,73,17
536,1663,1663,{,operator,0,73,23
537,1665,1670,return,keyword,0,73,25
538,1672,1673,to,identifier,0,73,32
539,1674,1674,;,operator,0,73,34
540,1676,1676,},operator,0,73,36
541,1678,1678,},operator,0,74,0
542,1679,1679,;,operator,0,74,1
543,1682,1689,template,keyword,0,76,0
544,1690,1690,<,operator,0,76,8
545,1692,1699,typename,keyword,0,76,10
546,1701,1701,T,identifier,0,76,19
547,1703,1703,>,operator,0,76,21
548,1705,1709,using,keyword,0,77,0
549,1711,1715,Edges,identifier,0,77,6
550,1717,1717,=,operator,0,77,12
551,1719,1724,vector,identifier,0,77,14
552,1725,1725,<,operator,0,77,20
553,1727,1730,edge,identifier,0,77,22
554,1731,1731,<,operator,0,77,26
555,1733,1733,T,identifier,0,77,28
556,1735,1735,>,operator,0,77,30
557,1737,1737,>,operator,0,77,32
558,1738,1738,;,operator,0,77,33
559,1740,1747,template,keyword,0,78,0
560,1748,1748,<,operator,0,78,8
561,1750,1757,typename,keyword,0,78,10
562,1759,1759,T,identifier,0,78,19
563,1761,1761,>,operator,0,78,21
564,1763,1767,using,keyword,0,79,0
565,1769,1781,WeightedGraph,identifier,0,79,6
566,1783,1783,=,operator,0,79,20
567,1785,1790,vector,identifier,0,79,22
568,1791,1791,<,operator,0,79,28
569,1793,1797,Edges,identifier,0,79,30
570,1798,1798,<,operator,0,79,35
571,1800,1800,T,identifier,0,79,37
572,1802,1802,>,operator,0,79,39
573,1804,1804,>,operator,0,79,41
574,1805,1805,;,operator,0,79,42
575,1807,1811,using,keyword,0,80,0
576,1813,1827,UnWeightedGraph,identifier,0,80,6
577,1829,1829,=,operator,0,80,22
578,1831,1836,vector,identifier,0,80,24
579,1837,1837,<,operator,0,80,30
580,1839,1844,vector,identifier,0,80,32
581,1845,1845,<,operator,0,80,38
582,1847,1849,int,keyword,0,80,40
583,1851,1851,>,operator,0,80,44
584,1853,1853,>,operator,0,80,46
585,1854,1854,;,operator,0,80,47
586,1856,1863,template,keyword,0,81,0
587,1864,1864,<,operator,0,81,8
588,1866,1873,typename,keyword,0,81,10
589,1875,1875,T,identifier,0,81,19
590,1877,1877,>,operator,0,81,21
591,1879,1883,using,keyword,0,82,0
592,1885,1890,Matrix,identifier,0,82,6
593,1892,1892,=,operator,0,82,13
594,1894,1899,vector,identifier,0,82,15
595,1900,1900,<,operator,0,82,21
596,1902,1907,vector,identifier,0,82,23
597,1908,1908,<,operator,0,82,29
598,1910,1910,T,identifier,0,82,31
599,1912,1912,>,operator,0,82,33
600,1914,1914,>,operator,0,82,35
601,1915,1915,;,operator,0,82,36
602,1918,1920,int,keyword,0,84,0
603,1922,1925,main,identifier,0,84,4
604,1926,1926,(,operator,0,84,8
605,1927,1927,),operator,0,84,9
606,1929,1929,{,operator,0,84,11
607,1933,1935,int,keyword,0,85,2
608,1937,1937,N,identifier,0,85,6
609,1938,1938,",",operator,0,85,7
610,1940,1940,K,identifier,0,85,9
611,1941,1941,;,operator,0,85,10
612,1945,1947,cin,identifier,0,86,2
613,1949,1949,>,operator,0,86,6
614,1950,1950,>,operator,0,86,7
615,1952,1952,N,identifier,0,86,9
616,1953,1953,;,operator,0,86,10
617,1957,1971,UnWeightedGraph,identifier,0,87,2
618,1973,1973,g,identifier,0,87,18
619,1974,1974,(,operator,0,87,19
620,1975,1975,N,identifier,0,87,20
621,1976,1976,),operator,0,87,21
622,1977,1977,;,operator,0,87,22
623,1981,1983,for,keyword,0,88,2
624,1984,1984,(,operator,0,88,5
625,1985,1987,int,keyword,0,88,6
626,1989,1989,i,identifier,0,88,10
627,1991,1991,=,operator,0,88,12
628,1993,1993,1,integer,0,88,14
629,1994,1994,;,operator,0,88,15
630,1996,1996,i,identifier,0,88,17
631,1998,1998,<,operator,0,88,19
632,2000,2000,N,identifier,0,88,21
633,2001,2001,;,operator,0,88,22
634,2003,2003,i,identifier,0,88,24
635,2004,2005,++,operator,0,88,25
636,2006,2006,),operator,0,88,27
637,2008,2008,{,operator,0,88,29
638,2014,2016,int,keyword,0,89,4
639,2018,2018,x,identifier,0,89,8
640,2019,2019,",",operator,0,89,9
641,2021,2021,y,identifier,0,89,11
642,2022,2022,;,operator,0,89,12
643,2028,2030,cin,identifier,0,90,4
644,2032,2032,>,operator,0,90,8
645,2033,2033,>,operator,0,90,9
646,2035,2035,x,identifier,0,90,11
647,2037,2037,>,operator,0,90,13
648,2038,2038,>,operator,0,90,14
649,2040,2040,y,identifier,0,90,16
650,2041,2041,;,operator,0,90,17
651,2047,2048,--,operator,0,91,4
652,2049,2049,x,identifier,0,91,6
653,2050,2050,",",operator,0,91,7
654,2052,2053,--,operator,0,91,9
655,2054,2054,y,identifier,0,91,11
656,2055,2055,;,operator,0,91,12
657,2061,2061,g,identifier,0,92,4
658,2062,2062,[,operator,0,92,5
659,2063,2063,x,identifier,0,92,6
660,2064,2064,],operator,0,92,7
661,2065,2065,.,operator,0,92,8
662,2066,2077,emplace_back,identifier,0,92,9
663,2078,2078,(,operator,0,92,21
664,2079,2079,y,identifier,0,92,22
665,2080,2080,),operator,0,92,23
666,2081,2081,;,operator,0,92,24
667,2087,2087,g,identifier,0,93,4
668,2088,2088,[,operator,0,93,5
669,2089,2089,y,identifier,0,93,6
670,2090,2090,],operator,0,93,7
671,2091,2091,.,operator,0,93,8
672,2092,2103,emplace_back,identifier,0,93,9
673,2104,2104,(,operator,0,93,21
674,2105,2105,x,identifier,0,93,22
675,2106,2106,),operator,0,93,23
676,2107,2107,;,operator,0,93,24
677,2111,2111,},operator,0,94,2
678,2115,2117,cin,identifier,0,95,2
679,2119,2119,>,operator,0,95,6
680,2120,2120,>,operator,0,95,7
681,2122,2122,K,identifier,0,95,9
682,2123,2123,;,operator,0,95,10
683,2127,2132,vector,identifier,0,96,2
684,2133,2133,<,operator,0,96,8
685,2135,2137,int,keyword,0,96,10
686,2139,2139,>,operator,0,96,14
687,2141,2141,A,identifier,0,96,16
688,2142,2142,(,operator,0,96,17
689,2143,2143,N,identifier,0,96,18
690,2144,2144,",",operator,0,96,19
691,2146,2148,inf,identifier,0,96,21
692,2149,2149,),operator,0,96,24
693,2150,2150,;,operator,0,96,25
694,2154,2167,priority_queue,identifier,0,97,2
695,2168,2168,<,operator,0,97,16
696,2170,2173,pair,identifier,0,97,18
697,2174,2174,<,operator,0,97,22
698,2176,2178,int,keyword,0,97,24
699,2179,2179,",",operator,0,97,27
700,2181,2183,int,keyword,0,97,29
701,2185,2185,>,operator,0,97,33
702,2187,2187,>,operator,0,97,35
703,2189,2191,que,identifier,0,97,37
704,2192,2192,;,operator,0,97,40
705,2196,2198,for,keyword,0,98,2
706,2199,2199,(,operator,0,98,5
707,2200,2202,int,keyword,0,98,6
708,2204,2204,i,identifier,0,98,10
709,2206,2206,=,operator,0,98,12
710,2208,2208,0,integer,0,98,14
711,2209,2209,;,operator,0,98,15
712,2211,2211,i,identifier,0,98,17
713,2213,2213,<,operator,0,98,19
714,2215,2215,K,identifier,0,98,21
715,2216,2216,;,operator,0,98,22
716,2218,2218,i,identifier,0,98,24
717,2219,2220,++,operator,0,98,25
718,2221,2221,),operator,0,98,27
719,2223,2223,{,operator,0,98,29
720,2229,2231,int,keyword,0,99,4
721,2233,2233,v,identifier,0,99,8
722,2234,2234,",",operator,0,99,9
723,2236,2236,k,identifier,0,99,11
724,2237,2237,;,operator,0,99,12
725,2243,2245,cin,identifier,0,100,4
726,2247,2247,>,operator,0,100,8
727,2248,2248,>,operator,0,100,9
728,2250,2250,v,identifier,0,100,11
729,2252,2252,>,operator,0,100,13
730,2253,2253,>,operator,0,100,14
731,2255,2255,k,identifier,0,100,16
732,2256,2256,;,operator,0,100,17
733,2262,2263,--,operator,0,101,4
734,2264,2264,v,identifier,0,101,6
735,2265,2265,;,operator,0,101,7
736,2271,2271,A,identifier,0,102,4
737,2272,2272,[,operator,0,102,5
738,2273,2273,v,identifier,0,102,6
739,2274,2274,],operator,0,102,7
740,2276,2276,=,operator,0,102,9
741,2278,2278,k,identifier,0,102,11
742,2279,2279,;,operator,0,102,12
743,2285,2287,que,identifier,0,103,4
744,2288,2288,.,operator,0,103,7
745,2289,2295,emplace,identifier,0,103,8
746,2296,2296,(,operator,0,103,15
747,2297,2297,k,identifier,0,103,16
748,2298,2298,",",operator,0,103,17
749,2300,2300,v,identifier,0,103,19
750,2301,2301,),operator,0,103,20
751,2302,2302,;,operator,0,103,21
752,2306,2306,},operator,0,104,2
753,2310,2314,while,keyword,0,105,2
754,2315,2315,(,operator,0,105,7
755,2316,2318,que,identifier,0,105,8
756,2319,2319,.,operator,0,105,11
757,2320,2323,size,identifier,0,105,12
758,2324,2324,(,operator,0,105,16
759,2325,2325,),operator,0,105,17
760,2326,2326,),operator,0,105,18
761,2328,2328,{,operator,0,105,20
762,2334,2337,auto,keyword,0,106,4
763,2339,2339,p,identifier,0,106,9
764,2341,2341,=,operator,0,106,11
765,2343,2345,que,identifier,0,106,13
766,2346,2346,.,operator,0,106,16
767,2347,2349,top,identifier,0,106,17
768,2350,2350,(,operator,0,106,20
769,2351,2351,),operator,0,106,21
770,2352,2352,;,operator,0,106,22
771,2358,2360,que,identifier,0,107,4
772,2361,2361,.,operator,0,107,7
773,2362,2364,pop,identifier,0,107,8
774,2365,2365,(,operator,0,107,11
775,2366,2366,),operator,0,107,12
776,2367,2367,;,operator,0,107,13
777,2373,2375,for,keyword,0,108,4
778,2376,2376,(,operator,0,108,7
779,2377,2380,auto,keyword,0,108,8
780,2382,2383,to,identifier,0,108,13
781,2385,2385,:,operator,0,108,16
782,2387,2387,g,identifier,0,108,18
783,2388,2388,[,operator,0,108,19
784,2389,2389,p,identifier,0,108,20
785,2390,2390,.,operator,0,108,21
786,2391,2396,second,identifier,0,108,22
787,2397,2397,],operator,0,108,28
788,2398,2398,),operator,0,108,29
789,2400,2400,{,operator,0,108,31
790,2408,2409,if,keyword,0,109,6
791,2410,2410,(,operator,0,109,8
792,2411,2411,A,identifier,0,109,9
793,2412,2412,[,operator,0,109,10
794,2413,2414,to,identifier,0,109,11
795,2415,2415,],operator,0,109,13
796,2417,2418,==,operator,0,109,15
797,2420,2422,inf,identifier,0,109,18
798,2423,2423,),operator,0,109,21
799,2425,2425,{,operator,0,109,23
800,2435,2435,A,identifier,0,110,8
801,2436,2436,[,operator,0,110,9
802,2437,2438,to,identifier,0,110,10
803,2439,2439,],operator,0,110,12
804,2441,2441,=,operator,0,110,14
805,2443,2443,A,identifier,0,110,16
806,2444,2444,[,operator,0,110,17
807,2445,2445,p,identifier,0,110,18
808,2446,2446,.,operator,0,110,19
809,2447,2452,second,identifier,0,110,20
810,2453,2453,],operator,0,110,26
811,2455,2455,-,operator,0,110,28
812,2457,2457,1,integer,0,110,30
813,2458,2458,;,operator,0,110,31
814,2468,2470,que,identifier,0,111,8
815,2471,2471,.,operator,0,111,11
816,2472,2478,emplace,identifier,0,111,12
817,2479,2479,(,operator,0,111,19
818,2480,2480,A,identifier,0,111,20
819,2481,2481,[,operator,0,111,21
820,2482,2483,to,identifier,0,111,22
821,2484,2484,],operator,0,111,24
822,2485,2485,",",operator,0,111,25
823,2487,2488,to,identifier,0,111,27
824,2489,2489,),operator,0,111,29
825,2490,2490,;,operator,0,111,30
826,2498,2498,},operator,0,112,6
827,2500,2503,else,keyword,0,112,8
828,2505,2506,if,keyword,0,112,13
829,2507,2507,(,operator,0,112,15
830,2508,2510,abs,identifier,0,112,16
831,2511,2511,(,operator,0,112,19
832,2512,2512,A,identifier,0,112,20
833,2513,2513,[,operator,0,112,21
834,2514,2515,to,identifier,0,112,22
835,2516,2516,],operator,0,112,24
836,2518,2518,-,operator,0,112,26
837,2520,2520,A,identifier,0,112,28
838,2521,2521,[,operator,0,112,29
839,2522,2522,p,identifier,0,112,30
840,2523,2523,.,operator,0,112,31
841,2524,2529,second,identifier,0,112,32
842,2530,2530,],operator,0,112,38
843,2531,2531,),operator,0,112,39
844,2533,2534,"!=",operator,0,112,41
845,2536,2536,1,integer,0,112,44
846,2537,2537,),operator,0,112,45
847,2539,2539,{,operator,0,112,47
848,2549,2552,cout,identifier,0,113,8
849,2554,2554,<,operator,0,113,13
850,2555,2555,<,operator,0,113,14
851,2557,2560,"""No""",string,0,113,16
852,2562,2562,<,operator,0,113,21
853,2563,2563,<,operator,0,113,22
854,2565,2568,endl,identifier,0,113,24
855,2569,2569,;,operator,0,113,28
856,2579,2584,return,keyword,0,114,8
857,2586,2586,0,integer,0,114,15
858,2587,2587,;,operator,0,114,16
859,2595,2595,},operator,0,115,6
860,2601,2601,},operator,0,116,4
861,2605,2605,},operator,0,117,2
862,2609,2612,cout,identifier,0,118,2
863,2614,2614,<,operator,0,118,7
864,2615,2615,<,operator,0,118,8
865,2617,2621,"""Yes""",string,0,118,10
866,2623,2623,<,operator,0,118,16
867,2624,2624,<,operator,0,118,17
868,2626,2629,endl,identifier,0,118,19
869,2630,2630,;,operator,0,118,23
870,2634,2636,for,keyword,0,119,2
871,2637,2637,(,operator,0,119,5
872,2638,2641,auto,keyword,0,119,6
873,2643,2643,&,operator,0,119,11
874,2644,2644,p,identifier,0,119,12
875,2646,2646,:,operator,0,119,14
876,2648,2648,A,identifier,0,119,16
877,2649,2649,),operator,0,119,17
878,2651,2654,cout,identifier,0,119,19
879,2656,2656,<,operator,0,119,24
880,2657,2657,<,operator,0,119,25
881,2659,2659,p,identifier,0,119,27
882,2661,2661,<,operator,0,119,29
883,2662,2662,<,operator,0,119,30
884,2664,2667,endl,identifier,0,119,32
885,2668,2668,;,operator,0,119,36
886,2671,2671,},operator,0,121,0
887,2673,2672,<EOF>,eof,0,122,0
