seqnr,start,stop,text,class,channel,line,column
0,0,22,"#include<bits/stdc++.h>",directive,1,1,0
1,25,29,using,keyword,0,3,0
2,31,39,namespace,keyword,0,3,6
3,41,43,std,identifier,0,3,16
4,44,44,;,operator,0,3,19
5,46,91,"#define REPP(i,a,b,c) for(int i=a; i<=b; i+=c)",directive,1,4,0
6,93,124,"#define REP(i,a,b) REPP(i,a,b,1)",directive,1,5,0
7,126,171,"#define REVV(i,a,b,c) for(int i=a; i>=b; i-=c)",directive,1,6,0
8,173,204,"#define REV(i,a,b) REVV(i,a,b,1)",directive,1,7,0
9,206,239,"#define FOR(i,a) REP(i,0,(int)a-1)",directive,1,8,0
10,241,275,"#define FORD(i,a) REV(i,(int)a-1,0)",directive,1,9,0
11,277,296,"#define PB push_back",directive,1,10,0
12,298,317,"#define POB pop_back",directive,1,11,0
13,319,338,"#define MP make_pair",directive,1,12,0
14,340,355,"#define FI first",directive,1,13,0
15,357,373,"#define SE second",directive,1,14,0
16,375,381,typedef,keyword,0,15,0
17,383,386,long,keyword,0,15,8
18,388,391,long,keyword,0,15,13
19,393,394,ll,identifier,0,15,18
20,395,395,;,operator,0,15,20
21,397,403,typedef,keyword,0,16,0
22,405,412,unsigned,keyword,0,16,8
23,414,417,long,keyword,0,16,17
24,419,422,long,keyword,0,16,22
25,424,426,ull,identifier,0,16,27
26,427,427,;,operator,0,16,30
27,429,435,typedef,keyword,0,17,0
28,437,440,pair,identifier,0,17,8
29,442,442,<,operator,0,17,13
30,444,446,int,keyword,0,17,15
31,448,448,",",operator,0,17,19
32,450,452,int,keyword,0,17,21
33,454,454,>,operator,0,17,25
34,456,458,pii,identifier,0,17,27
35,459,459,;,operator,0,17,30
36,461,467,typedef,keyword,0,18,0
37,469,474,vector,identifier,0,18,8
38,476,476,<,operator,0,18,15
39,478,480,int,keyword,0,18,17
40,482,482,>,operator,0,18,21
41,484,485,vi,identifier,0,18,23
42,486,486,;,operator,0,18,25
43,488,494,typedef,keyword,0,19,0
44,496,501,vector,identifier,0,19,8
45,503,503,<,operator,0,19,15
46,505,507,pii,identifier,0,19,17
47,509,509,>,operator,0,19,21
48,511,513,vii,identifier,0,19,23
49,514,514,;,operator,0,19,26
50,516,522,typedef,keyword,0,20,0
51,524,529,vector,identifier,0,20,8
52,531,531,<,operator,0,20,15
53,533,534,ll,identifier,0,20,17
54,536,536,>,operator,0,20,20
55,538,539,vl,identifier,0,20,22
56,540,540,;,operator,0,20,24
57,543,547,const,keyword,0,22,0
58,549,554,double,keyword,0,22,6
59,556,558,EPS,identifier,0,22,13
60,560,560,=,operator,0,22,17
61,562,565,1e-9,floating,0,22,19
62,566,566,;,operator,0,22,23
63,568,572,const,keyword,0,23,0
64,574,579,double,keyword,0,23,6
65,581,582,PI,identifier,0,23,13
66,584,584,=,operator,0,23,16
67,586,589,acos,identifier,0,23,18
68,590,590,(,operator,0,23,22
69,591,591,-,operator,0,23,23
70,592,592,1,integer,0,23,24
71,593,593,),operator,0,23,25
72,594,594,;,operator,0,23,26
73,596,600,const,keyword,0,24,0
74,602,604,int,keyword,0,24,6
75,606,608,INF,identifier,0,24,10
76,610,610,=,operator,0,24,14
77,612,614,1e9,floating,0,24,16
78,615,615,;,operator,0,24,19
79,617,621,const,keyword,0,25,0
80,623,624,ll,identifier,0,25,6
81,626,628,MOD,identifier,0,25,9
82,630,630,=,operator,0,25,13
83,632,634,1e9,floating,0,25,15
84,636,636,+,operator,0,25,19
85,638,638,7,integer,0,25,21
86,639,639,;,operator,0,25,22
87,642,643,ll,identifier,0,27,0
88,645,650,addMod,identifier,0,27,3
89,651,651,(,operator,0,27,9
90,652,653,ll,identifier,0,27,10
91,655,655,a,identifier,0,27,13
92,656,656,",",operator,0,27,14
93,658,659,ll,identifier,0,27,16
94,661,661,b,identifier,0,27,19
95,662,662,),operator,0,27,20
96,663,663,{,operator,0,27,21
97,666,671,return,keyword,0,28,1
98,673,673,(,operator,0,28,8
99,674,674,a,identifier,0,28,9
100,675,675,+,operator,0,28,10
101,676,676,b,identifier,0,28,11
102,677,677,),operator,0,28,12
103,679,679,%,operator,0,28,14
104,681,683,MOD,identifier,0,28,16
105,684,684,;,operator,0,28,19
106,686,686,},operator,0,29,0
107,689,690,ll,identifier,0,31,0
108,692,697,mulMod,identifier,0,31,3
109,698,698,(,operator,0,31,9
110,699,700,ll,identifier,0,31,10
111,702,702,a,identifier,0,31,13
112,703,703,",",operator,0,31,14
113,705,706,ll,identifier,0,31,16
114,708,708,b,identifier,0,31,19
115,709,709,),operator,0,31,20
116,710,710,{,operator,0,31,21
117,713,718,return,keyword,0,32,1
118,720,720,(,operator,0,32,8
119,721,721,a,identifier,0,32,9
120,722,722,*,operator,0,32,10
121,723,723,b,identifier,0,32,11
122,724,724,),operator,0,32,12
123,726,726,%,operator,0,32,14
124,728,730,MOD,identifier,0,32,16
125,731,731,;,operator,0,32,19
126,733,733,},operator,0,33,0
127,795,799,const,keyword,0,37,0
128,801,803,int,keyword,0,37,6
129,805,805,N,identifier,0,37,10
130,807,807,=,operator,0,37,12
131,809,811,1e5,floating,0,37,14
132,812,812,;,operator,0,37,17
133,816,818,int,keyword,0,40,0
134,820,820,n,identifier,0,40,4
135,821,821,;,operator,0,40,5
136,823,824,ll,identifier,0,41,0
137,826,828,val,identifier,0,41,3
138,829,829,[,operator,0,41,6
139,830,830,N,identifier,0,41,7
140,832,832,+,operator,0,41,9
141,834,834,5,integer,0,41,11
142,835,835,],operator,0,41,12
143,836,836,;,operator,0,41,13
144,838,839,vi,identifier,0,42,0
145,841,841,G,identifier,0,42,3
146,842,842,[,operator,0,42,4
147,843,843,N,identifier,0,42,5
148,845,845,+,operator,0,42,7
149,847,847,5,integer,0,42,9
150,848,848,],operator,0,42,10
151,849,849,;,operator,0,42,11
152,851,853,int,keyword,0,43,0
153,855,858,root,identifier,0,43,4
154,859,859,;,operator,0,43,8
155,862,865,bool,keyword,0,45,0
156,867,871,solve,identifier,0,45,5
157,872,872,(,operator,0,45,10
158,873,875,int,keyword,0,45,11
159,877,879,now,identifier,0,45,15
160,880,880,",",operator,0,45,18
161,882,884,int,keyword,0,45,20
162,886,888,par,identifier,0,45,24
163,889,889,),operator,0,45,27
164,890,890,{,operator,0,45,28
165,895,898,bool,keyword,0,47,1
166,900,902,ret,identifier,0,47,6
167,904,904,=,operator,0,47,10
168,906,909,true,keyword,0,47,12
169,910,910,;,operator,0,47,16
170,913,915,FOR,identifier,0,48,1
171,916,916,(,operator,0,48,4
172,917,917,i,identifier,0,48,5
173,918,918,",",operator,0,48,6
174,919,919,G,identifier,0,48,7
175,920,920,[,operator,0,48,8
176,921,923,now,identifier,0,48,9
177,924,924,],operator,0,48,12
178,925,925,.,operator,0,48,13
179,926,929,size,identifier,0,48,14
180,930,930,(,operator,0,48,18
181,931,931,),operator,0,48,19
182,932,932,),operator,0,48,20
183,933,933,{,operator,0,48,21
184,937,939,int,keyword,0,49,2
185,941,943,nxt,identifier,0,49,6
186,945,945,=,operator,0,49,10
187,947,947,G,identifier,0,49,12
188,948,948,[,operator,0,49,13
189,949,951,now,identifier,0,49,14
190,952,952,],operator,0,49,17
191,953,953,[,operator,0,49,18
192,954,954,i,identifier,0,49,19
193,955,955,],operator,0,49,20
194,956,956,;,operator,0,49,21
195,960,961,if,keyword,0,50,2
196,962,962,(,operator,0,50,4
197,963,965,nxt,identifier,0,50,5
198,967,968,==,operator,0,50,9
199,970,972,par,identifier,0,50,12
200,973,973,),operator,0,50,15
201,975,982,continue,keyword,0,50,17
202,983,983,;,operator,0,50,25
203,987,988,if,keyword,0,51,2
204,989,989,(,operator,0,51,4
205,990,992,val,identifier,0,51,5
206,993,993,[,operator,0,51,8
207,994,996,nxt,identifier,0,51,9
208,997,997,],operator,0,51,12
209,999,1000,==,operator,0,51,14
210,1002,1002,-,operator,0,51,17
211,1003,1003,1,integer,0,51,18
212,1004,1004,),operator,0,51,19
213,1005,1005,{,operator,0,51,20
214,1010,1012,val,identifier,0,52,3
215,1013,1013,[,operator,0,52,6
216,1014,1016,nxt,identifier,0,52,7
217,1017,1017,],operator,0,52,10
218,1019,1019,=,operator,0,52,12
219,1021,1023,val,identifier,0,52,14
220,1024,1024,[,operator,0,52,17
221,1025,1027,now,identifier,0,52,18
222,1028,1028,],operator,0,52,21
223,1030,1030,+,operator,0,52,23
224,1032,1032,1,integer,0,52,25
225,1033,1033,;,operator,0,52,26
226,1038,1039,if,keyword,0,53,3
227,1040,1040,(,operator,0,53,5
228,1041,1045,solve,identifier,0,53,6
229,1046,1046,(,operator,0,53,11
230,1047,1049,nxt,identifier,0,53,12
231,1050,1050,",",operator,0,53,15
232,1052,1054,now,identifier,0,53,17
233,1055,1055,),operator,0,53,20
234,1056,1056,),operator,0,53,21
235,1057,1057,{,operator,0,53,22
236,1079,1079,},operator,0,55,3
237,1084,1087,else,keyword,0,56,3
238,1088,1088,{,operator,0,56,7
239,1094,1096,val,identifier,0,57,4
240,1097,1097,[,operator,0,57,7
241,1098,1100,nxt,identifier,0,57,8
242,1101,1101,],operator,0,57,11
243,1103,1103,=,operator,0,57,13
244,1105,1107,val,identifier,0,57,15
245,1108,1108,[,operator,0,57,18
246,1109,1111,now,identifier,0,57,19
247,1112,1112,],operator,0,57,22
248,1114,1114,-,operator,0,57,24
249,1116,1116,1,integer,0,57,26
250,1117,1117,;,operator,0,57,27
251,1123,1125,ret,identifier,0,58,4
252,1127,1127,=,operator,0,58,8
253,1129,1133,solve,identifier,0,58,10
254,1134,1134,(,operator,0,58,15
255,1135,1137,nxt,identifier,0,58,16
256,1138,1138,",",operator,0,58,19
257,1140,1142,now,identifier,0,58,21
258,1143,1143,),operator,0,58,24
259,1144,1144,;,operator,0,58,25
260,1149,1149,},operator,0,59,3
261,1153,1153,},operator,0,60,2
262,1157,1160,else,keyword,0,61,2
263,1161,1161,{,operator,0,61,6
264,1166,1167,if,keyword,0,62,3
265,1168,1168,(,operator,0,62,5
266,1169,1171,abs,identifier,0,62,6
267,1172,1172,(,operator,0,62,9
268,1173,1175,val,identifier,0,62,10
269,1176,1176,[,operator,0,62,13
270,1177,1179,now,identifier,0,62,14
271,1180,1180,],operator,0,62,17
272,1182,1182,-,operator,0,62,19
273,1184,1186,val,identifier,0,62,21
274,1187,1187,[,operator,0,62,24
275,1188,1190,nxt,identifier,0,62,25
276,1191,1191,],operator,0,62,28
277,1192,1192,),operator,0,62,29
278,1194,1195,"!=",operator,0,62,31
279,1197,1197,1,integer,0,62,34
280,1198,1198,),operator,0,62,35
281,1199,1199,{,operator,0,62,36
282,1205,1207,ret,identifier,0,63,4
283,1209,1209,=,operator,0,63,8
284,1211,1215,false,keyword,0,63,10
285,1216,1216,;,operator,0,63,15
286,1221,1221,},operator,0,64,3
287,1226,1229,else,keyword,0,65,3
288,1230,1230,{,operator,0,65,7
289,1236,1238,ret,identifier,0,66,4
290,1240,1240,=,operator,0,66,8
291,1242,1246,solve,identifier,0,66,10
292,1247,1247,(,operator,0,66,15
293,1248,1250,nxt,identifier,0,66,16
294,1251,1251,",",operator,0,66,19
295,1253,1255,now,identifier,0,66,21
296,1256,1256,),operator,0,66,24
297,1257,1257,;,operator,0,66,25
298,1262,1262,},operator,0,67,3
299,1267,1267,},operator,0,68,2
300,1271,1272,if,keyword,0,69,2
301,1273,1273,(,operator,0,69,4
302,1274,1274,"!",operator,0,69,5
303,1275,1277,ret,identifier,0,69,6
304,1278,1278,),operator,0,69,9
305,1280,1284,break,keyword,0,69,11
306,1285,1285,;,operator,0,69,16
307,1288,1288,},operator,0,70,1
308,1291,1296,return,keyword,0,71,1
309,1298,1300,ret,identifier,0,71,8
310,1301,1301,;,operator,0,71,11
311,1303,1303,},operator,0,72,0
312,1306,1308,int,keyword,0,74,0
313,1310,1313,main,identifier,0,74,4
314,1314,1314,(,operator,0,74,8
315,1315,1315,),operator,0,74,9
316,1316,1316,{,operator,0,74,10
317,1319,1326,ios_base,identifier,0,75,1
318,1328,1329,::,operator,0,75,10
319,1331,1345,sync_with_stdio,identifier,0,75,13
320,1346,1346,(,operator,0,75,28
321,1347,1347,0,integer,0,75,29
322,1348,1348,),operator,0,75,30
323,1349,1349,;,operator,0,75,31
324,1351,1353,cin,identifier,0,75,33
325,1354,1354,.,operator,0,75,36
326,1355,1357,tie,identifier,0,75,37
327,1358,1358,(,operator,0,75,40
328,1359,1359,0,integer,0,75,41
329,1360,1360,),operator,0,75,42
330,1361,1361,;,operator,0,75,43
331,1363,1366,cout,identifier,0,75,45
332,1367,1367,.,operator,0,75,49
333,1368,1370,tie,identifier,0,75,50
334,1371,1371,(,operator,0,75,53
335,1372,1372,0,integer,0,75,54
336,1373,1373,),operator,0,75,55
337,1374,1374,;,operator,0,75,56
338,1377,1382,memset,identifier,0,76,1
339,1383,1383,(,operator,0,76,7
340,1384,1386,val,identifier,0,76,8
341,1387,1387,",",operator,0,76,11
342,1388,1388,-,operator,0,76,12
343,1389,1389,1,integer,0,76,13
344,1390,1390,",",operator,0,76,14
345,1391,1396,sizeof,keyword,0,76,15
346,1398,1400,val,identifier,0,76,22
347,1401,1401,),operator,0,76,25
348,1402,1402,;,operator,0,76,26
349,1405,1407,cin,identifier,0,77,1
350,1409,1409,>,operator,0,77,5
351,1410,1410,>,operator,0,77,6
352,1412,1412,n,identifier,0,77,8
353,1413,1413,;,operator,0,77,9
354,1416,1418,int,keyword,0,78,1
355,1420,1420,u,identifier,0,78,5
356,1421,1421,",",operator,0,78,6
357,1422,1422,v,identifier,0,78,7
358,1423,1423,;,operator,0,78,8
359,1426,1428,FOR,identifier,0,79,1
360,1429,1429,(,operator,0,79,4
361,1430,1430,i,identifier,0,79,5
362,1431,1431,",",operator,0,79,6
363,1432,1432,n,identifier,0,79,7
364,1433,1433,-,operator,0,79,8
365,1434,1434,1,integer,0,79,9
366,1435,1435,),operator,0,79,10
367,1436,1436,{,operator,0,79,11
368,1440,1442,cin,identifier,0,80,2
369,1444,1444,>,operator,0,80,6
370,1445,1445,>,operator,0,80,7
371,1447,1447,u,identifier,0,80,9
372,1449,1449,>,operator,0,80,11
373,1450,1450,>,operator,0,80,12
374,1452,1452,v,identifier,0,80,14
375,1453,1453,;,operator,0,80,15
376,1457,1457,G,identifier,0,81,2
377,1458,1458,[,operator,0,81,3
378,1459,1459,u,identifier,0,81,4
379,1460,1460,],operator,0,81,5
380,1461,1461,.,operator,0,81,6
381,1462,1463,PB,identifier,0,81,7
382,1464,1464,(,operator,0,81,9
383,1465,1465,v,identifier,0,81,10
384,1466,1466,),operator,0,81,11
385,1467,1467,;,operator,0,81,12
386,1471,1471,G,identifier,0,82,2
387,1472,1472,[,operator,0,82,3
388,1473,1473,v,identifier,0,82,4
389,1474,1474,],operator,0,82,5
390,1475,1475,.,operator,0,82,6
391,1476,1477,PB,identifier,0,82,7
392,1478,1478,(,operator,0,82,9
393,1479,1479,u,identifier,0,82,10
394,1480,1480,),operator,0,82,11
395,1481,1481,;,operator,0,82,12
396,1484,1484,},operator,0,83,1
397,1487,1489,int,keyword,0,84,1
398,1491,1491,m,identifier,0,84,5
399,1492,1492,;,operator,0,84,6
400,1495,1497,cin,identifier,0,85,1
401,1499,1499,>,operator,0,85,5
402,1500,1500,>,operator,0,85,6
403,1502,1502,m,identifier,0,85,8
404,1503,1503,;,operator,0,85,9
405,1506,1508,int,keyword,0,86,1
406,1510,1510,p,identifier,0,86,5
407,1511,1511,;,operator,0,86,6
408,1514,1516,FOR,identifier,0,87,1
409,1517,1517,(,operator,0,87,4
410,1518,1518,i,identifier,0,87,5
411,1519,1519,",",operator,0,87,6
412,1520,1520,m,identifier,0,87,7
413,1521,1521,),operator,0,87,8
414,1522,1522,{,operator,0,87,9
415,1526,1528,cin,identifier,0,88,2
416,1530,1530,>,operator,0,88,6
417,1531,1531,>,operator,0,88,7
418,1533,1533,v,identifier,0,88,9
419,1535,1535,>,operator,0,88,11
420,1536,1536,>,operator,0,88,12
421,1538,1538,p,identifier,0,88,14
422,1539,1539,;,operator,0,88,15
423,1543,1545,val,identifier,0,89,2
424,1546,1546,[,operator,0,89,5
425,1547,1547,v,identifier,0,89,6
426,1548,1548,],operator,0,89,7
427,1550,1550,=,operator,0,89,9
428,1552,1552,p,identifier,0,89,11
429,1553,1553,;,operator,0,89,12
430,1557,1560,root,identifier,0,90,2
431,1562,1562,=,operator,0,90,7
432,1564,1564,v,identifier,0,90,9
433,1565,1565,;,operator,0,90,10
434,1568,1568,},operator,0,91,1
435,1571,1572,if,keyword,0,92,1
436,1573,1573,(,operator,0,92,3
437,1574,1578,solve,identifier,0,92,4
438,1579,1579,(,operator,0,92,9
439,1580,1583,root,identifier,0,92,10
440,1584,1584,",",operator,0,92,14
441,1586,1586,0,integer,0,92,16
442,1587,1587,),operator,0,92,17
443,1588,1588,),operator,0,92,18
444,1589,1589,{,operator,0,92,19
445,1593,1596,cout,identifier,0,93,2
446,1598,1598,<,operator,0,93,7
447,1599,1599,<,operator,0,93,8
448,1601,1605,"""Yes""",string,0,93,10
449,1607,1607,<,operator,0,93,16
450,1608,1608,<,operator,0,93,17
451,1610,1613,endl,identifier,0,93,19
452,1614,1614,;,operator,0,93,23
453,1618,1620,REP,identifier,0,94,2
454,1621,1621,(,operator,0,94,5
455,1622,1622,i,identifier,0,94,6
456,1623,1623,",",operator,0,94,7
457,1624,1624,1,integer,0,94,8
458,1625,1625,",",operator,0,94,9
459,1626,1626,n,identifier,0,94,10
460,1627,1627,),operator,0,94,11
461,1629,1632,cout,identifier,0,94,13
462,1634,1634,<,operator,0,94,18
463,1635,1635,<,operator,0,94,19
464,1637,1639,val,identifier,0,94,21
465,1640,1640,[,operator,0,94,24
466,1641,1641,i,identifier,0,94,25
467,1642,1642,],operator,0,94,26
468,1644,1644,<,operator,0,94,28
469,1645,1645,<,operator,0,94,29
470,1647,1650,endl,identifier,0,94,31
471,1651,1651,;,operator,0,94,35
472,1654,1654,},operator,0,95,1
473,1657,1660,else,keyword,0,96,1
474,1661,1661,{,operator,0,96,5
475,1665,1668,cout,identifier,0,97,2
476,1670,1670,<,operator,0,97,7
477,1671,1671,<,operator,0,97,8
478,1673,1676,"""No""",string,0,97,10
479,1678,1678,<,operator,0,97,15
480,1679,1679,<,operator,0,97,16
481,1681,1684,endl,identifier,0,97,18
482,1685,1685,;,operator,0,97,22
483,1688,1688,},operator,0,98,1
484,1691,1696,return,keyword,0,99,1
485,1698,1698,0,integer,0,99,8
486,1699,1699,;,operator,0,99,9
487,1701,1701,},operator,0,100,0
488,1702,1701,<EOF>,eof,0,100,1
