seqnr,start,stop,text,class,channel,line,column
0,0,15,"#include<cstdio>",directive,1,1,0
1,17,35,"#include<algorithm>",directive,1,2,0
2,37,41,using,keyword,0,3,0
3,43,51,namespace,keyword,0,3,6
4,53,55,std,identifier,0,3,16
5,56,56,;,operator,0,3,19
6,59,64,inline,keyword,0,4,0
7,66,68,int,keyword,0,4,7
8,70,73,read,identifier,0,4,11
9,74,74,(,operator,0,4,15
10,75,75,),operator,0,4,16
11,77,77,{,operator,0,5,0
12,80,82,int,keyword,0,6,1
13,84,84,x,identifier,0,6,5
14,85,85,;,operator,0,6,6
15,86,89,char,keyword,0,6,7
16,91,91,c,identifier,0,6,12
17,92,92,;,operator,0,6,13
18,95,99,while,keyword,0,7,1
19,100,100,(,operator,0,7,6
20,101,101,(,operator,0,7,7
21,102,102,c,identifier,0,7,8
22,103,103,=,operator,0,7,9
23,104,110,getchar,identifier,0,7,10
24,111,111,(,operator,0,7,17
25,112,112,),operator,0,7,18
26,113,113,),operator,0,7,19
27,114,114,<,operator,0,7,20
28,115,117,'0',character,0,7,21
29,118,119,||,operator,0,7,24
30,120,120,c,identifier,0,7,26
31,121,121,>,operator,0,7,27
32,122,124,'9',character,0,7,28
33,125,125,),operator,0,7,31
34,126,126,;,operator,0,7,32
35,129,131,for,keyword,0,8,1
36,132,132,(,operator,0,8,4
37,133,133,x,identifier,0,8,5
38,134,134,=,operator,0,8,6
39,135,135,c,identifier,0,8,7
40,136,136,-,operator,0,8,8
41,137,139,'0',character,0,8,9
42,140,140,;,operator,0,8,12
43,141,141,(,operator,0,8,13
44,142,142,c,identifier,0,8,14
45,143,143,=,operator,0,8,15
46,144,150,getchar,identifier,0,8,16
47,151,151,(,operator,0,8,23
48,152,152,),operator,0,8,24
49,153,153,),operator,0,8,25
50,154,155,>=,operator,0,8,26
51,156,158,'0',character,0,8,28
52,159,160,&&,operator,0,8,31
53,161,161,c,identifier,0,8,33
54,162,163,<=,operator,0,8,34
55,164,166,'9',character,0,8,36
56,167,167,;,operator,0,8,39
57,168,168,),operator,0,8,40
58,169,169,x,identifier,0,8,41
59,170,170,=,operator,0,8,42
60,171,171,x,identifier,0,8,43
61,172,172,*,operator,0,8,44
62,173,174,10,integer,0,8,45
63,175,175,+,operator,0,8,47
64,176,176,c,identifier,0,8,48
65,177,177,-,operator,0,8,49
66,178,180,'0',character,0,8,50
67,181,181,;,operator,0,8,53
68,184,189,return,keyword,0,9,1
69,191,191,x,identifier,0,9,8
70,192,192,;,operator,0,9,9
71,194,194,},operator,0,10,0
72,196,212,"#define MN 100000",directive,1,11,0
73,214,219,struct,keyword,0,12,0
74,221,224,edge,identifier,0,12,7
75,225,225,{,operator,0,12,11
76,226,228,int,keyword,0,12,12
77,230,231,nx,identifier,0,12,16
78,232,232,",",operator,0,12,18
79,233,233,t,identifier,0,12,19
80,234,234,;,operator,0,12,20
81,235,235,},operator,0,12,21
82,236,236,e,identifier,0,12,22
83,237,237,[,operator,0,12,23
84,238,239,MN,identifier,0,12,24
85,240,240,*,operator,0,12,26
86,241,241,2,integer,0,12,27
87,242,242,+,operator,0,12,28
88,243,243,5,integer,0,12,29
89,244,244,],operator,0,12,30
90,245,245,;,operator,0,12,31
91,247,249,int,keyword,0,13,0
92,251,251,h,identifier,0,13,4
93,252,252,[,operator,0,13,5
94,253,254,MN,identifier,0,13,6
95,255,255,+,operator,0,13,8
96,256,256,5,integer,0,13,9
97,257,257,],operator,0,13,10
98,258,258,",",operator,0,13,11
99,259,260,en,identifier,0,13,12
100,261,261,",",operator,0,13,14
101,262,262,v,identifier,0,13,15
102,263,263,[,operator,0,13,16
103,264,265,MN,identifier,0,13,17
104,266,266,+,operator,0,13,19
105,267,267,5,integer,0,13,20
106,268,268,],operator,0,13,21
107,269,269,",",operator,0,13,22
108,270,270,l,identifier,0,13,23
109,271,271,[,operator,0,13,24
110,272,273,MN,identifier,0,13,25
111,274,274,+,operator,0,13,27
112,275,275,5,integer,0,13,28
113,276,276,],operator,0,13,29
114,277,277,",",operator,0,13,30
115,278,278,r,identifier,0,13,31
116,279,279,[,operator,0,13,32
117,280,281,MN,identifier,0,13,33
118,282,282,+,operator,0,13,35
119,283,283,5,integer,0,13,36
120,284,284,],operator,0,13,37
121,285,285,",",operator,0,13,38
122,286,286,o,identifier,0,13,39
123,287,287,;,operator,0,13,40
124,289,294,inline,keyword,0,14,0
125,296,299,void,keyword,0,14,7
126,301,303,ins,identifier,0,14,12
127,304,304,(,operator,0,14,15
128,305,307,int,keyword,0,14,16
129,309,309,x,identifier,0,14,20
130,310,310,",",operator,0,14,21
131,311,313,int,keyword,0,14,22
132,315,315,y,identifier,0,14,26
133,316,316,),operator,0,14,27
134,318,318,{,operator,0,15,0
135,321,321,e,identifier,0,16,1
136,322,322,[,operator,0,16,2
137,323,324,++,operator,0,16,3
138,325,326,en,identifier,0,16,5
139,327,327,],operator,0,16,7
140,328,328,=,operator,0,16,8
141,329,329,(,operator,0,16,9
142,330,333,edge,identifier,0,16,10
143,334,334,),operator,0,16,14
144,335,335,{,operator,0,16,15
145,336,336,h,identifier,0,16,16
146,337,337,[,operator,0,16,17
147,338,338,x,identifier,0,16,18
148,339,339,],operator,0,16,19
149,340,340,",",operator,0,16,20
150,341,341,y,identifier,0,16,21
151,342,342,},operator,0,16,22
152,343,343,;,operator,0,16,23
153,344,344,h,identifier,0,16,24
154,345,345,[,operator,0,16,25
155,346,346,x,identifier,0,16,26
156,347,347,],operator,0,16,27
157,348,348,=,operator,0,16,28
158,349,350,en,identifier,0,16,29
159,351,351,;,operator,0,16,31
160,354,354,e,identifier,0,17,1
161,355,355,[,operator,0,17,2
162,356,357,++,operator,0,17,3
163,358,359,en,identifier,0,17,5
164,360,360,],operator,0,17,7
165,361,361,=,operator,0,17,8
166,362,362,(,operator,0,17,9
167,363,366,edge,identifier,0,17,10
168,367,367,),operator,0,17,14
169,368,368,{,operator,0,17,15
170,369,369,h,identifier,0,17,16
171,370,370,[,operator,0,17,17
172,371,371,y,identifier,0,17,18
173,372,372,],operator,0,17,19
174,373,373,",",operator,0,17,20
175,374,374,x,identifier,0,17,21
176,375,375,},operator,0,17,22
177,376,376,;,operator,0,17,23
178,377,377,h,identifier,0,17,24
179,378,378,[,operator,0,17,25
180,379,379,y,identifier,0,17,26
181,380,380,],operator,0,17,27
182,381,381,=,operator,0,17,28
183,382,383,en,identifier,0,17,29
184,384,384,;,operator,0,17,31
185,386,386,},operator,0,18,0
186,388,391,void,keyword,0,19,0
187,393,395,dfs,identifier,0,19,5
188,396,396,(,operator,0,19,8
189,397,399,int,keyword,0,19,9
190,401,401,x,identifier,0,19,13
191,402,402,",",operator,0,19,14
192,403,405,int,keyword,0,19,15
193,407,408,fa,identifier,0,19,19
194,409,409,),operator,0,19,21
195,411,411,{,operator,0,20,0
196,414,414,l,identifier,0,21,1
197,415,415,[,operator,0,21,2
198,416,416,x,identifier,0,21,3
199,417,417,],operator,0,21,4
200,418,418,=,operator,0,21,5
201,419,419,r,identifier,0,21,6
202,420,420,[,operator,0,21,7
203,421,421,x,identifier,0,21,8
204,422,422,],operator,0,21,9
205,423,423,=,operator,0,21,10
206,424,424,v,identifier,0,21,11
207,425,425,[,operator,0,21,12
208,426,426,x,identifier,0,21,13
209,427,427,],operator,0,21,14
210,428,428,?,operator,0,21,15
211,429,429,v,identifier,0,21,16
212,430,430,[,operator,0,21,17
213,431,431,x,identifier,0,21,18
214,432,432,],operator,0,21,19
215,433,433,:,operator,0,21,20
216,434,436,1e9,floating,0,21,21
217,437,437,;,operator,0,21,24
218,440,442,for,keyword,0,22,1
219,443,443,(,operator,0,22,4
220,444,446,int,keyword,0,22,5
221,448,448,i,identifier,0,22,9
222,449,449,=,operator,0,22,10
223,450,450,h,identifier,0,22,11
224,451,451,[,operator,0,22,12
225,452,452,x,identifier,0,22,13
226,453,453,],operator,0,22,14
227,454,454,;,operator,0,22,15
228,455,455,i,identifier,0,22,16
229,456,456,;,operator,0,22,17
230,457,457,i,identifier,0,22,18
231,458,458,=,operator,0,22,19
232,459,459,e,identifier,0,22,20
233,460,460,[,operator,0,22,21
234,461,461,i,identifier,0,22,22
235,462,462,],operator,0,22,23
236,463,463,.,operator,0,22,24
237,464,465,nx,identifier,0,22,25
238,466,466,),operator,0,22,27
239,467,468,if,keyword,0,22,28
240,469,469,(,operator,0,22,30
241,470,470,e,identifier,0,22,31
242,471,471,[,operator,0,22,32
243,472,472,i,identifier,0,22,33
244,473,473,],operator,0,22,34
245,474,474,.,operator,0,22,35
246,475,475,t,identifier,0,22,36
247,476,477,"!=",operator,0,22,37
248,478,479,fa,identifier,0,22,39
249,480,480,),operator,0,22,41
250,483,483,{,operator,0,23,1
251,487,489,dfs,identifier,0,24,2
252,490,490,(,operator,0,24,5
253,491,491,e,identifier,0,24,6
254,492,492,[,operator,0,24,7
255,493,493,i,identifier,0,24,8
256,494,494,],operator,0,24,9
257,495,495,.,operator,0,24,10
258,496,496,t,identifier,0,24,11
259,497,497,",",operator,0,24,12
260,498,498,x,identifier,0,24,13
261,499,499,),operator,0,24,14
262,500,500,;,operator,0,24,15
263,504,505,if,keyword,0,25,2
264,506,506,(,operator,0,25,4
265,507,507,l,identifier,0,25,5
266,508,508,[,operator,0,25,6
267,509,509,e,identifier,0,25,7
268,510,510,[,operator,0,25,8
269,511,511,i,identifier,0,25,9
270,512,512,],operator,0,25,10
271,513,513,.,operator,0,25,11
272,514,514,t,identifier,0,25,12
273,515,515,],operator,0,25,13
274,516,517,==,operator,0,25,14
275,518,520,1e9,floating,0,25,16
276,521,521,),operator,0,25,19
277,522,529,continue,keyword,0,25,20
278,530,530,;,operator,0,25,28
279,534,535,if,keyword,0,26,2
280,536,536,(,operator,0,26,4
281,537,537,l,identifier,0,26,5
282,538,538,[,operator,0,26,6
283,539,539,x,identifier,0,26,7
284,540,540,],operator,0,26,8
285,541,542,==,operator,0,26,9
286,543,545,1e9,floating,0,26,11
287,546,546,),operator,0,26,14
288,547,547,{,operator,0,26,15
289,548,548,l,identifier,0,26,16
290,549,549,[,operator,0,26,17
291,550,550,x,identifier,0,26,18
292,551,551,],operator,0,26,19
293,552,552,=,operator,0,26,20
294,553,553,l,identifier,0,26,21
295,554,554,[,operator,0,26,22
296,555,555,e,identifier,0,26,23
297,556,556,[,operator,0,26,24
298,557,557,i,identifier,0,26,25
299,558,558,],operator,0,26,26
300,559,559,.,operator,0,26,27
301,560,560,t,identifier,0,26,28
302,561,561,],operator,0,26,29
303,562,562,-,operator,0,26,30
304,563,563,1,integer,0,26,31
305,564,564,;,operator,0,26,32
306,565,565,r,identifier,0,26,33
307,566,566,[,operator,0,26,34
308,567,567,x,identifier,0,26,35
309,568,568,],operator,0,26,36
310,569,569,=,operator,0,26,37
311,570,570,r,identifier,0,26,38
312,571,571,[,operator,0,26,39
313,572,572,e,identifier,0,26,40
314,573,573,[,operator,0,26,41
315,574,574,i,identifier,0,26,42
316,575,575,],operator,0,26,43
317,576,576,.,operator,0,26,44
318,577,577,t,identifier,0,26,45
319,578,578,],operator,0,26,46
320,579,579,+,operator,0,26,47
321,580,580,1,integer,0,26,48
322,581,581,;,operator,0,26,49
323,582,589,continue,keyword,0,26,50
324,590,590,;,operator,0,26,58
325,591,591,},operator,0,26,59
326,595,596,if,keyword,0,27,2
327,597,597,(,operator,0,27,4
328,598,598,~,operator,0,27,5
329,599,599,(,operator,0,27,6
330,600,600,l,identifier,0,27,7
331,601,601,[,operator,0,27,8
332,602,602,x,identifier,0,27,9
333,603,603,],operator,0,27,10
334,604,604,-,operator,0,27,11
335,605,605,l,identifier,0,27,12
336,606,606,[,operator,0,27,13
337,607,607,e,identifier,0,27,14
338,608,608,[,operator,0,27,15
339,609,609,i,identifier,0,27,16
340,610,610,],operator,0,27,17
341,611,611,.,operator,0,27,18
342,612,612,t,identifier,0,27,19
343,613,613,],operator,0,27,20
344,614,614,),operator,0,27,21
345,615,615,&,operator,0,27,22
346,616,616,1,integer,0,27,23
347,617,617,),operator,0,27,24
348,618,618,o,identifier,0,27,25
349,619,619,=,operator,0,27,26
350,620,620,1,integer,0,27,27
351,621,621,;,operator,0,27,28
352,625,625,l,identifier,0,28,2
353,626,626,[,operator,0,28,3
354,627,627,x,identifier,0,28,4
355,628,628,],operator,0,28,5
356,629,629,=,operator,0,28,6
357,630,632,max,identifier,0,28,7
358,633,633,(,operator,0,28,10
359,634,634,l,identifier,0,28,11
360,635,635,[,operator,0,28,12
361,636,636,x,identifier,0,28,13
362,637,637,],operator,0,28,14
363,638,638,",",operator,0,28,15
364,639,639,l,identifier,0,28,16
365,640,640,[,operator,0,28,17
366,641,641,e,identifier,0,28,18
367,642,642,[,operator,0,28,19
368,643,643,i,identifier,0,28,20
369,644,644,],operator,0,28,21
370,645,645,.,operator,0,28,22
371,646,646,t,identifier,0,28,23
372,647,647,],operator,0,28,24
373,648,648,-,operator,0,28,25
374,649,649,1,integer,0,28,26
375,650,650,),operator,0,28,27
376,651,651,;,operator,0,28,28
377,652,652,r,identifier,0,28,29
378,653,653,[,operator,0,28,30
379,654,654,x,identifier,0,28,31
380,655,655,],operator,0,28,32
381,656,656,=,operator,0,28,33
382,657,659,min,identifier,0,28,34
383,660,660,(,operator,0,28,37
384,661,661,r,identifier,0,28,38
385,662,662,[,operator,0,28,39
386,663,663,x,identifier,0,28,40
387,664,664,],operator,0,28,41
388,665,665,",",operator,0,28,42
389,666,666,r,identifier,0,28,43
390,667,667,[,operator,0,28,44
391,668,668,e,identifier,0,28,45
392,669,669,[,operator,0,28,46
393,670,670,i,identifier,0,28,47
394,671,671,],operator,0,28,48
395,672,672,.,operator,0,28,49
396,673,673,t,identifier,0,28,50
397,674,674,],operator,0,28,51
398,675,675,+,operator,0,28,52
399,676,676,1,integer,0,28,53
400,677,677,),operator,0,28,54
401,678,678,;,operator,0,28,55
402,681,681,},operator,0,29,1
403,684,685,if,keyword,0,30,1
404,686,686,(,operator,0,30,3
405,687,687,l,identifier,0,30,4
406,688,688,[,operator,0,30,5
407,689,689,x,identifier,0,30,6
408,690,690,],operator,0,30,7
409,691,691,>,operator,0,30,8
410,692,692,r,identifier,0,30,9
411,693,693,[,operator,0,30,10
412,694,694,x,identifier,0,30,11
413,695,695,],operator,0,30,12
414,696,696,),operator,0,30,13
415,697,697,o,identifier,0,30,14
416,698,698,=,operator,0,30,15
417,699,699,1,integer,0,30,16
418,700,700,;,operator,0,30,17
419,702,702,},operator,0,31,0
420,704,707,void,keyword,0,32,0
421,709,713,solve,identifier,0,32,5
422,714,714,(,operator,0,32,10
423,715,717,int,keyword,0,32,11
424,719,719,x,identifier,0,32,15
425,720,720,",",operator,0,32,16
426,721,723,int,keyword,0,32,17
427,725,726,fa,identifier,0,32,21
428,727,727,),operator,0,32,23
429,729,729,{,operator,0,33,0
430,732,734,for,keyword,0,34,1
431,735,735,(,operator,0,34,4
432,736,738,int,keyword,0,34,5
433,740,740,i,identifier,0,34,9
434,741,741,=,operator,0,34,10
435,742,742,h,identifier,0,34,11
436,743,743,[,operator,0,34,12
437,744,744,x,identifier,0,34,13
438,745,745,],operator,0,34,14
439,746,746,;,operator,0,34,15
440,747,747,i,identifier,0,34,16
441,748,748,;,operator,0,34,17
442,749,749,i,identifier,0,34,18
443,750,750,=,operator,0,34,19
444,751,751,e,identifier,0,34,20
445,752,752,[,operator,0,34,21
446,753,753,i,identifier,0,34,22
447,754,754,],operator,0,34,23
448,755,755,.,operator,0,34,24
449,756,757,nx,identifier,0,34,25
450,758,758,),operator,0,34,27
451,759,760,if,keyword,0,34,28
452,761,761,(,operator,0,34,30
453,762,762,e,identifier,0,34,31
454,763,763,[,operator,0,34,32
455,764,764,i,identifier,0,34,33
456,765,765,],operator,0,34,34
457,766,766,.,operator,0,34,35
458,767,767,t,identifier,0,34,36
459,768,769,"!=",operator,0,34,37
460,770,771,fa,identifier,0,34,39
461,772,772,),operator,0,34,41
462,775,775,{,operator,0,35,1
463,779,780,if,keyword,0,36,2
464,781,781,(,operator,0,36,4
465,782,782,l,identifier,0,36,5
466,783,783,[,operator,0,36,6
467,784,784,e,identifier,0,36,7
468,785,785,[,operator,0,36,8
469,786,786,i,identifier,0,36,9
470,787,787,],operator,0,36,10
471,788,788,.,operator,0,36,11
472,789,789,t,identifier,0,36,12
473,790,790,],operator,0,36,13
474,791,792,==,operator,0,36,14
475,793,795,1e9,floating,0,36,16
476,796,796,),operator,0,36,19
477,797,797,l,identifier,0,36,20
478,798,798,[,operator,0,36,21
479,799,799,e,identifier,0,36,22
480,800,800,[,operator,0,36,23
481,801,801,i,identifier,0,36,24
482,802,802,],operator,0,36,25
483,803,803,.,operator,0,36,26
484,804,804,t,identifier,0,36,27
485,805,805,],operator,0,36,28
486,806,806,=,operator,0,36,29
487,807,807,l,identifier,0,36,30
488,808,808,[,operator,0,36,31
489,809,809,x,identifier,0,36,32
490,810,810,],operator,0,36,33
491,811,811,-,operator,0,36,34
492,812,812,1,integer,0,36,35
493,813,813,;,operator,0,36,36
494,817,820,else,keyword,0,37,2
495,822,822,l,identifier,0,37,7
496,823,823,[,operator,0,37,8
497,824,824,e,identifier,0,37,9
498,825,825,[,operator,0,37,10
499,826,826,i,identifier,0,37,11
500,827,827,],operator,0,37,12
501,828,828,.,operator,0,37,13
502,829,829,t,identifier,0,37,14
503,830,830,],operator,0,37,15
504,831,831,=,operator,0,37,16
505,832,834,max,identifier,0,37,17
506,835,835,(,operator,0,37,20
507,836,836,l,identifier,0,37,21
508,837,837,[,operator,0,37,22
509,838,838,e,identifier,0,37,23
510,839,839,[,operator,0,37,24
511,840,840,i,identifier,0,37,25
512,841,841,],operator,0,37,26
513,842,842,.,operator,0,37,27
514,843,843,t,identifier,0,37,28
515,844,844,],operator,0,37,29
516,845,845,",",operator,0,37,30
517,846,846,l,identifier,0,37,31
518,847,847,[,operator,0,37,32
519,848,848,x,identifier,0,37,33
520,849,849,],operator,0,37,34
521,850,850,-,operator,0,37,35
522,851,851,1,integer,0,37,36
523,852,852,),operator,0,37,37
524,853,853,;,operator,0,37,38
525,857,861,solve,identifier,0,38,2
526,862,862,(,operator,0,38,7
527,863,863,e,identifier,0,38,8
528,864,864,[,operator,0,38,9
529,865,865,i,identifier,0,38,10
530,866,866,],operator,0,38,11
531,867,867,.,operator,0,38,12
532,868,868,t,identifier,0,38,13
533,869,869,",",operator,0,38,14
534,870,870,x,identifier,0,38,15
535,871,871,),operator,0,38,16
536,872,872,;,operator,0,38,17
537,875,875,},operator,0,39,1
538,877,877,},operator,0,40,0
539,879,881,int,keyword,0,41,0
540,883,886,main,identifier,0,41,4
541,887,887,(,operator,0,41,8
542,888,888,),operator,0,41,9
543,890,890,{,operator,0,42,0
544,893,895,int,keyword,0,43,1
545,897,897,n,identifier,0,43,5
546,898,898,=,operator,0,43,6
547,899,902,read,identifier,0,43,7
548,903,903,(,operator,0,43,11
549,904,904,),operator,0,43,12
550,905,905,",",operator,0,43,13
551,906,906,k,identifier,0,43,14
552,907,907,",",operator,0,43,15
553,908,908,i,identifier,0,43,16
554,909,909,;,operator,0,43,17
555,912,914,for,keyword,0,44,1
556,915,915,(,operator,0,44,4
557,916,916,i,identifier,0,44,5
558,917,917,=,operator,0,44,6
559,918,918,1,integer,0,44,7
560,919,919,;,operator,0,44,8
561,920,920,i,identifier,0,44,9
562,921,921,<,operator,0,44,10
563,922,922,n,identifier,0,44,11
564,923,923,;,operator,0,44,12
565,924,925,++,operator,0,44,13
566,926,926,i,identifier,0,44,15
567,927,927,),operator,0,44,16
568,928,930,ins,identifier,0,44,17
569,931,931,(,operator,0,44,20
570,932,935,read,identifier,0,44,21
571,936,936,(,operator,0,44,25
572,937,937,),operator,0,44,26
573,938,938,",",operator,0,44,27
574,939,942,read,identifier,0,44,28
575,943,943,(,operator,0,44,32
576,944,944,),operator,0,44,33
577,945,945,),operator,0,44,34
578,946,946,;,operator,0,44,35
579,949,951,for,keyword,0,45,1
580,952,952,(,operator,0,45,4
581,953,953,k,identifier,0,45,5
582,954,954,=,operator,0,45,6
583,955,958,read,identifier,0,45,7
584,959,959,(,operator,0,45,11
585,960,960,),operator,0,45,12
586,961,961,;,operator,0,45,13
587,962,962,k,identifier,0,45,14
588,963,964,--,operator,0,45,15
589,965,965,;,operator,0,45,17
590,966,966,),operator,0,45,18
591,967,967,i,identifier,0,45,19
592,968,968,=,operator,0,45,20
593,969,972,read,identifier,0,45,21
594,973,973,(,operator,0,45,25
595,974,974,),operator,0,45,26
596,975,975,",",operator,0,45,27
597,976,976,v,identifier,0,45,28
598,977,977,[,operator,0,45,29
599,978,978,i,identifier,0,45,30
600,979,979,],operator,0,45,31
601,980,980,=,operator,0,45,32
602,981,984,read,identifier,0,45,33
603,985,985,(,operator,0,45,37
604,986,986,),operator,0,45,38
605,987,987,+,operator,0,45,39
606,988,988,1,integer,0,45,40
607,989,989,;,operator,0,45,41
608,992,994,dfs,identifier,0,46,1
609,995,995,(,operator,0,46,4
610,996,996,1,integer,0,46,5
611,997,997,",",operator,0,46,6
612,998,998,0,integer,0,46,7
613,999,999,),operator,0,46,8
614,1000,1000,;,operator,0,46,9
615,1003,1004,if,keyword,0,47,1
616,1005,1005,(,operator,0,47,3
617,1006,1006,o,identifier,0,47,4
618,1007,1007,),operator,0,47,5
619,1008,1013,return,keyword,0,47,6
620,1015,1015,0,integer,0,47,13
621,1016,1016,*,operator,0,47,14
622,1017,1020,puts,identifier,0,47,15
623,1021,1021,(,operator,0,47,19
624,1022,1025,"""No""",string,0,47,20
625,1026,1026,),operator,0,47,24
626,1027,1027,;,operator,0,47,25
627,1028,1031,puts,identifier,0,47,26
628,1032,1032,(,operator,0,47,30
629,1033,1037,"""Yes""",string,0,47,31
630,1038,1038,),operator,0,47,36
631,1039,1039,;,operator,0,47,37
632,1042,1046,solve,identifier,0,48,1
633,1047,1047,(,operator,0,48,6
634,1048,1048,1,integer,0,48,7
635,1049,1049,",",operator,0,48,8
636,1050,1050,0,integer,0,48,9
637,1051,1051,),operator,0,48,10
638,1052,1052,;,operator,0,48,11
639,1055,1057,for,keyword,0,49,1
640,1058,1058,(,operator,0,49,4
641,1059,1059,i,identifier,0,49,5
642,1060,1060,=,operator,0,49,6
643,1061,1061,1,integer,0,49,7
644,1062,1062,;,operator,0,49,8
645,1063,1063,i,identifier,0,49,9
646,1064,1065,<=,operator,0,49,10
647,1066,1066,n,identifier,0,49,12
648,1067,1067,;,operator,0,49,13
649,1068,1069,++,operator,0,49,14
650,1070,1070,i,identifier,0,49,16
651,1071,1071,),operator,0,49,17
652,1072,1077,printf,identifier,0,49,18
653,1078,1078,(,operator,0,49,24
654,1079,1084,"""%d\n""",string,0,49,25
655,1085,1085,",",operator,0,49,31
656,1086,1086,l,identifier,0,49,32
657,1087,1087,[,operator,0,49,33
658,1088,1088,i,identifier,0,49,34
659,1089,1089,],operator,0,49,35
660,1090,1090,-,operator,0,49,36
661,1091,1091,1,integer,0,49,37
662,1092,1092,),operator,0,49,38
663,1093,1093,;,operator,0,49,39
664,1095,1095,},operator,0,50,0
665,1096,1095,<EOF>,eof,0,50,1
