seqnr,start,stop,text,class,channel,line,column
0,0,17,"#include <stdio.h>",directive,1,1,0
1,19,37,"#include <string.h>",directive,1,2,0
2,39,55,"#include <vector>",directive,1,3,0
3,57,80,"#include <unordered_map>",directive,1,4,0
4,84,88,using,keyword,0,6,0
5,90,98,namespace,keyword,0,6,6
6,100,102,std,identifier,0,6,16
7,103,103,;,operator,0,6,19
8,107,110,bool,keyword,0,8,0
9,112,113,wt,identifier,0,8,5
10,114,114,[,operator,0,8,7
11,115,120,100001,integer,0,8,8
12,121,121,],operator,0,8,14
13,122,122,;,operator,0,8,15
14,124,126,int,keyword,0,9,0
15,128,128,a,identifier,0,9,4
16,129,129,[,operator,0,9,5
17,130,135,100001,integer,0,9,6
18,136,136,],operator,0,9,12
19,137,137,",",operator,0,9,13
20,139,139,n,identifier,0,9,15
21,140,140,;,operator,0,9,16
22,142,147,vector,identifier,0,10,0
23,148,148,<,operator,0,10,6
24,149,151,int,keyword,0,10,7
25,152,152,>,operator,0,10,10
26,154,156,con,identifier,0,10,12
27,157,157,[,operator,0,10,15
28,158,163,100001,integer,0,10,16
29,164,164,],operator,0,10,22
30,165,165,;,operator,0,10,23
31,167,172,vector,identifier,0,11,0
32,173,173,<,operator,0,11,6
33,174,176,int,keyword,0,11,7
34,177,177,>,operator,0,11,10
35,179,183,child,identifier,0,11,12
36,184,184,[,operator,0,11,17
37,185,190,100001,integer,0,11,18
38,191,191,],operator,0,11,24
39,192,192,;,operator,0,11,25
40,194,206,unordered_map,identifier,0,12,0
41,207,207,<,operator,0,12,13
42,208,210,int,keyword,0,12,14
43,211,211,",",operator,0,12,17
44,212,214,int,keyword,0,12,18
45,215,215,>,operator,0,12,21
46,217,217,d,identifier,0,12,23
47,218,218,[,operator,0,12,24
48,219,224,100001,integer,0,12,25
49,225,225,],operator,0,12,31
50,226,226,;,operator,0,12,32
51,228,230,int,keyword,0,13,0
52,232,234,res,identifier,0,13,4
53,235,235,[,operator,0,13,7
54,236,241,100001,integer,0,13,8
55,242,242,],operator,0,13,14
56,243,243,;,operator,0,13,15
57,247,249,int,keyword,0,15,0
58,251,251,f,identifier,0,15,4
59,252,252,(,operator,0,15,5
60,253,255,int,keyword,0,15,6
61,257,257,c,identifier,0,15,10
62,258,258,",",operator,0,15,11
63,260,262,int,keyword,0,15,13
64,264,264,k,identifier,0,15,17
65,265,265,),operator,0,15,18
66,267,267,{,operator,0,15,20
67,270,271,if,keyword,0,16,1
68,272,272,(,operator,0,16,3
69,273,273,d,identifier,0,16,4
70,274,274,[,operator,0,16,5
71,275,275,k,identifier,0,16,6
72,276,276,],operator,0,16,7
73,277,277,.,operator,0,16,8
74,278,282,count,identifier,0,16,9
75,283,283,(,operator,0,16,14
76,284,284,c,identifier,0,16,15
77,285,285,),operator,0,16,16
78,286,286,),operator,0,16,17
79,288,293,return,keyword,0,16,19
80,295,295,d,identifier,0,16,26
81,296,296,[,operator,0,16,27
82,297,297,k,identifier,0,16,28
83,298,298,],operator,0,16,29
84,299,299,[,operator,0,16,30
85,300,300,c,identifier,0,16,31
86,301,301,],operator,0,16,32
87,302,302,;,operator,0,16,33
88,305,306,if,keyword,0,17,1
89,307,307,(,operator,0,17,3
90,308,309,wt,identifier,0,17,4
91,310,310,[,operator,0,17,6
92,311,311,k,identifier,0,17,7
93,312,312,],operator,0,17,8
94,314,315,&&,operator,0,17,10
95,317,317,a,identifier,0,17,13
96,318,318,[,operator,0,17,14
97,319,319,k,identifier,0,17,15
98,320,320,],operator,0,17,16
99,321,322,"!=",operator,0,17,17
100,323,323,c,identifier,0,17,19
101,324,324,),operator,0,17,20
102,326,331,return,keyword,0,17,22
103,333,333,0,integer,0,17,29
104,334,334,;,operator,0,17,30
105,337,338,if,keyword,0,18,1
106,339,339,(,operator,0,18,3
107,340,344,child,identifier,0,18,4
108,345,345,[,operator,0,18,9
109,346,346,k,identifier,0,18,10
110,347,347,],operator,0,18,11
111,348,348,.,operator,0,18,12
112,349,353,empty,identifier,0,18,13
113,354,354,(,operator,0,18,18
114,355,355,),operator,0,18,19
115,356,356,),operator,0,18,20
116,358,363,return,keyword,0,18,22
117,365,365,1,integer,0,18,29
118,366,366,;,operator,0,18,30
119,369,371,for,keyword,0,19,1
120,372,372,(,operator,0,19,4
121,373,375,int,keyword,0,19,5
122,377,377,i,identifier,0,19,9
123,378,378,=,operator,0,19,10
124,379,383,child,identifier,0,19,11
125,384,384,[,operator,0,19,16
126,385,385,k,identifier,0,19,17
127,386,386,],operator,0,19,18
128,387,387,.,operator,0,19,19
129,388,391,size,identifier,0,19,20
130,392,392,(,operator,0,19,24
131,393,393,),operator,0,19,25
132,394,394,-,operator,0,19,26
133,395,395,1,integer,0,19,27
134,396,396,;,operator,0,19,28
135,397,397,i,identifier,0,19,29
136,398,399,>=,operator,0,19,30
137,400,400,0,integer,0,19,32
138,401,401,;,operator,0,19,33
139,402,402,i,identifier,0,19,34
140,403,404,--,operator,0,19,35
141,405,405,),operator,0,19,37
142,407,407,{,operator,0,19,39
143,411,412,if,keyword,0,20,2
144,413,413,(,operator,0,20,4
145,414,414,f,identifier,0,20,5
146,415,415,(,operator,0,20,6
147,416,416,c,identifier,0,20,7
148,417,417,+,operator,0,20,8
149,418,418,1,integer,0,20,9
150,419,419,",",operator,0,20,10
151,420,424,child,identifier,0,20,11
152,425,425,[,operator,0,20,16
153,426,426,k,identifier,0,20,17
154,427,427,],operator,0,20,18
155,428,428,[,operator,0,20,19
156,429,429,i,identifier,0,20,20
157,430,430,],operator,0,20,21
158,431,431,),operator,0,20,22
159,432,433,==,operator,0,20,23
160,434,434,0,integer,0,20,25
161,436,437,&&,operator,0,20,27
162,439,439,f,identifier,0,20,30
163,440,440,(,operator,0,20,31
164,441,441,c,identifier,0,20,32
165,442,442,-,operator,0,20,33
166,443,443,1,integer,0,20,34
167,444,444,",",operator,0,20,35
168,445,449,child,identifier,0,20,36
169,450,450,[,operator,0,20,41
170,451,451,k,identifier,0,20,42
171,452,452,],operator,0,20,43
172,453,453,[,operator,0,20,44
173,454,454,i,identifier,0,20,45
174,455,455,],operator,0,20,46
175,456,456,),operator,0,20,47
176,457,458,==,operator,0,20,48
177,459,459,0,integer,0,20,50
178,460,460,),operator,0,20,51
179,462,462,{,operator,0,20,53
180,467,472,return,keyword,0,21,3
181,474,474,d,identifier,0,21,10
182,475,475,[,operator,0,21,11
183,476,476,k,identifier,0,21,12
184,477,477,],operator,0,21,13
185,478,478,[,operator,0,21,14
186,479,479,c,identifier,0,21,15
187,480,480,],operator,0,21,16
188,481,481,=,operator,0,21,17
189,482,482,0,integer,0,21,18
190,483,483,;,operator,0,21,19
191,487,487,},operator,0,22,2
192,490,490,},operator,0,23,1
193,493,498,return,keyword,0,24,1
194,500,500,d,identifier,0,24,8
195,501,501,[,operator,0,24,9
196,502,502,k,identifier,0,24,10
197,503,503,],operator,0,24,11
198,504,504,[,operator,0,24,12
199,505,505,c,identifier,0,24,13
200,506,506,],operator,0,24,14
201,507,507,=,operator,0,24,15
202,508,508,1,integer,0,24,16
203,509,509,;,operator,0,24,17
204,511,511,},operator,0,25,0
205,515,518,void,keyword,0,27,0
206,520,524,trace,identifier,0,27,5
207,525,525,(,operator,0,27,10
208,526,528,int,keyword,0,27,11
209,530,530,c,identifier,0,27,15
210,531,531,",",operator,0,27,16
211,533,535,int,keyword,0,27,18
212,537,537,k,identifier,0,27,22
213,538,538,),operator,0,27,23
214,540,540,{,operator,0,27,25
215,543,545,res,identifier,0,28,1
216,546,546,[,operator,0,28,4
217,547,547,k,identifier,0,28,5
218,548,548,],operator,0,28,6
219,549,549,=,operator,0,28,7
220,550,550,c,identifier,0,28,8
221,551,551,;,operator,0,28,9
222,554,556,for,keyword,0,29,1
223,557,557,(,operator,0,29,4
224,558,560,int,keyword,0,29,5
225,562,562,i,identifier,0,29,9
226,563,563,=,operator,0,29,10
227,564,564,0,integer,0,29,11
228,565,565,;,operator,0,29,12
229,566,566,i,identifier,0,29,13
230,567,567,<,operator,0,29,14
231,568,572,child,identifier,0,29,15
232,573,573,[,operator,0,29,20
233,574,574,k,identifier,0,29,21
234,575,575,],operator,0,29,22
235,576,576,.,operator,0,29,23
236,577,580,size,identifier,0,29,24
237,581,581,(,operator,0,29,28
238,582,582,),operator,0,29,29
239,583,583,;,operator,0,29,30
240,584,584,i,identifier,0,29,31
241,585,586,++,operator,0,29,32
242,587,587,),operator,0,29,34
243,590,590,{,operator,0,29,37
244,594,595,if,keyword,0,30,2
245,596,596,(,operator,0,30,4
246,597,597,f,identifier,0,30,5
247,598,598,(,operator,0,30,6
248,599,599,c,identifier,0,30,7
249,600,600,-,operator,0,30,8
250,601,601,1,integer,0,30,9
251,602,602,",",operator,0,30,10
252,603,607,child,identifier,0,30,11
253,608,608,[,operator,0,30,16
254,609,609,k,identifier,0,30,17
255,610,610,],operator,0,30,18
256,611,611,[,operator,0,30,19
257,612,612,i,identifier,0,30,20
258,613,613,],operator,0,30,21
259,614,614,),operator,0,30,22
260,615,615,),operator,0,30,23
261,617,617,{,operator,0,30,25
262,622,626,trace,identifier,0,31,3
263,627,627,(,operator,0,31,8
264,628,628,c,identifier,0,31,9
265,629,629,-,operator,0,31,10
266,630,630,1,integer,0,31,11
267,631,631,",",operator,0,31,12
268,632,636,child,identifier,0,31,13
269,637,637,[,operator,0,31,18
270,638,638,k,identifier,0,31,19
271,639,639,],operator,0,31,20
272,640,640,[,operator,0,31,21
273,641,641,i,identifier,0,31,22
274,642,642,],operator,0,31,23
275,643,643,),operator,0,31,24
276,644,644,;,operator,0,31,25
277,648,648,},operator,0,32,2
278,650,653,else,keyword,0,32,4
279,655,655,{,operator,0,32,9
280,660,664,trace,identifier,0,33,3
281,665,665,(,operator,0,33,8
282,666,666,c,identifier,0,33,9
283,667,667,+,operator,0,33,10
284,668,668,1,integer,0,33,11
285,669,669,",",operator,0,33,12
286,670,674,child,identifier,0,33,13
287,675,675,[,operator,0,33,18
288,676,676,k,identifier,0,33,19
289,677,677,],operator,0,33,20
290,678,678,[,operator,0,33,21
291,679,679,i,identifier,0,33,22
292,680,680,],operator,0,33,23
293,681,681,),operator,0,33,24
294,682,682,;,operator,0,33,25
295,686,686,},operator,0,34,2
296,689,689,},operator,0,35,1
297,691,691,},operator,0,36,0
298,695,698,bool,keyword,0,38,0
299,700,704,visit,identifier,0,38,5
300,705,705,[,operator,0,38,10
301,706,711,100001,integer,0,38,11
302,712,712,],operator,0,38,17
303,713,713,;,operator,0,38,18
304,717,720,void,keyword,0,40,0
305,722,724,dfs,identifier,0,40,5
306,725,725,(,operator,0,40,8
307,726,728,int,keyword,0,40,9
308,730,730,k,identifier,0,40,13
309,731,731,),operator,0,40,14
310,733,733,{,operator,0,40,16
311,736,740,visit,identifier,0,41,1
312,741,741,[,operator,0,41,6
313,742,742,k,identifier,0,41,7
314,743,743,],operator,0,41,8
315,744,744,=,operator,0,41,9
316,745,748,true,keyword,0,41,10
317,749,749,;,operator,0,41,14
318,752,754,for,keyword,0,42,1
319,755,755,(,operator,0,42,4
320,756,758,int,keyword,0,42,5
321,760,760,i,identifier,0,42,9
322,761,761,=,operator,0,42,10
323,762,762,0,integer,0,42,11
324,763,763,;,operator,0,42,12
325,764,764,i,identifier,0,42,13
326,765,765,<,operator,0,42,14
327,766,768,con,identifier,0,42,15
328,769,769,[,operator,0,42,18
329,770,770,k,identifier,0,42,19
330,771,771,],operator,0,42,20
331,772,772,.,operator,0,42,21
332,773,776,size,identifier,0,42,22
333,777,777,(,operator,0,42,26
334,778,778,),operator,0,42,27
335,779,779,;,operator,0,42,28
336,780,780,i,identifier,0,42,29
337,781,782,++,operator,0,42,30
338,783,783,),operator,0,42,32
339,785,785,{,operator,0,42,34
340,789,791,int,keyword,0,43,2
341,793,793,v,identifier,0,43,6
342,794,794,=,operator,0,43,7
343,795,797,con,identifier,0,43,8
344,798,798,[,operator,0,43,11
345,799,799,k,identifier,0,43,12
346,800,800,],operator,0,43,13
347,801,801,[,operator,0,43,14
348,802,802,i,identifier,0,43,15
349,803,803,],operator,0,43,16
350,804,804,;,operator,0,43,17
351,808,809,if,keyword,0,44,2
352,810,810,(,operator,0,44,4
353,811,811,"!",operator,0,44,5
354,812,816,visit,identifier,0,44,6
355,817,817,[,operator,0,44,11
356,818,818,v,identifier,0,44,12
357,819,819,],operator,0,44,13
358,820,820,),operator,0,44,14
359,822,822,{,operator,0,44,16
360,827,831,child,identifier,0,45,3
361,832,832,[,operator,0,45,8
362,833,833,k,identifier,0,45,9
363,834,834,],operator,0,45,10
364,835,835,.,operator,0,45,11
365,836,844,push_back,identifier,0,45,12
366,845,845,(,operator,0,45,21
367,846,846,v,identifier,0,45,22
368,847,847,),operator,0,45,23
369,848,848,;,operator,0,45,24
370,853,855,dfs,identifier,0,46,3
371,856,856,(,operator,0,46,6
372,857,857,v,identifier,0,46,7
373,858,858,),operator,0,46,8
374,859,859,;,operator,0,46,9
375,863,863,},operator,0,47,2
376,866,866,},operator,0,48,1
377,868,868,},operator,0,49,0
378,872,874,int,keyword,0,51,0
379,876,879,main,identifier,0,51,4
380,880,880,(,operator,0,51,8
381,881,881,),operator,0,51,9
382,883,883,{,operator,0,51,11
383,886,890,scanf,identifier,0,52,1
384,891,891,(,operator,0,52,6
385,892,895,"""%d""",string,0,52,7
386,896,896,",",operator,0,52,11
387,897,897,&,operator,0,52,12
388,898,898,n,identifier,0,52,13
389,899,899,),operator,0,52,14
390,900,900,;,operator,0,52,15
391,903,905,for,keyword,0,53,1
392,906,906,(,operator,0,53,4
393,907,909,int,keyword,0,53,5
394,911,911,i,identifier,0,53,9
395,912,912,=,operator,0,53,10
396,913,913,0,integer,0,53,11
397,914,914,;,operator,0,53,12
398,915,915,i,identifier,0,53,13
399,916,916,<,operator,0,53,14
400,917,917,n,identifier,0,53,15
401,918,918,-,operator,0,53,16
402,919,919,1,integer,0,53,17
403,920,920,;,operator,0,53,18
404,921,921,i,identifier,0,53,19
405,922,923,++,operator,0,53,20
406,924,924,),operator,0,53,22
407,926,926,{,operator,0,53,24
408,930,932,int,keyword,0,54,2
409,934,934,u,identifier,0,54,6
410,935,935,",",operator,0,54,7
411,937,937,v,identifier,0,54,9
412,938,938,;,operator,0,54,10
413,942,946,scanf,identifier,0,55,2
414,947,947,(,operator,0,55,7
415,948,954,"""%d %d""",string,0,55,8
416,955,955,",",operator,0,55,15
417,956,956,&,operator,0,55,16
418,957,957,u,identifier,0,55,17
419,958,958,",",operator,0,55,18
420,959,959,&,operator,0,55,19
421,960,960,v,identifier,0,55,20
422,961,961,),operator,0,55,21
423,962,962,;,operator,0,55,22
424,966,968,con,identifier,0,56,2
425,969,969,[,operator,0,56,5
426,970,970,u,identifier,0,56,6
427,971,971,],operator,0,56,7
428,972,972,.,operator,0,56,8
429,973,981,push_back,identifier,0,56,9
430,982,982,(,operator,0,56,18
431,983,983,v,identifier,0,56,19
432,984,984,),operator,0,56,20
433,985,985,;,operator,0,56,21
434,989,991,con,identifier,0,57,2
435,992,992,[,operator,0,57,5
436,993,993,v,identifier,0,57,6
437,994,994,],operator,0,57,7
438,995,995,.,operator,0,57,8
439,996,1004,push_back,identifier,0,57,9
440,1005,1005,(,operator,0,57,18
441,1006,1006,u,identifier,0,57,19
442,1007,1007,),operator,0,57,20
443,1008,1008,;,operator,0,57,21
444,1011,1011,},operator,0,58,1
445,1014,1016,int,keyword,0,59,1
446,1018,1018,k,identifier,0,59,5
447,1019,1019,;,operator,0,59,6
448,1022,1026,scanf,identifier,0,60,1
449,1027,1027,(,operator,0,60,6
450,1028,1031,"""%d""",string,0,60,7
451,1032,1032,",",operator,0,60,11
452,1033,1033,&,operator,0,60,12
453,1034,1034,k,identifier,0,60,13
454,1035,1035,),operator,0,60,14
455,1036,1036,;,operator,0,60,15
456,1039,1043,while,keyword,0,61,1
457,1044,1044,(,operator,0,61,6
458,1045,1045,k,identifier,0,61,7
459,1046,1047,--,operator,0,61,8
460,1048,1048,),operator,0,61,10
461,1050,1050,{,operator,0,61,12
462,1054,1056,int,keyword,0,62,2
463,1058,1058,v,identifier,0,62,6
464,1059,1059,",",operator,0,62,7
465,1061,1061,p,identifier,0,62,9
466,1062,1062,;,operator,0,62,10
467,1066,1070,scanf,identifier,0,63,2
468,1071,1071,(,operator,0,63,7
469,1072,1078,"""%d %d""",string,0,63,8
470,1079,1079,",",operator,0,63,15
471,1080,1080,&,operator,0,63,16
472,1081,1081,v,identifier,0,63,17
473,1082,1082,",",operator,0,63,18
474,1083,1083,&,operator,0,63,19
475,1084,1084,p,identifier,0,63,20
476,1085,1085,),operator,0,63,21
477,1086,1086,;,operator,0,63,22
478,1090,1090,a,identifier,0,64,2
479,1091,1091,[,operator,0,64,3
480,1092,1092,v,identifier,0,64,4
481,1093,1093,],operator,0,64,5
482,1094,1094,=,operator,0,64,6
483,1095,1095,p,identifier,0,64,7
484,1096,1096,;,operator,0,64,8
485,1098,1099,wt,identifier,0,64,10
486,1100,1100,[,operator,0,64,12
487,1101,1101,v,identifier,0,64,13
488,1102,1102,],operator,0,64,14
489,1103,1103,=,operator,0,64,15
490,1104,1107,true,keyword,0,64,16
491,1108,1108,;,operator,0,64,20
492,1111,1111,},operator,0,65,1
493,1114,1116,int,keyword,0,66,1
494,1118,1119,rt,identifier,0,66,5
495,1120,1120,=,operator,0,66,7
496,1121,1121,-,operator,0,66,8
497,1122,1122,1,integer,0,66,9
498,1123,1123,;,operator,0,66,10
499,1126,1128,for,keyword,0,67,1
500,1129,1129,(,operator,0,67,4
501,1130,1132,int,keyword,0,67,5
502,1134,1134,i,identifier,0,67,9
503,1135,1135,=,operator,0,67,10
504,1136,1136,1,integer,0,67,11
505,1137,1137,;,operator,0,67,12
506,1138,1138,i,identifier,0,67,13
507,1139,1140,<=,operator,0,67,14
508,1141,1141,n,identifier,0,67,16
509,1142,1142,;,operator,0,67,17
510,1143,1143,i,identifier,0,67,18
511,1144,1145,++,operator,0,67,19
512,1146,1146,),operator,0,67,21
513,1148,1148,{,operator,0,67,23
514,1152,1153,if,keyword,0,68,2
515,1154,1154,(,operator,0,68,4
516,1155,1156,wt,identifier,0,68,5
517,1157,1157,[,operator,0,68,7
518,1158,1158,i,identifier,0,68,8
519,1159,1159,],operator,0,68,9
520,1160,1160,),operator,0,68,10
521,1162,1162,{,operator,0,68,12
522,1167,1168,rt,identifier,0,69,3
523,1169,1169,=,operator,0,69,5
524,1170,1170,i,identifier,0,69,6
525,1171,1171,;,operator,0,69,7
526,1173,1175,dfs,identifier,0,69,9
527,1176,1176,(,operator,0,69,12
528,1177,1177,i,identifier,0,69,13
529,1178,1178,),operator,0,69,14
530,1179,1179,;,operator,0,69,15
531,1181,1185,break,keyword,0,69,17
532,1186,1186,;,operator,0,69,22
533,1190,1190,},operator,0,70,2
534,1193,1193,},operator,0,71,1
535,1196,1197,if,keyword,0,72,1
536,1198,1198,(,operator,0,72,3
537,1199,1199,f,identifier,0,72,4
538,1200,1200,(,operator,0,72,5
539,1201,1201,a,identifier,0,72,6
540,1202,1202,[,operator,0,72,7
541,1203,1204,rt,identifier,0,72,8
542,1205,1205,],operator,0,72,10
543,1206,1206,",",operator,0,72,11
544,1207,1208,rt,identifier,0,72,12
545,1209,1209,),operator,0,72,14
546,1210,1210,),operator,0,72,15
547,1212,1212,{,operator,0,72,17
548,1216,1219,puts,identifier,0,73,2
549,1220,1220,(,operator,0,73,6
550,1221,1225,"""Yes""",string,0,73,7
551,1226,1226,),operator,0,73,12
552,1227,1227,;,operator,0,73,13
553,1231,1235,trace,identifier,0,74,2
554,1236,1236,(,operator,0,74,7
555,1237,1237,a,identifier,0,74,8
556,1238,1238,[,operator,0,74,9
557,1239,1240,rt,identifier,0,74,10
558,1241,1241,],operator,0,74,12
559,1242,1242,",",operator,0,74,13
560,1243,1244,rt,identifier,0,74,14
561,1245,1245,),operator,0,74,16
562,1246,1246,;,operator,0,74,17
563,1250,1252,for,keyword,0,75,2
564,1253,1253,(,operator,0,75,5
565,1254,1256,int,keyword,0,75,6
566,1258,1258,i,identifier,0,75,10
567,1259,1259,=,operator,0,75,11
568,1260,1260,1,integer,0,75,12
569,1261,1261,;,operator,0,75,13
570,1262,1262,i,identifier,0,75,14
571,1263,1264,<=,operator,0,75,15
572,1265,1265,n,identifier,0,75,17
573,1266,1266,;,operator,0,75,18
574,1267,1267,i,identifier,0,75,19
575,1268,1269,++,operator,0,75,20
576,1270,1270,),operator,0,75,22
577,1275,1280,printf,identifier,0,76,3
578,1281,1281,(,operator,0,76,9
579,1282,1287,"""%d\n""",string,0,76,10
580,1288,1288,",",operator,0,76,16
581,1289,1291,res,identifier,0,76,17
582,1292,1292,[,operator,0,76,20
583,1293,1293,i,identifier,0,76,21
584,1294,1294,],operator,0,76,22
585,1295,1295,),operator,0,76,23
586,1296,1296,;,operator,0,76,24
587,1300,1305,return,keyword,0,77,2
588,1307,1307,0,integer,0,77,9
589,1308,1308,;,operator,0,77,10
590,1311,1311,},operator,0,78,1
591,1313,1316,else,keyword,0,78,3
592,1318,1321,puts,identifier,0,78,8
593,1322,1322,(,operator,0,78,12
594,1323,1326,"""No""",string,0,78,13
595,1327,1327,),operator,0,78,17
596,1328,1328,;,operator,0,78,18
597,1331,1336,return,keyword,0,79,1
598,1338,1338,0,integer,0,79,8
599,1339,1339,;,operator,0,79,9
600,1341,1341,},operator,0,80,0
601,1342,1341,<EOF>,eof,0,80,1
