seqnr,start,stop,text,class,channel,line,column
0,0,17,"#include<iostream>",directive,1,1,0
1,19,37,"#include<algorithm>",directive,1,2,0
2,39,53,"#include<queue>",directive,1,3,0
3,55,70,"#include<vector>",directive,1,4,0
4,72,76,using,keyword,0,5,0
5,78,86,namespace,keyword,0,5,6
6,88,90,std,identifier,0,5,16
7,91,91,;,operator,0,5,19
8,93,95,int,keyword,0,6,0
9,97,97,n,identifier,0,6,4
10,98,98,",",operator,0,6,5
11,100,100,k,identifier,0,6,7
12,101,101,",",operator,0,6,8
13,103,103,a,identifier,0,6,10
14,104,104,",",operator,0,6,11
15,106,106,b,identifier,0,6,13
16,107,107,;,operator,0,6,14
17,109,114,vector,identifier,0,6,16
18,115,115,<,operator,0,6,22
19,116,118,int,keyword,0,6,23
20,119,119,>,operator,0,6,26
21,120,120,x,identifier,0,6,27
22,121,121,[,operator,0,6,28
23,122,127,100007,integer,0,6,29
24,128,128,],operator,0,6,35
25,129,129,;,operator,0,6,36
26,131,133,int,keyword,0,7,0
27,135,135,s,identifier,0,7,4
28,136,136,[,operator,0,7,5
29,137,142,100007,integer,0,7,6
30,143,143,],operator,0,7,12
31,144,144,",",operator,0,7,13
32,146,146,t,identifier,0,7,15
33,147,147,[,operator,0,7,16
34,148,153,100007,integer,0,7,17
35,154,154,],operator,0,7,23
36,155,155,",",operator,0,7,24
37,157,160,dist,identifier,0,7,26
38,161,161,[,operator,0,7,30
39,162,167,100007,integer,0,7,31
40,168,168,],operator,0,7,37
41,169,169,;,operator,0,7,38
42,171,175,queue,identifier,0,8,0
43,176,176,<,operator,0,8,5
44,177,179,int,keyword,0,8,6
45,180,180,>,operator,0,8,9
46,181,181,Q,identifier,0,8,10
47,182,182,;,operator,0,8,11
48,184,187,void,keyword,0,9,0
49,189,191,bfs,identifier,0,9,5
50,192,192,(,operator,0,9,8
51,193,193,),operator,0,9,9
52,195,195,{,operator,0,9,11
53,198,200,for,keyword,0,10,1
54,202,202,(,operator,0,10,5
55,203,205,int,keyword,0,10,6
56,207,207,i,identifier,0,10,10
57,209,209,=,operator,0,10,12
58,211,211,0,integer,0,10,14
59,212,212,;,operator,0,10,15
60,214,214,i,identifier,0,10,17
61,216,216,<,operator,0,10,19
62,218,223,100007,integer,0,10,21
63,224,224,;,operator,0,10,27
64,226,226,i,identifier,0,10,29
65,227,228,++,operator,0,10,30
66,229,229,),operator,0,10,32
67,231,231,{,operator,0,10,34
68,233,236,dist,identifier,0,10,36
69,237,237,[,operator,0,10,40
70,238,238,i,identifier,0,10,41
71,239,239,],operator,0,10,42
72,241,241,=,operator,0,10,44
73,243,251,100000007,integer,0,10,46
74,252,252,;,operator,0,10,55
75,254,254,},operator,0,10,57
76,257,257,Q,identifier,0,11,1
77,258,258,.,operator,0,11,2
78,259,262,push,identifier,0,11,3
79,263,263,(,operator,0,11,7
80,264,264,1,integer,0,11,8
81,265,265,),operator,0,11,9
82,266,266,;,operator,0,11,10
83,269,273,while,keyword,0,12,1
84,275,275,(,operator,0,12,7
85,276,276,"!",operator,0,12,8
86,277,277,Q,identifier,0,12,9
87,278,278,.,operator,0,12,10
88,279,283,empty,identifier,0,12,11
89,284,284,(,operator,0,12,16
90,285,285,),operator,0,12,17
91,286,286,),operator,0,12,18
92,288,288,{,operator,0,12,20
93,292,294,int,keyword,0,13,2
94,296,297,a1,identifier,0,13,6
95,299,299,=,operator,0,13,9
96,301,301,Q,identifier,0,13,11
97,302,302,.,operator,0,13,12
98,303,307,front,identifier,0,13,13
99,308,308,(,operator,0,13,18
100,309,309,),operator,0,13,19
101,310,310,;,operator,0,13,20
102,312,312,Q,identifier,0,13,22
103,313,313,.,operator,0,13,23
104,314,316,pop,identifier,0,13,24
105,317,317,(,operator,0,13,27
106,318,318,),operator,0,13,28
107,319,319,;,operator,0,13,29
108,323,325,for,keyword,0,14,2
109,327,327,(,operator,0,14,6
110,328,330,int,keyword,0,14,7
111,332,332,i,identifier,0,14,11
112,334,334,=,operator,0,14,13
113,336,336,0,integer,0,14,15
114,337,337,;,operator,0,14,16
115,339,339,i,identifier,0,14,18
116,341,341,<,operator,0,14,20
117,343,343,x,identifier,0,14,22
118,344,344,[,operator,0,14,23
119,345,346,a1,identifier,0,14,24
120,347,347,],operator,0,14,26
121,348,348,.,operator,0,14,27
122,349,352,size,identifier,0,14,28
123,353,353,(,operator,0,14,32
124,354,354,),operator,0,14,33
125,355,355,;,operator,0,14,34
126,357,357,i,identifier,0,14,36
127,358,359,++,operator,0,14,37
128,360,360,),operator,0,14,39
129,362,362,{,operator,0,14,41
130,367,368,if,keyword,0,15,3
131,370,370,(,operator,0,15,6
132,371,374,dist,identifier,0,15,7
133,375,375,[,operator,0,15,11
134,376,376,x,identifier,0,15,12
135,377,377,[,operator,0,15,13
136,378,379,a1,identifier,0,15,14
137,380,380,],operator,0,15,16
138,381,381,[,operator,0,15,17
139,382,382,i,identifier,0,15,18
140,383,383,],operator,0,15,19
141,384,384,],operator,0,15,20
142,386,387,>=,operator,0,15,22
143,389,395,1000000,integer,0,15,25
144,396,396,),operator,0,15,32
145,398,398,{,operator,0,15,34
146,400,403,dist,identifier,0,15,36
147,404,404,[,operator,0,15,40
148,405,405,x,identifier,0,15,41
149,406,406,[,operator,0,15,42
150,407,408,a1,identifier,0,15,43
151,409,409,],operator,0,15,45
152,410,410,[,operator,0,15,46
153,411,411,i,identifier,0,15,47
154,412,412,],operator,0,15,48
155,413,413,],operator,0,15,49
156,415,415,=,operator,0,15,51
157,417,420,dist,identifier,0,15,53
158,421,421,[,operator,0,15,57
159,422,423,a1,identifier,0,15,58
160,424,424,],operator,0,15,60
161,426,426,+,operator,0,15,62
162,428,428,1,integer,0,15,64
163,429,429,;,operator,0,15,65
164,431,431,Q,identifier,0,15,67
165,432,432,.,operator,0,15,68
166,433,436,push,identifier,0,15,69
167,437,437,(,operator,0,15,73
168,438,438,x,identifier,0,15,74
169,439,439,[,operator,0,15,75
170,440,441,a1,identifier,0,15,76
171,442,442,],operator,0,15,78
172,443,443,[,operator,0,15,79
173,444,444,i,identifier,0,15,80
174,445,445,],operator,0,15,81
175,446,446,),operator,0,15,82
176,447,447,;,operator,0,15,83
177,449,449,},operator,0,15,85
178,453,453,},operator,0,16,2
179,456,456,},operator,0,17,1
180,458,458,},operator,0,18,0
181,460,462,int,keyword,0,19,0
182,464,467,main,identifier,0,19,4
183,468,468,(,operator,0,19,8
184,469,469,),operator,0,19,9
185,471,471,{,operator,0,19,11
186,474,476,for,keyword,0,20,1
187,478,478,(,operator,0,20,5
188,479,481,int,keyword,0,20,6
189,483,483,i,identifier,0,20,10
190,485,485,=,operator,0,20,12
191,487,487,0,integer,0,20,14
192,488,488,;,operator,0,20,15
193,490,490,i,identifier,0,20,17
194,492,492,<,operator,0,20,19
195,494,499,100007,integer,0,20,21
196,500,500,;,operator,0,20,27
197,502,502,i,identifier,0,20,29
198,503,504,++,operator,0,20,30
199,505,505,),operator,0,20,32
200,507,507,{,operator,0,20,34
201,509,509,s,identifier,0,20,36
202,510,510,[,operator,0,20,37
203,511,511,i,identifier,0,20,38
204,512,512,],operator,0,20,39
205,514,514,=,operator,0,20,41
206,516,516,-,operator,0,20,43
207,517,525,100000005,integer,0,20,44
208,526,526,;,operator,0,20,53
209,528,528,t,identifier,0,20,55
210,529,529,[,operator,0,20,56
211,530,530,i,identifier,0,20,57
212,531,531,],operator,0,20,58
213,533,533,=,operator,0,20,60
214,535,543,100000005,integer,0,20,62
215,544,544,;,operator,0,20,71
216,546,546,},operator,0,20,73
217,549,551,cin,identifier,0,21,1
218,553,553,>,operator,0,21,5
219,554,554,>,operator,0,21,6
220,556,556,n,identifier,0,21,8
221,557,557,;,operator,0,21,9
222,559,561,for,keyword,0,21,11
223,563,563,(,operator,0,21,15
224,564,566,int,keyword,0,21,16
225,568,568,i,identifier,0,21,20
226,570,570,=,operator,0,21,22
227,572,572,0,integer,0,21,24
228,573,573,;,operator,0,21,25
229,575,575,i,identifier,0,21,27
230,577,577,<,operator,0,21,29
231,579,579,n,identifier,0,21,31
232,580,580,;,operator,0,21,32
233,582,582,i,identifier,0,21,34
234,583,584,++,operator,0,21,35
235,585,585,),operator,0,21,37
236,587,587,{,operator,0,21,39
237,589,591,cin,identifier,0,21,41
238,593,593,>,operator,0,21,45
239,594,594,>,operator,0,21,46
240,596,596,a,identifier,0,21,48
241,598,598,>,operator,0,21,50
242,599,599,>,operator,0,21,51
243,601,601,b,identifier,0,21,53
244,602,602,;,operator,0,21,54
245,604,604,x,identifier,0,21,56
246,605,605,[,operator,0,21,57
247,606,606,a,identifier,0,21,58
248,607,607,],operator,0,21,59
249,608,608,.,operator,0,21,60
250,609,617,push_back,identifier,0,21,61
251,618,618,(,operator,0,21,70
252,619,619,b,identifier,0,21,71
253,620,620,),operator,0,21,72
254,621,621,;,operator,0,21,73
255,623,623,x,identifier,0,21,75
256,624,624,[,operator,0,21,76
257,625,625,b,identifier,0,21,77
258,626,626,],operator,0,21,78
259,627,627,.,operator,0,21,79
260,628,636,push_back,identifier,0,21,80
261,637,637,(,operator,0,21,89
262,638,638,a,identifier,0,21,90
263,639,639,),operator,0,21,91
264,640,640,;,operator,0,21,92
265,642,642,},operator,0,21,94
266,645,647,bfs,identifier,0,22,1
267,648,648,(,operator,0,22,4
268,649,649,),operator,0,22,5
269,650,650,;,operator,0,22,6
270,652,654,cin,identifier,0,22,8
271,656,656,>,operator,0,22,12
272,657,657,>,operator,0,22,13
273,659,659,k,identifier,0,22,15
274,660,660,;,operator,0,22,16
275,662,664,int,keyword,0,22,18
276,666,667,GK,identifier,0,22,22
277,669,669,=,operator,0,22,25
278,671,671,0,integer,0,22,27
279,672,672,;,operator,0,22,28
280,674,676,for,keyword,0,22,30
281,678,678,(,operator,0,22,34
282,679,681,int,keyword,0,22,35
283,683,683,i,identifier,0,22,39
284,685,685,=,operator,0,22,41
285,687,687,0,integer,0,22,43
286,688,688,;,operator,0,22,44
287,690,690,i,identifier,0,22,46
288,692,692,<,operator,0,22,48
289,694,694,k,identifier,0,22,50
290,695,695,;,operator,0,22,51
291,697,697,i,identifier,0,22,53
292,698,699,++,operator,0,22,54
293,700,700,),operator,0,22,56
294,702,702,{,operator,0,22,58
295,704,706,cin,identifier,0,22,60
296,708,708,>,operator,0,22,64
297,709,709,>,operator,0,22,65
298,711,711,a,identifier,0,22,67
299,713,713,>,operator,0,22,69
300,714,714,>,operator,0,22,70
301,716,716,b,identifier,0,22,72
302,717,717,;,operator,0,22,73
303,719,719,s,identifier,0,22,75
304,720,720,[,operator,0,22,76
305,721,721,a,identifier,0,22,77
306,722,722,],operator,0,22,78
307,724,724,=,operator,0,22,80
308,726,726,b,identifier,0,22,82
309,727,727,;,operator,0,22,83
310,729,729,t,identifier,0,22,85
311,730,730,[,operator,0,22,86
312,731,731,a,identifier,0,22,87
313,732,732,],operator,0,22,88
314,734,734,=,operator,0,22,90
315,736,736,b,identifier,0,22,92
316,737,737,;,operator,0,22,93
317,739,739,Q,identifier,0,22,95
318,740,740,.,operator,0,22,96
319,741,744,push,identifier,0,22,97
320,745,745,(,operator,0,22,101
321,746,746,a,identifier,0,22,102
322,747,747,),operator,0,22,103
323,748,748,;,operator,0,22,104
324,750,751,GK,identifier,0,22,106
325,753,753,=,operator,0,22,109
326,755,755,(,operator,0,22,111
327,756,759,dist,identifier,0,22,112
328,760,760,[,operator,0,22,116
329,761,761,a,identifier,0,22,117
330,762,762,],operator,0,22,118
331,764,764,+,operator,0,22,120
332,766,772,1000000,integer,0,22,122
333,774,774,-,operator,0,22,130
334,776,776,b,identifier,0,22,132
335,777,777,),operator,0,22,133
336,779,779,%,operator,0,22,135
337,781,781,2,integer,0,22,137
338,782,782,;,operator,0,22,138
339,784,784,},operator,0,22,140
340,787,789,for,keyword,0,23,1
341,791,791,(,operator,0,23,5
342,792,794,int,keyword,0,23,6
343,796,796,i,identifier,0,23,10
344,798,798,=,operator,0,23,12
345,800,800,1,integer,0,23,14
346,801,801,;,operator,0,23,15
347,803,803,i,identifier,0,23,17
348,805,806,<=,operator,0,23,19
349,808,808,n,identifier,0,23,22
350,809,809,;,operator,0,23,23
351,811,811,i,identifier,0,23,25
352,812,813,++,operator,0,23,26
353,814,814,),operator,0,23,28
354,816,816,{,operator,0,23,30
355,818,819,if,keyword,0,23,32
356,821,821,(,operator,0,23,35
357,822,822,s,identifier,0,23,36
358,823,823,[,operator,0,23,37
359,824,824,a,identifier,0,23,38
360,825,825,],operator,0,23,39
361,827,828,>=,operator,0,23,41
362,830,830,0,integer,0,23,44
363,832,833,&&,operator,0,23,46
364,835,835,(,operator,0,23,49
365,836,836,s,identifier,0,23,50
366,837,837,[,operator,0,23,51
367,838,838,a,identifier,0,23,52
368,839,839,],operator,0,23,53
369,841,841,+,operator,0,23,55
370,843,849,1000000,integer,0,23,57
371,851,851,-,operator,0,23,65
372,853,856,dist,identifier,0,23,67
373,857,857,[,operator,0,23,71
374,858,858,a,identifier,0,23,72
375,859,859,],operator,0,23,73
376,860,860,),operator,0,23,74
377,862,862,%,operator,0,23,76
378,864,864,2,integer,0,23,78
379,866,867,"!=",operator,0,23,80
380,869,870,GK,identifier,0,23,83
381,871,871,),operator,0,23,85
382,873,873,{,operator,0,23,87
383,875,878,cout,identifier,0,23,89
384,880,880,<,operator,0,23,94
385,881,881,<,operator,0,23,95
386,883,886,"""No""",string,0,23,97
387,888,888,<,operator,0,23,102
388,889,889,<,operator,0,23,103
389,891,894,endl,identifier,0,23,105
390,895,895,;,operator,0,23,109
391,897,902,return,keyword,0,23,111
392,904,904,0,integer,0,23,118
393,905,905,;,operator,0,23,119
394,907,907,},operator,0,23,121
395,909,909,},operator,0,23,123
396,912,916,while,keyword,0,24,1
397,918,918,(,operator,0,24,7
398,919,919,"!",operator,0,24,8
399,920,920,Q,identifier,0,24,9
400,921,921,.,operator,0,24,10
401,922,926,empty,identifier,0,24,11
402,927,927,(,operator,0,24,16
403,928,928,),operator,0,24,17
404,929,929,),operator,0,24,18
405,931,931,{,operator,0,24,20
406,935,937,int,keyword,0,25,2
407,939,940,a1,identifier,0,25,6
408,942,942,=,operator,0,25,9
409,944,944,Q,identifier,0,25,11
410,945,945,.,operator,0,25,12
411,946,950,front,identifier,0,25,13
412,951,951,(,operator,0,25,18
413,952,952,),operator,0,25,19
414,953,953,;,operator,0,25,20
415,955,955,Q,identifier,0,25,22
416,956,956,.,operator,0,25,23
417,957,959,pop,identifier,0,25,24
418,960,960,(,operator,0,25,27
419,961,961,),operator,0,25,28
420,962,962,;,operator,0,25,29
421,966,968,for,keyword,0,26,2
422,970,970,(,operator,0,26,6
423,971,973,int,keyword,0,26,7
424,975,975,i,identifier,0,26,11
425,977,977,=,operator,0,26,13
426,979,979,0,integer,0,26,15
427,980,980,;,operator,0,26,16
428,982,982,i,identifier,0,26,18
429,984,984,<,operator,0,26,20
430,986,986,x,identifier,0,26,22
431,987,987,[,operator,0,26,23
432,988,989,a1,identifier,0,26,24
433,990,990,],operator,0,26,26
434,991,991,.,operator,0,26,27
435,992,995,size,identifier,0,26,28
436,996,996,(,operator,0,26,32
437,997,997,),operator,0,26,33
438,998,998,;,operator,0,26,34
439,1000,1000,i,identifier,0,26,36
440,1001,1002,++,operator,0,26,37
441,1003,1003,),operator,0,26,39
442,1005,1005,{,operator,0,26,41
443,1010,1012,int,keyword,0,27,3
444,1014,1015,to,identifier,0,27,7
445,1017,1017,=,operator,0,27,10
446,1019,1019,x,identifier,0,27,12
447,1020,1020,[,operator,0,27,13
448,1021,1022,a1,identifier,0,27,14
449,1023,1023,],operator,0,27,16
450,1024,1024,[,operator,0,27,17
451,1025,1025,i,identifier,0,27,18
452,1026,1026,],operator,0,27,19
453,1027,1027,;,operator,0,27,20
454,1032,1034,int,keyword,0,28,3
455,1036,1037,L1,identifier,0,28,7
456,1039,1039,=,operator,0,28,10
457,1041,1041,s,identifier,0,28,12
458,1042,1042,[,operator,0,28,13
459,1043,1044,a1,identifier,0,28,14
460,1045,1045,],operator,0,28,16
461,1047,1047,-,operator,0,28,18
462,1049,1049,1,integer,0,28,20
463,1050,1050,",",operator,0,28,21
464,1052,1053,L2,identifier,0,28,23
465,1055,1055,=,operator,0,28,26
466,1057,1057,t,identifier,0,28,28
467,1058,1058,[,operator,0,28,29
468,1059,1060,a1,identifier,0,28,30
469,1061,1061,],operator,0,28,32
470,1063,1063,+,operator,0,28,34
471,1065,1065,1,integer,0,28,36
472,1066,1066,;,operator,0,28,37
473,1071,1074,bool,keyword,0,29,3
474,1076,1079,flag,identifier,0,29,8
475,1081,1081,=,operator,0,29,13
476,1083,1087,false,keyword,0,29,15
477,1088,1088,;,operator,0,29,20
478,1093,1094,if,keyword,0,30,3
479,1096,1096,(,operator,0,30,6
480,1097,1097,s,identifier,0,30,7
481,1098,1098,[,operator,0,30,8
482,1099,1100,to,identifier,0,30,9
483,1101,1101,],operator,0,30,11
484,1103,1103,<,operator,0,30,13
485,1105,1106,L1,identifier,0,30,15
486,1107,1107,),operator,0,30,17
487,1109,1109,{,operator,0,30,19
488,1111,1111,s,identifier,0,30,21
489,1112,1112,[,operator,0,30,22
490,1113,1114,to,identifier,0,30,23
491,1115,1115,],operator,0,30,25
492,1117,1117,=,operator,0,30,27
493,1119,1120,L1,identifier,0,30,29
494,1121,1121,;,operator,0,30,31
495,1123,1126,flag,identifier,0,30,33
496,1128,1128,=,operator,0,30,38
497,1130,1133,true,keyword,0,30,40
498,1134,1134,;,operator,0,30,44
499,1136,1136,},operator,0,30,46
500,1141,1142,if,keyword,0,31,3
501,1144,1144,(,operator,0,31,6
502,1145,1145,t,identifier,0,31,7
503,1146,1146,[,operator,0,31,8
504,1147,1148,to,identifier,0,31,9
505,1149,1149,],operator,0,31,11
506,1151,1151,>,operator,0,31,13
507,1153,1154,L2,identifier,0,31,15
508,1155,1155,),operator,0,31,17
509,1157,1157,{,operator,0,31,19
510,1159,1159,t,identifier,0,31,21
511,1160,1160,[,operator,0,31,22
512,1161,1162,to,identifier,0,31,23
513,1163,1163,],operator,0,31,25
514,1165,1165,=,operator,0,31,27
515,1167,1168,L2,identifier,0,31,29
516,1169,1169,;,operator,0,31,31
517,1171,1174,flag,identifier,0,31,33
518,1176,1176,=,operator,0,31,38
519,1178,1181,true,keyword,0,31,40
520,1182,1182,;,operator,0,31,44
521,1184,1184,},operator,0,31,46
522,1189,1190,if,keyword,0,32,3
523,1192,1192,(,operator,0,32,6
524,1193,1196,flag,identifier,0,32,7
525,1198,1199,==,operator,0,32,12
526,1201,1204,true,keyword,0,32,15
527,1205,1205,),operator,0,32,19
528,1207,1207,{,operator,0,32,21
529,1209,1209,Q,identifier,0,32,23
530,1210,1210,.,operator,0,32,24
531,1211,1214,push,identifier,0,32,25
532,1215,1215,(,operator,0,32,29
533,1216,1217,to,identifier,0,32,30
534,1218,1218,),operator,0,32,32
535,1219,1219,;,operator,0,32,33
536,1221,1221,},operator,0,32,35
537,1225,1225,},operator,0,33,2
538,1228,1228,},operator,0,34,1
539,1231,1233,for,keyword,0,35,1
540,1235,1235,(,operator,0,35,5
541,1236,1238,int,keyword,0,35,6
542,1240,1240,i,identifier,0,35,10
543,1242,1242,=,operator,0,35,12
544,1244,1244,1,integer,0,35,14
545,1245,1245,;,operator,0,35,15
546,1247,1247,i,identifier,0,35,17
547,1249,1250,<=,operator,0,35,19
548,1252,1252,n,identifier,0,35,22
549,1253,1253,;,operator,0,35,23
550,1255,1255,i,identifier,0,35,25
551,1256,1257,++,operator,0,35,26
552,1258,1258,),operator,0,35,28
553,1260,1260,{,operator,0,35,30
554,1262,1263,if,keyword,0,35,32
555,1265,1265,(,operator,0,35,35
556,1266,1266,s,identifier,0,35,36
557,1267,1267,[,operator,0,35,37
558,1268,1268,i,identifier,0,35,38
559,1269,1269,],operator,0,35,39
560,1271,1271,>,operator,0,35,41
561,1273,1273,t,identifier,0,35,43
562,1274,1274,[,operator,0,35,44
563,1275,1275,i,identifier,0,35,45
564,1276,1276,],operator,0,35,46
565,1277,1277,),operator,0,35,47
566,1279,1279,{,operator,0,35,49
567,1281,1284,cout,identifier,0,35,51
568,1286,1286,<,operator,0,35,56
569,1287,1287,<,operator,0,35,57
570,1289,1292,"""No""",string,0,35,59
571,1294,1294,<,operator,0,35,64
572,1295,1295,<,operator,0,35,65
573,1297,1300,endl,identifier,0,35,67
574,1301,1301,;,operator,0,35,71
575,1303,1308,return,keyword,0,35,73
576,1310,1310,0,integer,0,35,80
577,1311,1311,;,operator,0,35,81
578,1313,1313,},operator,0,35,83
579,1315,1315,},operator,0,35,85
580,1318,1321,cout,identifier,0,36,1
581,1323,1323,<,operator,0,36,6
582,1324,1324,<,operator,0,36,7
583,1326,1330,"""Yes""",string,0,36,9
584,1332,1332,<,operator,0,36,15
585,1333,1333,<,operator,0,36,16
586,1335,1338,endl,identifier,0,36,18
587,1339,1339,;,operator,0,36,22
588,1342,1344,for,keyword,0,37,1
589,1346,1346,(,operator,0,37,5
590,1347,1349,int,keyword,0,37,6
591,1351,1351,i,identifier,0,37,10
592,1353,1353,=,operator,0,37,12
593,1355,1355,1,integer,0,37,14
594,1356,1356,;,operator,0,37,15
595,1358,1358,i,identifier,0,37,17
596,1360,1361,<=,operator,0,37,19
597,1363,1363,n,identifier,0,37,22
598,1364,1364,;,operator,0,37,23
599,1366,1366,i,identifier,0,37,25
600,1367,1368,++,operator,0,37,26
601,1369,1369,),operator,0,37,28
602,1370,1373,cout,identifier,0,37,29
603,1375,1375,<,operator,0,37,34
604,1376,1376,<,operator,0,37,35
605,1378,1378,s,identifier,0,37,37
606,1379,1379,[,operator,0,37,38
607,1380,1380,i,identifier,0,37,39
608,1381,1381,],operator,0,37,40
609,1383,1383,<,operator,0,37,42
610,1384,1384,<,operator,0,37,43
611,1386,1389,endl,identifier,0,37,45
612,1390,1390,;,operator,0,37,49
613,1393,1398,return,keyword,0,38,1
614,1400,1400,0,integer,0,38,8
615,1401,1401,;,operator,0,38,9
616,1403,1403,},operator,0,39,0
617,1404,1403,<EOF>,eof,0,39,1
