seqnr,start,stop,text,class,channel,line,column
0,0,23,"#include <bits/stdc++.h>",directive,1,1,0
1,25,29,using,keyword,0,2,0
2,31,39,namespace,keyword,0,2,6
3,41,43,std,identifier,0,2,16
4,44,44,;,operator,0,2,19
5,47,114,"#define dump(...) cout<<""# ""<<#__VA_ARGS__<<'='<<(__VA_ARGS__)<<endl",directive,1,4,0
6,116,165,"#define repi(i,a,b) for(int i=int(a);i<int(b);i++)",directive,1,5,0
7,167,215,"#define peri(i,a,b) for(int i=int(b);i-->int(a);)",directive,1,6,0
8,217,244,"#define rep(i,n) repi(i,0,n)",directive,1,7,0
9,246,273,"#define per(i,n) peri(i,0,n)",directive,1,8,0
10,275,304,"#define all(c) begin(c),end(c)",directive,1,9,0
11,306,325,"#define mp make_pair",directive,1,10,0
12,327,347,"#define mt make_tuple",directive,1,11,0
13,350,354,using,keyword,0,13,0
14,356,359,uint,identifier,0,13,6
15,360,360,=,operator,0,13,10
16,361,368,unsigned,keyword,0,13,11
17,369,369,;,operator,0,13,19
18,371,375,using,keyword,0,14,0
19,377,378,ll,identifier,0,14,6
20,379,379,=,operator,0,14,8
21,380,383,long,keyword,0,14,9
22,385,388,long,keyword,0,14,14
23,389,389,;,operator,0,14,18
24,391,395,using,keyword,0,15,0
25,397,399,ull,identifier,0,15,6
26,400,400,=,operator,0,15,9
27,401,408,unsigned,keyword,0,15,10
28,410,413,long,keyword,0,15,19
29,415,418,long,keyword,0,15,24
30,419,419,;,operator,0,15,28
31,421,425,using,keyword,0,16,0
32,427,428,vi,identifier,0,16,6
33,429,429,=,operator,0,16,8
34,430,435,vector,identifier,0,16,9
35,436,436,<,operator,0,16,15
36,437,439,int,keyword,0,16,16
37,440,440,>,operator,0,16,19
38,441,441,;,operator,0,16,20
39,443,447,using,keyword,0,17,0
40,449,451,vvi,identifier,0,17,6
41,452,452,=,operator,0,17,9
42,453,458,vector,identifier,0,17,10
43,459,459,<,operator,0,17,16
44,460,461,vi,identifier,0,17,17
45,462,462,>,operator,0,17,19
46,463,463,;,operator,0,17,20
47,465,469,using,keyword,0,18,0
48,471,472,vl,identifier,0,18,6
49,473,473,=,operator,0,18,8
50,474,479,vector,identifier,0,18,9
51,480,480,<,operator,0,18,15
52,481,482,ll,identifier,0,18,16
53,483,483,>,operator,0,18,18
54,484,484,;,operator,0,18,19
55,486,490,using,keyword,0,19,0
56,492,494,vvl,identifier,0,19,6
57,495,495,=,operator,0,19,9
58,496,501,vector,identifier,0,19,10
59,502,502,<,operator,0,19,16
60,503,504,vl,identifier,0,19,17
61,505,505,>,operator,0,19,19
62,506,506,;,operator,0,19,20
63,508,512,using,keyword,0,20,0
64,514,515,vd,identifier,0,20,6
65,516,516,=,operator,0,20,8
66,517,522,vector,identifier,0,20,9
67,523,523,<,operator,0,20,15
68,524,529,double,keyword,0,20,16
69,530,530,>,operator,0,20,22
70,531,531,;,operator,0,20,23
71,533,537,using,keyword,0,21,0
72,539,541,vvd,identifier,0,21,6
73,542,542,=,operator,0,21,9
74,543,548,vector,identifier,0,21,10
75,549,549,<,operator,0,21,16
76,550,551,vd,identifier,0,21,17
77,552,552,>,operator,0,21,19
78,553,553,;,operator,0,21,20
79,555,559,using,keyword,0,22,0
80,561,562,vs,identifier,0,22,6
81,563,563,=,operator,0,22,8
82,564,569,vector,identifier,0,22,9
83,570,570,<,operator,0,22,15
84,571,576,string,identifier,0,22,16
85,577,577,>,operator,0,22,22
86,578,578,;,operator,0,22,23
87,581,588,template,keyword,0,24,0
88,589,589,<,operator,0,24,8
89,590,597,typename,keyword,0,24,9
90,599,600,T1,identifier,0,24,18
91,601,601,",",operator,0,24,20
92,602,609,typename,keyword,0,24,21
93,611,612,T2,identifier,0,24,30
94,613,613,>,operator,0,24,32
95,615,621,ostream,identifier,0,25,0
96,622,622,&,operator,0,25,7
97,624,631,operator,keyword,0,25,9
98,632,632,<,operator,0,25,17
99,633,633,<,operator,0,25,18
100,634,634,(,operator,0,25,19
101,635,641,ostream,identifier,0,25,20
102,642,642,&,operator,0,25,27
103,644,645,os,identifier,0,25,29
104,646,646,",",operator,0,25,31
105,647,651,const,keyword,0,25,32
106,653,656,pair,identifier,0,25,38
107,657,657,<,operator,0,25,42
108,658,659,T1,identifier,0,25,43
109,660,660,",",operator,0,25,45
110,661,662,T2,identifier,0,25,46
111,663,663,>,operator,0,25,48
112,664,664,&,operator,0,25,49
113,666,666,p,identifier,0,25,51
114,667,667,),operator,0,25,52
115,668,668,{,operator,0,25,53
116,671,676,return,keyword,0,26,1
117,678,679,os,identifier,0,26,8
118,680,680,<,operator,0,26,10
119,681,681,<,operator,0,26,11
120,682,684,'(',character,0,26,12
121,685,685,<,operator,0,26,15
122,686,686,<,operator,0,26,16
123,687,687,p,identifier,0,26,17
124,688,688,.,operator,0,26,18
125,689,693,first,identifier,0,26,19
126,694,694,<,operator,0,26,24
127,695,695,<,operator,0,26,25
128,696,698,"','",character,0,26,26
129,699,699,<,operator,0,26,29
130,700,700,<,operator,0,26,30
131,701,701,p,identifier,0,26,31
132,702,702,.,operator,0,26,32
133,703,708,second,identifier,0,26,33
134,709,709,<,operator,0,26,39
135,710,710,<,operator,0,26,40
136,711,713,')',character,0,26,41
137,714,714,;,operator,0,26,44
138,716,716,},operator,0,27,0
139,719,726,template,keyword,0,29,0
140,727,727,<,operator,0,29,8
141,728,735,typename,keyword,0,29,9
142,737,741,Tuple,identifier,0,29,18
143,742,742,>,operator,0,29,23
144,744,747,void,keyword,0,30,0
145,749,759,print_tuple,identifier,0,30,5
146,760,760,(,operator,0,30,16
147,761,767,ostream,identifier,0,30,17
148,768,768,&,operator,0,30,24
149,769,769,",",operator,0,30,25
150,770,774,const,keyword,0,30,26
151,776,780,Tuple,identifier,0,30,32
152,781,781,&,operator,0,30,37
153,782,782,),operator,0,30,38
154,783,783,{,operator,0,30,39
155,784,784,},operator,0,30,40
156,786,793,template,keyword,0,31,0
157,794,794,<,operator,0,31,8
158,795,802,typename,keyword,0,31,9
159,804,806,Car,identifier,0,31,18
160,807,807,",",operator,0,31,21
161,808,815,typename,keyword,0,31,22
162,816,818,...,operator,0,31,30
163,820,822,Cdr,identifier,0,31,34
164,823,823,",",operator,0,31,37
165,824,831,typename,keyword,0,31,38
166,833,837,Tuple,identifier,0,31,47
167,838,838,>,operator,0,31,52
168,840,843,void,keyword,0,32,0
169,845,855,print_tuple,identifier,0,32,5
170,856,856,(,operator,0,32,16
171,857,863,ostream,identifier,0,32,17
172,864,864,&,operator,0,32,24
173,866,867,os,identifier,0,32,26
174,868,868,",",operator,0,32,28
175,869,873,const,keyword,0,32,29
176,875,879,Tuple,identifier,0,32,35
177,880,880,&,operator,0,32,40
178,882,882,t,identifier,0,32,42
179,883,883,),operator,0,32,43
180,884,884,{,operator,0,32,44
181,887,897,print_tuple,identifier,0,33,1
182,898,898,<,operator,0,33,12
183,899,901,Cdr,identifier,0,33,13
184,902,904,...,operator,0,33,16
185,905,905,>,operator,0,33,19
186,906,906,(,operator,0,33,20
187,907,908,os,identifier,0,33,21
188,909,909,",",operator,0,33,23
189,910,910,t,identifier,0,33,24
190,911,911,),operator,0,33,25
191,912,912,;,operator,0,33,26
192,915,916,os,identifier,0,34,1
193,917,917,<,operator,0,34,3
194,918,918,<,operator,0,34,4
195,919,919,(,operator,0,34,5
196,920,925,sizeof,keyword,0,34,6
197,926,928,...,operator,0,34,12
198,929,929,(,operator,0,34,15
199,930,932,Cdr,identifier,0,34,16
200,933,933,),operator,0,34,19
201,934,934,?,operator,0,34,20
202,935,937,""",""",string,0,34,21
203,938,938,:,operator,0,34,24
204,939,940,"""""",string,0,34,25
205,941,941,),operator,0,34,27
206,942,942,<,operator,0,34,28
207,943,943,<,operator,0,34,29
208,944,946,get,identifier,0,34,30
209,947,947,<,operator,0,34,33
210,948,953,sizeof,keyword,0,34,34
211,954,956,...,operator,0,34,40
212,957,957,(,operator,0,34,43
213,958,960,Cdr,identifier,0,34,44
214,961,961,),operator,0,34,47
215,962,962,>,operator,0,34,48
216,963,963,(,operator,0,34,49
217,964,964,t,identifier,0,34,50
218,965,965,),operator,0,34,51
219,966,966,;,operator,0,34,52
220,968,968,},operator,0,35,0
221,970,977,template,keyword,0,36,0
222,978,978,<,operator,0,36,8
223,979,986,typename,keyword,0,36,9
224,987,989,...,operator,0,36,17
225,991,994,Args,identifier,0,36,21
226,995,995,>,operator,0,36,25
227,997,1003,ostream,identifier,0,37,0
228,1004,1004,&,operator,0,37,7
229,1006,1013,operator,keyword,0,37,9
230,1014,1014,<,operator,0,37,17
231,1015,1015,<,operator,0,37,18
232,1016,1016,(,operator,0,37,19
233,1017,1023,ostream,identifier,0,37,20
234,1024,1024,&,operator,0,37,27
235,1026,1027,os,identifier,0,37,29
236,1028,1028,",",operator,0,37,31
237,1029,1033,const,keyword,0,37,32
238,1035,1039,tuple,identifier,0,37,38
239,1040,1040,<,operator,0,37,43
240,1041,1044,Args,identifier,0,37,44
241,1045,1047,...,operator,0,37,48
242,1048,1048,>,operator,0,37,51
243,1049,1049,&,operator,0,37,52
244,1051,1051,t,identifier,0,37,54
245,1052,1052,),operator,0,37,55
246,1053,1053,{,operator,0,37,56
247,1056,1066,print_tuple,identifier,0,38,1
248,1067,1067,<,operator,0,38,12
249,1068,1071,Args,identifier,0,38,13
250,1072,1074,...,operator,0,38,17
251,1075,1075,>,operator,0,38,20
252,1076,1076,(,operator,0,38,21
253,1077,1078,os,identifier,0,38,22
254,1079,1079,<,operator,0,38,24
255,1080,1080,<,operator,0,38,25
256,1081,1083,'(',character,0,38,26
257,1084,1084,",",operator,0,38,29
258,1085,1085,t,identifier,0,38,30
259,1086,1086,),operator,0,38,31
260,1087,1087,;,operator,0,38,32
261,1090,1095,return,keyword,0,39,1
262,1097,1098,os,identifier,0,39,8
263,1099,1099,<,operator,0,39,10
264,1100,1100,<,operator,0,39,11
265,1101,1103,')',character,0,39,12
266,1104,1104,;,operator,0,39,15
267,1106,1106,},operator,0,40,0
268,1109,1116,template,keyword,0,42,0
269,1117,1117,<,operator,0,42,8
270,1118,1125,typename,keyword,0,42,9
271,1127,1128,Ch,identifier,0,42,18
272,1129,1129,",",operator,0,42,20
273,1130,1137,typename,keyword,0,42,21
274,1139,1140,Tr,identifier,0,42,30
275,1141,1141,",",operator,0,42,32
276,1142,1149,typename,keyword,0,42,33
277,1151,1151,C,identifier,0,42,42
278,1152,1152,>,operator,0,42,43
279,1154,1166,basic_ostream,identifier,0,43,0
280,1167,1167,<,operator,0,43,13
281,1168,1169,Ch,identifier,0,43,14
282,1170,1170,",",operator,0,43,16
283,1171,1172,Tr,identifier,0,43,17
284,1173,1173,>,operator,0,43,19
285,1174,1174,&,operator,0,43,20
286,1176,1183,operator,keyword,0,43,22
287,1184,1184,<,operator,0,43,30
288,1185,1185,<,operator,0,43,31
289,1186,1186,(,operator,0,43,32
290,1187,1199,basic_ostream,identifier,0,43,33
291,1200,1200,<,operator,0,43,46
292,1201,1202,Ch,identifier,0,43,47
293,1203,1203,",",operator,0,43,49
294,1204,1205,Tr,identifier,0,43,50
295,1206,1206,>,operator,0,43,52
296,1207,1207,&,operator,0,43,53
297,1209,1210,os,identifier,0,43,55
298,1211,1211,",",operator,0,43,57
299,1212,1216,const,keyword,0,43,58
300,1218,1218,C,identifier,0,43,64
301,1219,1219,&,operator,0,43,65
302,1221,1221,c,identifier,0,43,67
303,1222,1222,),operator,0,43,68
304,1223,1223,{,operator,0,43,69
305,1226,1227,os,identifier,0,44,1
306,1228,1228,<,operator,0,44,3
307,1229,1229,<,operator,0,44,4
308,1230,1232,'[',character,0,44,5
309,1233,1233,;,operator,0,44,8
310,1236,1238,for,keyword,0,45,1
311,1239,1239,(,operator,0,45,4
312,1240,1243,auto,keyword,0,45,5
313,1245,1245,i,identifier,0,45,10
314,1246,1246,=,operator,0,45,11
315,1247,1251,begin,identifier,0,45,12
316,1252,1252,(,operator,0,45,17
317,1253,1253,c,identifier,0,45,18
318,1254,1254,),operator,0,45,19
319,1255,1255,;,operator,0,45,20
320,1256,1256,i,identifier,0,45,21
321,1257,1258,"!=",operator,0,45,22
322,1259,1261,end,identifier,0,45,24
323,1262,1262,(,operator,0,45,27
324,1263,1263,c,identifier,0,45,28
325,1264,1264,),operator,0,45,29
326,1265,1265,;,operator,0,45,30
327,1266,1267,++,operator,0,45,31
328,1268,1268,i,identifier,0,45,33
329,1269,1269,),operator,0,45,34
330,1273,1274,os,identifier,0,46,2
331,1275,1275,<,operator,0,46,4
332,1276,1276,<,operator,0,46,5
333,1277,1277,(,operator,0,46,6
334,1278,1278,i,identifier,0,46,7
335,1279,1280,==,operator,0,46,8
336,1281,1285,begin,identifier,0,46,10
337,1286,1286,(,operator,0,46,15
338,1287,1287,c,identifier,0,46,16
339,1288,1288,),operator,0,46,17
340,1289,1289,?,operator,0,46,18
341,1290,1291,"""""",string,0,46,19
342,1292,1292,:,operator,0,46,21
343,1293,1295,""" """,string,0,46,22
344,1296,1296,),operator,0,46,25
345,1297,1297,<,operator,0,46,26
346,1298,1298,<,operator,0,46,27
347,1299,1299,*,operator,0,46,28
348,1300,1300,i,identifier,0,46,29
349,1301,1301,;,operator,0,46,30
350,1304,1309,return,keyword,0,47,1
351,1311,1312,os,identifier,0,47,8
352,1313,1313,<,operator,0,47,10
353,1314,1314,<,operator,0,47,11
354,1315,1317,']',character,0,47,12
355,1318,1318,;,operator,0,47,15
356,1320,1320,},operator,0,48,0
357,1323,1331,constexpr,keyword,0,50,0
358,1333,1335,int,keyword,0,50,10
359,1337,1339,INF,identifier,0,50,14
360,1340,1340,=,operator,0,50,17
361,1341,1343,1e9,floating,0,50,18
362,1344,1344,;,operator,0,50,21
363,1346,1354,constexpr,keyword,0,51,0
364,1356,1358,int,keyword,0,51,10
365,1360,1362,MOD,identifier,0,51,14
366,1363,1363,=,operator,0,51,17
367,1364,1366,1e9,floating,0,51,18
368,1367,1367,+,operator,0,51,21
369,1368,1368,7,integer,0,51,22
370,1369,1369,;,operator,0,51,23
371,1371,1379,constexpr,keyword,0,52,0
372,1381,1386,double,keyword,0,52,10
373,1388,1390,EPS,identifier,0,52,17
374,1391,1391,=,operator,0,52,20
375,1392,1395,1e-9,floating,0,52,21
376,1396,1396,;,operator,0,52,25
377,1399,1402,void,keyword,0,54,0
378,1404,1406,dfs,identifier,0,54,5
379,1407,1407,(,operator,0,54,8
380,1408,1412,const,keyword,0,54,9
381,1414,1416,vvi,identifier,0,54,15
382,1417,1417,&,operator,0,54,18
383,1419,1419,g,identifier,0,54,20
384,1420,1420,",",operator,0,54,21
385,1421,1423,int,keyword,0,54,22
386,1425,1425,p,identifier,0,54,26
387,1426,1426,",",operator,0,54,27
388,1427,1429,int,keyword,0,54,28
389,1431,1431,u,identifier,0,54,32
390,1432,1432,",",operator,0,54,33
391,1433,1436,bool,keyword,0,54,34
392,1438,1440,odd,identifier,0,54,39
393,1441,1441,",",operator,0,54,42
394,1442,1446,const,keyword,0,54,43
395,1448,1449,vi,identifier,0,54,49
396,1450,1450,&,operator,0,54,51
397,1452,1453,ps,identifier,0,54,53
398,1454,1454,",",operator,0,54,55
399,1455,1460,vector,identifier,0,54,56
400,1461,1461,<,operator,0,54,62
401,1462,1466,tuple,identifier,0,54,63
402,1467,1467,<,operator,0,54,68
403,1468,1470,int,keyword,0,54,69
404,1471,1471,",",operator,0,54,72
405,1472,1474,int,keyword,0,54,73
406,1475,1475,>,operator,0,54,76
407,1476,1476,>,operator,0,54,77
408,1477,1477,&,operator,0,54,78
409,1479,1480,rs,identifier,0,54,80
410,1481,1481,),operator,0,54,82
411,1483,1483,{,operator,0,55,0
412,1486,1488,int,keyword,0,56,1
413,1490,1491,mn,identifier,0,56,5
414,1492,1492,=,operator,0,56,7
415,1493,1493,-,operator,0,56,8
416,1494,1496,INF,identifier,0,56,9
417,1497,1497,",",operator,0,56,12
418,1498,1499,mx,identifier,0,56,13
419,1500,1500,=,operator,0,56,15
420,1501,1503,INF,identifier,0,56,16
421,1504,1504,;,operator,0,56,19
422,1507,1508,if,keyword,0,57,1
423,1509,1509,(,operator,0,57,3
424,1510,1511,ps,identifier,0,57,4
425,1512,1512,[,operator,0,57,6
426,1513,1513,u,identifier,0,57,7
427,1514,1514,],operator,0,57,8
428,1515,1516,"!=",operator,0,57,9
429,1517,1517,-,operator,0,57,11
430,1518,1518,1,integer,0,57,12
431,1519,1519,),operator,0,57,13
432,1520,1520,{,operator,0,57,14
433,1524,1525,if,keyword,0,58,2
434,1526,1526,(,operator,0,58,4
435,1527,1528,ps,identifier,0,58,5
436,1529,1529,[,operator,0,58,7
437,1530,1530,u,identifier,0,58,8
438,1531,1531,],operator,0,58,9
439,1532,1532,%,operator,0,58,10
440,1533,1533,2,integer,0,58,11
441,1534,1535,"!=",operator,0,58,12
442,1536,1538,odd,identifier,0,58,14
443,1539,1539,),operator,0,58,17
444,1544,1548,throw,keyword,0,59,3
445,1550,1552,"""X""",string,0,59,9
446,1553,1553,;,operator,0,59,12
447,1557,1559,tie,identifier,0,60,2
448,1560,1560,(,operator,0,60,5
449,1561,1562,mn,identifier,0,60,6
450,1563,1563,",",operator,0,60,8
451,1564,1565,mx,identifier,0,60,9
452,1566,1566,),operator,0,60,11
453,1567,1567,=,operator,0,60,12
454,1568,1569,mt,identifier,0,60,13
455,1570,1570,(,operator,0,60,15
456,1571,1572,ps,identifier,0,60,16
457,1573,1573,[,operator,0,60,18
458,1574,1574,u,identifier,0,60,19
459,1575,1575,],operator,0,60,20
460,1576,1576,",",operator,0,60,21
461,1577,1578,ps,identifier,0,60,22
462,1579,1579,[,operator,0,60,24
463,1580,1580,u,identifier,0,60,25
464,1581,1581,],operator,0,60,26
465,1582,1582,),operator,0,60,27
466,1583,1583,;,operator,0,60,28
467,1586,1586,},operator,0,61,1
468,1589,1591,for,keyword,0,62,1
469,1592,1592,(,operator,0,62,4
470,1593,1595,int,keyword,0,62,5
471,1597,1597,v,identifier,0,62,9
472,1598,1598,:,operator,0,62,10
473,1599,1599,g,identifier,0,62,11
474,1600,1600,[,operator,0,62,12
475,1601,1601,u,identifier,0,62,13
476,1602,1602,],operator,0,62,14
477,1603,1603,),operator,0,62,15
478,1605,1606,if,keyword,0,62,17
479,1607,1607,(,operator,0,62,19
480,1608,1608,v,identifier,0,62,20
481,1609,1610,"!=",operator,0,62,21
482,1611,1611,p,identifier,0,62,23
483,1612,1612,),operator,0,62,24
484,1616,1618,dfs,identifier,0,63,2
485,1619,1619,(,operator,0,63,5
486,1620,1620,g,identifier,0,63,6
487,1621,1621,",",operator,0,63,7
488,1622,1622,u,identifier,0,63,8
489,1623,1623,",",operator,0,63,9
490,1624,1624,v,identifier,0,63,10
491,1625,1625,",",operator,0,63,11
492,1626,1626,"!",operator,0,63,12
493,1627,1629,odd,identifier,0,63,13
494,1630,1630,",",operator,0,63,16
495,1631,1632,ps,identifier,0,63,17
496,1633,1633,",",operator,0,63,19
497,1634,1635,rs,identifier,0,63,20
498,1636,1636,),operator,0,63,22
499,1637,1637,;,operator,0,63,23
500,1640,1642,for,keyword,0,64,1
501,1643,1643,(,operator,0,64,4
502,1644,1646,int,keyword,0,64,5
503,1648,1648,v,identifier,0,64,9
504,1649,1649,:,operator,0,64,10
505,1650,1650,g,identifier,0,64,11
506,1651,1651,[,operator,0,64,12
507,1652,1652,u,identifier,0,64,13
508,1653,1653,],operator,0,64,14
509,1654,1654,),operator,0,64,15
510,1656,1657,if,keyword,0,64,17
511,1658,1658,(,operator,0,64,19
512,1659,1659,v,identifier,0,64,20
513,1660,1661,"!=",operator,0,64,21
514,1662,1662,p,identifier,0,64,23
515,1663,1663,),operator,0,64,24
516,1664,1664,{,operator,0,64,25
517,1668,1669,mn,identifier,0,65,2
518,1670,1670,=,operator,0,65,4
519,1671,1673,max,identifier,0,65,5
520,1674,1674,(,operator,0,65,8
521,1675,1676,mn,identifier,0,65,9
522,1677,1677,",",operator,0,65,11
523,1678,1680,get,identifier,0,65,12
524,1681,1681,<,operator,0,65,15
525,1682,1682,0,integer,0,65,16
526,1683,1683,>,operator,0,65,17
527,1684,1684,(,operator,0,65,18
528,1685,1686,rs,identifier,0,65,19
529,1687,1687,[,operator,0,65,21
530,1688,1688,v,identifier,0,65,22
531,1689,1689,],operator,0,65,23
532,1690,1690,),operator,0,65,24
533,1691,1691,-,operator,0,65,25
534,1692,1692,1,integer,0,65,26
535,1693,1693,),operator,0,65,27
536,1694,1694,;,operator,0,65,28
537,1698,1699,mx,identifier,0,66,2
538,1700,1700,=,operator,0,66,4
539,1701,1703,min,identifier,0,66,5
540,1704,1704,(,operator,0,66,8
541,1705,1706,mx,identifier,0,66,9
542,1707,1707,",",operator,0,66,11
543,1708,1710,get,identifier,0,66,12
544,1711,1711,<,operator,0,66,15
545,1712,1712,1,integer,0,66,16
546,1713,1713,>,operator,0,66,17
547,1714,1714,(,operator,0,66,18
548,1715,1716,rs,identifier,0,66,19
549,1717,1717,[,operator,0,66,21
550,1718,1718,v,identifier,0,66,22
551,1719,1719,],operator,0,66,23
552,1720,1720,),operator,0,66,24
553,1721,1721,+,operator,0,66,25
554,1722,1722,1,integer,0,66,26
555,1723,1723,),operator,0,66,27
556,1724,1724,;,operator,0,66,28
557,1727,1727,},operator,0,67,1
558,1730,1731,if,keyword,0,68,1
559,1732,1732,(,operator,0,68,3
560,1733,1734,mn,identifier,0,68,4
561,1735,1735,>,operator,0,68,6
562,1736,1737,mx,identifier,0,68,7
563,1738,1738,),operator,0,68,9
564,1742,1746,throw,keyword,0,69,2
565,1748,1750,"""X""",string,0,69,8
566,1751,1751,;,operator,0,69,11
567,1754,1755,rs,identifier,0,70,1
568,1756,1756,[,operator,0,70,3
569,1757,1757,u,identifier,0,70,4
570,1758,1758,],operator,0,70,5
571,1759,1759,=,operator,0,70,6
572,1760,1761,mt,identifier,0,70,7
573,1762,1762,(,operator,0,70,9
574,1763,1764,mn,identifier,0,70,10
575,1765,1765,",",operator,0,70,12
576,1766,1767,mx,identifier,0,70,13
577,1768,1768,),operator,0,70,15
578,1769,1769,;,operator,0,70,16
579,1771,1771,},operator,0,71,0
580,1774,1777,void,keyword,0,73,0
581,1779,1782,dfs2,identifier,0,73,5
582,1783,1783,(,operator,0,73,9
583,1784,1788,const,keyword,0,73,10
584,1790,1792,vvi,identifier,0,73,16
585,1793,1793,&,operator,0,73,19
586,1795,1795,g,identifier,0,73,21
587,1796,1796,",",operator,0,73,22
588,1797,1799,int,keyword,0,73,23
589,1801,1801,p,identifier,0,73,27
590,1802,1802,",",operator,0,73,28
591,1803,1805,int,keyword,0,73,29
592,1807,1807,u,identifier,0,73,33
593,1808,1808,",",operator,0,73,34
594,1809,1810,vi,identifier,0,73,35
595,1811,1811,&,operator,0,73,37
596,1813,1814,ps,identifier,0,73,39
597,1815,1815,",",operator,0,73,41
598,1816,1820,const,keyword,0,73,42
599,1822,1827,vector,identifier,0,73,48
600,1828,1828,<,operator,0,73,54
601,1829,1833,tuple,identifier,0,73,55
602,1834,1834,<,operator,0,73,60
603,1835,1837,int,keyword,0,73,61
604,1838,1838,",",operator,0,73,64
605,1839,1841,int,keyword,0,73,65
606,1842,1842,>,operator,0,73,68
607,1843,1843,>,operator,0,73,69
608,1844,1844,&,operator,0,73,70
609,1846,1847,rs,identifier,0,73,72
610,1848,1848,),operator,0,73,74
611,1850,1850,{,operator,0,74,0
612,1853,1855,for,keyword,0,75,1
613,1856,1856,(,operator,0,75,4
614,1857,1859,int,keyword,0,75,5
615,1861,1861,v,identifier,0,75,9
616,1862,1862,:,operator,0,75,10
617,1863,1863,g,identifier,0,75,11
618,1864,1864,[,operator,0,75,12
619,1865,1865,u,identifier,0,75,13
620,1866,1866,],operator,0,75,14
621,1867,1867,),operator,0,75,15
622,1869,1870,if,keyword,0,75,17
623,1871,1871,(,operator,0,75,19
624,1872,1872,v,identifier,0,75,20
625,1873,1874,"!=",operator,0,75,21
626,1875,1875,p,identifier,0,75,23
627,1876,1876,),operator,0,75,24
628,1877,1877,{,operator,0,75,25
629,1881,1883,int,keyword,0,76,2
630,1885,1885,p,identifier,0,76,6
631,1886,1886,=,operator,0,76,7
632,1887,1888,ps,identifier,0,76,8
633,1889,1889,[,operator,0,76,10
634,1890,1890,u,identifier,0,76,11
635,1891,1891,],operator,0,76,12
636,1892,1892,-,operator,0,76,13
637,1893,1893,1,integer,0,76,14
638,1894,1894,;,operator,0,76,15
639,1898,1899,if,keyword,0,77,2
640,1900,1900,(,operator,0,77,4
641,1901,1901,p,identifier,0,77,5
642,1902,1902,<,operator,0,77,6
643,1903,1905,get,identifier,0,77,7
644,1906,1906,<,operator,0,77,10
645,1907,1907,0,integer,0,77,11
646,1908,1908,>,operator,0,77,12
647,1909,1909,(,operator,0,77,13
648,1910,1911,rs,identifier,0,77,14
649,1912,1912,[,operator,0,77,16
650,1913,1913,v,identifier,0,77,17
651,1914,1914,],operator,0,77,18
652,1915,1915,),operator,0,77,19
653,1916,1916,),operator,0,77,20
654,1918,1918,p,identifier,0,77,22
655,1919,1920,+=,operator,0,77,23
656,1921,1921,2,integer,0,77,25
657,1922,1922,;,operator,0,77,26
658,1926,1927,ps,identifier,0,78,2
659,1928,1928,[,operator,0,78,4
660,1929,1929,v,identifier,0,78,5
661,1930,1930,],operator,0,78,6
662,1931,1931,=,operator,0,78,7
663,1932,1932,p,identifier,0,78,8
664,1933,1933,;,operator,0,78,9
665,1937,1940,dfs2,identifier,0,79,2
666,1941,1941,(,operator,0,79,6
667,1942,1942,g,identifier,0,79,7
668,1943,1943,",",operator,0,79,8
669,1944,1944,u,identifier,0,79,9
670,1945,1945,",",operator,0,79,10
671,1946,1946,v,identifier,0,79,11
672,1947,1947,",",operator,0,79,12
673,1948,1949,ps,identifier,0,79,13
674,1950,1950,",",operator,0,79,15
675,1951,1952,rs,identifier,0,79,16
676,1953,1953,),operator,0,79,18
677,1954,1954,;,operator,0,79,19
678,1957,1957,},operator,0,80,1
679,1959,1959,},operator,0,81,0
680,1962,1965,void,keyword,0,83,0
681,1967,1971,solve,identifier,0,83,5
682,1972,1972,(,operator,0,83,10
683,1973,1977,const,keyword,0,83,11
684,1979,1981,vvi,identifier,0,83,17
685,1982,1982,&,operator,0,83,20
686,1984,1984,g,identifier,0,83,22
687,1985,1985,",",operator,0,83,23
688,1986,1987,vi,identifier,0,83,24
689,1988,1988,&,operator,0,83,26
690,1990,1991,ps,identifier,0,83,28
691,1992,1992,),operator,0,83,30
692,1994,1994,{,operator,0,84,0
693,1997,1999,int,keyword,0,85,1
694,2001,2001,n,identifier,0,85,5
695,2002,2002,=,operator,0,85,6
696,2003,2003,g,identifier,0,85,7
697,2004,2004,.,operator,0,85,8
698,2005,2008,size,identifier,0,85,9
699,2009,2009,(,operator,0,85,13
700,2010,2010,),operator,0,85,14
701,2011,2011,;,operator,0,85,15
702,2014,2019,vector,identifier,0,86,1
703,2020,2020,<,operator,0,86,7
704,2021,2025,tuple,identifier,0,86,8
705,2026,2026,<,operator,0,86,13
706,2027,2029,int,keyword,0,86,14
707,2030,2030,",",operator,0,86,17
708,2031,2033,int,keyword,0,86,18
709,2034,2034,>,operator,0,86,21
710,2035,2035,>,operator,0,86,22
711,2037,2038,rs,identifier,0,86,24
712,2039,2039,(,operator,0,86,26
713,2040,2040,n,identifier,0,86,27
714,2041,2041,),operator,0,86,28
715,2042,2042,;,operator,0,86,29
716,2045,2047,rep,identifier,0,87,1
717,2048,2048,(,operator,0,87,4
718,2049,2049,i,identifier,0,87,5
719,2050,2050,",",operator,0,87,6
720,2051,2051,n,identifier,0,87,7
721,2052,2052,),operator,0,87,8
722,2054,2055,if,keyword,0,87,10
723,2056,2056,(,operator,0,87,12
724,2057,2058,ps,identifier,0,87,13
725,2059,2059,[,operator,0,87,15
726,2060,2060,i,identifier,0,87,16
727,2061,2061,],operator,0,87,17
728,2062,2063,"!=",operator,0,87,18
729,2064,2064,-,operator,0,87,20
730,2065,2065,1,integer,0,87,21
731,2066,2066,),operator,0,87,22
732,2067,2067,{,operator,0,87,23
733,2071,2073,dfs,identifier,0,88,2
734,2074,2074,(,operator,0,88,5
735,2075,2075,g,identifier,0,88,6
736,2076,2076,",",operator,0,88,7
737,2077,2077,-,operator,0,88,8
738,2078,2078,1,integer,0,88,9
739,2079,2079,",",operator,0,88,10
740,2080,2080,i,identifier,0,88,11
741,2081,2081,",",operator,0,88,12
742,2082,2083,ps,identifier,0,88,13
743,2084,2084,[,operator,0,88,15
744,2085,2085,i,identifier,0,88,16
745,2086,2086,],operator,0,88,17
746,2087,2087,%,operator,0,88,18
747,2088,2088,2,integer,0,88,19
748,2089,2089,",",operator,0,88,20
749,2090,2091,ps,identifier,0,88,21
750,2092,2092,",",operator,0,88,23
751,2093,2094,rs,identifier,0,88,24
752,2095,2095,),operator,0,88,26
753,2096,2096,;,operator,0,88,27
754,2100,2103,dfs2,identifier,0,89,2
755,2104,2104,(,operator,0,89,6
756,2105,2105,g,identifier,0,89,7
757,2106,2106,",",operator,0,89,8
758,2107,2107,-,operator,0,89,9
759,2108,2108,1,integer,0,89,10
760,2109,2109,",",operator,0,89,11
761,2110,2110,i,identifier,0,89,12
762,2111,2111,",",operator,0,89,13
763,2112,2113,ps,identifier,0,89,14
764,2114,2114,",",operator,0,89,16
765,2115,2116,rs,identifier,0,89,17
766,2117,2117,),operator,0,89,19
767,2118,2118,;,operator,0,89,20
768,2122,2126,break,keyword,0,90,2
769,2127,2127,;,operator,0,90,7
770,2130,2130,},operator,0,91,1
771,2132,2132,},operator,0,92,0
772,2135,2137,int,keyword,0,94,0
773,2139,2142,main,identifier,0,94,4
774,2143,2143,(,operator,0,94,8
775,2144,2144,),operator,0,94,9
776,2146,2146,{,operator,0,95,0
777,2149,2151,for,keyword,0,96,1
778,2152,2152,(,operator,0,96,4
779,2153,2155,int,keyword,0,96,5
780,2157,2157,n,identifier,0,96,9
781,2158,2158,;,operator,0,96,10
782,2159,2161,cin,identifier,0,96,11
783,2162,2162,>,operator,0,96,14
784,2163,2163,>,operator,0,96,15
785,2164,2164,n,identifier,0,96,16
786,2166,2167,&&,operator,0,96,18
787,2169,2169,n,identifier,0,96,21
788,2170,2170,;,operator,0,96,22
789,2171,2171,),operator,0,96,23
790,2172,2172,{,operator,0,96,24
791,2176,2178,vvi,identifier,0,97,2
792,2180,2180,g,identifier,0,97,6
793,2181,2181,(,operator,0,97,7
794,2182,2182,n,identifier,0,97,8
795,2183,2183,),operator,0,97,9
796,2184,2184,;,operator,0,97,10
797,2188,2189,vi,identifier,0,98,2
798,2191,2192,ps,identifier,0,98,5
799,2193,2193,(,operator,0,98,7
800,2194,2194,n,identifier,0,98,8
801,2195,2195,",",operator,0,98,9
802,2196,2196,-,operator,0,98,10
803,2197,2197,1,integer,0,98,11
804,2198,2198,),operator,0,98,12
805,2199,2199,;,operator,0,98,13
806,2203,2205,rep,identifier,0,99,2
807,2206,2206,(,operator,0,99,5
808,2207,2207,i,identifier,0,99,6
809,2208,2208,",",operator,0,99,7
810,2209,2209,n,identifier,0,99,8
811,2210,2210,-,operator,0,99,9
812,2211,2211,1,integer,0,99,10
813,2212,2212,),operator,0,99,11
814,2213,2213,{,operator,0,99,12
815,2218,2220,int,keyword,0,100,3
816,2222,2222,u,identifier,0,100,7
817,2223,2223,",",operator,0,100,8
818,2224,2224,v,identifier,0,100,9
819,2225,2225,;,operator,0,100,10
820,2227,2229,cin,identifier,0,100,12
821,2230,2230,>,operator,0,100,15
822,2231,2231,>,operator,0,100,16
823,2232,2232,u,identifier,0,100,17
824,2233,2233,>,operator,0,100,18
825,2234,2234,>,operator,0,100,19
826,2235,2235,v,identifier,0,100,20
827,2236,2236,;,operator,0,100,21
828,2238,2238,u,identifier,0,100,23
829,2239,2240,--,operator,0,100,24
830,2241,2241,",",operator,0,100,26
831,2242,2242,v,identifier,0,100,27
832,2243,2244,--,operator,0,100,28
833,2245,2245,;,operator,0,100,30
834,2250,2250,g,identifier,0,101,3
835,2251,2251,[,operator,0,101,4
836,2252,2252,u,identifier,0,101,5
837,2253,2253,],operator,0,101,6
838,2254,2254,.,operator,0,101,7
839,2255,2263,push_back,identifier,0,101,8
840,2264,2264,(,operator,0,101,17
841,2265,2265,v,identifier,0,101,18
842,2266,2266,),operator,0,101,19
843,2267,2267,;,operator,0,101,20
844,2272,2272,g,identifier,0,102,3
845,2273,2273,[,operator,0,102,4
846,2274,2274,v,identifier,0,102,5
847,2275,2275,],operator,0,102,6
848,2276,2276,.,operator,0,102,7
849,2277,2285,push_back,identifier,0,102,8
850,2286,2286,(,operator,0,102,17
851,2287,2287,u,identifier,0,102,18
852,2288,2288,),operator,0,102,19
853,2289,2289,;,operator,0,102,20
854,2293,2293,},operator,0,103,2
855,2297,2299,int,keyword,0,104,2
856,2301,2301,k,identifier,0,104,6
857,2302,2302,;,operator,0,104,7
858,2304,2306,cin,identifier,0,104,9
859,2307,2307,>,operator,0,104,12
860,2308,2308,>,operator,0,104,13
861,2309,2309,k,identifier,0,104,14
862,2310,2310,;,operator,0,104,15
863,2314,2316,rep,identifier,0,105,2
864,2317,2317,(,operator,0,105,5
865,2318,2318,i,identifier,0,105,6
866,2319,2319,",",operator,0,105,7
867,2320,2320,k,identifier,0,105,8
868,2321,2321,),operator,0,105,9
869,2322,2322,{,operator,0,105,10
870,2327,2329,int,keyword,0,106,3
871,2331,2331,v,identifier,0,106,7
872,2332,2332,",",operator,0,106,8
873,2333,2333,p,identifier,0,106,9
874,2334,2334,;,operator,0,106,10
875,2336,2338,cin,identifier,0,106,12
876,2339,2339,>,operator,0,106,15
877,2340,2340,>,operator,0,106,16
878,2341,2341,v,identifier,0,106,17
879,2342,2342,>,operator,0,106,18
880,2343,2343,>,operator,0,106,19
881,2344,2344,p,identifier,0,106,20
882,2345,2345,;,operator,0,106,21
883,2347,2347,v,identifier,0,106,23
884,2348,2349,--,operator,0,106,24
885,2350,2350,;,operator,0,106,26
886,2355,2356,ps,identifier,0,107,3
887,2357,2357,[,operator,0,107,5
888,2358,2358,v,identifier,0,107,6
889,2359,2359,],operator,0,107,7
890,2360,2360,=,operator,0,107,8
891,2361,2361,p,identifier,0,107,9
892,2362,2362,;,operator,0,107,10
893,2366,2366,},operator,0,108,2
894,2371,2373,try,keyword,0,110,2
895,2374,2374,{,operator,0,110,5
896,2379,2383,solve,identifier,0,111,3
897,2384,2384,(,operator,0,111,8
898,2385,2385,g,identifier,0,111,9
899,2386,2386,",",operator,0,111,10
900,2387,2388,ps,identifier,0,111,11
901,2389,2389,),operator,0,111,13
902,2390,2390,;,operator,0,111,14
903,2395,2398,cout,identifier,0,112,3
904,2399,2399,<,operator,0,112,7
905,2400,2400,<,operator,0,112,8
906,2401,2405,"""Yes""",string,0,112,9
907,2406,2406,<,operator,0,112,14
908,2407,2407,<,operator,0,112,15
909,2408,2411,endl,identifier,0,112,16
910,2412,2412,;,operator,0,112,20
911,2417,2419,for,keyword,0,113,3
912,2420,2420,(,operator,0,113,6
913,2421,2423,int,keyword,0,113,7
914,2425,2425,p,identifier,0,113,11
915,2426,2426,:,operator,0,113,12
916,2427,2428,ps,identifier,0,113,13
917,2429,2429,),operator,0,113,15
918,2435,2438,cout,identifier,0,114,4
919,2439,2439,<,operator,0,114,8
920,2440,2440,<,operator,0,114,9
921,2441,2441,p,identifier,0,114,10
922,2442,2442,<,operator,0,114,11
923,2443,2443,<,operator,0,114,12
924,2444,2447,endl,identifier,0,114,13
925,2448,2448,;,operator,0,114,17
926,2452,2452,},operator,0,115,2
927,2456,2460,catch,keyword,0,116,2
928,2461,2461,(,operator,0,116,7
929,2462,2464,...,operator,0,116,8
930,2465,2465,),operator,0,116,11
931,2466,2466,{,operator,0,116,12
932,2471,2474,cout,identifier,0,117,3
933,2475,2475,<,operator,0,117,7
934,2476,2476,<,operator,0,117,8
935,2477,2480,"""No""",string,0,117,9
936,2481,2481,<,operator,0,117,13
937,2482,2482,<,operator,0,117,14
938,2483,2486,endl,identifier,0,117,15
939,2487,2487,;,operator,0,117,19
940,2491,2491,},operator,0,118,2
941,2494,2494,},operator,0,119,1
942,2496,2496,},operator,0,120,0
943,2498,2497,<EOF>,eof,0,121,0
