seqnr,start,stop,text,class,channel,line,column
0,0,18,"#include <iostream>",directive,1,1,0
1,20,37,"#include <sstream>",directive,1,2,0
2,39,56,"#include <iomanip>",directive,1,3,0
3,58,74,"#include <cstdio>",directive,1,4,0
4,76,93,"#include <cassert>",directive,1,5,0
5,95,114,"#include <algorithm>",directive,1,6,0
6,116,134,"#include <iterator>",directive,1,7,0
7,136,152,"#include <string>",directive,1,8,0
8,154,170,"#include <vector>",directive,1,9,0
9,172,186,"#include <list>",directive,1,10,0
10,188,203,"#include <deque>",directive,1,11,0
11,205,218,"#include <set>",directive,1,12,0
12,220,243,"#include <unordered_set>",directive,1,13,0
13,245,258,"#include <map>",directive,1,14,0
14,260,283,"#include <unordered_map>",directive,1,15,0
15,285,300,"#include <tuple>",directive,1,16,0
16,302,317,"#include <queue>",directive,1,17,0
17,319,334,"#include <stack>",directive,1,18,0
18,336,356,"#include <functional>",directive,1,19,0
19,358,375,"#include <utility>",directive,1,20,0
20,377,394,"#include <complex>",directive,1,21,0
21,396,412,"#include <bitset>",directive,1,22,0
22,414,431,"#include <numeric>",directive,1,23,0
23,433,437,using,keyword,0,24,0
24,439,447,namespace,keyword,0,24,6
25,449,451,std,identifier,0,24,16
26,452,452,;,operator,0,24,19
27,455,501,"#define REP(i,n) for(int (i)=0; (i)<(n) ;++(i))",directive,1,26,0
28,503,542,"#define REPN(i,a,n) FOR((i),(a),(a)+(n))",directive,1,27,0
29,544,594,"#define FOR(i,a,b) for(int (i)=(a); (i)<(b) ;++(i))",directive,1,28,0
30,596,615,"#define PB push_back",directive,1,29,0
31,617,636,"#define MP make_pair",directive,1,30,0
32,638,654,"#define SE second",directive,1,31,0
33,656,671,"#define FI first",directive,1,32,0
34,673,703,"#define DBG(a) cerr<<(a)<<endl;",directive,1,33,0
35,705,740,"#define ALL(v) (v).begin(),(v).end()",directive,1,34,0
36,742,748,typedef,keyword,0,35,0
37,750,753,long,keyword,0,35,8
38,755,758,long,keyword,0,35,13
39,760,761,LL,identifier,0,35,18
40,762,762,;,operator,0,35,20
41,765,771,typedef,keyword,0,35,23
42,773,776,pair,identifier,0,35,31
43,777,777,<,operator,0,35,35
44,778,779,LL,identifier,0,35,36
45,780,780,",",operator,0,35,38
46,782,783,LL,identifier,0,35,40
47,784,784,>,operator,0,35,42
48,786,788,PLL,identifier,0,35,44
49,789,789,;,operator,0,35,47
50,791,797,typedef,keyword,0,35,49
51,799,804,vector,identifier,0,35,57
52,805,805,<,operator,0,35,63
53,806,807,LL,identifier,0,35,64
54,808,808,>,operator,0,35,66
55,810,812,VLL,identifier,0,35,68
56,813,813,;,operator,0,35,71
57,815,819,const,keyword,0,36,0
58,821,822,LL,identifier,0,36,6
59,824,827,LINF,identifier,0,36,9
60,828,828,=,operator,0,36,13
61,829,833,334ll,integer,0,36,14
62,834,834,<,operator,0,36,19
63,835,835,<,operator,0,36,20
64,836,837,53,integer,0,36,21
65,838,838,;,operator,0,36,23
66,840,844,const,keyword,0,36,25
67,846,848,int,keyword,0,36,31
68,850,852,INF,identifier,0,36,35
69,853,853,=,operator,0,36,38
70,854,855,15,integer,0,36,39
71,856,856,<,operator,0,36,41
72,857,857,<,operator,0,36,42
73,858,859,26,integer,0,36,43
74,860,860,;,operator,0,36,45
75,862,866,const,keyword,0,36,47
76,868,869,LL,identifier,0,36,53
77,871,873,MOD,identifier,0,36,56
78,874,874,=,operator,0,36,59
79,875,877,1E9,floating,0,36,60
80,878,878,+,operator,0,36,63
81,879,879,7,integer,0,36,64
82,880,880,;,operator,0,36,65
83,883,889,typedef,keyword,0,38,0
84,891,894,pair,identifier,0,38,8
85,895,895,<,operator,0,38,12
86,896,898,int,keyword,0,38,13
87,899,899,",",operator,0,38,16
88,900,902,int,keyword,0,38,17
89,903,903,>,operator,0,38,20
90,905,907,pii,identifier,0,38,22
91,908,908,;,operator,0,38,25
92,910,915,struct,keyword,0,39,0
93,917,920,Edge,identifier,0,39,7
94,921,921,{,operator,0,39,11
95,927,929,int,keyword,0,40,4
96,931,934,from,identifier,0,40,8
97,935,935,",",operator,0,40,12
98,936,937,to,identifier,0,40,13
99,938,938,;,operator,0,40,15
100,944,945,LL,identifier,0,41,4
101,947,950,cost,identifier,0,41,7
102,951,951,;,operator,0,41,11
103,957,960,Edge,identifier,0,42,4
104,961,961,(,operator,0,42,8
105,962,964,int,keyword,0,42,9
106,966,969,from,identifier,0,42,13
107,970,970,",",operator,0,42,17
108,971,973,int,keyword,0,42,18
109,975,976,to,identifier,0,42,22
110,977,977,),operator,0,42,24
111,987,987,:,operator,0,43,8
112,989,992,from,identifier,0,43,10
113,993,993,(,operator,0,43,14
114,994,997,from,identifier,0,43,15
115,998,998,),operator,0,43,19
116,999,999,",",operator,0,43,20
117,1000,1001,to,identifier,0,43,21
118,1002,1002,(,operator,0,43,23
119,1003,1004,to,identifier,0,43,24
120,1005,1005,),operator,0,43,26
121,1007,1007,{,operator,0,43,28
122,1008,1008,},operator,0,43,29
123,1009,1009,;,operator,0,43,30
124,1011,1011,},operator,0,44,0
125,1012,1012,;,operator,0,44,1
126,1014,1020,typedef,keyword,0,45,0
127,1022,1027,vector,identifier,0,45,8
128,1028,1028,<,operator,0,45,14
129,1029,1034,vector,identifier,0,45,15
130,1035,1035,<,operator,0,45,21
131,1036,1039,Edge,identifier,0,45,22
132,1040,1040,>,operator,0,45,26
133,1041,1041,>,operator,0,45,27
134,1043,1047,Graph,identifier,0,45,29
135,1048,1048,;,operator,0,45,34
136,1185,1187,int,keyword,0,54,0
137,1189,1192,main,identifier,0,54,4
138,1193,1193,(,operator,0,54,8
139,1194,1194,),operator,0,54,9
140,1195,1195,{,operator,0,54,10
141,1201,1203,cin,identifier,0,55,4
142,1204,1204,.,operator,0,55,7
143,1205,1207,tie,identifier,0,55,8
144,1208,1208,(,operator,0,55,11
145,1209,1209,0,integer,0,55,12
146,1210,1210,),operator,0,55,13
147,1211,1211,;,operator,0,55,14
148,1217,1219,ios,identifier,0,56,4
149,1220,1221,::,operator,0,56,7
150,1222,1236,sync_with_stdio,identifier,0,56,9
151,1237,1237,(,operator,0,56,24
152,1238,1242,false,keyword,0,56,25
153,1243,1243,),operator,0,56,30
154,1244,1244,;,operator,0,56,31
155,1250,1252,int,keyword,0,57,4
156,1254,1254,n,identifier,0,57,8
157,1255,1255,",",operator,0,57,9
158,1256,1259,mdep,identifier,0,57,10
159,1260,1260,=,operator,0,57,14
160,1261,1261,0,integer,0,57,15
161,1262,1262,;,operator,0,57,16
162,1268,1270,cin,identifier,0,58,4
163,1272,1272,>,operator,0,58,8
164,1273,1273,>,operator,0,58,9
165,1275,1275,n,identifier,0,58,11
166,1276,1276,;,operator,0,58,12
167,1282,1286,Graph,identifier,0,59,4
168,1288,1288,T,identifier,0,59,10
169,1289,1289,(,operator,0,59,11
170,1290,1290,n,identifier,0,59,12
171,1291,1291,),operator,0,59,13
172,1292,1292,;,operator,0,59,14
173,1298,1303,vector,identifier,0,60,4
174,1304,1304,<,operator,0,60,10
175,1305,1310,vector,identifier,0,60,11
176,1311,1311,<,operator,0,60,17
177,1312,1314,int,keyword,0,60,18
178,1315,1315,>,operator,0,60,21
179,1316,1316,>,operator,0,60,22
180,1318,1318,d,identifier,0,60,24
181,1319,1319,(,operator,0,60,25
182,1320,1320,n,identifier,0,60,26
183,1321,1321,),operator,0,60,27
184,1322,1322,;,operator,0,60,28
185,1328,1333,vector,identifier,0,61,4
186,1334,1334,<,operator,0,61,10
187,1335,1337,int,keyword,0,61,11
188,1338,1338,>,operator,0,61,14
189,1339,1341,par,identifier,0,61,15
190,1342,1342,(,operator,0,61,18
191,1343,1343,n,identifier,0,61,19
192,1344,1344,),operator,0,61,20
193,1345,1345,;,operator,0,61,21
194,1351,1353,REP,identifier,0,62,4
195,1354,1354,(,operator,0,62,7
196,1355,1355,i,identifier,0,62,8
197,1356,1356,",",operator,0,62,9
198,1357,1357,n,identifier,0,62,10
199,1358,1358,),operator,0,62,11
200,1360,1362,par,identifier,0,62,13
201,1363,1363,[,operator,0,62,16
202,1364,1364,i,identifier,0,62,17
203,1365,1365,],operator,0,62,18
204,1366,1366,=,operator,0,62,19
205,1367,1367,-,operator,0,62,20
206,1368,1368,1,integer,0,62,21
207,1369,1369,;,operator,0,62,22
208,1375,1380,vector,identifier,0,63,4
209,1381,1381,<,operator,0,63,10
210,1382,1384,int,keyword,0,63,11
211,1385,1385,>,operator,0,63,14
212,1386,1388,dep,identifier,0,63,15
213,1389,1389,(,operator,0,63,18
214,1390,1390,n,identifier,0,63,19
215,1391,1391,),operator,0,63,20
216,1392,1392,;,operator,0,63,21
217,1399,1401,REP,identifier,0,65,4
218,1402,1402,(,operator,0,65,7
219,1403,1403,i,identifier,0,65,8
220,1404,1404,",",operator,0,65,9
221,1405,1405,n,identifier,0,65,10
222,1406,1406,-,operator,0,65,11
223,1407,1407,1,integer,0,65,12
224,1408,1408,),operator,0,65,13
225,1409,1409,{,operator,0,65,14
226,1419,1421,int,keyword,0,66,8
227,1423,1423,a,identifier,0,66,12
228,1424,1424,",",operator,0,66,13
229,1425,1425,b,identifier,0,66,14
230,1426,1426,;,operator,0,66,15
231,1436,1438,cin,identifier,0,67,8
232,1440,1440,>,operator,0,67,12
233,1441,1441,>,operator,0,67,13
234,1443,1443,a,identifier,0,67,15
235,1445,1445,>,operator,0,67,17
236,1446,1446,>,operator,0,67,18
237,1447,1447,b,identifier,0,67,19
238,1448,1448,;,operator,0,67,20
239,1458,1458,a,identifier,0,68,8
240,1459,1460,--,operator,0,68,9
241,1461,1461,;,operator,0,68,11
242,1462,1462,b,identifier,0,68,12
243,1463,1464,--,operator,0,68,13
244,1465,1465,;,operator,0,68,15
245,1475,1475,T,identifier,0,69,8
246,1476,1476,[,operator,0,69,9
247,1477,1477,a,identifier,0,69,10
248,1478,1478,],operator,0,69,11
249,1479,1479,.,operator,0,69,12
250,1480,1481,PB,identifier,0,69,13
251,1482,1482,(,operator,0,69,15
252,1483,1486,Edge,identifier,0,69,16
253,1487,1487,(,operator,0,69,20
254,1488,1488,a,identifier,0,69,21
255,1489,1489,",",operator,0,69,22
256,1490,1490,b,identifier,0,69,23
257,1491,1491,),operator,0,69,24
258,1492,1492,),operator,0,69,25
259,1493,1493,;,operator,0,69,26
260,1503,1503,T,identifier,0,70,8
261,1504,1504,[,operator,0,70,9
262,1505,1505,b,identifier,0,70,10
263,1506,1506,],operator,0,70,11
264,1507,1507,.,operator,0,70,12
265,1508,1509,PB,identifier,0,70,13
266,1510,1510,(,operator,0,70,15
267,1511,1514,Edge,identifier,0,70,16
268,1515,1515,(,operator,0,70,20
269,1516,1516,b,identifier,0,70,21
270,1517,1517,",",operator,0,70,22
271,1518,1518,a,identifier,0,70,23
272,1519,1519,),operator,0,70,24
273,1520,1520,),operator,0,70,25
274,1521,1521,;,operator,0,70,26
275,1527,1527,},operator,0,71,4
276,1533,1537,queue,identifier,0,72,4
277,1538,1538,<,operator,0,72,9
278,1539,1541,int,keyword,0,72,10
279,1542,1542,>,operator,0,72,13
280,1544,1544,Q,identifier,0,72,15
281,1545,1545,;,operator,0,72,16
282,1551,1551,Q,identifier,0,73,4
283,1552,1552,.,operator,0,73,5
284,1553,1556,push,identifier,0,73,6
285,1557,1557,(,operator,0,73,10
286,1558,1558,0,integer,0,73,11
287,1559,1559,),operator,0,73,12
288,1560,1560,;,operator,0,73,13
289,1566,1568,par,identifier,0,74,4
290,1569,1569,[,operator,0,74,7
291,1570,1570,0,integer,0,74,8
292,1571,1571,],operator,0,74,9
293,1572,1572,=,operator,0,74,10
294,1573,1573,0,integer,0,74,11
295,1574,1574,;,operator,0,74,12
296,1580,1580,d,identifier,0,75,4
297,1581,1581,[,operator,0,75,5
298,1582,1582,0,integer,0,75,6
299,1583,1583,],operator,0,75,7
300,1584,1584,.,operator,0,75,8
301,1585,1586,PB,identifier,0,75,9
302,1587,1587,(,operator,0,75,11
303,1588,1588,0,integer,0,75,12
304,1589,1589,),operator,0,75,13
305,1590,1590,;,operator,0,75,14
306,1596,1600,while,keyword,0,76,4
307,1601,1601,(,operator,0,76,9
308,1602,1602,"!",operator,0,76,10
309,1603,1603,Q,identifier,0,76,11
310,1604,1604,.,operator,0,76,12
311,1605,1609,empty,identifier,0,76,13
312,1610,1610,(,operator,0,76,18
313,1611,1611,),operator,0,76,19
314,1612,1612,),operator,0,76,20
315,1613,1613,{,operator,0,76,21
316,1623,1625,int,keyword,0,77,8
317,1627,1628,nx,identifier,0,77,12
318,1629,1629,=,operator,0,77,14
319,1630,1630,Q,identifier,0,77,15
320,1631,1631,.,operator,0,77,16
321,1632,1636,front,identifier,0,77,17
322,1637,1637,(,operator,0,77,22
323,1638,1638,),operator,0,77,23
324,1639,1639,;,operator,0,77,24
325,1649,1649,Q,identifier,0,78,8
326,1650,1650,.,operator,0,78,9
327,1651,1653,pop,identifier,0,78,10
328,1654,1654,(,operator,0,78,13
329,1655,1655,),operator,0,78,14
330,1656,1656,;,operator,0,78,15
331,1666,1668,for,keyword,0,79,8
332,1669,1669,(,operator,0,79,11
333,1670,1673,auto,keyword,0,79,12
334,1675,1675,x,identifier,0,79,17
335,1676,1676,:,operator,0,79,18
336,1678,1678,T,identifier,0,79,20
337,1679,1679,[,operator,0,79,21
338,1680,1681,nx,identifier,0,79,22
339,1682,1682,],operator,0,79,24
340,1683,1683,),operator,0,79,25
341,1684,1684,{,operator,0,79,26
342,1698,1699,if,keyword,0,80,12
343,1700,1700,(,operator,0,80,14
344,1701,1703,par,identifier,0,80,15
345,1704,1704,[,operator,0,80,18
346,1705,1705,x,identifier,0,80,19
347,1706,1706,.,operator,0,80,20
348,1707,1708,to,identifier,0,80,21
349,1709,1709,],operator,0,80,23
350,1710,1711,==,operator,0,80,24
351,1712,1712,-,operator,0,80,26
352,1713,1713,1,integer,0,80,27
353,1714,1714,),operator,0,80,28
354,1715,1715,{,operator,0,80,29
355,1733,1735,par,identifier,0,81,16
356,1736,1736,[,operator,0,81,19
357,1737,1737,x,identifier,0,81,20
358,1738,1738,.,operator,0,81,21
359,1739,1740,to,identifier,0,81,22
360,1741,1741,],operator,0,81,24
361,1742,1742,=,operator,0,81,25
362,1743,1743,x,identifier,0,81,26
363,1744,1744,.,operator,0,81,27
364,1745,1748,from,identifier,0,81,28
365,1749,1749,;,operator,0,81,32
366,1767,1767,Q,identifier,0,82,16
367,1768,1768,.,operator,0,82,17
368,1769,1772,push,identifier,0,82,18
369,1773,1773,(,operator,0,82,22
370,1774,1774,x,identifier,0,82,23
371,1775,1775,.,operator,0,82,24
372,1776,1777,to,identifier,0,82,25
373,1778,1778,),operator,0,82,27
374,1779,1779,;,operator,0,82,28
375,1797,1799,dep,identifier,0,83,16
376,1800,1800,[,operator,0,83,19
377,1801,1801,x,identifier,0,83,20
378,1802,1802,.,operator,0,83,21
379,1803,1804,to,identifier,0,83,22
380,1805,1805,],operator,0,83,24
381,1806,1806,=,operator,0,83,25
382,1807,1809,dep,identifier,0,83,26
383,1810,1810,[,operator,0,83,29
384,1811,1811,x,identifier,0,83,30
385,1812,1812,.,operator,0,83,31
386,1813,1816,from,identifier,0,83,32
387,1817,1817,],operator,0,83,36
388,1818,1818,+,operator,0,83,37
389,1819,1819,1,integer,0,83,38
390,1820,1820,;,operator,0,83,39
391,1838,1841,mdep,identifier,0,84,16
392,1842,1842,=,operator,0,84,20
393,1843,1845,max,identifier,0,84,21
394,1846,1846,(,operator,0,84,24
395,1847,1850,mdep,identifier,0,84,25
396,1851,1851,",",operator,0,84,29
397,1852,1854,dep,identifier,0,84,30
398,1855,1855,[,operator,0,84,33
399,1856,1856,x,identifier,0,84,34
400,1857,1857,.,operator,0,84,35
401,1858,1859,to,identifier,0,84,36
402,1860,1860,],operator,0,84,38
403,1861,1861,),operator,0,84,39
404,1862,1862,;,operator,0,84,40
405,1880,1880,d,identifier,0,85,16
406,1881,1881,[,operator,0,85,17
407,1882,1884,dep,identifier,0,85,18
408,1885,1885,[,operator,0,85,21
409,1886,1886,x,identifier,0,85,22
410,1887,1887,.,operator,0,85,23
411,1888,1889,to,identifier,0,85,24
412,1890,1890,],operator,0,85,26
413,1891,1891,],operator,0,85,27
414,1892,1892,.,operator,0,85,28
415,1893,1894,PB,identifier,0,85,29
416,1895,1895,(,operator,0,85,31
417,1896,1896,x,identifier,0,85,32
418,1897,1897,.,operator,0,85,33
419,1898,1899,to,identifier,0,85,34
420,1900,1900,),operator,0,85,36
421,1901,1901,;,operator,0,85,37
422,1915,1915,},operator,0,86,12
423,1925,1925,},operator,0,87,8
424,1931,1931,},operator,0,88,4
425,1938,1943,vector,identifier,0,90,4
426,1944,1944,<,operator,0,90,10
427,1945,1947,int,keyword,0,90,11
428,1948,1948,>,operator,0,90,14
429,1949,1949,l,identifier,0,90,15
430,1950,1950,(,operator,0,90,16
431,1951,1951,n,identifier,0,90,17
432,1952,1952,),operator,0,90,18
433,1953,1953,",",operator,0,90,19
434,1954,1954,u,identifier,0,90,20
435,1955,1955,(,operator,0,90,21
436,1956,1956,n,identifier,0,90,22
437,1957,1957,),operator,0,90,23
438,1958,1958,",",operator,0,90,24
439,1959,1961,ans,identifier,0,90,25
440,1962,1962,(,operator,0,90,28
441,1963,1963,n,identifier,0,90,29
442,1964,1964,),operator,0,90,30
443,1965,1965,;,operator,0,90,31
444,1971,1973,REP,identifier,0,91,4
445,1974,1974,(,operator,0,91,7
446,1975,1975,i,identifier,0,91,8
447,1976,1976,",",operator,0,91,9
448,1977,1977,n,identifier,0,91,10
449,1978,1978,),operator,0,91,11
450,1979,1979,{,operator,0,91,12
451,1989,1989,l,identifier,0,92,8
452,1990,1990,[,operator,0,92,9
453,1991,1991,i,identifier,0,92,10
454,1992,1992,],operator,0,92,11
455,1993,1993,=,operator,0,92,12
456,1994,1994,-,operator,0,92,13
457,1995,1997,INF,identifier,0,92,14
458,1998,1998,;,operator,0,92,17
459,2008,2008,u,identifier,0,93,8
460,2009,2009,[,operator,0,93,9
461,2010,2010,i,identifier,0,93,10
462,2011,2011,],operator,0,93,11
463,2012,2012,=,operator,0,93,12
464,2013,2015,INF,identifier,0,93,13
465,2016,2016,;,operator,0,93,16
466,2022,2022,},operator,0,94,4
467,2028,2030,int,keyword,0,95,4
468,2032,2032,k,identifier,0,95,8
469,2033,2033,",",operator,0,95,9
470,2034,2035,ev,identifier,0,95,10
471,2036,2036,;,operator,0,95,12
472,2042,2047,vector,identifier,0,96,4
473,2048,2048,<,operator,0,96,10
474,2049,2052,pair,identifier,0,96,11
475,2053,2053,<,operator,0,96,15
476,2054,2056,int,keyword,0,96,16
477,2057,2057,",",operator,0,96,19
478,2058,2060,int,keyword,0,96,20
479,2061,2061,>,operator,0,96,23
480,2062,2062,>,operator,0,96,24
481,2064,2066,val,identifier,0,96,26
482,2067,2067,(,operator,0,96,29
483,2068,2068,k,identifier,0,96,30
484,2069,2069,),operator,0,96,31
485,2070,2070,;,operator,0,96,32
486,2076,2078,cin,identifier,0,97,4
487,2080,2080,>,operator,0,97,8
488,2081,2081,>,operator,0,97,9
489,2082,2082,k,identifier,0,97,10
490,2083,2083,;,operator,0,97,11
491,2089,2091,REP,identifier,0,98,4
492,2092,2092,(,operator,0,98,7
493,2093,2093,i,identifier,0,98,8
494,2094,2094,",",operator,0,98,9
495,2095,2095,k,identifier,0,98,10
496,2096,2096,),operator,0,98,11
497,2097,2097,{,operator,0,98,12
498,2107,2109,int,keyword,0,99,8
499,2111,2111,a,identifier,0,99,12
500,2112,2112,",",operator,0,99,13
501,2113,2113,b,identifier,0,99,14
502,2114,2114,;,operator,0,99,15
503,2124,2126,cin,identifier,0,100,8
504,2128,2128,>,operator,0,100,12
505,2129,2129,>,operator,0,100,13
506,2131,2131,a,identifier,0,100,15
507,2132,2132,>,operator,0,100,16
508,2133,2133,>,operator,0,100,17
509,2134,2134,b,identifier,0,100,18
510,2135,2135,;,operator,0,100,19
511,2145,2145,l,identifier,0,101,8
512,2146,2146,[,operator,0,101,9
513,2147,2148,--,operator,0,101,10
514,2149,2149,a,identifier,0,101,12
515,2150,2150,],operator,0,101,13
516,2151,2151,=,operator,0,101,14
517,2152,2152,b,identifier,0,101,15
518,2153,2153,;,operator,0,101,16
519,2163,2163,u,identifier,0,102,8
520,2164,2164,[,operator,0,102,9
521,2165,2165,a,identifier,0,102,10
522,2166,2166,],operator,0,102,11
523,2167,2167,=,operator,0,102,12
524,2168,2168,b,identifier,0,102,13
525,2169,2169,;,operator,0,102,14
526,2179,2180,if,keyword,0,103,8
527,2181,2181,(,operator,0,103,10
528,2182,2182,i,identifier,0,103,11
529,2183,2184,==,operator,0,103,12
530,2185,2185,0,integer,0,103,14
531,2186,2186,),operator,0,103,15
532,2188,2189,ev,identifier,0,103,17
533,2190,2190,=,operator,0,103,19
534,2191,2191,(,operator,0,103,20
535,2192,2194,dep,identifier,0,103,21
536,2195,2195,[,operator,0,103,24
537,2196,2196,a,identifier,0,103,25
538,2197,2197,],operator,0,103,26
539,2198,2198,+,operator,0,103,27
540,2199,2199,b,identifier,0,103,28
541,2200,2200,),operator,0,103,29
542,2201,2201,%,operator,0,103,30
543,2202,2202,2,integer,0,103,31
544,2203,2203,;,operator,0,103,32
545,2213,2216,else,keyword,0,104,8
546,2218,2219,if,keyword,0,104,13
547,2220,2220,(,operator,0,104,15
548,2221,2222,ev,identifier,0,104,16
549,2223,2224,"!=",operator,0,104,18
550,2225,2225,(,operator,0,104,20
551,2226,2228,dep,identifier,0,104,21
552,2229,2229,[,operator,0,104,24
553,2230,2230,a,identifier,0,104,25
554,2231,2231,],operator,0,104,26
555,2232,2232,+,operator,0,104,27
556,2233,2233,b,identifier,0,104,28
557,2234,2234,),operator,0,104,29
558,2235,2235,%,operator,0,104,30
559,2236,2236,2,integer,0,104,31
560,2237,2237,),operator,0,104,32
561,2238,2238,{,operator,0,104,33
562,2252,2255,cout,identifier,0,105,12
563,2257,2257,<,operator,0,105,17
564,2258,2258,<,operator,0,105,18
565,2260,2263,"""No""",string,0,105,20
566,2265,2265,<,operator,0,105,25
567,2266,2266,<,operator,0,105,26
568,2267,2270,endl,identifier,0,105,27
569,2271,2271,;,operator,0,105,31
570,2285,2290,return,keyword,0,106,12
571,2292,2292,0,integer,0,106,19
572,2293,2293,;,operator,0,106,20
573,2303,2303,},operator,0,107,8
574,2309,2309,},operator,0,108,4
575,2315,2317,for,keyword,0,109,4
576,2318,2318,(,operator,0,109,7
577,2319,2321,int,keyword,0,109,8
578,2323,2323,i,identifier,0,109,12
579,2324,2324,=,operator,0,109,13
580,2325,2328,mdep,identifier,0,109,14
581,2329,2329,;,operator,0,109,18
582,2331,2331,i,identifier,0,109,20
583,2332,2332,>,operator,0,109,21
584,2333,2333,0,integer,0,109,22
585,2334,2334,;,operator,0,109,23
586,2335,2336,--,operator,0,109,24
587,2337,2337,i,identifier,0,109,26
588,2338,2338,),operator,0,109,27
589,2339,2339,{,operator,0,109,28
590,2349,2351,for,keyword,0,110,8
591,2352,2352,(,operator,0,110,11
592,2353,2356,auto,keyword,0,110,12
593,2358,2358,x,identifier,0,110,17
594,2360,2360,:,operator,0,110,19
595,2362,2362,d,identifier,0,110,21
596,2363,2363,[,operator,0,110,22
597,2364,2364,i,identifier,0,110,23
598,2365,2365,],operator,0,110,24
599,2366,2366,),operator,0,110,25
600,2367,2367,{,operator,0,110,26
601,2381,2382,if,keyword,0,111,12
602,2383,2383,(,operator,0,111,14
603,2384,2384,l,identifier,0,111,15
604,2385,2385,[,operator,0,111,16
605,2386,2386,x,identifier,0,111,17
606,2387,2387,],operator,0,111,18
607,2388,2388,>,operator,0,111,19
608,2389,2389,u,identifier,0,111,20
609,2390,2390,[,operator,0,111,21
610,2391,2391,x,identifier,0,111,22
611,2392,2392,],operator,0,111,23
612,2393,2393,),operator,0,111,24
613,2394,2394,{,operator,0,111,25
614,2412,2415,cout,identifier,0,112,16
615,2417,2417,<,operator,0,112,21
616,2418,2418,<,operator,0,112,22
617,2420,2423,"""No""",string,0,112,24
618,2425,2425,<,operator,0,112,29
619,2426,2426,<,operator,0,112,30
620,2427,2430,endl,identifier,0,112,31
621,2431,2431,;,operator,0,112,35
622,2449,2454,return,keyword,0,113,16
623,2456,2456,0,integer,0,113,23
624,2457,2457,;,operator,0,113,24
625,2471,2471,},operator,0,114,12
626,2485,2485,l,identifier,0,115,12
627,2486,2486,[,operator,0,115,13
628,2487,2489,par,identifier,0,115,14
629,2490,2490,[,operator,0,115,17
630,2491,2491,x,identifier,0,115,18
631,2492,2492,],operator,0,115,19
632,2493,2493,],operator,0,115,20
633,2494,2494,=,operator,0,115,21
634,2495,2497,max,identifier,0,115,22
635,2498,2498,(,operator,0,115,25
636,2499,2499,l,identifier,0,115,26
637,2500,2500,[,operator,0,115,27
638,2501,2503,par,identifier,0,115,28
639,2504,2504,[,operator,0,115,31
640,2505,2505,x,identifier,0,115,32
641,2506,2506,],operator,0,115,33
642,2507,2507,],operator,0,115,34
643,2508,2508,",",operator,0,115,35
644,2509,2509,l,identifier,0,115,36
645,2510,2510,[,operator,0,115,37
646,2511,2511,x,identifier,0,115,38
647,2512,2512,],operator,0,115,39
648,2513,2513,-,operator,0,115,40
649,2514,2514,1,integer,0,115,41
650,2515,2515,),operator,0,115,42
651,2516,2516,;,operator,0,115,43
652,2530,2530,u,identifier,0,116,12
653,2531,2531,[,operator,0,116,13
654,2532,2534,par,identifier,0,116,14
655,2535,2535,[,operator,0,116,17
656,2536,2536,x,identifier,0,116,18
657,2537,2537,],operator,0,116,19
658,2538,2538,],operator,0,116,20
659,2539,2539,=,operator,0,116,21
660,2540,2542,min,identifier,0,116,22
661,2543,2543,(,operator,0,116,25
662,2544,2544,u,identifier,0,116,26
663,2545,2545,[,operator,0,116,27
664,2546,2548,par,identifier,0,116,28
665,2549,2549,[,operator,0,116,31
666,2550,2550,x,identifier,0,116,32
667,2551,2551,],operator,0,116,33
668,2552,2552,],operator,0,116,34
669,2553,2553,",",operator,0,116,35
670,2554,2554,u,identifier,0,116,36
671,2555,2555,[,operator,0,116,37
672,2556,2556,x,identifier,0,116,38
673,2557,2557,],operator,0,116,39
674,2558,2558,+,operator,0,116,40
675,2559,2559,1,integer,0,116,41
676,2560,2560,),operator,0,116,42
677,2561,2561,;,operator,0,116,43
678,2571,2571,},operator,0,117,8
679,2577,2577,},operator,0,118,4
680,2583,2584,if,keyword,0,119,4
681,2585,2585,(,operator,0,119,6
682,2586,2586,l,identifier,0,119,7
683,2587,2587,[,operator,0,119,8
684,2588,2588,0,integer,0,119,9
685,2589,2589,],operator,0,119,10
686,2590,2590,>,operator,0,119,11
687,2591,2591,u,identifier,0,119,12
688,2592,2592,[,operator,0,119,13
689,2593,2593,0,integer,0,119,14
690,2594,2594,],operator,0,119,15
691,2595,2595,),operator,0,119,16
692,2596,2596,{,operator,0,119,17
693,2606,2609,cout,identifier,0,120,8
694,2611,2611,<,operator,0,120,13
695,2612,2612,<,operator,0,120,14
696,2614,2617,"""No""",string,0,120,16
697,2619,2619,<,operator,0,120,21
698,2620,2620,<,operator,0,120,22
699,2621,2624,endl,identifier,0,120,23
700,2625,2625,;,operator,0,120,27
701,2631,2631,},operator,0,121,4
702,2632,2635,else,keyword,0,121,5
703,2636,2636,{,operator,0,121,9
704,2646,2650,queue,identifier,0,122,8
705,2651,2651,<,operator,0,122,13
706,2652,2654,int,keyword,0,122,14
707,2655,2655,>,operator,0,122,17
708,2657,2657,R,identifier,0,122,19
709,2658,2658,;,operator,0,122,20
710,2668,2668,R,identifier,0,123,8
711,2669,2669,.,operator,0,123,9
712,2670,2673,push,identifier,0,123,10
713,2674,2674,(,operator,0,123,14
714,2675,2675,0,integer,0,123,15
715,2676,2676,),operator,0,123,16
716,2677,2677,;,operator,0,123,17
717,2687,2689,ans,identifier,0,124,8
718,2690,2690,[,operator,0,124,11
719,2691,2691,0,integer,0,124,12
720,2692,2692,],operator,0,124,13
721,2693,2693,=,operator,0,124,14
722,2694,2694,u,identifier,0,124,15
723,2695,2695,[,operator,0,124,16
724,2696,2696,0,integer,0,124,17
725,2697,2697,],operator,0,124,18
726,2698,2698,;,operator,0,124,19
727,2708,2712,while,keyword,0,125,8
728,2713,2713,(,operator,0,125,13
729,2714,2714,"!",operator,0,125,14
730,2715,2715,R,identifier,0,125,15
731,2716,2716,.,operator,0,125,16
732,2717,2721,empty,identifier,0,125,17
733,2722,2722,(,operator,0,125,22
734,2723,2723,),operator,0,125,23
735,2724,2724,),operator,0,125,24
736,2725,2725,{,operator,0,125,25
737,2739,2741,int,keyword,0,126,12
738,2743,2744,nx,identifier,0,126,16
739,2745,2745,=,operator,0,126,18
740,2746,2746,R,identifier,0,126,19
741,2747,2747,.,operator,0,126,20
742,2748,2752,front,identifier,0,126,21
743,2753,2753,(,operator,0,126,26
744,2754,2754,),operator,0,126,27
745,2755,2755,;,operator,0,126,28
746,2769,2769,R,identifier,0,127,12
747,2770,2770,.,operator,0,127,13
748,2771,2773,pop,identifier,0,127,14
749,2774,2774,(,operator,0,127,17
750,2775,2775,),operator,0,127,18
751,2776,2776,;,operator,0,127,19
752,2790,2792,for,keyword,0,128,12
753,2793,2793,(,operator,0,128,15
754,2794,2797,auto,keyword,0,128,16
755,2799,2799,x,identifier,0,128,21
756,2800,2800,:,operator,0,128,22
757,2802,2802,T,identifier,0,128,24
758,2803,2803,[,operator,0,128,25
759,2804,2805,nx,identifier,0,128,26
760,2806,2806,],operator,0,128,28
761,2807,2807,),operator,0,128,29
762,2808,2808,{,operator,0,128,30
763,2826,2827,if,keyword,0,129,16
764,2828,2828,(,operator,0,129,18
765,2829,2829,x,identifier,0,129,19
766,2830,2830,.,operator,0,129,20
767,2831,2832,to,identifier,0,129,21
768,2833,2834,"!=",operator,0,129,23
769,2835,2837,par,identifier,0,129,25
770,2838,2838,[,operator,0,129,28
771,2839,2839,x,identifier,0,129,29
772,2840,2840,.,operator,0,129,30
773,2841,2844,from,identifier,0,129,31
774,2845,2845,],operator,0,129,35
775,2846,2846,),operator,0,129,36
776,2847,2847,{,operator,0,129,37
777,2869,2871,ans,identifier,0,130,20
778,2872,2872,[,operator,0,130,23
779,2873,2873,x,identifier,0,130,24
780,2874,2874,.,operator,0,130,25
781,2875,2876,to,identifier,0,130,26
782,2877,2877,],operator,0,130,28
783,2878,2878,=,operator,0,130,29
784,2879,2881,min,identifier,0,130,30
785,2882,2882,(,operator,0,130,33
786,2883,2885,ans,identifier,0,130,34
787,2886,2886,[,operator,0,130,37
788,2887,2887,x,identifier,0,130,38
789,2888,2888,.,operator,0,130,39
790,2889,2892,from,identifier,0,130,40
791,2893,2893,],operator,0,130,44
792,2894,2894,+,operator,0,130,45
793,2895,2895,1,integer,0,130,46
794,2896,2896,",",operator,0,130,47
795,2897,2897,u,identifier,0,130,48
796,2898,2898,[,operator,0,130,49
797,2899,2899,x,identifier,0,130,50
798,2900,2900,.,operator,0,130,51
799,2901,2902,to,identifier,0,130,52
800,2903,2903,],operator,0,130,54
801,2904,2904,),operator,0,130,55
802,2905,2905,;,operator,0,130,56
803,2927,2927,R,identifier,0,131,20
804,2928,2928,.,operator,0,131,21
805,2929,2932,push,identifier,0,131,22
806,2933,2933,(,operator,0,131,26
807,2934,2934,x,identifier,0,131,27
808,2935,2935,.,operator,0,131,28
809,2936,2937,to,identifier,0,131,29
810,2938,2938,),operator,0,131,31
811,2939,2939,;,operator,0,131,32
812,2957,2957,},operator,0,132,16
813,2971,2971,},operator,0,133,12
814,2981,2981,},operator,0,134,8
815,2987,2987,},operator,0,135,4
816,2993,2996,cout,identifier,0,136,4
817,2998,2998,<,operator,0,136,9
818,2999,2999,<,operator,0,136,10
819,3000,3004,"""Yes""",string,0,136,11
820,3005,3005,<,operator,0,136,16
821,3006,3006,<,operator,0,136,17
822,3007,3010,endl,identifier,0,136,18
823,3011,3011,;,operator,0,136,22
824,3017,3019,REP,identifier,0,137,4
825,3020,3020,(,operator,0,137,7
826,3021,3021,i,identifier,0,137,8
827,3022,3022,",",operator,0,137,9
828,3023,3023,n,identifier,0,137,10
829,3024,3024,),operator,0,137,11
830,3025,3028,cout,identifier,0,137,12
831,3029,3029,<,operator,0,137,16
832,3030,3030,<,operator,0,137,17
833,3032,3034,ans,identifier,0,137,19
834,3035,3035,[,operator,0,137,22
835,3036,3036,i,identifier,0,137,23
836,3037,3037,],operator,0,137,24
837,3038,3038,<,operator,0,137,25
838,3039,3039,<,operator,0,137,26
839,3069,3072,endl,identifier,0,137,56
840,3073,3073,;,operator,0,137,60
841,3080,3085,return,keyword,0,139,4
842,3087,3087,0,integer,0,139,11
843,3088,3088,;,operator,0,139,12
844,3090,3090,},operator,0,140,0
845,3092,3091,<EOF>,eof,0,141,0
