seqnr,start,stop,text,class,channel,line,column
0,0,24,"#define _USE_MATH_DEFINES",directive,1,1,0
1,26,49,"#include ""bits/stdc++.h""",directive,1,2,0
2,51,55,using,keyword,0,3,0
3,57,65,namespace,keyword,0,3,6
4,67,69,std,identifier,0,3,16
5,70,70,;,operator,0,3,19
6,73,93,"#define int long long",directive,1,5,0
7,95,101,typedef,keyword,0,6,0
8,103,106,pair,identifier,0,6,8
9,107,107,<,operator,0,6,12
10,108,110,int,keyword,0,6,13
11,111,111,",",operator,0,6,16
12,113,115,int,keyword,0,6,18
13,116,116,>,operator,0,6,21
14,118,118,P,identifier,0,6,23
15,119,119,;,operator,0,6,24
16,122,124,int,keyword,0,8,0
17,126,127,dx,identifier,0,8,4
18,128,128,[,operator,0,8,6
19,129,129,8,integer,0,8,7
20,130,130,],operator,0,8,8
21,132,132,=,operator,0,8,10
22,134,134,{,operator,0,8,12
23,135,135,1,integer,0,8,13
24,136,136,",",operator,0,8,14
25,138,138,0,integer,0,8,16
26,139,139,",",operator,0,8,17
27,141,141,-,operator,0,8,19
28,142,142,1,integer,0,8,20
29,143,143,",",operator,0,8,21
30,145,145,0,integer,0,8,23
31,146,146,",",operator,0,8,24
32,148,148,1,integer,0,8,26
33,149,149,",",operator,0,8,27
34,151,151,-,operator,0,8,29
35,152,152,1,integer,0,8,30
36,153,153,",",operator,0,8,31
37,155,155,-,operator,0,8,33
38,156,156,1,integer,0,8,34
39,157,157,",",operator,0,8,35
40,159,159,1,integer,0,8,37
41,160,160,},operator,0,8,38
42,161,161,;,operator,0,8,39
43,163,165,int,keyword,0,9,0
44,167,168,dy,identifier,0,9,4
45,169,169,[,operator,0,9,6
46,170,170,8,integer,0,9,7
47,171,171,],operator,0,9,8
48,173,173,=,operator,0,9,10
49,175,175,{,operator,0,9,12
50,176,176,0,integer,0,9,13
51,177,177,",",operator,0,9,14
52,179,179,1,integer,0,9,16
53,180,180,",",operator,0,9,17
54,182,182,0,integer,0,9,19
55,183,183,",",operator,0,9,20
56,185,185,-,operator,0,9,22
57,186,186,1,integer,0,9,23
58,187,187,",",operator,0,9,24
59,189,189,1,integer,0,9,26
60,190,190,",",operator,0,9,27
61,192,192,1,integer,0,9,29
62,193,193,",",operator,0,9,30
63,195,195,-,operator,0,9,32
64,196,196,1,integer,0,9,33
65,197,197,",",operator,0,9,34
66,199,199,-,operator,0,9,36
67,200,200,1,integer,0,9,37
68,201,201,},operator,0,9,38
69,202,202,;,operator,0,9,39
70,296,298,int,keyword,0,18,0
71,300,300,N,identifier,0,18,4
72,301,301,",",operator,0,18,5
73,303,303,K,identifier,0,18,7
74,304,304,;,operator,0,18,8
75,306,308,int,keyword,0,19,0
76,310,310,A,identifier,0,19,4
77,311,311,[,operator,0,19,5
78,312,317,110000,integer,0,19,6
79,318,318,],operator,0,19,12
80,319,319,",",operator,0,19,13
81,321,321,B,identifier,0,19,15
82,322,322,[,operator,0,19,16
83,323,328,110000,integer,0,19,17
84,329,329,],operator,0,19,23
85,330,330,",",operator,0,19,24
86,332,332,V,identifier,0,19,26
87,333,333,[,operator,0,19,27
88,334,339,110000,integer,0,19,28
89,340,340,],operator,0,19,34
90,341,341,",",operator,0,19,35
91,343,344,P_,identifier,0,19,37
92,345,345,[,operator,0,19,39
93,346,351,110000,integer,0,19,40
94,352,352,],operator,0,19,46
95,353,353,;,operator,0,19,47
96,355,360,vector,identifier,0,20,0
97,361,361,<,operator,0,20,6
98,362,364,int,keyword,0,20,7
99,365,365,>,operator,0,20,10
100,367,367,G,identifier,0,20,12
101,368,368,[,operator,0,20,13
102,369,374,110000,integer,0,20,14
103,375,375,],operator,0,20,20
104,376,376,;,operator,0,20,21
105,378,381,bool,keyword,0,21,0
106,383,389,decided,identifier,0,21,5
107,390,390,[,operator,0,21,12
108,391,396,110000,integer,0,21,13
109,397,397,],operator,0,21,19
110,398,398,",",operator,0,21,20
111,400,407,visited1,identifier,0,21,22
112,408,408,[,operator,0,21,30
113,409,414,110000,integer,0,21,31
114,415,415,],operator,0,21,37
115,416,416,",",operator,0,21,38
116,418,425,visited2,identifier,0,21,40
117,426,426,[,operator,0,21,48
118,427,432,110000,integer,0,21,49
119,433,433,],operator,0,21,55
120,434,434,;,operator,0,21,56
121,436,438,int,keyword,0,22,0
122,440,442,odd,identifier,0,22,4
123,443,443,[,operator,0,22,7
124,444,449,110000,integer,0,22,8
125,450,450,],operator,0,22,14
126,451,451,;,operator,0,22,15
127,453,453,P,identifier,0,23,0
128,455,457,seg,identifier,0,23,2
129,458,458,[,operator,0,23,5
130,459,464,110000,integer,0,23,6
131,465,465,],operator,0,23,12
132,466,466,;,operator,0,23,13
133,468,470,int,keyword,0,24,0
134,472,474,ans,identifier,0,24,4
135,475,475,[,operator,0,24,7
136,476,481,110000,integer,0,24,8
137,482,482,],operator,0,24,14
138,483,483,;,operator,0,24,15
139,486,489,void,keyword,0,26,0
140,491,492,no,identifier,0,26,5
141,493,493,(,operator,0,26,7
142,494,494,),operator,0,26,8
143,496,496,{,operator,0,26,10
144,502,505,cout,identifier,0,27,4
145,507,507,<,operator,0,27,9
146,508,508,<,operator,0,27,10
147,510,513,"""No""",string,0,27,12
148,515,515,<,operator,0,27,17
149,516,516,<,operator,0,27,18
150,518,521,endl,identifier,0,27,20
151,522,522,;,operator,0,27,24
152,528,531,exit,identifier,0,28,4
153,532,532,(,operator,0,28,8
154,533,533,0,integer,0,28,9
155,534,534,),operator,0,28,10
156,535,535,;,operator,0,28,11
157,537,537,},operator,0,29,0
158,540,543,void,keyword,0,31,0
159,545,548,dfs1,identifier,0,31,5
160,549,549,(,operator,0,31,9
161,550,552,int,keyword,0,31,10
162,554,554,x,identifier,0,31,14
163,555,555,",",operator,0,31,15
164,557,559,int,keyword,0,31,17
165,561,561,n,identifier,0,31,21
166,562,562,),operator,0,31,22
167,564,564,{,operator,0,31,24
168,570,571,if,keyword,0,32,4
169,573,573,(,operator,0,32,7
170,574,580,decided,identifier,0,32,8
171,581,581,[,operator,0,32,15
172,582,582,n,identifier,0,32,16
173,583,583,],operator,0,32,17
174,585,586,&&,operator,0,32,19
175,588,590,ans,identifier,0,32,22
176,591,591,[,operator,0,32,25
177,592,592,n,identifier,0,32,26
178,593,593,],operator,0,32,27
179,595,595,%,operator,0,32,29
180,597,597,2,integer,0,32,31
181,599,600,"!=",operator,0,32,33
182,602,602,x,identifier,0,32,36
183,603,603,),operator,0,32,37
184,605,606,no,identifier,0,32,39
185,607,607,(,operator,0,32,41
186,608,608,),operator,0,32,42
187,609,609,;,operator,0,32,43
188,615,622,visited1,identifier,0,33,4
189,623,623,[,operator,0,33,12
190,624,624,n,identifier,0,33,13
191,625,625,],operator,0,33,14
192,627,627,=,operator,0,33,16
193,629,632,true,keyword,0,33,18
194,633,633,;,operator,0,33,22
195,639,641,odd,identifier,0,34,4
196,642,642,[,operator,0,34,7
197,643,643,n,identifier,0,34,8
198,644,644,],operator,0,34,9
199,646,646,=,operator,0,34,11
200,648,648,x,identifier,0,34,13
201,649,649,;,operator,0,34,14
202,655,657,for,keyword,0,35,4
203,659,659,(,operator,0,35,8
204,660,662,int,keyword,0,35,9
205,664,664,i,identifier,0,35,13
206,666,666,=,operator,0,35,15
207,668,668,0,integer,0,35,17
208,669,669,;,operator,0,35,18
209,671,671,i,identifier,0,35,20
210,673,673,<,operator,0,35,22
211,675,675,G,identifier,0,35,24
212,676,676,[,operator,0,35,25
213,677,677,n,identifier,0,35,26
214,678,678,],operator,0,35,27
215,679,679,.,operator,0,35,28
216,680,683,size,identifier,0,35,29
217,684,684,(,operator,0,35,33
218,685,685,),operator,0,35,34
219,686,686,;,operator,0,35,35
220,688,688,i,identifier,0,35,37
221,689,690,++,operator,0,35,38
222,691,691,),operator,0,35,40
223,693,693,{,operator,0,35,42
224,703,704,if,keyword,0,36,8
225,706,706,(,operator,0,36,11
226,707,714,visited1,identifier,0,36,12
227,715,715,[,operator,0,36,20
228,716,716,G,identifier,0,36,21
229,717,717,[,operator,0,36,22
230,718,718,n,identifier,0,36,23
231,719,719,],operator,0,36,24
232,720,720,[,operator,0,36,25
233,721,721,i,identifier,0,36,26
234,722,722,],operator,0,36,27
235,723,723,],operator,0,36,28
236,724,724,),operator,0,36,29
237,726,733,continue,keyword,0,36,31
238,734,734,;,operator,0,36,39
239,744,747,dfs1,identifier,0,37,8
240,748,748,(,operator,0,37,12
241,749,749,(,operator,0,37,13
242,750,750,x,identifier,0,37,14
243,752,752,+,operator,0,37,16
244,754,754,1,integer,0,37,18
245,755,755,),operator,0,37,19
246,757,757,%,operator,0,37,21
247,759,759,2,integer,0,37,23
248,760,760,",",operator,0,37,24
249,762,762,G,identifier,0,37,26
250,763,763,[,operator,0,37,27
251,764,764,n,identifier,0,37,28
252,765,765,],operator,0,37,29
253,766,766,[,operator,0,37,30
254,767,767,i,identifier,0,37,31
255,768,768,],operator,0,37,32
256,769,769,),operator,0,37,33
257,770,770,;,operator,0,37,34
258,776,776,},operator,0,38,4
259,778,778,},operator,0,39,0
260,781,781,P,identifier,0,41,0
261,783,786,dfs2,identifier,0,41,2
262,787,787,(,operator,0,41,6
263,788,790,int,keyword,0,41,7
264,792,792,n,identifier,0,41,11
265,793,793,),operator,0,41,12
266,795,795,{,operator,0,41,14
267,801,808,visited2,identifier,0,42,4
268,809,809,[,operator,0,42,12
269,810,810,n,identifier,0,42,13
270,811,811,],operator,0,42,14
271,813,813,=,operator,0,42,16
272,815,818,true,keyword,0,42,18
273,819,819,;,operator,0,42,22
274,825,826,if,keyword,0,43,4
275,828,828,(,operator,0,43,7
276,829,835,decided,identifier,0,43,8
277,836,836,[,operator,0,43,15
278,837,837,n,identifier,0,43,16
279,838,838,],operator,0,43,17
280,839,839,),operator,0,43,18
281,841,846,return,keyword,0,43,20
282,848,850,seg,identifier,0,43,27
283,851,851,[,operator,0,43,30
284,852,852,n,identifier,0,43,31
285,853,853,],operator,0,43,32
286,855,855,=,operator,0,43,34
287,857,857,P,identifier,0,43,36
288,858,858,(,operator,0,43,37
289,859,861,ans,identifier,0,43,38
290,862,862,[,operator,0,43,41
291,863,863,n,identifier,0,43,42
292,864,864,],operator,0,43,43
293,865,865,",",operator,0,43,44
294,867,869,ans,identifier,0,43,46
295,870,870,[,operator,0,43,49
296,871,871,n,identifier,0,43,50
297,872,872,],operator,0,43,51
298,873,873,),operator,0,43,52
299,874,874,;,operator,0,43,53
300,880,882,int,keyword,0,44,4
301,884,884,l,identifier,0,44,8
302,886,886,=,operator,0,44,10
303,888,888,-,operator,0,44,12
304,889,892,1e13,floating,0,44,13
305,893,893,",",operator,0,44,17
306,895,895,r,identifier,0,44,19
307,897,897,=,operator,0,44,21
308,899,902,1e13,floating,0,44,23
309,903,903,;,operator,0,44,27
310,909,911,for,keyword,0,45,4
311,913,913,(,operator,0,45,8
312,914,916,int,keyword,0,45,9
313,918,918,i,identifier,0,45,13
314,920,920,=,operator,0,45,15
315,922,922,0,integer,0,45,17
316,923,923,;,operator,0,45,18
317,925,925,i,identifier,0,45,20
318,927,927,<,operator,0,45,22
319,929,929,G,identifier,0,45,24
320,930,930,[,operator,0,45,25
321,931,931,n,identifier,0,45,26
322,932,932,],operator,0,45,27
323,933,933,.,operator,0,45,28
324,934,937,size,identifier,0,45,29
325,938,938,(,operator,0,45,33
326,939,939,),operator,0,45,34
327,940,940,;,operator,0,45,35
328,942,942,i,identifier,0,45,37
329,943,944,++,operator,0,45,38
330,945,945,),operator,0,45,40
331,947,947,{,operator,0,45,42
332,957,958,if,keyword,0,46,8
333,960,960,(,operator,0,46,11
334,961,968,visited2,identifier,0,46,12
335,969,969,[,operator,0,46,20
336,970,970,G,identifier,0,46,21
337,971,971,[,operator,0,46,22
338,972,972,n,identifier,0,46,23
339,973,973,],operator,0,46,24
340,974,974,[,operator,0,46,25
341,975,975,i,identifier,0,46,26
342,976,976,],operator,0,46,27
343,977,977,],operator,0,46,28
344,979,980,&&,operator,0,46,30
345,982,982,"!",operator,0,46,33
346,983,989,decided,identifier,0,46,34
347,990,990,[,operator,0,46,41
348,991,991,G,identifier,0,46,42
349,992,992,[,operator,0,46,43
350,993,993,n,identifier,0,46,44
351,994,994,],operator,0,46,45
352,995,995,[,operator,0,46,46
353,996,996,i,identifier,0,46,47
354,997,997,],operator,0,46,48
355,998,998,],operator,0,46,49
356,999,999,),operator,0,46,50
357,1001,1008,continue,keyword,0,46,52
358,1009,1009,;,operator,0,46,60
359,1019,1019,P,identifier,0,47,8
360,1021,1021,p,identifier,0,47,10
361,1023,1023,=,operator,0,47,12
362,1025,1028,dfs2,identifier,0,47,14
363,1029,1029,(,operator,0,47,18
364,1030,1030,G,identifier,0,47,19
365,1031,1031,[,operator,0,47,20
366,1032,1032,n,identifier,0,47,21
367,1033,1033,],operator,0,47,22
368,1034,1034,[,operator,0,47,23
369,1035,1035,i,identifier,0,47,24
370,1036,1036,],operator,0,47,25
371,1037,1037,),operator,0,47,26
372,1038,1038,;,operator,0,47,27
373,1048,1048,l,identifier,0,48,8
374,1050,1050,=,operator,0,48,10
375,1052,1054,max,identifier,0,48,12
376,1055,1055,(,operator,0,48,15
377,1056,1056,l,identifier,0,48,16
378,1057,1057,",",operator,0,48,17
379,1059,1059,p,identifier,0,48,19
380,1060,1060,.,operator,0,48,20
381,1061,1065,first,identifier,0,48,21
382,1066,1066,),operator,0,48,26
383,1067,1067,;,operator,0,48,27
384,1077,1077,r,identifier,0,49,8
385,1079,1079,=,operator,0,49,10
386,1081,1083,min,identifier,0,49,12
387,1084,1084,(,operator,0,49,15
388,1085,1085,r,identifier,0,49,16
389,1086,1086,",",operator,0,49,17
390,1088,1088,p,identifier,0,49,19
391,1089,1089,.,operator,0,49,20
392,1090,1095,second,identifier,0,49,21
393,1096,1096,),operator,0,49,27
394,1097,1097,;,operator,0,49,28
395,1103,1103,},operator,0,50,4
396,1109,1109,l,identifier,0,51,4
397,1110,1111,--,operator,0,51,5
398,1112,1112,;,operator,0,51,7
399,1114,1114,r,identifier,0,51,9
400,1115,1116,++,operator,0,51,10
401,1117,1117,;,operator,0,51,12
402,1123,1124,if,keyword,0,52,4
403,1126,1126,(,operator,0,52,7
404,1127,1129,abs,identifier,0,52,8
405,1130,1130,(,operator,0,52,11
406,1131,1131,l,identifier,0,52,12
407,1132,1132,),operator,0,52,13
408,1134,1134,%,operator,0,52,15
409,1136,1136,2,integer,0,52,17
410,1138,1139,"!=",operator,0,52,19
411,1141,1143,odd,identifier,0,52,22
412,1144,1144,[,operator,0,52,25
413,1145,1145,n,identifier,0,52,26
414,1146,1146,],operator,0,52,27
415,1147,1147,),operator,0,52,28
416,1149,1149,l,identifier,0,52,30
417,1150,1151,++,operator,0,52,31
418,1152,1152,;,operator,0,52,33
419,1158,1159,if,keyword,0,53,4
420,1161,1161,(,operator,0,53,7
421,1162,1164,abs,identifier,0,53,8
422,1165,1165,(,operator,0,53,11
423,1166,1166,r,identifier,0,53,12
424,1167,1167,),operator,0,53,13
425,1169,1169,%,operator,0,53,15
426,1171,1171,2,integer,0,53,17
427,1173,1174,"!=",operator,0,53,19
428,1176,1178,odd,identifier,0,53,22
429,1179,1179,[,operator,0,53,25
430,1180,1180,n,identifier,0,53,26
431,1181,1181,],operator,0,53,27
432,1182,1182,),operator,0,53,28
433,1184,1184,r,identifier,0,53,30
434,1185,1186,--,operator,0,53,31
435,1187,1187,;,operator,0,53,33
436,1193,1194,if,keyword,0,54,4
437,1196,1196,(,operator,0,54,7
438,1197,1197,l,identifier,0,54,8
439,1199,1199,>,operator,0,54,10
440,1201,1201,r,identifier,0,54,12
441,1202,1202,),operator,0,54,13
442,1204,1205,no,identifier,0,54,15
443,1206,1206,(,operator,0,54,17
444,1207,1207,),operator,0,54,18
445,1208,1208,;,operator,0,54,19
446,1214,1219,return,keyword,0,55,4
447,1221,1223,seg,identifier,0,55,11
448,1224,1224,[,operator,0,55,14
449,1225,1225,n,identifier,0,55,15
450,1226,1226,],operator,0,55,16
451,1228,1228,=,operator,0,55,18
452,1230,1230,P,identifier,0,55,20
453,1231,1231,(,operator,0,55,21
454,1232,1232,l,identifier,0,55,22
455,1233,1233,",",operator,0,55,23
456,1235,1235,r,identifier,0,55,25
457,1236,1236,),operator,0,55,26
458,1237,1237,;,operator,0,55,27
459,1239,1239,},operator,0,56,0
460,1242,1245,void,keyword,0,58,0
461,1247,1250,dfs3,identifier,0,58,5
462,1251,1251,(,operator,0,58,9
463,1252,1254,int,keyword,0,58,10
464,1256,1256,x,identifier,0,58,14
465,1257,1257,",",operator,0,58,15
466,1259,1261,int,keyword,0,58,17
467,1263,1263,n,identifier,0,58,21
468,1264,1264,),operator,0,58,22
469,1266,1266,{,operator,0,58,24
470,1272,1278,decided,identifier,0,59,4
471,1279,1279,[,operator,0,59,11
472,1280,1280,n,identifier,0,59,12
473,1281,1281,],operator,0,59,13
474,1283,1283,=,operator,0,59,15
475,1285,1288,true,keyword,0,59,17
476,1289,1289,;,operator,0,59,21
477,1295,1297,ans,identifier,0,60,4
478,1298,1298,[,operator,0,60,7
479,1299,1299,n,identifier,0,60,8
480,1300,1300,],operator,0,60,9
481,1302,1302,=,operator,0,60,11
482,1304,1306,seg,identifier,0,60,13
483,1307,1307,[,operator,0,60,16
484,1308,1308,n,identifier,0,60,17
485,1309,1309,],operator,0,60,18
486,1310,1310,.,operator,0,60,19
487,1311,1315,first,identifier,0,60,20
488,1317,1318,<=,operator,0,60,26
489,1320,1320,x,identifier,0,60,29
490,1322,1322,-,operator,0,60,31
491,1324,1324,1,integer,0,60,33
492,1326,1326,?,operator,0,60,35
493,1328,1328,x,identifier,0,60,37
494,1330,1330,-,operator,0,60,39
495,1332,1332,1,integer,0,60,41
496,1334,1334,:,operator,0,60,43
497,1336,1336,x,identifier,0,60,45
498,1338,1338,+,operator,0,60,47
499,1340,1340,1,integer,0,60,49
500,1341,1341,;,operator,0,60,50
501,1347,1349,for,keyword,0,61,4
502,1351,1351,(,operator,0,61,8
503,1352,1354,int,keyword,0,61,9
504,1356,1356,i,identifier,0,61,13
505,1358,1358,=,operator,0,61,15
506,1360,1360,0,integer,0,61,17
507,1361,1361,;,operator,0,61,18
508,1363,1363,i,identifier,0,61,20
509,1365,1365,<,operator,0,61,22
510,1367,1367,G,identifier,0,61,24
511,1368,1368,[,operator,0,61,25
512,1369,1369,n,identifier,0,61,26
513,1370,1370,],operator,0,61,27
514,1371,1371,.,operator,0,61,28
515,1372,1375,size,identifier,0,61,29
516,1376,1376,(,operator,0,61,33
517,1377,1377,),operator,0,61,34
518,1378,1378,;,operator,0,61,35
519,1380,1380,i,identifier,0,61,37
520,1381,1382,++,operator,0,61,38
521,1383,1383,),operator,0,61,40
522,1385,1385,{,operator,0,61,42
523,1395,1396,if,keyword,0,62,8
524,1398,1398,(,operator,0,62,11
525,1399,1405,decided,identifier,0,62,12
526,1406,1406,[,operator,0,62,19
527,1407,1407,G,identifier,0,62,20
528,1408,1408,[,operator,0,62,21
529,1409,1409,n,identifier,0,62,22
530,1410,1410,],operator,0,62,23
531,1411,1411,[,operator,0,62,24
532,1412,1412,i,identifier,0,62,25
533,1413,1413,],operator,0,62,26
534,1414,1414,],operator,0,62,27
535,1415,1415,),operator,0,62,28
536,1417,1424,continue,keyword,0,62,30
537,1425,1425,;,operator,0,62,38
538,1435,1438,dfs3,identifier,0,63,8
539,1439,1439,(,operator,0,63,12
540,1440,1442,ans,identifier,0,63,13
541,1443,1443,[,operator,0,63,16
542,1444,1444,n,identifier,0,63,17
543,1445,1445,],operator,0,63,18
544,1446,1446,",",operator,0,63,19
545,1448,1448,G,identifier,0,63,21
546,1449,1449,[,operator,0,63,22
547,1450,1450,n,identifier,0,63,23
548,1451,1451,],operator,0,63,24
549,1452,1452,[,operator,0,63,25
550,1453,1453,i,identifier,0,63,26
551,1454,1454,],operator,0,63,27
552,1455,1455,),operator,0,63,28
553,1456,1456,;,operator,0,63,29
554,1462,1462,},operator,0,64,4
555,1464,1464,},operator,0,65,0
556,1466,1469,void,keyword,0,66,0
557,1471,1475,check,identifier,0,66,5
558,1476,1476,(,operator,0,66,10
559,1477,1479,int,keyword,0,66,11
560,1481,1481,n,identifier,0,66,15
561,1482,1482,),operator,0,66,16
562,1484,1484,{,operator,0,66,18
563,1490,1492,for,keyword,0,67,4
564,1494,1494,(,operator,0,67,8
565,1495,1497,int,keyword,0,67,9
566,1499,1499,i,identifier,0,67,13
567,1501,1501,=,operator,0,67,15
568,1503,1503,0,integer,0,67,17
569,1504,1504,;,operator,0,67,18
570,1506,1506,i,identifier,0,67,20
571,1508,1508,<,operator,0,67,22
572,1510,1510,G,identifier,0,67,24
573,1511,1511,[,operator,0,67,25
574,1512,1512,n,identifier,0,67,26
575,1513,1513,],operator,0,67,27
576,1514,1514,.,operator,0,67,28
577,1515,1518,size,identifier,0,67,29
578,1519,1519,(,operator,0,67,33
579,1520,1520,),operator,0,67,34
580,1521,1521,;,operator,0,67,35
581,1523,1523,i,identifier,0,67,37
582,1524,1525,++,operator,0,67,38
583,1526,1526,),operator,0,67,40
584,1528,1528,{,operator,0,67,42
585,1538,1539,if,keyword,0,68,8
586,1541,1541,(,operator,0,68,11
587,1542,1542,"!",operator,0,68,12
588,1543,1549,decided,identifier,0,68,13
589,1550,1550,[,operator,0,68,20
590,1551,1551,G,identifier,0,68,21
591,1552,1552,[,operator,0,68,22
592,1553,1553,n,identifier,0,68,23
593,1554,1554,],operator,0,68,24
594,1555,1555,[,operator,0,68,25
595,1556,1556,i,identifier,0,68,26
596,1557,1557,],operator,0,68,27
597,1558,1558,],operator,0,68,28
598,1559,1559,),operator,0,68,29
599,1561,1568,continue,keyword,0,68,31
600,1569,1569,;,operator,0,68,39
601,1579,1580,if,keyword,0,69,8
602,1582,1582,(,operator,0,69,11
603,1583,1585,abs,identifier,0,69,12
604,1586,1586,(,operator,0,69,15
605,1587,1589,ans,identifier,0,69,16
606,1590,1590,[,operator,0,69,19
607,1591,1591,n,identifier,0,69,20
608,1592,1592,],operator,0,69,21
609,1594,1594,-,operator,0,69,23
610,1596,1598,ans,identifier,0,69,25
611,1599,1599,[,operator,0,69,28
612,1600,1600,G,identifier,0,69,29
613,1601,1601,[,operator,0,69,30
614,1602,1602,n,identifier,0,69,31
615,1603,1603,],operator,0,69,32
616,1604,1604,[,operator,0,69,33
617,1605,1605,i,identifier,0,69,34
618,1606,1606,],operator,0,69,35
619,1607,1607,],operator,0,69,36
620,1608,1608,),operator,0,69,37
621,1610,1611,"!=",operator,0,69,39
622,1613,1613,1,integer,0,69,42
623,1614,1614,),operator,0,69,43
624,1616,1617,no,identifier,0,69,45
625,1618,1618,(,operator,0,69,47
626,1619,1619,),operator,0,69,48
627,1620,1620,;,operator,0,69,49
628,1626,1626,},operator,0,70,4
629,1628,1628,},operator,0,71,0
630,1631,1636,signed,keyword,0,73,0
631,1638,1641,main,identifier,0,73,7
632,1642,1642,(,operator,0,73,11
633,1643,1643,),operator,0,73,12
634,1645,1645,{,operator,0,73,14
635,1651,1653,cin,identifier,0,74,4
636,1655,1655,>,operator,0,74,8
637,1656,1656,>,operator,0,74,9
638,1658,1658,N,identifier,0,74,11
639,1659,1659,;,operator,0,74,12
640,1665,1667,for,keyword,0,75,4
641,1669,1669,(,operator,0,75,8
642,1670,1672,int,keyword,0,75,9
643,1674,1674,i,identifier,0,75,13
644,1676,1676,=,operator,0,75,15
645,1678,1678,0,integer,0,75,17
646,1679,1679,;,operator,0,75,18
647,1681,1681,i,identifier,0,75,20
648,1683,1683,<,operator,0,75,22
649,1685,1685,N,identifier,0,75,24
650,1687,1687,-,operator,0,75,26
651,1689,1689,1,integer,0,75,28
652,1690,1690,;,operator,0,75,29
653,1692,1692,i,identifier,0,75,31
654,1693,1694,++,operator,0,75,32
655,1695,1695,),operator,0,75,34
656,1697,1697,{,operator,0,75,36
657,1707,1709,cin,identifier,0,76,8
658,1711,1711,>,operator,0,76,12
659,1712,1712,>,operator,0,76,13
660,1714,1714,A,identifier,0,76,15
661,1715,1715,[,operator,0,76,16
662,1716,1716,i,identifier,0,76,17
663,1717,1717,],operator,0,76,18
664,1719,1719,>,operator,0,76,20
665,1720,1720,>,operator,0,76,21
666,1722,1722,B,identifier,0,76,23
667,1723,1723,[,operator,0,76,24
668,1724,1724,i,identifier,0,76,25
669,1725,1725,],operator,0,76,26
670,1726,1726,;,operator,0,76,27
671,1736,1736,G,identifier,0,77,8
672,1737,1737,[,operator,0,77,9
673,1738,1738,A,identifier,0,77,10
674,1739,1739,[,operator,0,77,11
675,1740,1740,i,identifier,0,77,12
676,1741,1741,],operator,0,77,13
677,1742,1742,],operator,0,77,14
678,1743,1743,.,operator,0,77,15
679,1744,1752,push_back,identifier,0,77,16
680,1753,1753,(,operator,0,77,25
681,1754,1754,B,identifier,0,77,26
682,1755,1755,[,operator,0,77,27
683,1756,1756,i,identifier,0,77,28
684,1757,1757,],operator,0,77,29
685,1758,1758,),operator,0,77,30
686,1759,1759,;,operator,0,77,31
687,1769,1769,G,identifier,0,78,8
688,1770,1770,[,operator,0,78,9
689,1771,1771,B,identifier,0,78,10
690,1772,1772,[,operator,0,78,11
691,1773,1773,i,identifier,0,78,12
692,1774,1774,],operator,0,78,13
693,1775,1775,],operator,0,78,14
694,1776,1776,.,operator,0,78,15
695,1777,1785,push_back,identifier,0,78,16
696,1786,1786,(,operator,0,78,25
697,1787,1787,A,identifier,0,78,26
698,1788,1788,[,operator,0,78,27
699,1789,1789,i,identifier,0,78,28
700,1790,1790,],operator,0,78,29
701,1791,1791,),operator,0,78,30
702,1792,1792,;,operator,0,78,31
703,1798,1798,},operator,0,79,4
704,1804,1806,cin,identifier,0,80,4
705,1808,1808,>,operator,0,80,8
706,1809,1809,>,operator,0,80,9
707,1811,1811,K,identifier,0,80,11
708,1812,1812,;,operator,0,80,12
709,1818,1820,for,keyword,0,81,4
710,1822,1822,(,operator,0,81,8
711,1823,1825,int,keyword,0,81,9
712,1827,1827,i,identifier,0,81,13
713,1829,1829,=,operator,0,81,15
714,1831,1831,0,integer,0,81,17
715,1832,1832,;,operator,0,81,18
716,1834,1834,i,identifier,0,81,20
717,1836,1836,<,operator,0,81,22
718,1838,1838,K,identifier,0,81,24
719,1839,1839,;,operator,0,81,25
720,1841,1841,i,identifier,0,81,27
721,1842,1843,++,operator,0,81,28
722,1844,1844,),operator,0,81,30
723,1846,1846,{,operator,0,81,32
724,1856,1858,cin,identifier,0,82,8
725,1860,1860,>,operator,0,82,12
726,1861,1861,>,operator,0,82,13
727,1863,1863,V,identifier,0,82,15
728,1864,1864,[,operator,0,82,16
729,1865,1865,i,identifier,0,82,17
730,1866,1866,],operator,0,82,18
731,1868,1868,>,operator,0,82,20
732,1869,1869,>,operator,0,82,21
733,1871,1872,P_,identifier,0,82,23
734,1873,1873,[,operator,0,82,25
735,1874,1874,i,identifier,0,82,26
736,1875,1875,],operator,0,82,27
737,1876,1876,;,operator,0,82,28
738,1886,1892,decided,identifier,0,83,8
739,1893,1893,[,operator,0,83,15
740,1894,1894,V,identifier,0,83,16
741,1895,1895,[,operator,0,83,17
742,1896,1896,i,identifier,0,83,18
743,1897,1897,],operator,0,83,19
744,1898,1898,],operator,0,83,20
745,1900,1900,=,operator,0,83,22
746,1902,1905,true,keyword,0,83,24
747,1906,1906,;,operator,0,83,28
748,1916,1918,ans,identifier,0,84,8
749,1919,1919,[,operator,0,84,11
750,1920,1920,V,identifier,0,84,12
751,1921,1921,[,operator,0,84,13
752,1922,1922,i,identifier,0,84,14
753,1923,1923,],operator,0,84,15
754,1924,1924,],operator,0,84,16
755,1926,1926,=,operator,0,84,18
756,1928,1929,P_,identifier,0,84,20
757,1930,1930,[,operator,0,84,22
758,1931,1931,i,identifier,0,84,23
759,1932,1932,],operator,0,84,24
760,1933,1933,;,operator,0,84,25
761,1939,1939,},operator,0,85,4
762,1945,1947,for,keyword,0,86,4
763,1949,1949,(,operator,0,86,8
764,1950,1952,int,keyword,0,86,9
765,1954,1954,i,identifier,0,86,13
766,1956,1956,=,operator,0,86,15
767,1958,1958,0,integer,0,86,17
768,1959,1959,;,operator,0,86,18
769,1961,1961,i,identifier,0,86,20
770,1963,1963,<,operator,0,86,22
771,1965,1965,K,identifier,0,86,24
772,1966,1966,;,operator,0,86,25
773,1968,1968,i,identifier,0,86,27
774,1969,1970,++,operator,0,86,28
775,1971,1971,),operator,0,86,30
776,1973,1973,{,operator,0,86,32
777,1983,1987,check,identifier,0,87,8
778,1988,1988,(,operator,0,87,13
779,1989,1989,V,identifier,0,87,14
780,1990,1990,[,operator,0,87,15
781,1991,1991,i,identifier,0,87,16
782,1992,1992,],operator,0,87,17
783,1993,1993,),operator,0,87,18
784,1994,1994,;,operator,0,87,19
785,2000,2000,},operator,0,88,4
786,2006,2009,dfs1,identifier,0,89,4
787,2010,2010,(,operator,0,89,8
788,2011,2012,P_,identifier,0,89,9
789,2013,2013,[,operator,0,89,11
790,2014,2014,0,integer,0,89,12
791,2015,2015,],operator,0,89,13
792,2017,2017,%,operator,0,89,15
793,2019,2019,2,integer,0,89,17
794,2020,2020,",",operator,0,89,18
795,2022,2022,V,identifier,0,89,20
796,2023,2023,[,operator,0,89,21
797,2024,2024,0,integer,0,89,22
798,2025,2025,],operator,0,89,23
799,2026,2026,),operator,0,89,24
800,2027,2027,;,operator,0,89,25
801,2033,2035,for,keyword,0,90,4
802,2037,2037,(,operator,0,90,8
803,2038,2040,int,keyword,0,90,9
804,2042,2042,i,identifier,0,90,13
805,2044,2044,=,operator,0,90,15
806,2046,2046,1,integer,0,90,17
807,2047,2047,;,operator,0,90,18
808,2049,2049,i,identifier,0,90,20
809,2051,2052,<=,operator,0,90,22
810,2054,2054,N,identifier,0,90,25
811,2055,2055,;,operator,0,90,26
812,2057,2057,i,identifier,0,90,28
813,2058,2059,++,operator,0,90,29
814,2060,2060,),operator,0,90,31
815,2062,2062,{,operator,0,90,33
816,2072,2073,if,keyword,0,91,8
817,2075,2075,(,operator,0,91,11
818,2076,2082,decided,identifier,0,91,12
819,2083,2083,[,operator,0,91,19
820,2084,2084,i,identifier,0,91,20
821,2085,2085,],operator,0,91,21
822,2086,2086,),operator,0,91,22
823,2088,2095,continue,keyword,0,91,24
824,2096,2096,;,operator,0,91,32
825,2106,2109,dfs2,identifier,0,92,8
826,2110,2110,(,operator,0,92,12
827,2111,2111,i,identifier,0,92,13
828,2112,2112,),operator,0,92,14
829,2113,2113,;,operator,0,92,15
830,2123,2126,dfs3,identifier,0,93,8
831,2127,2127,(,operator,0,93,12
832,2128,2130,seg,identifier,0,93,13
833,2131,2131,[,operator,0,93,16
834,2132,2132,i,identifier,0,93,17
835,2133,2133,],operator,0,93,18
836,2134,2134,.,operator,0,93,19
837,2135,2139,first,identifier,0,93,20
838,2141,2141,+,operator,0,93,26
839,2143,2143,1,integer,0,93,28
840,2144,2144,",",operator,0,93,29
841,2146,2146,i,identifier,0,93,31
842,2147,2147,),operator,0,93,32
843,2148,2148,;,operator,0,93,33
844,2154,2154,},operator,0,94,4
845,2160,2163,cout,identifier,0,95,4
846,2165,2165,<,operator,0,95,9
847,2166,2166,<,operator,0,95,10
848,2168,2172,"""Yes""",string,0,95,12
849,2174,2174,<,operator,0,95,18
850,2175,2175,<,operator,0,95,19
851,2177,2180,endl,identifier,0,95,21
852,2181,2181,;,operator,0,95,25
853,2187,2189,for,keyword,0,96,4
854,2191,2191,(,operator,0,96,8
855,2192,2194,int,keyword,0,96,9
856,2196,2196,i,identifier,0,96,13
857,2198,2198,=,operator,0,96,15
858,2200,2200,1,integer,0,96,17
859,2201,2201,;,operator,0,96,18
860,2203,2203,i,identifier,0,96,20
861,2205,2206,<=,operator,0,96,22
862,2208,2208,N,identifier,0,96,25
863,2209,2209,;,operator,0,96,26
864,2211,2211,i,identifier,0,96,28
865,2212,2213,++,operator,0,96,29
866,2214,2214,),operator,0,96,31
867,2216,2216,{,operator,0,96,33
868,2226,2229,cout,identifier,0,97,8
869,2231,2231,<,operator,0,97,13
870,2232,2232,<,operator,0,97,14
871,2234,2236,ans,identifier,0,97,16
872,2237,2237,[,operator,0,97,19
873,2238,2238,i,identifier,0,97,20
874,2239,2239,],operator,0,97,21
875,2241,2241,<,operator,0,97,23
876,2242,2242,<,operator,0,97,24
877,2244,2247,endl,identifier,0,97,26
878,2248,2248,;,operator,0,97,30
879,2254,2254,},operator,0,98,4
880,2260,2265,return,keyword,0,99,4
881,2267,2267,0,integer,0,99,11
882,2268,2268,;,operator,0,99,12
883,2270,2270,},operator,0,100,0
884,2271,2270,<EOF>,eof,0,100,1
