seqnr,start,stop,text,class,channel,line,column
0,0,23,"#include <bits/stdc++.h>",directive,1,1,0
1,26,32,typedef,keyword,0,3,0
2,34,36,std,identifier,0,3,8
3,37,38,::,operator,0,3,11
4,39,42,pair,identifier,0,3,13
5,44,44,<,operator,0,3,18
6,45,47,int,keyword,0,3,19
7,48,48,",",operator,0,3,22
8,50,52,int,keyword,0,3,24
9,53,53,>,operator,0,3,27
10,55,56,pr,identifier,0,3,29
11,57,57,;,operator,0,3,31
12,59,63,const,keyword,0,4,0
13,65,67,int,keyword,0,4,6
14,69,69,N,identifier,0,4,10
15,71,71,=,operator,0,4,12
16,73,78,100054,integer,0,4,14
17,79,79,",",operator,0,4,20
18,81,81,M,identifier,0,4,22
19,83,83,=,operator,0,4,24
20,85,85,N,identifier,0,4,26
21,87,87,*,operator,0,4,28
22,89,89,2,integer,0,4,30
23,90,90,",",operator,0,4,31
24,92,94,INF,identifier,0,4,33
25,96,96,=,operator,0,4,37
26,98,107,0x3f3f3f3f,integer,0,4,39
27,108,108,;,operator,0,4,49
28,111,113,int,keyword,0,6,0
29,115,115,n,identifier,0,6,4
30,116,116,",",operator,0,6,5
31,118,118,E,identifier,0,6,7
32,120,120,=,operator,0,6,9
33,122,122,0,integer,0,6,11
34,123,123,;,operator,0,6,12
35,125,127,int,keyword,0,7,0
36,129,130,to,identifier,0,7,4
37,131,131,[,operator,0,7,6
38,132,132,M,identifier,0,7,7
39,133,133,],operator,0,7,8
40,134,134,",",operator,0,7,9
41,136,140,first,identifier,0,7,11
42,141,141,[,operator,0,7,16
43,142,142,N,identifier,0,7,17
44,143,143,],operator,0,7,18
45,144,144,",",operator,0,7,19
46,146,149,next,identifier,0,7,21
47,150,150,[,operator,0,7,25
48,151,151,M,identifier,0,7,26
49,152,152,],operator,0,7,27
50,153,153,;,operator,0,7,28
51,155,157,int,keyword,0,8,0
52,159,159,d,identifier,0,8,4
53,160,160,[,operator,0,8,5
54,161,161,N,identifier,0,8,6
55,162,162,],operator,0,8,7
56,163,163,;,operator,0,8,8
57,165,167,std,identifier,0,9,0
58,168,169,::,operator,0,9,3
59,170,183,priority_queue,identifier,0,9,5
60,185,185,<,operator,0,9,20
61,186,187,pr,identifier,0,9,21
62,188,188,",",operator,0,9,23
63,190,192,std,identifier,0,9,25
64,193,194,::,operator,0,9,28
65,195,200,vector,identifier,0,9,30
66,202,202,<,operator,0,9,37
67,203,204,pr,identifier,0,9,38
68,205,205,>,operator,0,9,40
69,206,206,",",operator,0,9,41
70,208,210,std,identifier,0,9,43
71,211,212,::,operator,0,9,46
72,213,219,greater,identifier,0,9,48
73,221,221,<,operator,0,9,56
74,222,223,pr,identifier,0,9,57
75,224,224,>,operator,0,9,59
76,226,226,>,operator,0,9,61
77,228,229,pq,identifier,0,9,63
78,230,230,;,operator,0,9,65
79,233,238,inline,keyword,0,11,0
80,240,243,void,keyword,0,11,7
81,245,251,addedge,identifier,0,11,12
82,252,252,(,operator,0,11,19
83,253,255,int,keyword,0,11,20
84,257,257,u,identifier,0,11,24
85,258,258,",",operator,0,11,25
86,260,262,int,keyword,0,11,27
87,264,264,v,identifier,0,11,31
88,265,265,),operator,0,11,32
89,267,267,{,operator,0,11,34
90,270,271,to,identifier,0,12,1
91,272,272,[,operator,0,12,3
92,273,274,++,operator,0,12,4
93,275,275,E,identifier,0,12,6
94,276,276,],operator,0,12,7
95,278,278,=,operator,0,12,9
96,280,280,v,identifier,0,12,11
97,281,281,",",operator,0,12,12
98,283,286,next,identifier,0,12,14
99,287,287,[,operator,0,12,18
100,288,288,E,identifier,0,12,19
101,289,289,],operator,0,12,20
102,291,291,=,operator,0,12,22
103,293,297,first,identifier,0,12,24
104,298,298,[,operator,0,12,29
105,299,299,u,identifier,0,12,30
106,300,300,],operator,0,12,31
107,301,301,",",operator,0,12,32
108,303,307,first,identifier,0,12,34
109,308,308,[,operator,0,12,39
110,309,309,u,identifier,0,12,40
111,310,310,],operator,0,12,41
112,312,312,=,operator,0,12,43
113,314,314,E,identifier,0,12,45
114,315,315,;,operator,0,12,46
115,318,319,to,identifier,0,13,1
116,320,320,[,operator,0,13,3
117,321,322,++,operator,0,13,4
118,323,323,E,identifier,0,13,6
119,324,324,],operator,0,13,7
120,326,326,=,operator,0,13,9
121,328,328,u,identifier,0,13,11
122,329,329,",",operator,0,13,12
123,331,334,next,identifier,0,13,14
124,335,335,[,operator,0,13,18
125,336,336,E,identifier,0,13,19
126,337,337,],operator,0,13,20
127,339,339,=,operator,0,13,22
128,341,345,first,identifier,0,13,24
129,346,346,[,operator,0,13,29
130,347,347,v,identifier,0,13,30
131,348,348,],operator,0,13,31
132,349,349,",",operator,0,13,32
133,351,355,first,identifier,0,13,34
134,356,356,[,operator,0,13,39
135,357,357,v,identifier,0,13,40
136,358,358,],operator,0,13,41
137,360,360,=,operator,0,13,43
138,362,362,E,identifier,0,13,45
139,363,363,;,operator,0,13,46
140,365,365,},operator,0,14,0
141,368,371,bool,keyword,0,16,0
142,373,380,Dakstrij,identifier,0,16,5
143,381,381,(,operator,0,16,13
144,382,382,),operator,0,16,14
145,384,384,{,operator,0,16,16
146,387,389,int,keyword,0,17,1
147,391,391,i,identifier,0,17,5
148,392,392,",",operator,0,17,6
149,394,394,x,identifier,0,17,8
150,395,395,",",operator,0,17,9
151,397,397,y,identifier,0,17,11
152,398,398,",",operator,0,17,12
153,400,400,D,identifier,0,17,14
154,401,401,;,operator,0,17,15
155,404,406,for,keyword,0,18,1
156,408,408,(,operator,0,18,5
157,409,409,;,operator,0,18,6
158,411,411,"!",operator,0,18,8
159,412,413,pq,identifier,0,18,9
160,414,414,.,operator,0,18,11
161,415,419,empty,identifier,0,18,12
162,420,420,(,operator,0,18,17
163,421,421,),operator,0,18,18
164,422,422,;,operator,0,18,19
165,424,424,),operator,0,18,21
166,426,426,{,operator,0,18,23
167,430,432,std,identifier,0,19,2
168,433,434,::,operator,0,19,5
169,435,437,tie,identifier,0,19,7
170,438,438,(,operator,0,19,10
171,439,439,D,identifier,0,19,11
172,440,440,",",operator,0,19,12
173,442,442,x,identifier,0,19,14
174,443,443,),operator,0,19,15
175,445,445,=,operator,0,19,17
176,447,448,pq,identifier,0,19,19
177,449,449,.,operator,0,19,21
178,450,452,top,identifier,0,19,22
179,453,453,(,operator,0,19,25
180,454,454,),operator,0,19,26
181,455,455,",",operator,0,19,27
182,457,458,pq,identifier,0,19,29
183,459,459,.,operator,0,19,31
184,460,462,pop,identifier,0,19,32
185,463,463,(,operator,0,19,35
186,464,464,),operator,0,19,36
187,465,465,;,operator,0,19,37
188,469,470,if,keyword,0,20,2
189,472,472,(,operator,0,20,5
190,473,473,d,identifier,0,20,6
191,474,474,[,operator,0,20,7
192,475,475,x,identifier,0,20,8
193,476,476,],operator,0,20,9
194,478,479,"!=",operator,0,20,11
195,481,481,D,identifier,0,20,14
196,482,482,),operator,0,20,15
197,484,489,return,keyword,0,20,17
198,491,495,false,keyword,0,20,24
199,496,496,;,operator,0,20,29
200,500,502,for,keyword,0,21,2
201,504,504,(,operator,0,21,6
202,505,505,i,identifier,0,21,7
203,507,507,=,operator,0,21,9
204,509,513,first,identifier,0,21,11
205,514,514,[,operator,0,21,16
206,515,515,x,identifier,0,21,17
207,516,516,],operator,0,21,18
208,517,517,;,operator,0,21,19
209,519,519,i,identifier,0,21,21
210,520,520,;,operator,0,21,22
211,522,522,i,identifier,0,21,24
212,524,524,=,operator,0,21,26
213,526,529,next,identifier,0,21,28
214,530,530,[,operator,0,21,32
215,531,531,i,identifier,0,21,33
216,532,532,],operator,0,21,34
217,533,533,),operator,0,21,35
218,538,539,if,keyword,0,22,3
219,541,541,(,operator,0,22,6
220,542,542,d,identifier,0,22,7
221,543,543,[,operator,0,22,8
222,544,544,y,identifier,0,22,9
223,546,546,=,operator,0,22,11
224,548,549,to,identifier,0,22,13
225,550,550,[,operator,0,22,15
226,551,551,i,identifier,0,22,16
227,552,552,],operator,0,22,17
228,553,553,],operator,0,22,18
229,555,556,>=,operator,0,22,20
230,558,560,INF,identifier,0,22,23
231,561,561,),operator,0,22,26
232,567,568,pq,identifier,0,23,4
233,569,569,.,operator,0,23,6
234,570,576,emplace,identifier,0,23,7
235,577,577,(,operator,0,23,14
236,578,578,d,identifier,0,23,15
237,579,579,[,operator,0,23,16
238,580,580,y,identifier,0,23,17
239,581,581,],operator,0,23,18
240,583,583,=,operator,0,23,20
241,585,585,D,identifier,0,23,22
242,587,587,+,operator,0,23,24
243,589,589,1,integer,0,23,26
244,590,590,",",operator,0,23,27
245,592,592,y,identifier,0,23,29
246,593,593,),operator,0,23,30
247,594,594,;,operator,0,23,31
248,599,602,else,keyword,0,24,3
249,604,605,if,keyword,0,24,8
250,607,607,(,operator,0,24,11
251,608,608,d,identifier,0,24,12
252,609,609,[,operator,0,24,13
253,610,610,y,identifier,0,24,14
254,611,611,],operator,0,24,15
255,613,613,>,operator,0,24,17
256,615,615,D,identifier,0,24,19
257,617,617,+,operator,0,24,21
258,619,619,1,integer,0,24,23
259,620,620,),operator,0,24,24
260,622,627,return,keyword,0,24,26
261,629,633,false,keyword,0,24,33
262,634,634,;,operator,0,24,38
263,637,637,},operator,0,25,1
264,639,639,},operator,0,26,0
265,642,644,int,keyword,0,28,0
266,646,649,main,identifier,0,28,4
267,650,650,(,operator,0,28,8
268,651,651,),operator,0,28,9
269,653,653,{,operator,0,28,11
270,656,658,int,keyword,0,29,1
271,660,660,i,identifier,0,29,5
272,661,661,",",operator,0,29,6
273,663,663,u,identifier,0,29,8
274,664,664,",",operator,0,29,9
275,666,666,v,identifier,0,29,11
276,667,667,",",operator,0,29,12
277,669,669,m,identifier,0,29,14
278,670,670,;,operator,0,29,15
279,672,675,bool,keyword,0,29,17
280,677,680,succ,identifier,0,29,22
281,681,681,;,operator,0,29,26
282,684,688,scanf,identifier,0,30,1
283,689,689,(,operator,0,30,6
284,690,693,"""%d""",string,0,30,7
285,694,694,",",operator,0,30,11
286,696,696,&,operator,0,30,13
287,697,697,n,identifier,0,30,14
288,698,698,),operator,0,30,15
289,699,699,;,operator,0,30,16
290,702,704,for,keyword,0,31,1
291,706,706,(,operator,0,31,5
292,707,707,i,identifier,0,31,6
293,709,709,=,operator,0,31,8
294,711,711,1,integer,0,31,10
295,712,712,;,operator,0,31,11
296,714,714,i,identifier,0,31,13
297,716,716,<,operator,0,31,15
298,718,718,n,identifier,0,31,17
299,719,719,;,operator,0,31,18
300,721,722,++,operator,0,31,20
301,723,723,i,identifier,0,31,22
302,724,724,),operator,0,31,23
303,726,730,scanf,identifier,0,31,25
304,731,731,(,operator,0,31,30
305,732,737,"""%d%d""",string,0,31,31
306,738,738,",",operator,0,31,37
307,740,740,&,operator,0,31,39
308,741,741,u,identifier,0,31,40
309,742,742,",",operator,0,31,41
310,744,744,&,operator,0,31,43
311,745,745,v,identifier,0,31,44
312,746,746,),operator,0,31,45
313,747,747,",",operator,0,31,46
314,749,755,addedge,identifier,0,31,48
315,756,756,(,operator,0,31,55
316,757,757,u,identifier,0,31,56
317,758,758,",",operator,0,31,57
318,760,760,v,identifier,0,31,59
319,761,761,),operator,0,31,60
320,762,762,;,operator,0,31,61
321,765,770,memset,identifier,0,32,1
322,771,771,(,operator,0,32,7
323,772,772,d,identifier,0,32,8
324,773,773,",",operator,0,32,9
325,775,776,63,integer,0,32,11
326,777,777,",",operator,0,32,13
327,779,784,sizeof,keyword,0,32,15
328,786,786,d,identifier,0,32,22
329,787,787,),operator,0,32,23
330,788,788,;,operator,0,32,24
331,791,793,for,keyword,0,33,1
332,795,795,(,operator,0,33,5
333,796,800,scanf,identifier,0,33,6
334,801,801,(,operator,0,33,11
335,802,805,"""%d""",string,0,33,12
336,806,806,",",operator,0,33,16
337,808,808,&,operator,0,33,18
338,809,809,m,identifier,0,33,19
339,810,810,),operator,0,33,20
340,811,811,;,operator,0,33,21
341,813,813,m,identifier,0,33,23
342,814,814,;,operator,0,33,24
343,816,817,--,operator,0,33,26
344,818,818,m,identifier,0,33,28
345,819,819,),operator,0,33,29
346,821,825,scanf,identifier,0,33,31
347,826,826,(,operator,0,33,36
348,827,832,"""%d%d""",string,0,33,37
349,833,833,",",operator,0,33,43
350,835,835,&,operator,0,33,45
351,836,836,u,identifier,0,33,46
352,837,837,",",operator,0,33,47
353,839,839,&,operator,0,33,49
354,840,840,v,identifier,0,33,50
355,841,841,),operator,0,33,51
356,842,842,",",operator,0,33,52
357,844,845,pq,identifier,0,33,54
358,846,846,.,operator,0,33,56
359,847,853,emplace,identifier,0,33,57
360,854,854,(,operator,0,33,64
361,855,855,d,identifier,0,33,65
362,856,856,[,operator,0,33,66
363,857,857,u,identifier,0,33,67
364,858,858,],operator,0,33,68
365,860,860,=,operator,0,33,70
366,862,862,v,identifier,0,33,72
367,863,863,",",operator,0,33,73
368,865,865,u,identifier,0,33,75
369,866,866,),operator,0,33,76
370,867,867,;,operator,0,33,77
371,870,873,succ,identifier,0,34,1
372,875,875,=,operator,0,34,6
373,877,884,Dakstrij,identifier,0,34,8
374,885,885,(,operator,0,34,16
375,886,886,),operator,0,34,17
376,887,887,;,operator,0,34,18
377,890,892,for,keyword,0,35,1
378,894,894,(,operator,0,35,5
379,895,895,i,identifier,0,35,6
380,897,897,=,operator,0,35,8
381,899,899,1,integer,0,35,10
382,900,900,;,operator,0,35,11
383,902,902,i,identifier,0,35,13
384,904,905,<=,operator,0,35,15
385,907,907,E,identifier,0,35,18
386,909,910,&&,operator,0,35,20
387,912,915,succ,identifier,0,35,23
388,916,916,;,operator,0,35,27
389,918,918,i,identifier,0,35,29
390,920,921,+=,operator,0,35,31
391,923,923,2,integer,0,35,34
392,924,924,),operator,0,35,35
393,926,929,succ,identifier,0,35,37
394,931,932,&=,operator,0,35,42
395,934,936,abs,identifier,0,35,45
396,937,937,(,operator,0,35,48
397,938,938,d,identifier,0,35,49
398,939,939,[,operator,0,35,50
399,940,941,to,identifier,0,35,51
400,942,942,[,operator,0,35,53
401,943,943,i,identifier,0,35,54
402,944,944,],operator,0,35,55
403,945,945,],operator,0,35,56
404,947,947,-,operator,0,35,58
405,949,949,d,identifier,0,35,60
406,950,950,[,operator,0,35,61
407,951,952,to,identifier,0,35,62
408,953,953,[,operator,0,35,64
409,954,954,i,identifier,0,35,65
410,956,956,+,operator,0,35,67
411,958,958,1,integer,0,35,69
412,959,959,],operator,0,35,70
413,960,960,],operator,0,35,71
414,961,961,),operator,0,35,72
415,963,964,==,operator,0,35,74
416,966,966,1,integer,0,35,77
417,967,967,;,operator,0,35,78
418,970,973,puts,identifier,0,36,1
419,974,974,(,operator,0,36,5
420,975,978,succ,identifier,0,36,6
421,980,980,?,operator,0,36,11
422,982,986,"""Yes""",string,0,36,13
423,988,988,:,operator,0,36,19
424,990,993,"""No""",string,0,36,21
425,994,994,),operator,0,36,25
426,995,995,;,operator,0,36,26
427,998,1000,for,keyword,0,37,1
428,1002,1002,(,operator,0,37,5
429,1003,1003,i,identifier,0,37,6
430,1005,1005,=,operator,0,37,8
431,1007,1007,1,integer,0,37,10
432,1008,1008,;,operator,0,37,11
433,1010,1010,i,identifier,0,37,13
434,1012,1013,<=,operator,0,37,15
435,1015,1015,n,identifier,0,37,18
436,1017,1018,&&,operator,0,37,20
437,1020,1023,succ,identifier,0,37,23
438,1024,1024,;,operator,0,37,27
439,1026,1027,++,operator,0,37,29
440,1028,1028,i,identifier,0,37,31
441,1029,1029,),operator,0,37,32
442,1031,1036,printf,identifier,0,37,34
443,1037,1037,(,operator,0,37,40
444,1038,1043,"""%d\n""",string,0,37,41
445,1044,1044,",",operator,0,37,47
446,1046,1046,d,identifier,0,37,49
447,1047,1047,[,operator,0,37,50
448,1048,1048,i,identifier,0,37,51
449,1049,1049,],operator,0,37,52
450,1050,1050,),operator,0,37,53
451,1051,1051,;,operator,0,37,54
452,1054,1059,return,keyword,0,38,1
453,1061,1061,0,integer,0,38,8
454,1062,1062,;,operator,0,38,9
455,1064,1064,},operator,0,39,0
456,1065,1064,<EOF>,eof,0,39,1
