seqnr,start,stop,text,class,channel,line,column
0,0,22,"#include<bits/stdc++.h>",directive,1,1,0
1,25,29,using,keyword,0,3,0
2,31,39,namespace,keyword,0,3,6
3,41,43,std,identifier,0,3,16
4,44,44,;,operator,0,3,19
5,47,66,"#define MP make_pair",directive,1,5,0
6,68,82,"#define F first",directive,1,6,0
7,84,99,"#define S second",directive,1,7,0
8,102,110,constexpr,keyword,0,9,0
9,112,115,pair,identifier,0,9,10
10,116,116,<,operator,0,9,14
11,117,119,int,keyword,0,9,15
12,120,120,",",operator,0,9,18
13,122,124,int,keyword,0,9,20
14,125,125,>,operator,0,9,23
15,127,129,all,identifier,0,9,25
16,131,131,=,operator,0,9,29
17,133,134,MP,identifier,0,9,31
18,135,135,(,operator,0,9,33
19,136,136,-,operator,0,9,34
20,137,139,1e9,floating,0,9,35
21,140,140,",",operator,0,9,38
22,142,144,1e9,floating,0,9,40
23,145,145,),operator,0,9,43
24,146,146,;,operator,0,9,44
25,148,150,int,keyword,0,10,0
26,152,152,N,identifier,0,10,4
27,153,153,",",operator,0,10,5
28,155,155,K,identifier,0,10,7
29,156,156,;,operator,0,10,8
30,158,161,pair,identifier,0,11,0
31,162,162,<,operator,0,11,4
32,163,165,int,keyword,0,11,5
33,166,166,",",operator,0,11,8
34,168,170,int,keyword,0,11,10
35,171,171,>,operator,0,11,13
36,173,175,val,identifier,0,11,15
37,176,176,[,operator,0,11,18
38,177,182,100001,integer,0,11,19
39,183,183,],operator,0,11,25
40,184,184,;,operator,0,11,26
41,186,191,vector,identifier,0,12,0
42,192,192,<,operator,0,12,6
43,193,195,int,keyword,0,12,7
44,196,196,>,operator,0,12,10
45,198,200,adj,identifier,0,12,12
46,201,201,[,operator,0,12,15
47,202,207,100001,integer,0,12,16
48,208,208,],operator,0,12,22
49,209,209,;,operator,0,12,23
50,211,213,int,keyword,0,13,0
51,215,217,ans,identifier,0,13,4
52,218,218,[,operator,0,13,7
53,219,224,100001,integer,0,13,8
54,225,225,],operator,0,13,14
55,226,226,;,operator,0,13,15
56,229,232,bool,keyword,0,15,0
57,234,242,both_even,identifier,0,15,5
58,243,243,(,operator,0,15,14
59,244,246,int,keyword,0,15,15
60,248,248,a,identifier,0,15,19
61,249,249,",",operator,0,15,20
62,251,253,int,keyword,0,15,22
63,255,255,b,identifier,0,15,26
64,256,256,),operator,0,15,27
65,258,258,{,operator,0,15,29
66,264,269,return,keyword,0,16,4
67,271,271,(,operator,0,16,11
68,272,272,a,identifier,0,16,12
69,273,273,%,operator,0,16,13
70,274,274,2,integer,0,16,14
71,275,276,==,operator,0,16,15
72,277,277,0,integer,0,16,17
73,278,278,),operator,0,16,18
74,279,280,&&,operator,0,16,19
75,281,281,(,operator,0,16,21
76,282,282,b,identifier,0,16,22
77,283,283,%,operator,0,16,23
78,284,284,2,integer,0,16,24
79,285,286,==,operator,0,16,25
80,287,287,0,integer,0,16,27
81,288,288,),operator,0,16,28
82,289,289,;,operator,0,16,29
83,291,291,},operator,0,17,0
84,294,297,pair,identifier,0,19,0
85,298,298,<,operator,0,19,4
86,299,301,int,keyword,0,19,5
87,302,302,",",operator,0,19,8
88,304,306,int,keyword,0,19,10
89,307,307,>,operator,0,19,13
90,309,311,dfs,identifier,0,19,15
91,312,312,(,operator,0,19,18
92,313,315,int,keyword,0,19,19
93,317,317,u,identifier,0,19,23
94,318,318,",",operator,0,19,24
95,320,322,int,keyword,0,19,26
96,324,324,p,identifier,0,19,30
97,325,325,),operator,0,19,31
98,327,327,{,operator,0,19,33
99,333,335,for,keyword,0,20,4
100,336,336,(,operator,0,20,7
101,337,340,auto,keyword,0,20,8
102,342,342,v,identifier,0,20,13
103,343,343,:,operator,0,20,14
104,344,346,adj,identifier,0,20,15
105,347,347,[,operator,0,20,18
106,348,348,u,identifier,0,20,19
107,349,349,],operator,0,20,20
108,350,350,),operator,0,20,21
109,352,353,if,keyword,0,20,23
110,354,354,(,operator,0,20,25
111,356,356,v,identifier,0,20,27
112,358,359,"!=",operator,0,20,29
113,361,361,p,identifier,0,20,32
114,363,363,),operator,0,20,34
115,365,365,{,operator,0,20,36
116,375,378,pair,identifier,0,21,8
117,379,379,<,operator,0,21,12
118,380,382,int,keyword,0,21,13
119,383,383,",",operator,0,21,16
120,385,387,int,keyword,0,21,18
121,388,388,>,operator,0,21,21
122,390,392,tmp,identifier,0,21,23
123,394,394,=,operator,0,21,27
124,396,398,dfs,identifier,0,21,29
125,399,399,(,operator,0,21,32
126,400,400,v,identifier,0,21,33
127,401,401,",",operator,0,21,34
128,403,403,u,identifier,0,21,36
129,404,404,),operator,0,21,37
130,405,405,;,operator,0,21,38
131,415,416,if,keyword,0,22,8
132,417,417,(,operator,0,22,10
133,419,421,tmp,identifier,0,22,12
134,423,424,==,operator,0,22,16
135,426,428,all,identifier,0,22,19
136,430,430,),operator,0,22,23
137,432,439,continue,keyword,0,22,25
138,440,440,;,operator,0,22,33
139,450,451,if,keyword,0,23,8
140,452,452,(,operator,0,23,10
141,454,456,val,identifier,0,23,12
142,457,457,[,operator,0,23,15
143,458,458,u,identifier,0,23,16
144,459,459,],operator,0,23,17
145,461,462,==,operator,0,23,19
146,464,466,all,identifier,0,23,22
147,468,468,),operator,0,23,26
148,470,470,{,operator,0,23,28
149,484,486,val,identifier,0,24,12
150,487,487,[,operator,0,24,15
151,488,488,u,identifier,0,24,16
152,489,489,],operator,0,24,17
153,490,490,.,operator,0,24,18
154,491,491,F,identifier,0,24,19
155,493,493,=,operator,0,24,21
156,495,497,tmp,identifier,0,24,23
157,498,498,.,operator,0,24,26
158,499,499,F,identifier,0,24,27
159,500,500,-,operator,0,24,28
160,501,501,1,integer,0,24,29
161,502,502,;,operator,0,24,30
162,516,518,val,identifier,0,25,12
163,519,519,[,operator,0,25,15
164,520,520,u,identifier,0,25,16
165,521,521,],operator,0,25,17
166,522,522,.,operator,0,25,18
167,523,523,S,identifier,0,25,19
168,525,525,=,operator,0,25,21
169,527,529,tmp,identifier,0,25,23
170,530,530,.,operator,0,25,26
171,531,531,S,identifier,0,25,27
172,532,532,+,operator,0,25,28
173,533,533,1,integer,0,25,29
174,534,534,;,operator,0,25,30
175,548,555,continue,keyword,0,26,12
176,556,556,;,operator,0,26,20
177,566,566,},operator,0,27,8
178,576,577,if,keyword,0,28,8
179,578,578,(,operator,0,28,10
180,580,582,val,identifier,0,28,12
181,583,583,[,operator,0,28,15
182,584,584,u,identifier,0,28,16
183,585,585,],operator,0,28,17
184,586,586,.,operator,0,28,18
185,587,587,F,identifier,0,28,19
186,588,588,-,operator,0,28,20
187,589,591,tmp,identifier,0,28,21
188,592,592,.,operator,0,28,24
189,593,593,S,identifier,0,28,25
190,594,594,>,operator,0,28,26
191,595,595,1,integer,0,28,27
192,597,598,||,operator,0,28,29
193,600,602,tmp,identifier,0,28,32
194,603,603,.,operator,0,28,35
195,604,604,F,identifier,0,28,36
196,605,605,-,operator,0,28,37
197,606,608,val,identifier,0,28,38
198,609,609,[,operator,0,28,41
199,610,610,u,identifier,0,28,42
200,611,611,],operator,0,28,43
201,612,612,.,operator,0,28,44
202,613,613,S,identifier,0,28,45
203,614,614,>,operator,0,28,46
204,615,615,1,integer,0,28,47
205,617,618,||,operator,0,28,49
206,620,628,both_even,identifier,0,28,52
207,629,629,(,operator,0,28,61
208,630,632,tmp,identifier,0,28,62
209,633,633,.,operator,0,28,65
210,634,634,F,identifier,0,28,66
211,635,635,",",operator,0,28,67
212,637,639,val,identifier,0,28,69
213,640,640,[,operator,0,28,72
214,641,641,u,identifier,0,28,73
215,642,642,],operator,0,28,74
216,643,643,.,operator,0,28,75
217,644,644,F,identifier,0,28,76
218,645,645,),operator,0,28,77
219,647,647,),operator,0,28,79
220,649,649,{,operator,0,28,81
221,663,666,puts,identifier,0,29,12
222,667,667,(,operator,0,29,16
223,668,671,"""No""",string,0,29,17
224,672,672,),operator,0,29,21
225,673,673,;,operator,0,29,22
226,687,690,exit,identifier,0,30,12
227,691,691,(,operator,0,30,16
228,692,692,0,integer,0,30,17
229,693,693,),operator,0,30,18
230,694,694,;,operator,0,30,19
231,704,704,},operator,0,31,8
232,706,709,else,keyword,0,31,10
233,711,711,{,operator,0,31,15
234,725,727,val,identifier,0,32,12
235,728,728,[,operator,0,32,15
236,729,729,u,identifier,0,32,16
237,730,730,],operator,0,32,17
238,731,731,.,operator,0,32,18
239,732,732,F,identifier,0,32,19
240,734,734,=,operator,0,32,21
241,736,738,max,identifier,0,32,23
242,739,739,(,operator,0,32,26
243,740,742,val,identifier,0,32,27
244,743,743,[,operator,0,32,30
245,744,744,u,identifier,0,32,31
246,745,745,],operator,0,32,32
247,746,746,.,operator,0,32,33
248,747,747,F,identifier,0,32,34
249,748,748,",",operator,0,32,35
250,750,752,tmp,identifier,0,32,37
251,753,753,.,operator,0,32,40
252,754,754,F,identifier,0,32,41
253,755,755,-,operator,0,32,42
254,756,756,1,integer,0,32,43
255,757,757,),operator,0,32,44
256,758,758,;,operator,0,32,45
257,772,774,val,identifier,0,33,12
258,775,775,[,operator,0,33,15
259,776,776,u,identifier,0,33,16
260,777,777,],operator,0,33,17
261,778,778,.,operator,0,33,18
262,779,779,S,identifier,0,33,19
263,781,781,=,operator,0,33,21
264,783,785,min,identifier,0,33,23
265,786,786,(,operator,0,33,26
266,787,789,val,identifier,0,33,27
267,790,790,[,operator,0,33,30
268,791,791,u,identifier,0,33,31
269,792,792,],operator,0,33,32
270,793,793,.,operator,0,33,33
271,794,794,S,identifier,0,33,34
272,795,795,",",operator,0,33,35
273,797,799,tmp,identifier,0,33,37
274,800,800,.,operator,0,33,40
275,801,801,S,identifier,0,33,41
276,802,802,+,operator,0,33,42
277,803,803,1,integer,0,33,43
278,804,804,),operator,0,33,44
279,805,805,;,operator,0,33,45
280,815,815,},operator,0,34,8
281,821,821,},operator,0,35,4
282,827,832,return,keyword,0,36,4
283,834,836,val,identifier,0,36,11
284,837,837,[,operator,0,36,14
285,838,838,u,identifier,0,36,15
286,839,839,],operator,0,36,16
287,840,840,;,operator,0,36,17
288,842,842,},operator,0,37,0
289,844,847,void,keyword,0,38,0
290,849,852,dfs2,identifier,0,38,5
291,853,853,(,operator,0,38,9
292,854,856,int,keyword,0,38,10
293,858,858,u,identifier,0,38,14
294,859,859,",",operator,0,38,15
295,861,863,int,keyword,0,38,17
296,865,865,p,identifier,0,38,21
297,866,866,",",operator,0,38,22
298,868,870,int,keyword,0,38,24
299,872,873,vl,identifier,0,38,28
300,874,874,),operator,0,38,30
301,876,876,{,operator,0,38,32
302,882,884,ans,identifier,0,39,4
303,885,885,[,operator,0,39,7
304,886,886,u,identifier,0,39,8
305,887,887,],operator,0,39,9
306,889,889,=,operator,0,39,11
307,891,892,vl,identifier,0,39,13
308,893,893,;,operator,0,39,15
309,899,901,for,keyword,0,40,4
310,902,902,(,operator,0,40,7
311,903,906,auto,keyword,0,40,8
312,908,908,v,identifier,0,40,13
313,909,909,:,operator,0,40,14
314,910,912,adj,identifier,0,40,15
315,913,913,[,operator,0,40,18
316,914,914,u,identifier,0,40,19
317,915,915,],operator,0,40,20
318,916,916,),operator,0,40,21
319,918,919,if,keyword,0,40,23
320,920,920,(,operator,0,40,25
321,922,922,v,identifier,0,40,27
322,924,925,"!=",operator,0,40,29
323,927,927,p,identifier,0,40,32
324,929,929,),operator,0,40,34
325,931,931,{,operator,0,40,36
326,941,942,if,keyword,0,41,8
327,943,943,(,operator,0,41,10
328,945,946,vl,identifier,0,41,12
329,947,947,+,operator,0,41,14
330,948,948,1,integer,0,41,15
331,950,951,<=,operator,0,41,17
332,953,955,val,identifier,0,41,20
333,956,956,[,operator,0,41,23
334,957,957,v,identifier,0,41,24
335,958,958,],operator,0,41,25
336,959,959,.,operator,0,41,26
337,960,960,S,identifier,0,41,27
338,962,963,&&,operator,0,41,29
339,965,966,vl,identifier,0,41,32
340,967,967,+,operator,0,41,34
341,968,968,1,integer,0,41,35
342,970,971,>=,operator,0,41,37
343,973,975,val,identifier,0,41,40
344,976,976,[,operator,0,41,43
345,977,977,v,identifier,0,41,44
346,978,978,],operator,0,41,45
347,979,979,.,operator,0,41,46
348,980,980,F,identifier,0,41,47
349,982,982,),operator,0,41,49
350,996,999,dfs2,identifier,0,42,12
351,1000,1000,(,operator,0,42,16
352,1001,1001,v,identifier,0,42,17
353,1002,1002,",",operator,0,42,18
354,1004,1004,u,identifier,0,42,20
355,1005,1005,",",operator,0,42,21
356,1007,1008,vl,identifier,0,42,23
357,1009,1009,+,operator,0,42,25
358,1010,1010,1,integer,0,42,26
359,1011,1011,),operator,0,42,27
360,1012,1012,;,operator,0,42,28
361,1022,1025,else,keyword,0,43,8
362,1039,1042,dfs2,identifier,0,44,12
363,1043,1043,(,operator,0,44,16
364,1044,1044,v,identifier,0,44,17
365,1045,1045,",",operator,0,44,18
366,1047,1047,u,identifier,0,44,20
367,1048,1048,",",operator,0,44,21
368,1050,1051,vl,identifier,0,44,23
369,1052,1052,-,operator,0,44,25
370,1053,1053,1,integer,0,44,26
371,1054,1054,),operator,0,44,27
372,1055,1055,;,operator,0,44,28
373,1061,1061,},operator,0,45,4
374,1063,1063,},operator,0,46,0
375,1065,1067,int,keyword,0,47,0
376,1069,1072,main,identifier,0,47,4
377,1073,1073,(,operator,0,47,8
378,1074,1074,),operator,0,47,9
379,1076,1076,{,operator,0,47,11
380,1082,1086,scanf,identifier,0,48,4
381,1087,1087,(,operator,0,48,9
382,1088,1091,"""%d""",string,0,48,10
383,1092,1092,",",operator,0,48,14
384,1094,1094,&,operator,0,48,16
385,1095,1095,N,identifier,0,48,17
386,1096,1096,),operator,0,48,18
387,1097,1097,;,operator,0,48,19
388,1103,1108,fill_n,identifier,0,49,4
389,1109,1109,(,operator,0,49,10
390,1110,1112,val,identifier,0,49,11
391,1113,1113,",",operator,0,49,14
392,1115,1115,N,identifier,0,49,16
393,1116,1116,",",operator,0,49,17
394,1118,1120,all,identifier,0,49,19
395,1121,1121,),operator,0,49,22
396,1122,1122,;,operator,0,49,23
397,1128,1130,for,keyword,0,50,4
398,1131,1131,(,operator,0,50,7
399,1132,1134,int,keyword,0,50,8
400,1136,1136,i,identifier,0,50,12
401,1138,1138,=,operator,0,50,14
402,1140,1140,0,integer,0,50,16
403,1141,1141,;,operator,0,50,17
404,1143,1143,i,identifier,0,50,19
405,1144,1144,<,operator,0,50,20
406,1145,1145,N,identifier,0,50,21
407,1146,1146,-,operator,0,50,22
408,1147,1147,1,integer,0,50,23
409,1148,1148,;,operator,0,50,24
410,1150,1151,++,operator,0,50,26
411,1152,1152,i,identifier,0,50,28
412,1153,1153,),operator,0,50,29
413,1155,1155,{,operator,0,50,31
414,1165,1167,int,keyword,0,51,8
415,1169,1169,u,identifier,0,51,12
416,1170,1170,",",operator,0,51,13
417,1172,1172,v,identifier,0,51,15
418,1173,1173,;,operator,0,51,16
419,1175,1179,scanf,identifier,0,51,18
420,1180,1180,(,operator,0,51,23
421,1181,1187,"""%d %d""",string,0,51,24
422,1188,1188,",",operator,0,51,31
423,1190,1190,&,operator,0,51,33
424,1191,1191,u,identifier,0,51,34
425,1192,1192,",",operator,0,51,35
426,1194,1194,&,operator,0,51,37
427,1195,1195,v,identifier,0,51,38
428,1196,1196,),operator,0,51,39
429,1197,1197,;,operator,0,51,40
430,1199,1200,--,operator,0,51,42
431,1201,1201,u,identifier,0,51,44
432,1202,1202,;,operator,0,51,45
433,1204,1205,--,operator,0,51,47
434,1206,1206,v,identifier,0,51,49
435,1207,1207,;,operator,0,51,50
436,1217,1219,adj,identifier,0,52,8
437,1220,1220,[,operator,0,52,11
438,1221,1221,u,identifier,0,52,12
439,1222,1222,],operator,0,52,13
440,1223,1223,.,operator,0,52,14
441,1224,1232,push_back,identifier,0,52,15
442,1233,1233,(,operator,0,52,24
443,1234,1234,v,identifier,0,52,25
444,1235,1235,),operator,0,52,26
445,1236,1236,;,operator,0,52,27
446,1246,1248,adj,identifier,0,53,8
447,1249,1249,[,operator,0,53,11
448,1250,1250,v,identifier,0,53,12
449,1251,1251,],operator,0,53,13
450,1252,1252,.,operator,0,53,14
451,1253,1261,push_back,identifier,0,53,15
452,1262,1262,(,operator,0,53,24
453,1263,1263,u,identifier,0,53,25
454,1264,1264,),operator,0,53,26
455,1265,1265,;,operator,0,53,27
456,1271,1271,},operator,0,54,4
457,1277,1281,scanf,identifier,0,55,4
458,1282,1282,(,operator,0,55,9
459,1283,1286,"""%d""",string,0,55,10
460,1287,1287,",",operator,0,55,14
461,1289,1289,&,operator,0,55,16
462,1290,1290,K,identifier,0,55,17
463,1291,1291,),operator,0,55,18
464,1292,1292,;,operator,0,55,19
465,1298,1300,for,keyword,0,56,4
466,1301,1301,(,operator,0,56,7
467,1302,1304,int,keyword,0,56,8
468,1306,1306,i,identifier,0,56,12
469,1308,1308,=,operator,0,56,14
470,1310,1310,0,integer,0,56,16
471,1311,1311,;,operator,0,56,17
472,1313,1313,i,identifier,0,56,19
473,1314,1314,<,operator,0,56,20
474,1315,1315,K,identifier,0,56,21
475,1316,1316,;,operator,0,56,22
476,1318,1319,++,operator,0,56,24
477,1320,1320,i,identifier,0,56,26
478,1321,1321,),operator,0,56,27
479,1323,1323,{,operator,0,56,29
480,1333,1335,int,keyword,0,57,8
481,1337,1337,v,identifier,0,57,12
482,1338,1338,",",operator,0,57,13
483,1340,1340,p,identifier,0,57,15
484,1341,1341,;,operator,0,57,16
485,1343,1347,scanf,identifier,0,57,18
486,1348,1348,(,operator,0,57,23
487,1349,1355,"""%d %d""",string,0,57,24
488,1356,1356,",",operator,0,57,31
489,1358,1358,&,operator,0,57,33
490,1359,1359,v,identifier,0,57,34
491,1360,1360,",",operator,0,57,35
492,1362,1362,&,operator,0,57,37
493,1363,1363,p,identifier,0,57,38
494,1364,1364,),operator,0,57,39
495,1365,1365,;,operator,0,57,40
496,1367,1368,--,operator,0,57,42
497,1369,1369,v,identifier,0,57,44
498,1370,1370,;,operator,0,57,45
499,1380,1382,val,identifier,0,58,8
500,1383,1383,[,operator,0,58,11
501,1384,1384,v,identifier,0,58,12
502,1385,1385,],operator,0,58,13
503,1386,1386,.,operator,0,58,14
504,1387,1387,F,identifier,0,58,15
505,1389,1389,=,operator,0,58,17
506,1391,1393,val,identifier,0,58,19
507,1394,1394,[,operator,0,58,22
508,1395,1395,v,identifier,0,58,23
509,1396,1396,],operator,0,58,24
510,1397,1397,.,operator,0,58,25
511,1398,1398,S,identifier,0,58,26
512,1400,1400,=,operator,0,58,28
513,1402,1402,p,identifier,0,58,30
514,1403,1403,;,operator,0,58,31
515,1409,1409,},operator,0,59,4
516,1415,1417,dfs,identifier,0,60,4
517,1418,1418,(,operator,0,60,7
518,1419,1419,0,integer,0,60,8
519,1420,1420,",",operator,0,60,9
520,1422,1422,-,operator,0,60,11
521,1423,1423,1,integer,0,60,12
522,1424,1424,),operator,0,60,13
523,1425,1425,;,operator,0,60,14
524,1431,1434,puts,identifier,0,61,4
525,1435,1435,(,operator,0,61,8
526,1436,1440,"""Yes""",string,0,61,9
527,1441,1441,),operator,0,61,14
528,1442,1442,;,operator,0,61,15
529,1448,1451,dfs2,identifier,0,62,4
530,1452,1452,(,operator,0,62,8
531,1453,1453,0,integer,0,62,9
532,1454,1454,",",operator,0,62,10
533,1456,1456,-,operator,0,62,12
534,1457,1457,1,integer,0,62,13
535,1458,1458,",",operator,0,62,14
536,1460,1462,val,identifier,0,62,16
537,1463,1463,[,operator,0,62,19
538,1464,1464,0,integer,0,62,20
539,1465,1465,],operator,0,62,21
540,1466,1466,.,operator,0,62,22
541,1467,1467,F,identifier,0,62,23
542,1468,1468,),operator,0,62,24
543,1469,1469,;,operator,0,62,25
544,1475,1477,for,keyword,0,63,4
545,1478,1478,(,operator,0,63,7
546,1479,1481,int,keyword,0,63,8
547,1483,1483,i,identifier,0,63,12
548,1485,1485,=,operator,0,63,14
549,1487,1487,0,integer,0,63,16
550,1488,1488,;,operator,0,63,17
551,1490,1490,i,identifier,0,63,19
552,1491,1491,<,operator,0,63,20
553,1492,1492,N,identifier,0,63,21
554,1493,1493,;,operator,0,63,22
555,1495,1496,++,operator,0,63,24
556,1497,1497,i,identifier,0,63,26
557,1498,1498,),operator,0,63,27
558,1500,1505,printf,identifier,0,63,29
559,1506,1506,(,operator,0,63,35
560,1507,1512,"""%d\n""",string,0,63,36
561,1513,1513,",",operator,0,63,42
562,1515,1517,ans,identifier,0,63,44
563,1518,1518,[,operator,0,63,47
564,1519,1519,i,identifier,0,63,48
565,1520,1520,],operator,0,63,49
566,1521,1521,),operator,0,63,50
567,1522,1522,;,operator,0,63,51
568,1524,1524,},operator,0,64,0
569,1526,1525,<EOF>,eof,0,65,0
