seqnr,start,stop,text,class,channel,line,column
0,0,17,"#include<iostream>",directive,1,1,0
1,19,34,"#include<string>",directive,1,2,0
2,36,51,"#include<vector>",directive,1,3,0
3,53,71,"#include<algorithm>",directive,1,4,0
4,73,89,"#include<utility>",directive,1,5,0
5,91,105,"#include<queue>",directive,1,6,0
6,107,111,using,keyword,0,7,0
7,113,121,namespace,keyword,0,7,6
8,123,125,std,identifier,0,7,16
9,126,126,;,operator,0,7,19
10,128,134,typedef,keyword,0,8,0
11,136,139,long,keyword,0,8,8
12,141,144,long,keyword,0,8,13
13,146,147,ll,identifier,0,8,18
14,148,148,;,operator,0,8,20
15,150,156,typedef,keyword,0,9,0
16,158,163,vector,identifier,0,9,8
17,164,164,<,operator,0,9,14
18,165,166,ll,identifier,0,9,15
19,167,167,>,operator,0,9,17
20,169,170,vi,identifier,0,9,19
21,171,171,;,operator,0,9,21
22,173,179,typedef,keyword,0,10,0
23,181,186,vector,identifier,0,10,8
24,187,187,<,operator,0,10,14
25,188,189,ll,identifier,0,10,15
26,190,190,>,operator,0,10,17
27,192,193,vl,identifier,0,10,19
28,194,194,;,operator,0,10,21
29,196,202,typedef,keyword,0,11,0
30,204,207,pair,identifier,0,11,8
31,208,208,<,operator,0,11,12
32,209,211,int,keyword,0,11,13
33,213,213,",",operator,0,11,17
34,215,217,int,keyword,0,11,19
35,218,218,>,operator,0,11,22
36,220,220,P,identifier,0,11,24
37,221,221,;,operator,0,11,25
38,223,229,typedef,keyword,0,12,0
39,231,236,vector,identifier,0,12,8
40,237,237,<,operator,0,12,14
41,238,238,P,identifier,0,12,15
42,239,239,>,operator,0,12,16
43,241,242,vP,identifier,0,12,18
44,243,243,;,operator,0,12,20
45,245,251,typedef,keyword,0,13,0
46,253,258,vector,identifier,0,13,8
47,259,259,<,operator,0,13,14
48,260,265,vector,identifier,0,13,15
49,266,266,<,operator,0,13,21
50,267,268,ll,identifier,0,13,22
51,269,269,>,operator,0,13,24
52,270,270,>,operator,0,13,25
53,272,274,vvi,identifier,0,13,27
54,275,275,;,operator,0,13,30
55,277,283,typedef,keyword,0,14,0
56,285,290,vector,identifier,0,14,8
57,291,291,<,operator,0,14,14
58,292,297,vector,identifier,0,14,15
59,298,298,<,operator,0,14,21
60,299,299,P,identifier,0,14,22
61,300,300,>,operator,0,14,23
62,301,301,>,operator,0,14,24
63,303,305,vvP,identifier,0,14,26
64,306,306,;,operator,0,14,29
65,308,330,"#define INF 10000000000",directive,1,15,0
66,333,335,int,keyword,0,16,1
67,337,340,main,identifier,0,16,5
68,341,341,(,operator,0,16,9
69,342,342,),operator,0,16,10
70,344,344,{,operator,0,16,12
71,347,348,ll,identifier,0,17,1
72,350,350,n,identifier,0,17,4
73,351,351,;,operator,0,17,5
74,354,356,cin,identifier,0,18,1
75,358,358,>,operator,0,18,5
76,359,359,>,operator,0,18,6
77,361,361,n,identifier,0,18,8
78,362,362,;,operator,0,18,9
79,365,367,vvi,identifier,0,19,1
80,369,369,e,identifier,0,19,5
81,370,370,(,operator,0,19,6
82,371,371,n,identifier,0,19,7
83,372,372,),operator,0,19,8
84,373,373,;,operator,0,19,9
85,376,378,for,keyword,0,20,1
86,380,380,(,operator,0,20,5
87,381,382,ll,identifier,0,20,6
88,384,384,i,identifier,0,20,9
89,386,386,=,operator,0,20,11
90,388,388,0,integer,0,20,13
91,389,389,;,operator,0,20,14
92,391,391,i,identifier,0,20,16
93,393,393,<,operator,0,20,18
94,395,395,n,identifier,0,20,20
95,397,397,-,operator,0,20,22
96,399,399,1,integer,0,20,24
97,400,400,;,operator,0,20,25
98,402,402,i,identifier,0,20,27
99,403,404,++,operator,0,20,28
100,405,405,),operator,0,20,30
101,407,407,{,operator,0,20,32
102,411,412,ll,identifier,0,21,2
103,414,414,a,identifier,0,21,5
104,415,415,",",operator,0,21,6
105,417,417,b,identifier,0,21,8
106,418,418,;,operator,0,21,9
107,423,425,cin,identifier,0,22,2
108,427,427,>,operator,0,22,6
109,428,428,>,operator,0,22,7
110,430,430,a,identifier,0,22,9
111,432,432,>,operator,0,22,11
112,433,433,>,operator,0,22,12
113,435,435,b,identifier,0,22,14
114,436,436,;,operator,0,22,15
115,438,438,a,identifier,0,22,17
116,439,440,--,operator,0,22,18
117,441,441,;,operator,0,22,20
118,443,443,b,identifier,0,22,22
119,444,445,--,operator,0,22,23
120,446,446,;,operator,0,22,25
121,450,450,e,identifier,0,23,2
122,451,451,[,operator,0,23,3
123,452,452,a,identifier,0,23,4
124,453,453,],operator,0,23,5
125,454,454,.,operator,0,23,6
126,455,463,push_back,identifier,0,23,7
127,464,464,(,operator,0,23,16
128,465,465,b,identifier,0,23,17
129,466,466,),operator,0,23,18
130,467,467,;,operator,0,23,19
131,471,471,e,identifier,0,24,2
132,472,472,[,operator,0,24,3
133,473,473,b,identifier,0,24,4
134,474,474,],operator,0,24,5
135,475,475,.,operator,0,24,6
136,476,484,push_back,identifier,0,24,7
137,485,485,(,operator,0,24,16
138,486,486,a,identifier,0,24,17
139,487,487,),operator,0,24,18
140,488,488,;,operator,0,24,19
141,491,491,},operator,0,25,1
142,494,495,vi,identifier,0,26,1
143,497,499,Max,identifier,0,26,4
144,500,500,(,operator,0,26,7
145,501,501,n,identifier,0,26,8
146,502,502,",",operator,0,26,9
147,504,506,INF,identifier,0,26,11
148,507,507,),operator,0,26,14
149,508,508,;,operator,0,26,15
150,510,511,vi,identifier,0,26,17
151,513,515,Min,identifier,0,26,20
152,516,516,(,operator,0,26,23
153,517,517,n,identifier,0,26,24
154,518,518,",",operator,0,26,25
155,520,520,-,operator,0,26,27
156,521,523,INF,identifier,0,26,28
157,524,524,),operator,0,26,31
158,525,525,;,operator,0,26,32
159,528,529,ll,identifier,0,27,1
160,531,531,k,identifier,0,27,4
161,532,532,;,operator,0,27,5
162,535,537,cin,identifier,0,28,1
163,539,539,>,operator,0,28,5
164,540,540,>,operator,0,28,6
165,542,542,k,identifier,0,28,8
166,543,543,;,operator,0,28,9
167,546,548,for,keyword,0,29,1
168,550,550,(,operator,0,29,5
169,551,552,ll,identifier,0,29,6
170,554,554,i,identifier,0,29,9
171,556,556,=,operator,0,29,11
172,558,558,0,integer,0,29,13
173,559,559,;,operator,0,29,14
174,561,561,i,identifier,0,29,16
175,563,563,<,operator,0,29,18
176,565,565,k,identifier,0,29,20
177,566,566,;,operator,0,29,21
178,568,568,i,identifier,0,29,23
179,569,570,++,operator,0,29,24
180,571,571,),operator,0,29,26
181,573,573,{,operator,0,29,28
182,577,578,ll,identifier,0,30,2
183,580,580,a,identifier,0,30,5
184,581,581,",",operator,0,30,6
185,583,583,b,identifier,0,30,8
186,584,584,;,operator,0,30,9
187,588,590,cin,identifier,0,31,2
188,592,592,>,operator,0,31,6
189,593,593,>,operator,0,31,7
190,595,595,a,identifier,0,31,9
191,597,597,>,operator,0,31,11
192,598,598,>,operator,0,31,12
193,600,600,b,identifier,0,31,14
194,601,601,;,operator,0,31,15
195,603,603,a,identifier,0,31,17
196,604,605,--,operator,0,31,18
197,606,606,;,operator,0,31,20
198,610,612,Max,identifier,0,32,2
199,613,613,[,operator,0,32,5
200,614,614,a,identifier,0,32,6
201,615,615,],operator,0,32,7
202,617,617,=,operator,0,32,9
203,619,619,b,identifier,0,32,11
204,620,620,;,operator,0,32,12
205,624,626,Min,identifier,0,33,2
206,627,627,[,operator,0,33,5
207,628,628,a,identifier,0,33,6
208,629,629,],operator,0,33,7
209,631,631,=,operator,0,33,9
210,633,633,b,identifier,0,33,11
211,634,634,;,operator,0,33,12
212,637,637,},operator,0,34,1
213,640,644,queue,identifier,0,35,1
214,645,645,<,operator,0,35,6
215,646,647,ll,identifier,0,35,7
216,648,648,>,operator,0,35,9
217,650,652,que,identifier,0,35,11
218,653,653,;,operator,0,35,14
219,656,657,vi,identifier,0,36,1
220,659,659,S,identifier,0,36,4
221,660,660,(,operator,0,36,5
222,661,661,n,identifier,0,36,6
223,662,662,),operator,0,36,7
224,663,663,;,operator,0,36,8
225,666,668,for,keyword,0,37,1
226,670,670,(,operator,0,37,5
227,671,672,ll,identifier,0,37,6
228,674,674,i,identifier,0,37,9
229,676,676,=,operator,0,37,11
230,678,678,0,integer,0,37,13
231,679,679,;,operator,0,37,14
232,681,681,i,identifier,0,37,16
233,683,683,<,operator,0,37,18
234,685,685,n,identifier,0,37,20
235,686,686,;,operator,0,37,21
236,688,688,i,identifier,0,37,23
237,689,690,++,operator,0,37,24
238,691,691,),operator,0,37,26
239,693,693,{,operator,0,37,28
240,697,697,S,identifier,0,38,2
241,698,698,[,operator,0,38,3
242,699,699,i,identifier,0,38,4
243,700,700,],operator,0,38,5
244,702,702,=,operator,0,38,7
245,704,704,e,identifier,0,38,9
246,705,705,[,operator,0,38,10
247,706,706,i,identifier,0,38,11
248,707,707,],operator,0,38,12
249,708,708,.,operator,0,38,13
250,709,712,size,identifier,0,38,14
251,713,713,(,operator,0,38,18
252,714,714,),operator,0,38,19
253,715,715,;,operator,0,38,20
254,719,720,if,keyword,0,39,2
255,722,722,(,operator,0,39,5
256,723,723,e,identifier,0,39,6
257,724,724,[,operator,0,39,7
258,725,725,i,identifier,0,39,8
259,726,726,],operator,0,39,9
260,727,727,.,operator,0,39,10
261,728,731,size,identifier,0,39,11
262,732,732,(,operator,0,39,15
263,733,733,),operator,0,39,16
264,735,736,==,operator,0,39,18
265,738,738,1,integer,0,39,21
266,739,739,),operator,0,39,22
267,741,741,{,operator,0,39,24
268,746,748,que,identifier,0,40,3
269,749,749,.,operator,0,40,6
270,750,753,push,identifier,0,40,7
271,754,754,(,operator,0,40,11
272,755,755,i,identifier,0,40,12
273,756,756,),operator,0,40,13
274,757,757,;,operator,0,40,14
275,762,762,S,identifier,0,41,3
276,763,763,[,operator,0,41,4
277,764,764,i,identifier,0,41,5
278,765,765,],operator,0,41,6
279,767,767,=,operator,0,41,8
280,769,769,0,integer,0,41,10
281,770,770,;,operator,0,41,11
282,774,774,},operator,0,42,2
283,777,777,},operator,0,43,1
284,780,784,while,keyword,0,44,1
285,786,786,(,operator,0,44,7
286,787,787,"!",operator,0,44,8
287,788,790,que,identifier,0,44,9
288,791,791,.,operator,0,44,12
289,792,796,empty,identifier,0,44,13
290,797,797,(,operator,0,44,18
291,798,798,),operator,0,44,19
292,799,799,),operator,0,44,20
293,801,801,{,operator,0,44,22
294,805,806,ll,identifier,0,45,2
295,808,808,v,identifier,0,45,5
296,810,810,=,operator,0,45,7
297,812,814,que,identifier,0,45,9
298,815,815,.,operator,0,45,12
299,816,820,front,identifier,0,45,13
300,821,821,(,operator,0,45,18
301,822,822,),operator,0,45,19
302,823,823,;,operator,0,45,20
303,825,827,que,identifier,0,45,22
304,828,828,.,operator,0,45,25
305,829,831,pop,identifier,0,45,26
306,832,832,(,operator,0,45,29
307,833,833,),operator,0,45,30
308,834,834,;,operator,0,45,31
309,838,840,for,keyword,0,46,2
310,842,842,(,operator,0,46,6
311,843,844,ll,identifier,0,46,7
312,846,846,i,identifier,0,46,10
313,848,848,=,operator,0,46,12
314,850,850,0,integer,0,46,14
315,851,851,;,operator,0,46,15
316,853,853,i,identifier,0,46,17
317,855,855,<,operator,0,46,19
318,857,857,e,identifier,0,46,21
319,858,858,[,operator,0,46,22
320,859,859,v,identifier,0,46,23
321,860,860,],operator,0,46,24
322,861,861,.,operator,0,46,25
323,862,865,size,identifier,0,46,26
324,866,866,(,operator,0,46,30
325,867,867,),operator,0,46,31
326,868,868,;,operator,0,46,32
327,870,870,i,identifier,0,46,34
328,871,872,++,operator,0,46,35
329,873,873,),operator,0,46,37
330,875,875,{,operator,0,46,39
331,880,881,ll,identifier,0,47,3
332,883,884,nv,identifier,0,47,6
333,886,886,=,operator,0,47,9
334,888,888,e,identifier,0,47,11
335,889,889,[,operator,0,47,12
336,890,890,v,identifier,0,47,13
337,891,891,],operator,0,47,14
338,892,892,[,operator,0,47,15
339,893,893,i,identifier,0,47,16
340,894,894,],operator,0,47,17
341,895,895,;,operator,0,47,18
342,900,901,if,keyword,0,48,3
343,903,903,(,operator,0,48,6
344,904,904,S,identifier,0,48,7
345,905,905,[,operator,0,48,8
346,906,907,nv,identifier,0,48,9
347,908,908,],operator,0,48,11
348,910,911,<=,operator,0,48,13
349,913,913,0,integer,0,48,16
350,914,914,),operator,0,48,17
351,915,922,continue,keyword,0,48,18
352,923,923,;,operator,0,48,26
353,928,928,S,identifier,0,49,3
354,929,929,[,operator,0,49,4
355,930,931,nv,identifier,0,49,5
356,932,932,],operator,0,49,7
357,933,934,--,operator,0,49,8
358,935,935,;,operator,0,49,10
359,940,942,Max,identifier,0,50,3
360,943,943,[,operator,0,50,6
361,944,945,nv,identifier,0,50,7
362,946,946,],operator,0,50,9
363,948,948,=,operator,0,50,11
364,950,952,min,identifier,0,50,13
365,953,953,(,operator,0,50,16
366,954,956,Max,identifier,0,50,17
367,957,957,[,operator,0,50,20
368,958,959,nv,identifier,0,50,21
369,960,960,],operator,0,50,23
370,961,961,",",operator,0,50,24
371,963,965,Max,identifier,0,50,26
372,966,966,[,operator,0,50,29
373,967,967,v,identifier,0,50,30
374,968,968,],operator,0,50,31
375,970,970,+,operator,0,50,33
376,972,972,1,integer,0,50,35
377,973,973,),operator,0,50,36
378,974,974,;,operator,0,50,37
379,979,981,Min,identifier,0,51,3
380,982,982,[,operator,0,51,6
381,983,984,nv,identifier,0,51,7
382,985,985,],operator,0,51,9
383,987,987,=,operator,0,51,11
384,989,991,max,identifier,0,51,13
385,992,992,(,operator,0,51,16
386,993,995,Min,identifier,0,51,17
387,996,996,[,operator,0,51,20
388,997,998,nv,identifier,0,51,21
389,999,999,],operator,0,51,23
390,1000,1000,",",operator,0,51,24
391,1002,1004,Min,identifier,0,51,26
392,1005,1005,[,operator,0,51,29
393,1006,1006,v,identifier,0,51,30
394,1007,1007,],operator,0,51,31
395,1009,1009,-,operator,0,51,33
396,1011,1011,1,integer,0,51,35
397,1012,1012,),operator,0,51,36
398,1013,1013,;,operator,0,51,37
399,1018,1019,if,keyword,0,52,3
400,1021,1021,(,operator,0,52,6
401,1022,1022,S,identifier,0,52,7
402,1023,1023,[,operator,0,52,8
403,1024,1025,nv,identifier,0,52,9
404,1026,1026,],operator,0,52,11
405,1028,1029,==,operator,0,52,13
406,1031,1031,1,integer,0,52,16
407,1032,1032,),operator,0,52,17
408,1034,1034,{,operator,0,52,19
409,1040,1042,que,identifier,0,53,4
410,1043,1043,.,operator,0,53,7
411,1044,1047,push,identifier,0,53,8
412,1048,1048,(,operator,0,53,12
413,1049,1050,nv,identifier,0,53,13
414,1051,1051,),operator,0,53,15
415,1052,1052,;,operator,0,53,16
416,1058,1058,S,identifier,0,54,4
417,1059,1059,[,operator,0,54,5
418,1060,1061,nv,identifier,0,54,6
419,1062,1062,],operator,0,54,8
420,1064,1065,==,operator,0,54,10
421,1067,1067,0,integer,0,54,13
422,1068,1068,;,operator,0,54,14
423,1073,1073,},operator,0,55,3
424,1077,1077,},operator,0,56,2
425,1080,1080,},operator,0,57,1
426,1083,1084,vi,identifier,0,58,1
427,1086,1088,ans,identifier,0,58,4
428,1089,1089,(,operator,0,58,7
429,1090,1090,n,identifier,0,58,8
430,1091,1091,),operator,0,58,9
431,1092,1092,;,operator,0,58,10
432,1095,1099,queue,identifier,0,59,1
433,1100,1100,<,operator,0,59,6
434,1101,1103,int,keyword,0,59,7
435,1104,1104,>,operator,0,59,10
436,1106,1106,Q,identifier,0,59,12
437,1107,1107,;,operator,0,59,13
438,1110,1110,Q,identifier,0,60,1
439,1111,1111,.,operator,0,60,2
440,1112,1115,push,identifier,0,60,3
441,1116,1116,(,operator,0,60,7
442,1117,1117,0,integer,0,60,8
443,1118,1118,),operator,0,60,9
444,1119,1119,;,operator,0,60,10
445,1122,1123,vi,identifier,0,61,1
446,1125,1129,yatta,identifier,0,61,4
447,1130,1130,(,operator,0,61,9
448,1131,1131,n,identifier,0,61,10
449,1132,1132,",",operator,0,61,11
450,1134,1134,0,integer,0,61,13
451,1135,1135,),operator,0,61,14
452,1136,1136,;,operator,0,61,15
453,1138,1142,yatta,identifier,0,61,17
454,1143,1143,[,operator,0,61,22
455,1144,1144,0,integer,0,61,23
456,1145,1145,],operator,0,61,24
457,1147,1147,=,operator,0,61,26
458,1149,1149,1,integer,0,61,28
459,1150,1150,;,operator,0,61,29
460,1153,1157,while,keyword,0,62,1
461,1159,1159,(,operator,0,62,7
462,1160,1160,"!",operator,0,62,8
463,1161,1161,Q,identifier,0,62,9
464,1162,1162,.,operator,0,62,10
465,1163,1167,empty,identifier,0,62,11
466,1168,1168,(,operator,0,62,16
467,1169,1169,),operator,0,62,17
468,1170,1170,),operator,0,62,18
469,1172,1172,{,operator,0,62,20
470,1176,1177,ll,identifier,0,63,2
471,1179,1179,i,identifier,0,63,5
472,1181,1181,=,operator,0,63,7
473,1183,1183,Q,identifier,0,63,9
474,1184,1184,.,operator,0,63,10
475,1185,1189,front,identifier,0,63,11
476,1190,1190,(,operator,0,63,16
477,1191,1191,),operator,0,63,17
478,1192,1192,;,operator,0,63,18
479,1194,1194,Q,identifier,0,63,20
480,1195,1195,.,operator,0,63,21
481,1196,1198,pop,identifier,0,63,22
482,1199,1199,(,operator,0,63,25
483,1200,1200,),operator,0,63,26
484,1201,1201,;,operator,0,63,27
485,1226,1227,if,keyword,0,64,2
486,1229,1229,(,operator,0,64,5
487,1230,1232,Max,identifier,0,64,6
488,1233,1233,[,operator,0,64,9
489,1234,1234,i,identifier,0,64,10
490,1235,1235,],operator,0,64,11
491,1237,1237,<,operator,0,64,13
492,1239,1241,Min,identifier,0,64,15
493,1242,1242,[,operator,0,64,18
494,1243,1243,i,identifier,0,64,19
495,1244,1244,],operator,0,64,20
496,1246,1246,),operator,0,64,22
497,1248,1248,{,operator,0,64,24
498,1253,1256,cout,identifier,0,65,3
499,1258,1258,<,operator,0,65,8
500,1259,1259,<,operator,0,65,9
501,1261,1264,"""No""",string,0,65,11
502,1266,1266,<,operator,0,65,16
503,1267,1267,<,operator,0,65,17
504,1269,1272,endl,identifier,0,65,19
505,1273,1273,;,operator,0,65,23
506,1275,1280,return,keyword,0,65,25
507,1282,1282,0,integer,0,65,32
508,1283,1283,;,operator,0,65,33
509,1287,1287,},operator,0,66,2
510,1291,1294,else,keyword,0,67,2
511,1296,1296,{,operator,0,67,7
512,1301,1303,ans,identifier,0,68,3
513,1304,1304,[,operator,0,68,6
514,1305,1305,i,identifier,0,68,7
515,1306,1306,],operator,0,68,8
516,1308,1308,=,operator,0,68,10
517,1310,1312,Min,identifier,0,68,12
518,1313,1313,[,operator,0,68,15
519,1314,1314,i,identifier,0,68,16
520,1315,1315,],operator,0,68,17
521,1316,1316,;,operator,0,68,18
522,1321,1323,for,keyword,0,69,3
523,1325,1325,(,operator,0,69,7
524,1326,1327,ll,identifier,0,69,8
525,1329,1329,j,identifier,0,69,11
526,1331,1331,=,operator,0,69,13
527,1333,1333,0,integer,0,69,15
528,1334,1334,;,operator,0,69,16
529,1336,1336,j,identifier,0,69,18
530,1338,1338,<,operator,0,69,20
531,1340,1340,e,identifier,0,69,22
532,1341,1341,[,operator,0,69,23
533,1342,1342,i,identifier,0,69,24
534,1343,1343,],operator,0,69,25
535,1344,1344,.,operator,0,69,26
536,1345,1348,size,identifier,0,69,27
537,1349,1349,(,operator,0,69,31
538,1350,1350,),operator,0,69,32
539,1351,1351,;,operator,0,69,33
540,1353,1353,j,identifier,0,69,35
541,1354,1355,++,operator,0,69,36
542,1356,1356,),operator,0,69,38
543,1358,1358,{,operator,0,69,40
544,1364,1365,ll,identifier,0,70,4
545,1367,1368,nv,identifier,0,70,7
546,1370,1370,=,operator,0,70,10
547,1372,1372,e,identifier,0,70,12
548,1373,1373,[,operator,0,70,13
549,1374,1374,i,identifier,0,70,14
550,1375,1375,],operator,0,70,15
551,1376,1376,[,operator,0,70,16
552,1377,1377,j,identifier,0,70,17
553,1378,1378,],operator,0,70,18
554,1379,1379,;,operator,0,70,19
555,1407,1408,if,keyword,0,71,4
556,1410,1410,(,operator,0,71,7
557,1411,1415,yatta,identifier,0,71,8
558,1416,1416,[,operator,0,71,13
559,1417,1418,nv,identifier,0,71,14
560,1419,1419,],operator,0,71,16
561,1421,1422,<=,operator,0,71,18
562,1424,1424,0,integer,0,71,21
563,1425,1425,),operator,0,71,22
564,1427,1427,{,operator,0,71,24
565,1434,1436,Max,identifier,0,72,5
566,1437,1437,[,operator,0,72,8
567,1438,1439,nv,identifier,0,72,9
568,1440,1440,],operator,0,72,11
569,1442,1442,=,operator,0,72,13
570,1444,1446,min,identifier,0,72,15
571,1447,1447,(,operator,0,72,18
572,1448,1450,Max,identifier,0,72,19
573,1451,1451,[,operator,0,72,22
574,1452,1453,nv,identifier,0,72,23
575,1454,1454,],operator,0,72,25
576,1455,1455,",",operator,0,72,26
577,1457,1459,ans,identifier,0,72,28
578,1460,1460,[,operator,0,72,31
579,1461,1461,i,identifier,0,72,32
580,1462,1462,],operator,0,72,33
581,1464,1464,+,operator,0,72,35
582,1466,1466,1,integer,0,72,37
583,1467,1467,),operator,0,72,38
584,1468,1468,;,operator,0,72,39
585,1475,1477,Min,identifier,0,73,5
586,1478,1478,[,operator,0,73,8
587,1479,1480,nv,identifier,0,73,9
588,1481,1481,],operator,0,73,11
589,1483,1483,=,operator,0,73,13
590,1485,1487,max,identifier,0,73,15
591,1488,1488,(,operator,0,73,18
592,1489,1491,Min,identifier,0,73,19
593,1492,1492,[,operator,0,73,22
594,1493,1494,nv,identifier,0,73,23
595,1495,1495,],operator,0,73,25
596,1496,1496,",",operator,0,73,26
597,1498,1500,ans,identifier,0,73,28
598,1501,1501,[,operator,0,73,31
599,1502,1502,i,identifier,0,73,32
600,1503,1503,],operator,0,73,33
601,1505,1505,-,operator,0,73,35
602,1507,1507,1,integer,0,73,37
603,1508,1508,),operator,0,73,38
604,1509,1509,;,operator,0,73,39
605,1516,1516,Q,identifier,0,74,5
606,1517,1517,.,operator,0,74,6
607,1518,1521,push,identifier,0,74,7
608,1522,1522,(,operator,0,74,11
609,1523,1524,nv,identifier,0,74,12
610,1525,1525,),operator,0,74,14
611,1526,1526,;,operator,0,74,15
612,1532,1532,},operator,0,75,4
613,1537,1537,},operator,0,76,3
614,1542,1546,yatta,identifier,0,77,3
615,1547,1547,[,operator,0,77,8
616,1548,1548,i,identifier,0,77,9
617,1549,1549,],operator,0,77,10
618,1551,1551,=,operator,0,77,12
619,1553,1553,1,integer,0,77,14
620,1554,1554,;,operator,0,77,15
621,1558,1558,},operator,0,78,2
622,1561,1561,},operator,0,79,1
623,1868,1871,cout,identifier,0,93,1
624,1873,1873,<,operator,0,93,6
625,1874,1874,<,operator,0,93,7
626,1876,1880,"""Yes""",string,0,93,9
627,1882,1882,<,operator,0,93,15
628,1883,1883,<,operator,0,93,16
629,1885,1888,endl,identifier,0,93,18
630,1889,1889,;,operator,0,93,22
631,1892,1894,for,keyword,0,94,1
632,1896,1896,(,operator,0,94,5
633,1897,1898,ll,identifier,0,94,6
634,1900,1900,i,identifier,0,94,9
635,1902,1902,=,operator,0,94,11
636,1904,1904,0,integer,0,94,13
637,1905,1905,;,operator,0,94,14
638,1907,1907,i,identifier,0,94,16
639,1909,1909,<,operator,0,94,18
640,1911,1911,n,identifier,0,94,20
641,1912,1912,;,operator,0,94,21
642,1914,1914,i,identifier,0,94,23
643,1915,1916,++,operator,0,94,24
644,1917,1917,),operator,0,94,26
645,1919,1919,{,operator,0,94,28
646,1923,1926,cout,identifier,0,95,2
647,1928,1928,<,operator,0,95,7
648,1929,1929,<,operator,0,95,8
649,1931,1933,ans,identifier,0,95,10
650,1934,1934,[,operator,0,95,13
651,1935,1935,i,identifier,0,95,14
652,1936,1936,],operator,0,95,15
653,1938,1938,<,operator,0,95,17
654,1939,1939,<,operator,0,95,18
655,1941,1944,endl,identifier,0,95,20
656,1945,1945,;,operator,0,95,24
657,1948,1948,},operator,0,96,1
658,1951,1956,return,keyword,0,97,1
659,1958,1958,0,integer,0,97,8
660,1959,1959,;,operator,0,97,9
661,1961,1961,},operator,0,98,0
662,1963,1962,<EOF>,eof,0,99,0
