seqnr,start,stop,text,class,channel,line,column
0,0,15,"#include<cstdio>",directive,1,1,0
1,17,33,"#include<cstdlib>",directive,1,2,0
2,35,51,"#include<cstring>",directive,1,3,0
3,53,71,"#include<algorithm>",directive,1,4,0
4,73,87,"#include<cmath>",directive,1,5,0
5,89,93,using,keyword,0,6,0
6,95,103,namespace,keyword,0,6,6
7,105,107,std,identifier,0,6,16
8,108,108,;,operator,0,6,19
9,110,114,const,keyword,0,7,0
10,116,118,int,keyword,0,7,6
11,120,123,nMax,identifier,0,7,10
12,124,124,=,operator,0,7,14
13,125,127,1e5,floating,0,7,15
14,128,128,+,operator,0,7,18
15,129,130,10,integer,0,7,19
16,131,131,;,operator,0,7,21
17,133,135,int,keyword,0,8,0
18,137,139,fir,identifier,0,8,4
19,140,140,[,operator,0,8,7
20,141,144,nMax,identifier,0,8,8
21,145,145,],operator,0,8,12
22,146,146,",",operator,0,8,13
23,147,149,cnt,identifier,0,8,14
24,150,150,",",operator,0,8,17
25,151,151,n,identifier,0,8,18
26,152,152,",",operator,0,8,19
27,153,153,k,identifier,0,8,20
28,154,154,;,operator,0,8,21
29,156,161,struct,keyword,0,9,0
30,163,166,Edge,identifier,0,9,7
31,168,168,{,operator,0,10,0
32,171,173,int,keyword,0,11,1
33,175,175,s,identifier,0,11,5
34,176,176,",",operator,0,11,6
35,177,177,t,identifier,0,11,7
36,178,178,",",operator,0,11,8
37,179,179,n,identifier,0,11,9
38,180,180,;,operator,0,11,10
39,182,182,},operator,0,12,0
40,183,183,g,identifier,0,12,1
41,184,184,[,operator,0,12,2
42,185,185,2,integer,0,12,3
43,186,186,*,operator,0,12,4
44,187,190,nMax,identifier,0,12,5
45,191,191,],operator,0,12,9
46,192,192,;,operator,0,12,10
47,194,197,void,keyword,0,13,0
48,199,205,addedge,identifier,0,13,5
49,206,206,(,operator,0,13,12
50,207,209,int,keyword,0,13,13
51,211,211,s,identifier,0,13,17
52,212,212,",",operator,0,13,18
53,213,215,int,keyword,0,13,19
54,217,217,t,identifier,0,13,23
55,218,218,),operator,0,13,24
56,220,220,{,operator,0,14,0
57,223,223,g,identifier,0,15,1
58,224,224,[,operator,0,15,2
59,225,227,cnt,identifier,0,15,3
60,228,228,],operator,0,15,6
61,229,229,.,operator,0,15,7
62,230,230,s,identifier,0,15,8
63,231,231,=,operator,0,15,9
64,232,232,s,identifier,0,15,10
65,233,233,;,operator,0,15,11
66,236,236,g,identifier,0,16,1
67,237,237,[,operator,0,16,2
68,238,240,cnt,identifier,0,16,3
69,241,241,],operator,0,16,6
70,242,242,.,operator,0,16,7
71,243,243,t,identifier,0,16,8
72,244,244,=,operator,0,16,9
73,245,245,t,identifier,0,16,10
74,246,246,;,operator,0,16,11
75,249,249,g,identifier,0,17,1
76,250,250,[,operator,0,17,2
77,251,253,cnt,identifier,0,17,3
78,254,254,],operator,0,17,6
79,255,255,.,operator,0,17,7
80,256,256,n,identifier,0,17,8
81,257,257,=,operator,0,17,9
82,258,260,fir,identifier,0,17,10
83,261,261,[,operator,0,17,13
84,262,262,s,identifier,0,17,14
85,263,263,],operator,0,17,15
86,264,264,;,operator,0,17,16
87,267,269,fir,identifier,0,18,1
88,270,270,[,operator,0,18,4
89,271,271,s,identifier,0,18,5
90,272,272,],operator,0,18,6
91,273,273,=,operator,0,18,7
92,274,276,cnt,identifier,0,18,8
93,277,278,++,operator,0,18,11
94,279,279,;,operator,0,18,13
95,281,281,},operator,0,19,0
96,283,285,int,keyword,0,20,0
97,287,288,id,identifier,0,20,4
98,289,289,[,operator,0,20,6
99,290,293,nMax,identifier,0,20,7
100,294,294,],operator,0,20,11
101,295,295,",",operator,0,20,12
102,296,298,boo,identifier,0,20,13
103,299,299,=,operator,0,20,16
104,300,300,1,integer,0,20,17
105,301,301,",",operator,0,20,18
106,302,304,dep,identifier,0,20,19
107,305,305,[,operator,0,20,22
108,306,309,nMax,identifier,0,20,23
109,310,310,],operator,0,20,27
110,311,311,",",operator,0,20,28
111,312,313,_l,identifier,0,20,29
112,314,314,[,operator,0,20,31
113,315,318,nMax,identifier,0,20,32
114,319,319,],operator,0,20,36
115,320,320,",",operator,0,20,37
116,321,322,_r,identifier,0,20,38
117,323,323,[,operator,0,20,40
118,324,327,nMax,identifier,0,20,41
119,328,328,],operator,0,20,45
120,329,329,",",operator,0,20,46
121,330,333,flag,identifier,0,20,47
122,334,334,[,operator,0,20,51
123,335,338,nMax,identifier,0,20,52
124,339,339,],operator,0,20,56
125,340,340,;,operator,0,20,57
126,342,344,int,keyword,0,21,0
127,346,349,dfs1,identifier,0,21,4
128,350,350,(,operator,0,21,8
129,351,353,int,keyword,0,21,9
130,355,357,now,identifier,0,21,13
131,358,358,",",operator,0,21,16
132,359,361,int,keyword,0,21,17
133,363,364,fa,identifier,0,21,21
134,365,365,),operator,0,21,23
135,367,367,{,operator,0,22,0
136,370,372,for,keyword,0,23,1
137,373,373,(,operator,0,23,4
138,374,376,int,keyword,0,23,5
139,378,378,i,identifier,0,23,9
140,379,379,=,operator,0,23,10
141,380,382,fir,identifier,0,23,11
142,383,383,[,operator,0,23,14
143,384,386,now,identifier,0,23,15
144,387,387,],operator,0,23,18
145,388,388,;,operator,0,23,19
146,389,389,i,identifier,0,23,20
147,390,391,>=,operator,0,23,21
148,392,392,0,integer,0,23,23
149,393,393,;,operator,0,23,24
150,394,394,i,identifier,0,23,25
151,395,395,=,operator,0,23,26
152,396,396,g,identifier,0,23,27
153,397,397,[,operator,0,23,28
154,398,398,i,identifier,0,23,29
155,399,399,],operator,0,23,30
156,400,400,.,operator,0,23,31
157,401,401,n,identifier,0,23,32
158,402,402,),operator,0,23,33
159,405,405,{,operator,0,24,1
160,409,410,if,keyword,0,25,2
161,411,411,(,operator,0,25,4
162,412,412,g,identifier,0,25,5
163,413,413,[,operator,0,25,6
164,414,414,i,identifier,0,25,7
165,415,415,],operator,0,25,8
166,416,416,.,operator,0,25,9
167,417,417,t,identifier,0,25,10
168,418,419,==,operator,0,25,11
169,420,421,fa,identifier,0,25,13
170,422,422,),operator,0,25,15
171,427,434,continue,keyword,0,26,3
172,435,435,;,operator,0,26,11
173,439,441,dep,identifier,0,27,2
174,442,442,[,operator,0,27,5
175,443,443,g,identifier,0,27,6
176,444,444,[,operator,0,27,7
177,445,445,i,identifier,0,27,8
178,446,446,],operator,0,27,9
179,447,447,.,operator,0,27,10
180,448,448,t,identifier,0,27,11
181,449,449,],operator,0,27,12
182,450,450,=,operator,0,27,13
183,451,453,dep,identifier,0,27,14
184,454,454,[,operator,0,27,17
185,455,457,now,identifier,0,27,18
186,458,458,],operator,0,27,21
187,459,459,+,operator,0,27,22
188,460,460,1,integer,0,27,23
189,461,461,;,operator,0,27,24
190,465,467,int,keyword,0,28,2
191,469,470,la,identifier,0,28,6
192,471,471,=,operator,0,28,8
193,472,475,dfs1,identifier,0,28,9
194,476,476,(,operator,0,28,13
195,477,477,g,identifier,0,28,14
196,478,478,[,operator,0,28,15
197,479,479,i,identifier,0,28,16
198,480,480,],operator,0,28,17
199,481,481,.,operator,0,28,18
200,482,482,t,identifier,0,28,19
201,483,483,",",operator,0,28,20
202,484,486,now,identifier,0,28,21
203,487,487,),operator,0,28,24
204,488,488,;,operator,0,28,25
205,492,493,if,keyword,0,29,2
206,494,494,(,operator,0,29,4
207,495,497,boo,identifier,0,29,5
208,498,499,==,operator,0,29,8
209,500,500,0,integer,0,29,10
210,501,501,),operator,0,29,11
211,506,511,return,keyword,0,30,3
212,513,513,0,integer,0,30,10
213,514,514,;,operator,0,30,11
214,518,519,if,keyword,0,31,2
215,520,520,(,operator,0,31,4
216,521,522,la,identifier,0,31,5
217,523,524,==,operator,0,31,7
218,525,525,-,operator,0,31,9
219,526,526,1,integer,0,31,10
220,527,527,),operator,0,31,11
221,532,539,continue,keyword,0,32,3
222,540,540,;,operator,0,32,11
223,544,546,int,keyword,0,33,2
224,548,549,ll,identifier,0,33,6
225,550,550,=,operator,0,33,8
226,551,552,_l,identifier,0,33,9
227,553,553,[,operator,0,33,11
228,554,555,la,identifier,0,33,12
229,556,556,],operator,0,33,14
230,557,557,-,operator,0,33,15
231,558,558,(,operator,0,33,16
232,559,561,dep,identifier,0,33,17
233,562,562,[,operator,0,33,20
234,563,563,g,identifier,0,33,21
235,564,564,[,operator,0,33,22
236,565,565,i,identifier,0,33,23
237,566,566,],operator,0,33,24
238,567,567,.,operator,0,33,25
239,568,568,t,identifier,0,33,26
240,569,569,],operator,0,33,27
241,570,570,-,operator,0,33,28
242,571,573,dep,identifier,0,33,29
243,574,574,[,operator,0,33,32
244,575,577,now,identifier,0,33,33
245,578,578,],operator,0,33,36
246,579,579,),operator,0,33,37
247,580,580,",",operator,0,33,38
248,581,582,lr,identifier,0,33,39
249,583,583,=,operator,0,33,41
250,584,585,_r,identifier,0,33,42
251,586,586,[,operator,0,33,44
252,587,588,la,identifier,0,33,45
253,589,589,],operator,0,33,47
254,590,590,+,operator,0,33,48
255,591,591,(,operator,0,33,49
256,592,594,dep,identifier,0,33,50
257,595,595,[,operator,0,33,53
258,596,596,g,identifier,0,33,54
259,597,597,[,operator,0,33,55
260,598,598,i,identifier,0,33,56
261,599,599,],operator,0,33,57
262,600,600,.,operator,0,33,58
263,601,601,t,identifier,0,33,59
264,602,602,],operator,0,33,60
265,603,603,-,operator,0,33,61
266,604,606,dep,identifier,0,33,62
267,607,607,[,operator,0,33,65
268,608,610,now,identifier,0,33,66
269,611,611,],operator,0,33,69
270,612,612,),operator,0,33,70
271,613,613,;,operator,0,33,71
272,617,618,if,keyword,0,34,2
273,619,619,(,operator,0,34,4
274,620,621,_l,identifier,0,34,5
275,622,622,[,operator,0,34,7
276,623,625,now,identifier,0,34,8
277,626,626,],operator,0,34,11
278,627,627,>,operator,0,34,12
279,628,629,_r,identifier,0,34,13
280,630,630,[,operator,0,34,15
281,631,633,now,identifier,0,34,16
282,634,634,],operator,0,34,19
283,635,635,),operator,0,34,20
284,639,639,{,operator,0,35,2
285,644,645,_l,identifier,0,36,3
286,646,646,[,operator,0,36,5
287,647,649,now,identifier,0,36,6
288,650,650,],operator,0,36,9
289,651,651,=,operator,0,36,10
290,652,653,ll,identifier,0,36,11
291,654,654,;,operator,0,36,13
292,659,660,_r,identifier,0,37,3
293,661,661,[,operator,0,37,5
294,662,664,now,identifier,0,37,6
295,665,665,],operator,0,37,9
296,666,666,=,operator,0,37,10
297,667,668,lr,identifier,0,37,11
298,669,669,;,operator,0,37,13
299,673,673,},operator,0,38,2
300,675,678,else,keyword,0,38,4
301,682,682,{,operator,0,39,2
302,687,688,if,keyword,0,40,3
303,689,689,(,operator,0,40,5
304,690,692,abs,identifier,0,40,6
305,693,693,(,operator,0,40,9
306,694,695,_l,identifier,0,40,10
307,696,696,[,operator,0,40,12
308,697,699,now,identifier,0,40,13
309,700,700,],operator,0,40,16
310,701,701,),operator,0,40,17
311,702,702,%,operator,0,40,18
312,703,703,2,integer,0,40,19
313,704,705,"!=",operator,0,40,20
314,706,708,abs,identifier,0,40,22
315,709,709,(,operator,0,40,25
316,710,711,ll,identifier,0,40,26
317,712,712,),operator,0,40,28
318,713,713,%,operator,0,40,29
319,714,714,2,integer,0,40,30
320,715,716,||,operator,0,40,31
321,717,718,_l,identifier,0,40,33
322,719,719,[,operator,0,40,35
323,720,722,now,identifier,0,40,36
324,723,723,],operator,0,40,39
325,724,724,>,operator,0,40,40
326,725,726,lr,identifier,0,40,41
327,727,728,||,operator,0,40,43
328,729,730,_r,identifier,0,40,45
329,731,731,[,operator,0,40,47
330,732,734,now,identifier,0,40,48
331,735,735,],operator,0,40,51
332,736,736,<,operator,0,40,52
333,737,738,ll,identifier,0,40,53
334,739,739,),operator,0,40,55
335,744,744,{,operator,0,41,3
336,750,752,boo,identifier,0,42,4
337,753,753,=,operator,0,42,7
338,754,754,0,integer,0,42,8
339,755,755,;,operator,0,42,9
340,761,766,return,keyword,0,43,4
341,768,768,0,integer,0,43,11
342,769,769,;,operator,0,43,12
343,774,774,},operator,0,44,3
344,779,780,_l,identifier,0,45,3
345,781,781,[,operator,0,45,5
346,782,784,now,identifier,0,45,6
347,785,785,],operator,0,45,9
348,786,786,=,operator,0,45,10
349,787,789,max,identifier,0,45,11
350,790,790,(,operator,0,45,14
351,791,792,_l,identifier,0,45,15
352,793,793,[,operator,0,45,17
353,794,796,now,identifier,0,45,18
354,797,797,],operator,0,45,21
355,798,798,",",operator,0,45,22
356,799,800,ll,identifier,0,45,23
357,801,801,),operator,0,45,25
358,802,802,;,operator,0,45,26
359,807,808,_r,identifier,0,46,3
360,809,809,[,operator,0,46,5
361,810,812,now,identifier,0,46,6
362,813,813,],operator,0,46,9
363,814,814,=,operator,0,46,10
364,815,817,min,identifier,0,46,11
365,818,818,(,operator,0,46,14
366,819,820,_r,identifier,0,46,15
367,821,821,[,operator,0,46,17
368,822,824,now,identifier,0,46,18
369,825,825,],operator,0,46,21
370,826,826,",",operator,0,46,22
371,827,828,lr,identifier,0,46,23
372,829,829,),operator,0,46,25
373,830,830,;,operator,0,46,26
374,834,834,},operator,0,47,2
375,837,837,},operator,0,48,1
376,840,841,if,keyword,0,49,1
377,842,842,(,operator,0,49,3
378,843,844,_l,identifier,0,49,4
379,845,845,[,operator,0,49,6
380,846,848,now,identifier,0,49,7
381,849,849,],operator,0,49,10
382,850,851,<=,operator,0,49,11
383,852,853,_r,identifier,0,49,13
384,854,854,[,operator,0,49,15
385,855,857,now,identifier,0,49,16
386,858,858,],operator,0,49,19
387,859,859,),operator,0,49,20
388,863,868,return,keyword,0,50,2
389,870,872,now,identifier,0,50,9
390,873,873,;,operator,0,50,12
391,876,879,else,keyword,0,51,1
392,884,889,return,keyword,0,52,2
393,891,891,-,operator,0,52,9
394,892,892,1,integer,0,52,10
395,893,893,;,operator,0,52,11
396,895,895,},operator,0,53,0
397,897,900,void,keyword,0,54,0
398,902,905,dfs2,identifier,0,54,5
399,906,906,(,operator,0,54,9
400,907,909,int,keyword,0,54,10
401,911,913,now,identifier,0,54,14
402,914,914,",",operator,0,54,17
403,915,917,int,keyword,0,54,18
404,919,920,fa,identifier,0,54,22
405,921,921,",",operator,0,54,24
406,922,924,int,keyword,0,54,25
407,926,926,l,identifier,0,54,29
408,927,927,",",operator,0,54,30
409,928,930,int,keyword,0,54,31
410,932,932,r,identifier,0,54,35
411,933,933,),operator,0,54,36
412,935,935,{,operator,0,55,0
413,938,939,if,keyword,0,56,1
414,940,940,(,operator,0,56,3
415,941,944,flag,identifier,0,56,4
416,945,945,[,operator,0,56,8
417,946,948,now,identifier,0,56,9
418,949,949,],operator,0,56,12
419,950,951,==,operator,0,56,13
420,952,952,0,integer,0,56,15
421,953,953,),operator,0,56,16
422,956,956,{,operator,0,57,1
423,960,961,if,keyword,0,58,2
424,962,962,(,operator,0,58,4
425,963,964,_l,identifier,0,58,5
426,965,965,[,operator,0,58,7
427,966,968,now,identifier,0,58,8
428,969,969,],operator,0,58,11
429,970,970,>,operator,0,58,12
430,971,972,_r,identifier,0,58,13
431,973,973,[,operator,0,58,15
432,974,976,now,identifier,0,58,16
433,977,977,],operator,0,58,19
434,978,978,),operator,0,58,20
435,983,984,id,identifier,0,59,3
436,985,985,[,operator,0,59,5
437,986,988,now,identifier,0,59,6
438,989,989,],operator,0,59,9
439,990,990,=,operator,0,59,10
440,991,991,l,identifier,0,59,11
441,992,992,;,operator,0,59,12
442,996,999,else,keyword,0,60,2
443,1004,1005,if,keyword,0,61,3
444,1006,1006,(,operator,0,61,5
445,1007,1007,l,identifier,0,61,6
446,1008,1009,>=,operator,0,61,7
447,1010,1011,_l,identifier,0,61,9
448,1012,1012,[,operator,0,61,11
449,1013,1015,now,identifier,0,61,12
450,1016,1016,],operator,0,61,15
451,1017,1018,&&,operator,0,61,16
452,1019,1019,r,identifier,0,61,18
453,1020,1021,<=,operator,0,61,19
454,1022,1023,_r,identifier,0,61,21
455,1024,1024,[,operator,0,61,23
456,1025,1027,now,identifier,0,61,24
457,1028,1028,],operator,0,61,27
458,1029,1029,),operator,0,61,28
459,1035,1036,id,identifier,0,62,4
460,1037,1037,[,operator,0,62,6
461,1038,1040,now,identifier,0,62,7
462,1041,1041,],operator,0,62,10
463,1042,1042,=,operator,0,62,11
464,1043,1043,l,identifier,0,62,12
465,1044,1044,;,operator,0,62,13
466,1049,1052,else,keyword,0,63,3
467,1058,1059,id,identifier,0,64,4
468,1060,1060,[,operator,0,64,6
469,1061,1063,now,identifier,0,64,7
470,1064,1064,],operator,0,64,10
471,1065,1065,=,operator,0,64,11
472,1066,1066,r,identifier,0,64,12
473,1067,1067,;,operator,0,64,13
474,1070,1070,},operator,0,65,1
475,1073,1075,for,keyword,0,66,1
476,1076,1076,(,operator,0,66,4
477,1077,1079,int,keyword,0,66,5
478,1081,1081,i,identifier,0,66,9
479,1082,1082,=,operator,0,66,10
480,1083,1085,fir,identifier,0,66,11
481,1086,1086,[,operator,0,66,14
482,1087,1089,now,identifier,0,66,15
483,1090,1090,],operator,0,66,18
484,1091,1091,;,operator,0,66,19
485,1092,1092,i,identifier,0,66,20
486,1093,1094,>=,operator,0,66,21
487,1095,1095,0,integer,0,66,23
488,1096,1096,;,operator,0,66,24
489,1097,1097,i,identifier,0,66,25
490,1098,1098,=,operator,0,66,26
491,1099,1099,g,identifier,0,66,27
492,1100,1100,[,operator,0,66,28
493,1101,1101,i,identifier,0,66,29
494,1102,1102,],operator,0,66,30
495,1103,1103,.,operator,0,66,31
496,1104,1104,n,identifier,0,66,32
497,1105,1105,),operator,0,66,33
498,1108,1108,{,operator,0,67,1
499,1112,1113,if,keyword,0,68,2
500,1114,1114,(,operator,0,68,4
501,1115,1115,g,identifier,0,68,5
502,1116,1116,[,operator,0,68,6
503,1117,1117,i,identifier,0,68,7
504,1118,1118,],operator,0,68,8
505,1119,1119,.,operator,0,68,9
506,1120,1120,t,identifier,0,68,10
507,1121,1122,==,operator,0,68,11
508,1123,1124,fa,identifier,0,68,13
509,1125,1125,),operator,0,68,15
510,1130,1137,continue,keyword,0,69,3
511,1138,1138,;,operator,0,69,11
512,1142,1145,dfs2,identifier,0,70,2
513,1146,1146,(,operator,0,70,6
514,1147,1147,g,identifier,0,70,7
515,1148,1148,[,operator,0,70,8
516,1149,1149,i,identifier,0,70,9
517,1150,1150,],operator,0,70,10
518,1151,1151,.,operator,0,70,11
519,1152,1152,t,identifier,0,70,12
520,1153,1153,",",operator,0,70,13
521,1154,1156,now,identifier,0,70,14
522,1157,1157,",",operator,0,70,17
523,1158,1159,id,identifier,0,70,18
524,1160,1160,[,operator,0,70,20
525,1161,1163,now,identifier,0,70,21
526,1164,1164,],operator,0,70,24
527,1165,1165,-,operator,0,70,25
528,1166,1166,1,integer,0,70,26
529,1167,1167,",",operator,0,70,27
530,1168,1169,id,identifier,0,70,28
531,1170,1170,[,operator,0,70,30
532,1171,1173,now,identifier,0,70,31
533,1174,1174,],operator,0,70,34
534,1175,1175,+,operator,0,70,35
535,1176,1176,1,integer,0,70,36
536,1177,1177,),operator,0,70,37
537,1178,1178,;,operator,0,70,38
538,1181,1181,},operator,0,71,1
539,1183,1183,},operator,0,72,0
540,1185,1187,int,keyword,0,73,0
541,1189,1192,main,identifier,0,73,4
542,1193,1193,(,operator,0,73,8
543,1194,1194,),operator,0,73,9
544,1196,1196,{,operator,0,74,0
545,1199,1204,memset,identifier,0,75,1
546,1205,1205,(,operator,0,75,7
547,1206,1208,fir,identifier,0,75,8
548,1209,1209,",",operator,0,75,11
549,1210,1210,-,operator,0,75,12
550,1211,1211,1,integer,0,75,13
551,1212,1212,",",operator,0,75,14
552,1213,1218,sizeof,keyword,0,75,15
553,1219,1219,(,operator,0,75,21
554,1220,1222,fir,identifier,0,75,22
555,1223,1223,),operator,0,75,25
556,1224,1224,),operator,0,75,26
557,1225,1225,;,operator,0,75,27
558,1228,1232,scanf,identifier,0,76,1
559,1233,1233,(,operator,0,76,6
560,1234,1237,"""%d""",string,0,76,7
561,1238,1238,",",operator,0,76,11
562,1239,1239,&,operator,0,76,12
563,1240,1240,n,identifier,0,76,13
564,1241,1241,),operator,0,76,14
565,1242,1242,;,operator,0,76,15
566,1245,1247,for,keyword,0,77,1
567,1248,1248,(,operator,0,77,4
568,1249,1251,int,keyword,0,77,5
569,1253,1253,i,identifier,0,77,9
570,1254,1254,=,operator,0,77,10
571,1255,1255,1,integer,0,77,11
572,1256,1256,;,operator,0,77,12
573,1257,1257,i,identifier,0,77,13
574,1258,1258,<,operator,0,77,14
575,1259,1259,n,identifier,0,77,15
576,1260,1260,;,operator,0,77,16
577,1261,1261,i,identifier,0,77,17
578,1262,1263,++,operator,0,77,18
579,1264,1264,),operator,0,77,20
580,1267,1267,{,operator,0,78,1
581,1271,1273,int,keyword,0,79,2
582,1275,1275,a,identifier,0,79,6
583,1276,1276,",",operator,0,79,7
584,1277,1277,b,identifier,0,79,8
585,1278,1278,;,operator,0,79,9
586,1282,1286,scanf,identifier,0,80,2
587,1287,1287,(,operator,0,80,7
588,1288,1293,"""%d%d""",string,0,80,8
589,1294,1294,",",operator,0,80,14
590,1295,1295,&,operator,0,80,15
591,1296,1296,a,identifier,0,80,16
592,1297,1297,",",operator,0,80,17
593,1298,1298,&,operator,0,80,18
594,1299,1299,b,identifier,0,80,19
595,1300,1300,),operator,0,80,20
596,1301,1301,;,operator,0,80,21
597,1305,1311,addedge,identifier,0,81,2
598,1312,1312,(,operator,0,81,9
599,1313,1313,a,identifier,0,81,10
600,1314,1314,",",operator,0,81,11
601,1315,1315,b,identifier,0,81,12
602,1316,1316,),operator,0,81,13
603,1317,1317,;,operator,0,81,14
604,1321,1327,addedge,identifier,0,82,2
605,1328,1328,(,operator,0,82,9
606,1329,1329,b,identifier,0,82,10
607,1330,1330,",",operator,0,82,11
608,1331,1331,a,identifier,0,82,12
609,1332,1332,),operator,0,82,13
610,1333,1333,;,operator,0,82,14
611,1336,1336,},operator,0,83,1
612,1339,1344,memset,identifier,0,84,1
613,1345,1345,(,operator,0,84,7
614,1346,1347,_r,identifier,0,84,8
615,1348,1348,",",operator,0,84,10
616,1349,1349,-,operator,0,84,11
617,1350,1350,1,integer,0,84,12
618,1351,1351,",",operator,0,84,13
619,1352,1357,sizeof,keyword,0,84,14
620,1358,1358,(,operator,0,84,20
621,1359,1360,_r,identifier,0,84,21
622,1361,1361,),operator,0,84,23
623,1362,1362,),operator,0,84,24
624,1363,1363,;,operator,0,84,25
625,1366,1370,scanf,identifier,0,85,1
626,1371,1371,(,operator,0,85,6
627,1372,1375,"""%d""",string,0,85,7
628,1376,1376,",",operator,0,85,11
629,1377,1377,&,operator,0,85,12
630,1378,1378,k,identifier,0,85,13
631,1379,1379,),operator,0,85,14
632,1380,1380,;,operator,0,85,15
633,1383,1385,for,keyword,0,86,1
634,1386,1386,(,operator,0,86,4
635,1387,1389,int,keyword,0,86,5
636,1391,1391,i,identifier,0,86,9
637,1392,1392,=,operator,0,86,10
638,1393,1393,1,integer,0,86,11
639,1394,1394,;,operator,0,86,12
640,1395,1395,i,identifier,0,86,13
641,1396,1397,<=,operator,0,86,14
642,1398,1398,k,identifier,0,86,16
643,1399,1399,;,operator,0,86,17
644,1400,1400,i,identifier,0,86,18
645,1401,1402,++,operator,0,86,19
646,1403,1403,),operator,0,86,21
647,1406,1406,{,operator,0,87,1
648,1410,1412,int,keyword,0,88,2
649,1414,1414,a,identifier,0,88,6
650,1415,1415,",",operator,0,88,7
651,1416,1416,b,identifier,0,88,8
652,1417,1417,;,operator,0,88,9
653,1421,1425,scanf,identifier,0,89,2
654,1426,1426,(,operator,0,89,7
655,1427,1432,"""%d%d""",string,0,89,8
656,1433,1433,",",operator,0,89,14
657,1434,1434,&,operator,0,89,15
658,1435,1435,a,identifier,0,89,16
659,1436,1436,",",operator,0,89,17
660,1437,1437,&,operator,0,89,18
661,1438,1438,b,identifier,0,89,19
662,1439,1439,),operator,0,89,20
663,1440,1440,;,operator,0,89,21
664,1444,1447,flag,identifier,0,90,2
665,1448,1448,[,operator,0,90,6
666,1449,1449,a,identifier,0,90,7
667,1450,1450,],operator,0,90,8
668,1451,1451,=,operator,0,90,9
669,1452,1452,1,integer,0,90,10
670,1453,1453,;,operator,0,90,11
671,1457,1458,id,identifier,0,91,2
672,1459,1459,[,operator,0,91,4
673,1460,1460,a,identifier,0,91,5
674,1461,1461,],operator,0,91,6
675,1462,1462,=,operator,0,91,7
676,1463,1463,b,identifier,0,91,8
677,1464,1464,;,operator,0,91,9
678,1468,1469,_l,identifier,0,92,2
679,1470,1470,[,operator,0,92,4
680,1471,1471,a,identifier,0,92,5
681,1472,1472,],operator,0,92,6
682,1473,1473,=,operator,0,92,7
683,1474,1475,_r,identifier,0,92,8
684,1476,1476,[,operator,0,92,10
685,1477,1477,a,identifier,0,92,11
686,1478,1478,],operator,0,92,12
687,1479,1479,=,operator,0,92,13
688,1480,1480,b,identifier,0,92,14
689,1481,1481,;,operator,0,92,15
690,1484,1484,},operator,0,93,1
691,1487,1490,dfs1,identifier,0,94,1
692,1491,1491,(,operator,0,94,5
693,1492,1492,1,integer,0,94,6
694,1493,1493,",",operator,0,94,7
695,1494,1494,-,operator,0,94,8
696,1495,1495,1,integer,0,94,9
697,1496,1496,),operator,0,94,10
698,1497,1497,;,operator,0,94,11
699,1500,1501,if,keyword,0,95,1
700,1502,1502,(,operator,0,95,3
701,1503,1505,boo,identifier,0,95,4
702,1506,1507,==,operator,0,95,7
703,1508,1508,0,integer,0,95,9
704,1509,1509,),operator,0,95,10
705,1512,1512,{,operator,0,96,1
706,1516,1521,printf,identifier,0,97,2
707,1522,1522,(,operator,0,97,8
708,1523,1528,"""No\n""",string,0,97,9
709,1529,1529,),operator,0,97,15
710,1530,1530,;,operator,0,97,16
711,1534,1539,return,keyword,0,98,2
712,1541,1541,0,integer,0,98,9
713,1542,1542,;,operator,0,98,10
714,1545,1545,},operator,0,99,1
715,1548,1553,printf,identifier,0,100,1
716,1554,1554,(,operator,0,100,7
717,1555,1561,"""Yes\n""",string,0,100,8
718,1562,1562,),operator,0,100,15
719,1563,1563,;,operator,0,100,16
720,1566,1569,dfs2,identifier,0,101,1
721,1570,1570,(,operator,0,101,5
722,1571,1571,1,integer,0,101,6
723,1572,1572,",",operator,0,101,7
724,1573,1573,-,operator,0,101,8
725,1574,1574,1,integer,0,101,9
726,1575,1575,",",operator,0,101,10
727,1576,1577,_l,identifier,0,101,11
728,1578,1578,[,operator,0,101,13
729,1579,1579,1,integer,0,101,14
730,1580,1580,],operator,0,101,15
731,1581,1581,",",operator,0,101,16
732,1582,1583,_r,identifier,0,101,17
733,1584,1584,[,operator,0,101,19
734,1585,1585,1,integer,0,101,20
735,1586,1586,],operator,0,101,21
736,1587,1587,),operator,0,101,22
737,1588,1588,;,operator,0,101,23
738,1591,1593,for,keyword,0,102,1
739,1594,1594,(,operator,0,102,4
740,1595,1597,int,keyword,0,102,5
741,1599,1599,i,identifier,0,102,9
742,1600,1600,=,operator,0,102,10
743,1601,1601,1,integer,0,102,11
744,1602,1602,;,operator,0,102,12
745,1603,1603,i,identifier,0,102,13
746,1604,1605,<=,operator,0,102,14
747,1606,1606,n,identifier,0,102,16
748,1607,1607,;,operator,0,102,17
749,1608,1608,i,identifier,0,102,18
750,1609,1610,++,operator,0,102,19
751,1611,1611,),operator,0,102,21
752,1615,1620,printf,identifier,0,103,2
753,1621,1621,(,operator,0,103,8
754,1622,1627,"""%d\n""",string,0,103,9
755,1628,1628,",",operator,0,103,15
756,1629,1630,id,identifier,0,103,16
757,1631,1631,[,operator,0,103,18
758,1632,1632,i,identifier,0,103,19
759,1633,1633,],operator,0,103,20
760,1634,1634,),operator,0,103,21
761,1635,1635,;,operator,0,103,22
762,1638,1643,return,keyword,0,104,1
763,1645,1645,0,integer,0,104,8
764,1646,1646,;,operator,0,104,9
765,1648,1648,},operator,0,105,0
766,1649,1648,<EOF>,eof,0,105,1
