seqnr,start,stop,text,class,channel,line,column
0,0,16,"#include <string>",directive,1,1,0
1,18,34,"#include <vector>",directive,1,2,0
2,36,53,"#include <sstream>",directive,1,3,0
3,55,73,"#include <iostream>",directive,1,4,0
4,75,94,"#include <algorithm>",directive,1,5,0
5,96,109,"#include <map>",directive,1,6,0
6,111,125,"#include <list>",directive,1,7,0
7,127,140,"#include <set>",directive,1,8,0
8,142,159,"#include <numeric>",directive,1,9,0
9,161,176,"#include <queue>",directive,1,10,0
10,178,193,"#include <stack>",directive,1,11,0
11,195,211,"#include <cstdio>",directive,1,12,0
12,213,228,"#include <cmath>",directive,1,13,0
13,230,247,"#include <cstdlib>",directive,1,14,0
14,249,265,"#include <cctype>",directive,1,15,0
15,267,284,"#include <cstring>",directive,1,16,0
16,286,303,"#include <climits>",directive,1,17,0
17,305,321,"#include <cfloat>",directive,1,18,0
18,323,338,"#include <ctime>",directive,1,19,0
19,340,357,"#include <complex>",directive,1,20,0
20,359,376,"#include <cassert>",directive,1,21,0
21,378,393,"#include <array>",directive,1,22,0
22,395,412,"#include <bitset> ",directive,1,23,0
23,414,437,"#include <unordered_map>",directive,1,24,0
24,439,455,"#include <random>",directive,1,25,0
25,458,462,using,keyword,0,27,0
26,464,472,namespace,keyword,0,27,6
27,474,476,std,identifier,0,27,16
28,477,477,;,operator,0,27,19
29,479,485,typedef,keyword,0,28,0
30,487,490,long,keyword,0,28,8
31,492,495,long,keyword,0,28,13
32,497,498,LL,identifier,0,28,18
33,499,499,;,operator,0,28,20
34,501,507,typedef,keyword,0,29,0
35,509,512,pair,identifier,0,29,8
36,513,513,<,operator,0,29,12
37,514,516,int,keyword,0,29,13
38,517,517,",",operator,0,29,16
39,518,520,int,keyword,0,29,17
40,521,521,>,operator,0,29,20
41,523,523,P,identifier,0,29,22
42,524,524,;,operator,0,29,23
43,527,531,const,keyword,0,31,0
44,533,535,int,keyword,0,31,6
45,537,537,L,identifier,0,31,10
46,538,538,=,operator,0,31,11
47,539,541,1e5,floating,0,31,12
48,542,542,+,operator,0,31,15
49,543,543,1,integer,0,31,16
50,544,544,;,operator,0,31,17
51,546,548,int,keyword,0,32,0
52,550,550,N,identifier,0,32,4
53,551,551,;,operator,0,32,5
54,553,558,vector,identifier,0,33,0
55,559,559,<,operator,0,33,6
56,560,562,int,keyword,0,33,7
57,563,563,>,operator,0,33,10
58,565,566,ed,identifier,0,33,12
59,567,567,[,operator,0,33,14
60,568,568,L,identifier,0,33,15
61,569,569,],operator,0,33,16
62,570,570,;,operator,0,33,17
63,572,574,int,keyword,0,34,0
64,576,577,es,identifier,0,34,4
65,578,578,[,operator,0,34,6
66,579,579,L,identifier,0,34,7
67,580,580,],operator,0,34,8
68,581,581,;,operator,0,34,9
69,583,585,int,keyword,0,35,0
70,587,588,ls,identifier,0,35,4
71,589,589,[,operator,0,35,6
72,590,590,L,identifier,0,35,7
73,591,591,],operator,0,35,8
74,592,592,;,operator,0,35,9
75,594,596,int,keyword,0,36,0
76,598,599,hs,identifier,0,36,4
77,600,600,[,operator,0,36,6
78,601,601,L,identifier,0,36,7
79,602,602,],operator,0,36,8
80,603,603,;,operator,0,36,9
81,605,607,int,keyword,0,37,0
82,609,610,vs,identifier,0,37,4
83,611,611,[,operator,0,37,6
84,612,612,L,identifier,0,37,7
85,613,613,],operator,0,37,8
86,614,614,;,operator,0,37,9
87,616,620,"#if 0",directive,1,38,0
88,622,625,bool,keyword,0,39,0
89,627,627,f,identifier,0,39,5
90,628,628,(,operator,0,39,6
91,629,631,int,keyword,0,39,7
92,633,633,i,identifier,0,39,11
93,634,634,",",operator,0,39,12
94,636,638,int,keyword,0,39,14
95,640,640,p,identifier,0,39,18
96,641,641,",",operator,0,39,19
97,643,645,int,keyword,0,39,21
98,647,647,l,identifier,0,39,25
99,648,648,",",operator,0,39,26
100,649,651,int,keyword,0,39,27
101,653,653,h,identifier,0,39,31
102,654,654,",",operator,0,39,32
103,655,657,int,keyword,0,39,33
104,659,659,e,identifier,0,39,37
105,660,660,),operator,0,39,38
106,661,661,{,operator,0,39,39
107,664,665,if,keyword,0,40,1
108,666,666,(,operator,0,40,3
109,667,668,vs,identifier,0,40,4
110,669,669,[,operator,0,40,6
111,670,670,i,identifier,0,40,7
112,671,671,],operator,0,40,8
113,672,673,"!=",operator,0,40,9
114,674,674,-,operator,0,40,11
115,675,675,1,integer,0,40,12
116,676,676,),operator,0,40,13
117,677,677,{,operator,0,40,14
118,681,681,l,identifier,0,41,2
119,682,682,=,operator,0,41,3
120,683,685,max,identifier,0,41,4
121,686,686,(,operator,0,41,7
122,687,687,l,identifier,0,41,8
123,688,688,",",operator,0,41,9
124,689,690,vs,identifier,0,41,10
125,691,691,[,operator,0,41,12
126,692,692,i,identifier,0,41,13
127,693,693,],operator,0,41,14
128,694,694,),operator,0,41,15
129,695,695,;,operator,0,41,16
130,699,699,h,identifier,0,42,2
131,700,700,=,operator,0,42,3
132,701,703,min,identifier,0,42,4
133,704,704,(,operator,0,42,7
134,705,705,h,identifier,0,42,8
135,706,706,",",operator,0,42,9
136,707,708,vs,identifier,0,42,10
137,709,709,[,operator,0,42,12
138,710,710,i,identifier,0,42,13
139,711,711,],operator,0,42,14
140,712,712,),operator,0,42,15
141,713,713,;,operator,0,42,16
142,717,718,if,keyword,0,43,2
143,719,719,(,operator,0,43,4
144,720,721,vs,identifier,0,43,5
145,722,722,[,operator,0,43,7
146,723,723,i,identifier,0,43,8
147,724,724,],operator,0,43,9
148,725,725,%,operator,0,43,10
149,726,726,2,integer,0,43,11
150,727,727,),operator,0,43,12
151,728,728,{,operator,0,43,13
152,733,734,vs,identifier,0,44,3
153,735,735,[,operator,0,44,5
154,736,736,i,identifier,0,44,6
155,737,737,],operator,0,44,7
156,738,739,|=,operator,0,44,8
157,740,740,1,integer,0,44,10
158,741,741,;,operator,0,44,11
159,745,745,},operator,0,45,2
160,749,752,else,keyword,0,46,2
161,753,753,{,operator,0,46,6
162,758,759,vs,identifier,0,47,3
163,760,760,[,operator,0,47,5
164,761,761,i,identifier,0,47,6
165,762,762,],operator,0,47,7
166,763,764,|=,operator,0,47,8
167,765,765,2,integer,0,47,10
168,766,766,;,operator,0,47,11
169,770,770,},operator,0,48,2
170,773,773,},operator,0,49,1
171,776,778,for,keyword,0,50,1
172,779,779,(,operator,0,50,4
173,780,782,int,keyword,0,50,5
174,784,784,c,identifier,0,50,9
175,785,785,:,operator,0,50,10
176,786,787,ed,identifier,0,50,11
177,788,788,[,operator,0,50,13
178,789,789,i,identifier,0,50,14
179,790,790,],operator,0,50,15
180,791,791,),operator,0,50,16
181,792,792,{,operator,0,50,17
182,796,797,if,keyword,0,51,2
183,798,798,(,operator,0,51,4
184,799,799,c,identifier,0,51,5
185,800,801,"!=",operator,0,51,6
186,802,802,p,identifier,0,51,8
187,803,803,),operator,0,51,9
188,804,804,{,operator,0,51,10
189,809,810,if,keyword,0,52,3
190,811,811,(,operator,0,52,5
191,812,812,h,identifier,0,52,6
192,813,813,<,operator,0,52,7
193,814,814,l,identifier,0,52,8
194,815,816,||,operator,0,52,9
195,817,817,e,identifier,0,52,11
196,818,819,==,operator,0,52,12
197,820,820,3,integer,0,52,14
198,821,821,),operator,0,52,15
199,822,822,{,operator,0,52,16
200,828,833,return,keyword,0,53,4
201,835,839,false,keyword,0,53,11
202,840,840,;,operator,0,53,16
203,845,845,},operator,0,54,3
204,850,851,if,keyword,0,55,3
205,852,852,(,operator,0,55,5
206,853,853,"!",operator,0,55,6
207,854,854,f,identifier,0,55,7
208,855,855,(,operator,0,55,8
209,856,856,c,identifier,0,55,9
210,857,857,",",operator,0,55,10
211,858,858,i,identifier,0,55,11
212,859,859,",",operator,0,55,12
213,860,860,l,identifier,0,55,13
214,861,861,-,operator,0,55,14
215,862,862,1,integer,0,55,15
216,863,863,",",operator,0,55,16
217,864,864,h,identifier,0,55,17
218,865,865,+,operator,0,55,18
219,866,866,1,integer,0,55,19
220,867,867,",",operator,0,55,20
221,868,868,e,identifier,0,55,21
222,869,869,*,operator,0,55,22
223,870,870,2,integer,0,55,23
224,871,871,+,operator,0,55,24
225,872,872,e,identifier,0,55,25
226,873,873,/,operator,0,55,26
227,874,874,2,integer,0,55,27
228,875,875,),operator,0,55,28
229,876,876,),operator,0,55,29
230,877,877,{,operator,0,55,30
231,883,888,return,keyword,0,56,4
232,890,894,false,keyword,0,56,11
233,895,895,;,operator,0,56,16
234,900,900,},operator,0,57,3
235,905,905,l,identifier,0,58,3
236,906,906,=,operator,0,58,4
237,907,909,max,identifier,0,58,5
238,910,910,(,operator,0,58,8
239,911,911,l,identifier,0,58,9
240,912,912,",",operator,0,58,10
241,913,914,ls,identifier,0,58,11
242,915,915,[,operator,0,58,13
243,916,916,c,identifier,0,58,14
244,917,917,],operator,0,58,15
245,918,918,-,operator,0,58,16
246,919,919,1,integer,0,58,17
247,920,920,),operator,0,58,18
248,921,921,;,operator,0,58,19
249,926,926,h,identifier,0,59,3
250,927,927,=,operator,0,59,4
251,928,930,min,identifier,0,59,5
252,931,931,(,operator,0,59,8
253,932,932,h,identifier,0,59,9
254,933,933,",",operator,0,59,10
255,934,935,hs,identifier,0,59,11
256,936,936,[,operator,0,59,13
257,937,937,c,identifier,0,59,14
258,938,938,],operator,0,59,15
259,939,939,+,operator,0,59,16
260,940,940,1,integer,0,59,17
261,941,941,),operator,0,59,18
262,942,942,;,operator,0,59,19
263,947,948,if,keyword,0,60,3
264,949,949,(,operator,0,60,5
265,950,951,es,identifier,0,60,6
266,952,952,[,operator,0,60,8
267,953,953,c,identifier,0,60,9
268,954,954,],operator,0,60,10
269,955,956,==,operator,0,60,11
270,957,957,1,integer,0,60,13
271,958,958,),operator,0,60,14
272,959,959,{,operator,0,60,15
273,965,965,e,identifier,0,61,4
274,966,967,|=,operator,0,61,5
275,968,968,2,integer,0,61,7
276,969,969,;,operator,0,61,8
277,974,974,},operator,0,62,3
278,979,982,else,keyword,0,63,3
279,984,985,if,keyword,0,63,8
280,986,986,(,operator,0,63,10
281,987,988,es,identifier,0,63,11
282,989,989,[,operator,0,63,13
283,990,990,c,identifier,0,63,14
284,991,991,],operator,0,63,15
285,992,993,==,operator,0,63,16
286,994,994,2,integer,0,63,18
287,995,995,),operator,0,63,19
288,996,996,{,operator,0,63,20
289,1002,1002,e,identifier,0,64,4
290,1003,1004,|=,operator,0,64,5
291,1005,1005,1,integer,0,64,7
292,1006,1006,;,operator,0,64,8
293,1011,1011,},operator,0,65,3
294,1015,1015,},operator,0,66,2
295,1018,1018,},operator,0,67,1
296,1021,1022,if,keyword,0,68,1
297,1023,1023,(,operator,0,68,3
298,1024,1024,e,identifier,0,68,4
299,1025,1026,==,operator,0,68,5
300,1027,1027,1,integer,0,68,7
301,1028,1028,),operator,0,68,8
302,1029,1029,{,operator,0,68,9
303,1033,1034,if,keyword,0,69,2
304,1035,1035,(,operator,0,69,4
305,1036,1036,l,identifier,0,69,5
306,1037,1037,%,operator,0,69,6
307,1038,1038,2,integer,0,69,7
308,1039,1040,==,operator,0,69,8
309,1041,1041,0,integer,0,69,10
310,1042,1042,),operator,0,69,11
311,1043,1043,{,operator,0,69,12
312,1048,1048,l,identifier,0,70,3
313,1049,1050,++,operator,0,70,4
314,1051,1051,;,operator,0,70,6
315,1055,1055,},operator,0,71,2
316,1059,1060,if,keyword,0,72,2
317,1061,1061,(,operator,0,72,4
318,1062,1062,h,identifier,0,72,5
319,1063,1063,%,operator,0,72,6
320,1064,1064,2,integer,0,72,7
321,1065,1066,==,operator,0,72,8
322,1067,1067,0,integer,0,72,10
323,1068,1068,),operator,0,72,11
324,1069,1069,{,operator,0,72,12
325,1074,1074,h,identifier,0,73,3
326,1075,1076,--,operator,0,73,4
327,1077,1077,;,operator,0,73,6
328,1081,1081,},operator,0,74,2
329,1084,1084,},operator,0,75,1
330,1087,1090,else,keyword,0,76,1
331,1092,1093,if,keyword,0,76,6
332,1094,1094,(,operator,0,76,8
333,1095,1095,e,identifier,0,76,9
334,1096,1097,==,operator,0,76,10
335,1098,1098,2,integer,0,76,12
336,1099,1099,),operator,0,76,13
337,1100,1100,{,operator,0,76,14
338,1104,1105,if,keyword,0,77,2
339,1106,1106,(,operator,0,77,4
340,1107,1107,l,identifier,0,77,5
341,1108,1108,%,operator,0,77,6
342,1109,1109,2,integer,0,77,7
343,1110,1110,),operator,0,77,8
344,1111,1111,{,operator,0,77,9
345,1116,1116,l,identifier,0,78,3
346,1117,1118,++,operator,0,78,4
347,1119,1119,;,operator,0,78,6
348,1123,1123,},operator,0,79,2
349,1127,1128,if,keyword,0,80,2
350,1129,1129,(,operator,0,80,4
351,1130,1130,h,identifier,0,80,5
352,1131,1131,%,operator,0,80,6
353,1132,1132,2,integer,0,80,7
354,1133,1133,),operator,0,80,8
355,1134,1134,{,operator,0,80,9
356,1139,1139,h,identifier,0,81,3
357,1140,1141,--,operator,0,81,4
358,1142,1142,;,operator,0,81,6
359,1146,1146,},operator,0,82,2
360,1149,1149,},operator,0,83,1
361,1152,1153,if,keyword,0,84,1
362,1154,1154,(,operator,0,84,3
363,1155,1155,h,identifier,0,84,4
364,1156,1156,<,operator,0,84,5
365,1157,1157,l,identifier,0,84,6
366,1158,1159,||,operator,0,84,7
367,1160,1160,e,identifier,0,84,9
368,1161,1162,==,operator,0,84,10
369,1163,1163,3,integer,0,84,12
370,1164,1164,),operator,0,84,13
371,1165,1165,{,operator,0,84,14
372,1169,1174,return,keyword,0,85,2
373,1176,1180,false,keyword,0,85,9
374,1181,1181,;,operator,0,85,14
375,1184,1184,},operator,0,86,1
376,1187,1188,es,identifier,0,87,1
377,1189,1189,[,operator,0,87,3
378,1190,1190,i,identifier,0,87,4
379,1191,1191,],operator,0,87,5
380,1192,1192,=,operator,0,87,6
381,1193,1193,e,identifier,0,87,7
382,1194,1194,;,operator,0,87,8
383,1197,1198,ls,identifier,0,88,1
384,1199,1199,[,operator,0,88,3
385,1200,1200,i,identifier,0,88,4
386,1201,1201,],operator,0,88,5
387,1202,1202,=,operator,0,88,6
388,1203,1203,l,identifier,0,88,7
389,1204,1204,;,operator,0,88,8
390,1207,1208,hs,identifier,0,89,1
391,1209,1209,[,operator,0,89,3
392,1210,1210,i,identifier,0,89,4
393,1211,1211,],operator,0,89,5
394,1212,1212,=,operator,0,89,6
395,1213,1213,h,identifier,0,89,7
396,1214,1214,;,operator,0,89,8
397,1217,1222,return,keyword,0,90,1
398,1224,1227,true,keyword,0,90,8
399,1228,1228,;,operator,0,90,12
400,1230,1230,},operator,0,91,0
401,1232,1236,"#else",directive,1,92,0
402,1238,1241,bool,keyword,0,93,0
403,1243,1243,f,identifier,0,93,5
404,1244,1244,(,operator,0,93,6
405,1245,1247,int,keyword,0,93,7
406,1249,1249,i,identifier,0,93,11
407,1250,1250,",",operator,0,93,12
408,1251,1253,int,keyword,0,93,13
409,1255,1255,p,identifier,0,93,17
410,1256,1256,),operator,0,93,18
411,1257,1257,{,operator,0,93,19
412,1260,1262,int,keyword,0,94,1
413,1264,1264,e,identifier,0,94,5
414,1265,1265,=,operator,0,94,6
415,1266,1266,0,integer,0,94,7
416,1267,1267,;,operator,0,94,8
417,1270,1272,int,keyword,0,95,1
418,1274,1274,l,identifier,0,95,5
419,1275,1275,=,operator,0,95,6
420,1276,1276,-,operator,0,95,7
421,1277,1279,1e8,floating,0,95,8
422,1280,1280,;,operator,0,95,11
423,1283,1285,int,keyword,0,96,1
424,1287,1287,h,identifier,0,96,5
425,1288,1288,=,operator,0,96,6
426,1289,1291,1e8,floating,0,96,7
427,1292,1292,;,operator,0,96,10
428,1295,1297,for,keyword,0,97,1
429,1298,1298,(,operator,0,97,4
430,1299,1301,int,keyword,0,97,5
431,1303,1303,c,identifier,0,97,9
432,1304,1304,:,operator,0,97,10
433,1305,1306,ed,identifier,0,97,11
434,1307,1307,[,operator,0,97,13
435,1308,1308,i,identifier,0,97,14
436,1309,1309,],operator,0,97,15
437,1310,1310,),operator,0,97,16
438,1311,1311,{,operator,0,97,17
439,1315,1316,if,keyword,0,98,2
440,1317,1317,(,operator,0,98,4
441,1318,1318,c,identifier,0,98,5
442,1319,1320,==,operator,0,98,6
443,1321,1321,p,identifier,0,98,8
444,1322,1322,),operator,0,98,9
445,1323,1330,continue,keyword,0,98,10
446,1331,1331,;,operator,0,98,18
447,1335,1336,if,keyword,0,99,2
448,1337,1337,(,operator,0,99,4
449,1338,1338,"!",operator,0,99,5
450,1339,1339,f,identifier,0,99,6
451,1340,1340,(,operator,0,99,7
452,1341,1341,c,identifier,0,99,8
453,1342,1342,",",operator,0,99,9
454,1343,1343,i,identifier,0,99,10
455,1344,1344,),operator,0,99,11
456,1345,1345,),operator,0,99,12
457,1346,1346,{,operator,0,99,13
458,1351,1356,return,keyword,0,100,3
459,1358,1362,false,keyword,0,100,10
460,1363,1363,;,operator,0,100,15
461,1367,1367,},operator,0,101,2
462,1371,1372,if,keyword,0,102,2
463,1373,1373,(,operator,0,102,4
464,1374,1375,es,identifier,0,102,5
465,1376,1376,[,operator,0,102,7
466,1377,1377,c,identifier,0,102,8
467,1378,1378,],operator,0,102,9
468,1379,1380,==,operator,0,102,10
469,1381,1381,0,integer,0,102,12
470,1382,1382,),operator,0,102,13
471,1383,1383,{,operator,0,102,14
472,1388,1395,continue,keyword,0,103,3
473,1396,1396,;,operator,0,103,11
474,1400,1400,},operator,0,104,2
475,1404,1405,if,keyword,0,105,2
476,1406,1406,(,operator,0,105,4
477,1407,1408,es,identifier,0,105,5
478,1409,1409,[,operator,0,105,7
479,1410,1410,c,identifier,0,105,8
480,1411,1411,],operator,0,105,9
481,1412,1413,==,operator,0,105,10
482,1414,1414,1,integer,0,105,12
483,1415,1415,),operator,0,105,13
484,1416,1416,{,operator,0,105,14
485,1421,1421,e,identifier,0,106,3
486,1422,1423,|=,operator,0,106,4
487,1424,1424,2,integer,0,106,6
488,1425,1425,;,operator,0,106,7
489,1429,1429,},operator,0,107,2
490,1433,1436,else,keyword,0,108,2
491,1440,1440,{,operator,0,109,2
492,1445,1445,e,identifier,0,110,3
493,1446,1447,|=,operator,0,110,4
494,1448,1448,1,integer,0,110,6
495,1449,1449,;,operator,0,110,7
496,1453,1453,},operator,0,111,2
497,1457,1457,l,identifier,0,112,2
498,1458,1458,=,operator,0,112,3
499,1459,1461,max,identifier,0,112,4
500,1462,1462,(,operator,0,112,7
501,1463,1463,l,identifier,0,112,8
502,1464,1464,",",operator,0,112,9
503,1465,1466,ls,identifier,0,112,10
504,1467,1467,[,operator,0,112,12
505,1468,1468,c,identifier,0,112,13
506,1469,1469,],operator,0,112,14
507,1470,1470,-,operator,0,112,15
508,1471,1471,1,integer,0,112,16
509,1472,1472,),operator,0,112,17
510,1473,1473,;,operator,0,112,18
511,1477,1477,h,identifier,0,113,2
512,1478,1478,=,operator,0,113,3
513,1479,1481,min,identifier,0,113,4
514,1482,1482,(,operator,0,113,7
515,1483,1483,h,identifier,0,113,8
516,1484,1484,",",operator,0,113,9
517,1485,1486,hs,identifier,0,113,10
518,1487,1487,[,operator,0,113,12
519,1488,1488,c,identifier,0,113,13
520,1489,1489,],operator,0,113,14
521,1490,1490,+,operator,0,113,15
522,1491,1491,1,integer,0,113,16
523,1492,1492,),operator,0,113,17
524,1493,1493,;,operator,0,113,18
525,1496,1496,},operator,0,114,1
526,1499,1500,if,keyword,0,115,1
527,1501,1501,(,operator,0,115,3
528,1502,1503,vs,identifier,0,115,4
529,1504,1504,[,operator,0,115,6
530,1505,1505,i,identifier,0,115,7
531,1506,1506,],operator,0,115,8
532,1507,1508,"!=",operator,0,115,9
533,1509,1509,-,operator,0,115,11
534,1510,1510,1,integer,0,115,12
535,1511,1511,),operator,0,115,13
536,1512,1512,{,operator,0,115,14
537,1516,1516,l,identifier,0,116,2
538,1517,1517,=,operator,0,116,3
539,1518,1520,max,identifier,0,116,4
540,1521,1521,(,operator,0,116,7
541,1522,1522,l,identifier,0,116,8
542,1523,1523,",",operator,0,116,9
543,1524,1525,vs,identifier,0,116,10
544,1526,1526,[,operator,0,116,12
545,1527,1527,i,identifier,0,116,13
546,1528,1528,],operator,0,116,14
547,1529,1529,),operator,0,116,15
548,1530,1530,;,operator,0,116,16
549,1534,1534,h,identifier,0,117,2
550,1535,1535,=,operator,0,117,3
551,1536,1538,min,identifier,0,117,4
552,1539,1539,(,operator,0,117,7
553,1540,1540,l,identifier,0,117,8
554,1541,1541,",",operator,0,117,9
555,1542,1543,vs,identifier,0,117,10
556,1544,1544,[,operator,0,117,12
557,1545,1545,i,identifier,0,117,13
558,1546,1546,],operator,0,117,14
559,1547,1547,),operator,0,117,15
560,1548,1548,;,operator,0,117,16
561,1552,1553,if,keyword,0,118,2
562,1554,1554,(,operator,0,118,4
563,1555,1556,vs,identifier,0,118,5
564,1557,1557,[,operator,0,118,7
565,1558,1558,i,identifier,0,118,8
566,1559,1559,],operator,0,118,9
567,1560,1560,%,operator,0,118,10
568,1561,1561,2,integer,0,118,11
569,1562,1563,==,operator,0,118,12
570,1564,1564,0,integer,0,118,14
571,1565,1565,),operator,0,118,15
572,1566,1566,{,operator,0,118,16
573,1571,1571,e,identifier,0,119,3
574,1572,1573,|=,operator,0,119,4
575,1574,1574,2,integer,0,119,6
576,1575,1575,;,operator,0,119,7
577,1579,1579,},operator,0,120,2
578,1583,1586,else,keyword,0,121,2
579,1587,1587,{,operator,0,121,6
580,1592,1592,e,identifier,0,122,3
581,1593,1594,|=,operator,0,122,4
582,1595,1595,1,integer,0,122,6
583,1596,1596,;,operator,0,122,7
584,1600,1600,},operator,0,123,2
585,1603,1603,},operator,0,124,1
586,1606,1607,if,keyword,0,125,1
587,1608,1608,(,operator,0,125,3
588,1609,1609,h,identifier,0,125,4
589,1610,1610,<,operator,0,125,5
590,1611,1611,l,identifier,0,125,6
591,1612,1613,||,operator,0,125,7
592,1614,1614,e,identifier,0,125,9
593,1615,1616,==,operator,0,125,10
594,1617,1617,3,integer,0,125,12
595,1618,1618,),operator,0,125,13
596,1619,1619,{,operator,0,125,14
597,1623,1628,return,keyword,0,126,2
598,1630,1634,false,keyword,0,126,9
599,1635,1635,;,operator,0,126,14
600,1638,1638,},operator,0,127,1
601,1641,1642,if,keyword,0,128,1
602,1643,1643,(,operator,0,128,3
603,1644,1644,i,identifier,0,128,4
604,1645,1646,==,operator,0,128,5
605,1647,1647,3,integer,0,128,7
606,1648,1648,),operator,0,128,8
607,1651,1651,{,operator,0,129,1
608,1655,1658,cerr,identifier,0,130,2
609,1660,1660,<,operator,0,130,7
610,1661,1661,<,operator,0,130,8
611,1663,1663,l,identifier,0,130,10
612,1665,1665,<,operator,0,130,12
613,1666,1666,<,operator,0,130,13
614,1668,1671,""", """,string,0,130,15
615,1673,1673,<,operator,0,130,20
616,1674,1674,<,operator,0,130,21
617,1676,1676,h,identifier,0,130,23
618,1678,1678,<,operator,0,130,25
619,1679,1679,<,operator,0,130,26
620,1681,1684,endl,identifier,0,130,28
621,1685,1685,;,operator,0,130,32
622,1688,1688,},operator,0,131,1
623,1691,1692,es,identifier,0,132,1
624,1693,1693,[,operator,0,132,3
625,1694,1694,i,identifier,0,132,4
626,1695,1695,],operator,0,132,5
627,1696,1696,=,operator,0,132,6
628,1697,1697,e,identifier,0,132,7
629,1698,1698,;,operator,0,132,8
630,1701,1702,ls,identifier,0,133,1
631,1703,1703,[,operator,0,133,3
632,1704,1704,i,identifier,0,133,4
633,1705,1705,],operator,0,133,5
634,1706,1706,=,operator,0,133,6
635,1707,1707,l,identifier,0,133,7
636,1708,1708,;,operator,0,133,8
637,1711,1712,hs,identifier,0,134,1
638,1713,1713,[,operator,0,134,3
639,1714,1714,i,identifier,0,134,4
640,1715,1715,],operator,0,134,5
641,1716,1716,=,operator,0,134,6
642,1717,1717,h,identifier,0,134,7
643,1718,1718,;,operator,0,134,8
644,1721,1726,return,keyword,0,135,1
645,1728,1731,true,keyword,0,135,8
646,1732,1732,;,operator,0,135,12
647,1734,1734,},operator,0,136,0
648,1736,1741,"#endif",directive,1,137,0
649,1743,1746,void,keyword,0,138,0
650,1748,1748,g,identifier,0,138,5
651,1749,1749,(,operator,0,138,6
652,1750,1752,int,keyword,0,138,7
653,1754,1754,i,identifier,0,138,11
654,1755,1755,",",operator,0,138,12
655,1756,1758,int,keyword,0,138,13
656,1760,1760,p,identifier,0,138,17
657,1761,1761,",",operator,0,138,18
658,1762,1764,int,keyword,0,138,19
659,1766,1766,v,identifier,0,138,23
660,1767,1767,),operator,0,138,24
661,1768,1768,{,operator,0,138,25
662,1771,1772,vs,identifier,0,139,1
663,1773,1773,[,operator,0,139,3
664,1774,1774,i,identifier,0,139,4
665,1775,1775,],operator,0,139,5
666,1776,1776,=,operator,0,139,6
667,1777,1777,v,identifier,0,139,7
668,1778,1778,;,operator,0,139,8
669,1781,1783,for,keyword,0,140,1
670,1784,1784,(,operator,0,140,4
671,1785,1787,int,keyword,0,140,5
672,1789,1789,c,identifier,0,140,9
673,1790,1790,:,operator,0,140,10
674,1791,1792,ed,identifier,0,140,11
675,1793,1793,[,operator,0,140,13
676,1794,1794,i,identifier,0,140,14
677,1795,1795,],operator,0,140,15
678,1796,1796,),operator,0,140,16
679,1797,1797,{,operator,0,140,17
680,1801,1802,if,keyword,0,141,2
681,1803,1803,(,operator,0,141,4
682,1804,1804,c,identifier,0,141,5
683,1805,1806,==,operator,0,141,6
684,1807,1807,p,identifier,0,141,8
685,1808,1808,),operator,0,141,9
686,1809,1816,continue,keyword,0,141,10
687,1817,1817,;,operator,0,141,18
688,1821,1822,if,keyword,0,142,2
689,1823,1823,(,operator,0,142,4
690,1824,1825,vs,identifier,0,142,5
691,1826,1826,[,operator,0,142,7
692,1827,1827,c,identifier,0,142,8
693,1828,1828,],operator,0,142,9
694,1829,1830,"!=",operator,0,142,10
695,1831,1831,-,operator,0,142,12
696,1832,1832,1,integer,0,142,13
697,1833,1833,),operator,0,142,14
698,1834,1834,{,operator,0,142,15
699,1839,1839,g,identifier,0,143,3
700,1840,1840,(,operator,0,143,4
701,1841,1841,c,identifier,0,143,5
702,1842,1842,",",operator,0,143,6
703,1843,1843,i,identifier,0,143,7
704,1844,1844,",",operator,0,143,8
705,1845,1846,vs,identifier,0,143,9
706,1847,1847,[,operator,0,143,11
707,1848,1848,c,identifier,0,143,12
708,1849,1849,],operator,0,143,13
709,1850,1850,),operator,0,143,14
710,1851,1851,;,operator,0,143,15
711,1855,1855,},operator,0,144,2
712,1859,1862,else,keyword,0,145,2
713,1864,1865,if,keyword,0,145,7
714,1866,1866,(,operator,0,145,9
715,1867,1868,ls,identifier,0,145,10
716,1869,1869,[,operator,0,145,12
717,1870,1870,c,identifier,0,145,13
718,1871,1871,],operator,0,145,14
719,1872,1873,<=,operator,0,145,15
720,1874,1874,v,identifier,0,145,17
721,1875,1875,-,operator,0,145,18
722,1876,1876,1,integer,0,145,19
723,1877,1877,),operator,0,145,20
724,1878,1878,{,operator,0,145,21
725,1883,1883,g,identifier,0,146,3
726,1884,1884,(,operator,0,146,4
727,1885,1885,c,identifier,0,146,5
728,1886,1886,",",operator,0,146,6
729,1887,1887,i,identifier,0,146,7
730,1888,1888,",",operator,0,146,8
731,1889,1889,v,identifier,0,146,9
732,1890,1890,-,operator,0,146,10
733,1891,1891,1,integer,0,146,11
734,1892,1892,),operator,0,146,12
735,1893,1893,;,operator,0,146,13
736,1897,1897,},operator,0,147,2
737,1901,1904,else,keyword,0,148,2
738,1905,1905,{,operator,0,148,6
739,1910,1910,g,identifier,0,149,3
740,1911,1911,(,operator,0,149,4
741,1912,1912,c,identifier,0,149,5
742,1913,1913,",",operator,0,149,6
743,1914,1914,i,identifier,0,149,7
744,1915,1915,",",operator,0,149,8
745,1916,1916,v,identifier,0,149,9
746,1917,1917,+,operator,0,149,10
747,1918,1918,1,integer,0,149,11
748,1919,1919,),operator,0,149,12
749,1920,1920,;,operator,0,149,13
750,1924,1924,},operator,0,150,2
751,1927,1927,},operator,0,151,1
752,1929,1929,},operator,0,152,0
753,1931,1933,int,keyword,0,153,0
754,1935,1938,main,identifier,0,153,4
755,1939,1939,(,operator,0,153,8
756,1940,1940,),operator,0,153,9
757,1942,1942,{,operator,0,153,11
758,1945,1947,cin,identifier,0,154,1
759,1949,1949,>,operator,0,154,5
760,1950,1950,>,operator,0,154,6
761,1952,1952,N,identifier,0,154,8
762,1953,1953,;,operator,0,154,9
763,1956,1958,for,keyword,0,155,1
764,1959,1959,(,operator,0,155,4
765,1960,1962,int,keyword,0,155,5
766,1964,1964,i,identifier,0,155,9
767,1965,1965,=,operator,0,155,10
768,1966,1966,0,integer,0,155,11
769,1967,1967,;,operator,0,155,12
770,1968,1968,i,identifier,0,155,13
771,1969,1969,<,operator,0,155,14
772,1970,1970,N,identifier,0,155,15
773,1971,1971,-,operator,0,155,16
774,1972,1972,1,integer,0,155,17
775,1973,1973,;,operator,0,155,18
776,1974,1974,i,identifier,0,155,19
777,1975,1976,++,operator,0,155,20
778,1977,1977,),operator,0,155,22
779,1978,1978,{,operator,0,155,23
780,1982,1984,int,keyword,0,156,2
781,1986,1986,a,identifier,0,156,6
782,1987,1987,",",operator,0,156,7
783,1988,1988,b,identifier,0,156,8
784,1989,1989,;,operator,0,156,9
785,1993,1995,cin,identifier,0,157,2
786,1997,1997,>,operator,0,157,6
787,1998,1998,>,operator,0,157,7
788,2000,2000,a,identifier,0,157,9
789,2002,2002,>,operator,0,157,11
790,2003,2003,>,operator,0,157,12
791,2005,2005,b,identifier,0,157,14
792,2006,2006,;,operator,0,157,15
793,2010,2011,ed,identifier,0,158,2
794,2012,2012,[,operator,0,158,4
795,2013,2013,a,identifier,0,158,5
796,2014,2014,],operator,0,158,6
797,2015,2015,.,operator,0,158,7
798,2016,2024,push_back,identifier,0,158,8
799,2025,2025,(,operator,0,158,17
800,2026,2026,b,identifier,0,158,18
801,2027,2027,),operator,0,158,19
802,2028,2028,;,operator,0,158,20
803,2032,2033,ed,identifier,0,159,2
804,2034,2034,[,operator,0,159,4
805,2035,2035,b,identifier,0,159,5
806,2036,2036,],operator,0,159,6
807,2037,2037,.,operator,0,159,7
808,2038,2046,push_back,identifier,0,159,8
809,2047,2047,(,operator,0,159,17
810,2048,2048,a,identifier,0,159,18
811,2049,2049,),operator,0,159,19
812,2050,2050,;,operator,0,159,20
813,2053,2053,},operator,0,160,1
814,2056,2058,for,keyword,0,161,1
815,2059,2059,(,operator,0,161,4
816,2060,2062,int,keyword,0,161,5
817,2064,2064,i,identifier,0,161,9
818,2065,2065,=,operator,0,161,10
819,2066,2066,1,integer,0,161,11
820,2067,2067,;,operator,0,161,12
821,2068,2068,i,identifier,0,161,13
822,2069,2070,<=,operator,0,161,14
823,2071,2071,N,identifier,0,161,16
824,2072,2072,;,operator,0,161,17
825,2073,2073,i,identifier,0,161,18
826,2074,2075,++,operator,0,161,19
827,2076,2076,),operator,0,161,21
828,2077,2077,{,operator,0,161,22
829,2081,2082,vs,identifier,0,162,2
830,2083,2083,[,operator,0,162,4
831,2084,2084,i,identifier,0,162,5
832,2085,2085,],operator,0,162,6
833,2086,2086,=,operator,0,162,7
834,2087,2087,-,operator,0,162,8
835,2088,2088,1,integer,0,162,9
836,2089,2089,;,operator,0,162,10
837,2092,2092,},operator,0,163,1
838,2095,2097,int,keyword,0,164,1
839,2099,2099,K,identifier,0,164,5
840,2100,2100,;,operator,0,164,6
841,2103,2105,cin,identifier,0,165,1
842,2107,2107,>,operator,0,165,5
843,2108,2108,>,operator,0,165,6
844,2110,2110,K,identifier,0,165,8
845,2111,2111,;,operator,0,165,9
846,2114,2116,for,keyword,0,166,1
847,2117,2117,(,operator,0,166,4
848,2118,2120,int,keyword,0,166,5
849,2122,2122,i,identifier,0,166,9
850,2123,2123,=,operator,0,166,10
851,2124,2124,0,integer,0,166,11
852,2125,2125,;,operator,0,166,12
853,2126,2126,i,identifier,0,166,13
854,2127,2127,<,operator,0,166,14
855,2128,2128,K,identifier,0,166,15
856,2129,2129,;,operator,0,166,16
857,2130,2130,i,identifier,0,166,17
858,2131,2132,++,operator,0,166,18
859,2133,2133,),operator,0,166,20
860,2134,2134,{,operator,0,166,21
861,2138,2140,int,keyword,0,167,2
862,2142,2142,v,identifier,0,167,6
863,2143,2143,",",operator,0,167,7
864,2144,2144,p,identifier,0,167,8
865,2145,2145,;,operator,0,167,9
866,2149,2151,cin,identifier,0,168,2
867,2153,2153,>,operator,0,168,6
868,2154,2154,>,operator,0,168,7
869,2156,2156,v,identifier,0,168,9
870,2158,2158,>,operator,0,168,11
871,2159,2159,>,operator,0,168,12
872,2161,2161,p,identifier,0,168,14
873,2162,2162,;,operator,0,168,15
874,2166,2167,vs,identifier,0,169,2
875,2168,2168,[,operator,0,169,4
876,2169,2169,v,identifier,0,169,5
877,2170,2170,],operator,0,169,6
878,2171,2171,=,operator,0,169,7
879,2172,2172,p,identifier,0,169,8
880,2173,2173,;,operator,0,169,9
881,2176,2176,},operator,0,170,1
882,2179,2180,if,keyword,0,171,1
883,2181,2181,(,operator,0,171,3
884,2182,2182,"!",operator,0,171,4
885,2183,2183,f,identifier,0,171,5
886,2184,2184,(,operator,0,171,6
887,2185,2185,1,integer,0,171,7
888,2186,2186,",",operator,0,171,8
889,2188,2188,0,integer,0,171,10
890,2189,2189,),operator,0,171,11
891,2190,2190,),operator,0,171,12
892,2191,2191,{,operator,0,171,13
893,2195,2198,cout,identifier,0,172,2
894,2200,2200,<,operator,0,172,7
895,2201,2201,<,operator,0,172,8
896,2203,2206,"""No""",string,0,172,10
897,2208,2208,<,operator,0,172,15
898,2209,2209,<,operator,0,172,16
899,2211,2214,endl,identifier,0,172,18
900,2215,2215,;,operator,0,172,22
901,2219,2224,return,keyword,0,173,2
902,2226,2226,0,integer,0,173,9
903,2227,2227,;,operator,0,173,10
904,2230,2230,},operator,0,174,1
905,2233,2236,cout,identifier,0,175,1
906,2238,2238,<,operator,0,175,6
907,2239,2239,<,operator,0,175,7
908,2241,2245,"""Yes""",string,0,175,9
909,2247,2247,<,operator,0,175,15
910,2248,2248,<,operator,0,175,16
911,2250,2253,endl,identifier,0,175,18
912,2254,2254,;,operator,0,175,22
913,2257,2257,g,identifier,0,176,1
914,2258,2258,(,operator,0,176,2
915,2259,2259,1,integer,0,176,3
916,2260,2260,",",operator,0,176,4
917,2261,2261,0,integer,0,176,5
918,2262,2262,",",operator,0,176,6
919,2263,2264,ls,identifier,0,176,7
920,2265,2265,[,operator,0,176,9
921,2266,2266,1,integer,0,176,10
922,2267,2267,],operator,0,176,11
923,2268,2268,),operator,0,176,12
924,2269,2269,;,operator,0,176,13
925,2272,2274,for,keyword,0,177,1
926,2275,2275,(,operator,0,177,4
927,2276,2278,int,keyword,0,177,5
928,2280,2280,i,identifier,0,177,9
929,2281,2281,=,operator,0,177,10
930,2282,2282,1,integer,0,177,11
931,2283,2283,;,operator,0,177,12
932,2284,2284,i,identifier,0,177,13
933,2285,2286,<=,operator,0,177,14
934,2287,2287,N,identifier,0,177,16
935,2288,2288,;,operator,0,177,17
936,2289,2289,i,identifier,0,177,18
937,2290,2291,++,operator,0,177,19
938,2292,2292,),operator,0,177,21
939,2293,2293,{,operator,0,177,22
940,2297,2300,cout,identifier,0,178,2
941,2302,2302,<,operator,0,178,7
942,2303,2303,<,operator,0,178,8
943,2305,2306,vs,identifier,0,178,10
944,2307,2307,[,operator,0,178,12
945,2308,2308,i,identifier,0,178,13
946,2309,2309,],operator,0,178,14
947,2311,2311,<,operator,0,178,16
948,2312,2312,<,operator,0,178,17
949,2314,2317,endl,identifier,0,178,19
950,2318,2318,;,operator,0,178,23
951,2321,2321,},operator,0,179,1
952,2326,2331,return,keyword,0,182,1
953,2333,2333,0,integer,0,182,8
954,2334,2334,;,operator,0,182,9
955,2336,2336,},operator,0,183,0
956,2339,2338,<EOF>,eof,0,185,0
