seqnr,start,stop,text,class,channel,line,column
0,0,17,"#include<iostream>",directive,1,1,0
1,19,31,"#include<set>",directive,1,2,0
2,33,48,"#include<vector>",directive,1,3,0
3,50,62,"#include<map>",directive,1,4,0
4,64,78,"#include<cmath>",directive,1,5,0
5,80,98,"#include<algorithm>",directive,1,6,0
6,100,117,"#include<stdlib.h>",directive,1,7,0
7,119,135,"#include<stdio.h>",directive,1,8,0
8,137,151,"#include<queue>",directive,1,9,0
9,153,167,"#include<stack>",directive,1,10,0
10,169,186,"#include<string.h>",directive,1,11,0
11,188,205,"#include<limits.h>",directive,1,12,0
12,207,211,using,keyword,0,13,0
13,213,221,namespace,keyword,0,13,6
14,223,225,std,identifier,0,13,16
15,226,226,;,operator,0,13,19
16,228,234,typedef,keyword,0,14,0
17,236,239,long,keyword,0,14,8
18,241,244,long,keyword,0,14,13
19,246,248,ull,identifier,0,14,18
20,249,249,;,operator,0,14,21
21,252,254,ull,identifier,0,16,0
22,256,256,n,identifier,0,16,4
23,257,257,;,operator,0,16,5
24,259,261,ull,identifier,0,17,0
25,263,263,k,identifier,0,17,4
26,264,264,;,operator,0,17,5
27,266,271,vector,identifier,0,18,0
28,272,272,<,operator,0,18,6
29,273,278,vector,identifier,0,18,7
30,279,279,<,operator,0,18,13
31,280,282,ull,identifier,0,18,14
32,283,283,>,operator,0,18,17
33,285,285,>,operator,0,18,19
34,286,289,tree,identifier,0,18,20
35,290,290,;,operator,0,18,24
36,292,297,vector,identifier,0,19,0
37,298,298,<,operator,0,19,6
38,299,301,ull,identifier,0,19,7
39,302,302,>,operator,0,19,10
40,303,305,vec,identifier,0,19,11
41,306,306,;,operator,0,19,14
42,308,313,vector,identifier,0,20,0
43,314,314,<,operator,0,20,6
44,315,318,bool,keyword,0,20,7
45,319,319,>,operator,0,20,11
46,320,326,visited,identifier,0,20,12
47,327,327,;,operator,0,20,19
48,329,334,vector,identifier,0,21,0
49,335,335,<,operator,0,21,6
50,336,338,ull,identifier,0,21,7
51,339,339,>,operator,0,21,10
52,340,344,trace,identifier,0,21,11
53,345,345,;,operator,0,21,16
54,348,351,bool,keyword,0,23,0
55,353,355,dfs,identifier,0,23,5
56,356,356,(,operator,0,23,8
57,357,359,ull,identifier,0,23,9
58,361,364,node,identifier,0,23,13
59,365,365,",",operator,0,23,17
60,366,368,ull,identifier,0,23,18
61,370,374,lastV,identifier,0,23,22
62,375,375,",",operator,0,23,27
63,376,378,ull,identifier,0,23,28
64,380,381,co,identifier,0,23,32
65,382,382,),operator,0,23,34
66,383,383,{,operator,0,23,35
67,425,426,if,keyword,0,25,4
68,427,427,(,operator,0,25,6
69,428,434,visited,identifier,0,25,7
70,435,435,[,operator,0,25,14
71,436,439,node,identifier,0,25,15
72,440,440,],operator,0,25,19
73,441,441,),operator,0,25,20
74,442,442,{,operator,0,25,21
75,452,457,return,keyword,0,26,8
76,459,462,true,keyword,0,26,15
77,463,463,;,operator,0,26,19
78,469,469,},operator,0,27,4
79,475,476,if,keyword,0,28,4
80,477,477,(,operator,0,28,6
81,478,480,vec,identifier,0,28,7
82,481,481,[,operator,0,28,10
83,482,485,node,identifier,0,28,11
84,486,486,],operator,0,28,15
85,487,488,"!=",operator,0,28,16
86,489,500,666666666666,integer,0,28,18
87,501,502,&&,operator,0,28,30
88,503,505,abs,identifier,0,28,32
89,506,506,(,operator,0,28,35
90,507,509,vec,identifier,0,28,36
91,510,510,[,operator,0,28,39
92,511,514,node,identifier,0,28,40
93,515,515,],operator,0,28,44
94,516,516,-,operator,0,28,45
95,517,519,vec,identifier,0,28,46
96,520,520,[,operator,0,28,49
97,521,525,lastV,identifier,0,28,50
98,526,526,],operator,0,28,55
99,527,527,),operator,0,28,56
100,528,528,>,operator,0,28,57
101,529,530,co,identifier,0,28,58
102,531,531,),operator,0,28,60
103,532,532,{,operator,0,28,61
104,542,547,return,keyword,0,29,8
105,549,553,false,keyword,0,29,15
106,554,554,;,operator,0,29,20
107,560,560,},operator,0,30,4
108,566,567,if,keyword,0,31,4
109,568,568,(,operator,0,31,6
110,569,571,vec,identifier,0,31,7
111,572,572,[,operator,0,31,10
112,573,576,node,identifier,0,31,11
113,577,577,],operator,0,31,15
114,578,579,"!=",operator,0,31,16
115,580,591,666666666666,integer,0,31,18
116,592,592,),operator,0,31,30
117,593,593,{,operator,0,31,31
118,603,605,ull,identifier,0,32,8
119,607,609,cur,identifier,0,32,12
120,610,610,=,operator,0,32,15
121,611,613,vec,identifier,0,32,16
122,614,614,[,operator,0,32,19
123,615,619,lastV,identifier,0,32,20
124,620,620,],operator,0,32,25
125,621,621,;,operator,0,32,26
126,631,633,for,keyword,0,33,8
127,634,634,(,operator,0,33,11
128,635,637,int,keyword,0,33,12
129,639,639,i,identifier,0,33,16
130,640,640,=,operator,0,33,17
131,641,641,0,integer,0,33,18
132,642,642,;,operator,0,33,19
133,643,643,i,identifier,0,33,20
134,644,644,<,operator,0,33,21
135,645,649,trace,identifier,0,33,22
136,650,650,.,operator,0,33,27
137,651,654,size,identifier,0,33,28
138,655,655,(,operator,0,33,32
139,656,656,),operator,0,33,33
140,657,657,;,operator,0,33,34
141,658,658,i,identifier,0,33,35
142,659,660,++,operator,0,33,36
143,661,661,),operator,0,33,38
144,662,662,{,operator,0,33,39
145,676,677,if,keyword,0,34,12
146,678,678,(,operator,0,34,14
147,679,681,cur,identifier,0,34,15
148,682,682,<,operator,0,34,18
149,683,685,vec,identifier,0,34,19
150,686,686,[,operator,0,34,22
151,687,690,node,identifier,0,34,23
152,691,691,],operator,0,34,27
153,692,692,),operator,0,34,28
154,693,693,{,operator,0,34,29
155,711,713,cur,identifier,0,35,16
156,714,715,++,operator,0,35,19
157,716,716,;,operator,0,35,21
158,730,730,},operator,0,36,12
159,732,735,else,keyword,0,36,14
160,737,737,{,operator,0,36,19
161,755,757,cur,identifier,0,37,16
162,758,759,--,operator,0,37,19
163,760,760,;,operator,0,37,21
164,774,774,},operator,0,38,12
165,788,790,vec,identifier,0,39,12
166,791,791,[,operator,0,39,15
167,792,796,trace,identifier,0,39,16
168,797,797,[,operator,0,39,21
169,798,798,i,identifier,0,39,22
170,799,799,],operator,0,39,23
171,800,800,],operator,0,39,24
172,801,801,=,operator,0,39,25
173,802,804,cur,identifier,0,39,26
174,805,805,;,operator,0,39,29
175,815,815,},operator,0,40,8
176,825,829,trace,identifier,0,41,8
177,830,830,.,operator,0,41,13
178,831,835,clear,identifier,0,41,14
179,836,836,(,operator,0,41,19
180,837,837,),operator,0,41,20
181,838,838,;,operator,0,41,21
182,844,844,},operator,0,42,4
183,846,849,else,keyword,0,42,6
184,851,851,{,operator,0,42,11
185,861,865,trace,identifier,0,43,8
186,866,866,.,operator,0,43,13
187,867,875,push_back,identifier,0,43,14
188,876,876,(,operator,0,43,23
189,877,880,node,identifier,0,43,24
190,881,881,),operator,0,43,28
191,882,882,;,operator,0,43,29
192,888,888,},operator,0,44,4
193,894,897,bool,keyword,0,45,4
194,899,900,ok,identifier,0,45,9
195,901,901,=,operator,0,45,11
196,902,905,true,keyword,0,45,12
197,906,906,;,operator,0,45,16
198,912,914,int,keyword,0,46,4
199,916,928,lastTraceSize,identifier,0,46,8
200,930,930,=,operator,0,46,22
201,932,936,trace,identifier,0,46,24
202,937,937,.,operator,0,46,29
203,938,941,size,identifier,0,46,30
204,942,942,(,operator,0,46,34
205,943,943,),operator,0,46,35
206,944,944,;,operator,0,46,36
207,950,952,for,keyword,0,47,4
208,953,953,(,operator,0,47,7
209,954,956,int,keyword,0,47,8
210,958,958,i,identifier,0,47,12
211,959,959,=,operator,0,47,13
212,960,960,0,integer,0,47,14
213,961,961,;,operator,0,47,15
214,962,962,i,identifier,0,47,16
215,963,963,<,operator,0,47,17
216,964,967,tree,identifier,0,47,18
217,968,968,[,operator,0,47,22
218,969,972,node,identifier,0,47,23
219,973,973,],operator,0,47,27
220,974,974,.,operator,0,47,28
221,975,978,size,identifier,0,47,29
222,979,979,(,operator,0,47,33
223,980,980,),operator,0,47,34
224,981,981,;,operator,0,47,35
225,982,982,i,identifier,0,47,36
226,983,984,++,operator,0,47,37
227,985,985,),operator,0,47,39
228,986,986,{,operator,0,47,40
229,996,997,if,keyword,0,48,8
230,998,998,(,operator,0,48,10
231,999,1001,vec,identifier,0,48,11
232,1002,1002,[,operator,0,48,14
233,1003,1006,node,identifier,0,48,15
234,1007,1007,],operator,0,48,19
235,1008,1009,"!=",operator,0,48,20
236,1010,1021,666666666666,integer,0,48,22
237,1022,1022,),operator,0,48,34
238,1023,1023,{,operator,0,48,35
239,1037,1043,visited,identifier,0,49,12
240,1044,1044,[,operator,0,49,19
241,1045,1048,tree,identifier,0,49,20
242,1049,1049,[,operator,0,49,24
243,1050,1053,node,identifier,0,49,25
244,1054,1054,],operator,0,49,29
245,1055,1055,[,operator,0,49,30
246,1056,1056,i,identifier,0,49,31
247,1057,1057,],operator,0,49,32
248,1058,1058,],operator,0,49,33
249,1059,1059,=,operator,0,49,34
250,1060,1063,true,keyword,0,49,35
251,1064,1064,;,operator,0,49,39
252,1078,1079,ok,identifier,0,50,12
253,1080,1080,=,operator,0,50,14
254,1081,1082,ok,identifier,0,50,15
255,1083,1084,&&,operator,0,50,17
256,1085,1087,dfs,identifier,0,50,19
257,1088,1088,(,operator,0,50,22
258,1089,1092,tree,identifier,0,50,23
259,1093,1093,[,operator,0,50,27
260,1094,1097,node,identifier,0,50,28
261,1098,1098,],operator,0,50,32
262,1099,1099,[,operator,0,50,33
263,1100,1100,i,identifier,0,50,34
264,1101,1101,],operator,0,50,35
265,1102,1102,",",operator,0,50,36
266,1103,1106,node,identifier,0,50,37
267,1107,1107,",",operator,0,50,41
268,1108,1108,1,integer,0,50,42
269,1109,1109,),operator,0,50,43
270,1110,1110,;,operator,0,50,44
271,1124,1130,visited,identifier,0,51,12
272,1131,1131,[,operator,0,51,19
273,1132,1135,tree,identifier,0,51,20
274,1136,1136,[,operator,0,51,24
275,1137,1140,node,identifier,0,51,25
276,1141,1141,],operator,0,51,29
277,1142,1142,[,operator,0,51,30
278,1143,1143,i,identifier,0,51,31
279,1144,1144,],operator,0,51,32
280,1145,1145,],operator,0,51,33
281,1146,1146,=,operator,0,51,34
282,1147,1151,false,keyword,0,51,35
283,1152,1152,;,operator,0,51,40
284,1162,1162,},operator,0,52,8
285,1172,1175,else,keyword,0,53,8
286,1176,1176,{,operator,0,53,12
287,1190,1196,visited,identifier,0,54,12
288,1197,1197,[,operator,0,54,19
289,1198,1201,tree,identifier,0,54,20
290,1202,1202,[,operator,0,54,24
291,1203,1206,node,identifier,0,54,25
292,1207,1207,],operator,0,54,29
293,1208,1208,[,operator,0,54,30
294,1209,1209,i,identifier,0,54,31
295,1210,1210,],operator,0,54,32
296,1211,1211,],operator,0,54,33
297,1212,1212,=,operator,0,54,34
298,1213,1216,true,keyword,0,54,35
299,1217,1217,;,operator,0,54,39
300,1231,1232,ok,identifier,0,55,12
301,1233,1233,=,operator,0,55,14
302,1234,1235,ok,identifier,0,55,15
303,1236,1237,&&,operator,0,55,17
304,1238,1240,dfs,identifier,0,55,19
305,1241,1241,(,operator,0,55,22
306,1242,1245,tree,identifier,0,55,23
307,1246,1246,[,operator,0,55,27
308,1247,1250,node,identifier,0,55,28
309,1251,1251,],operator,0,55,32
310,1252,1252,[,operator,0,55,33
311,1253,1253,i,identifier,0,55,34
312,1254,1254,],operator,0,55,35
313,1255,1255,",",operator,0,55,36
314,1256,1260,lastV,identifier,0,55,37
315,1261,1261,",",operator,0,55,42
316,1262,1263,co,identifier,0,55,43
317,1264,1264,+,operator,0,55,45
318,1265,1265,1,integer,0,55,46
319,1266,1266,),operator,0,55,47
320,1267,1267,;,operator,0,55,48
321,1281,1287,visited,identifier,0,56,12
322,1288,1288,[,operator,0,56,19
323,1289,1292,tree,identifier,0,56,20
324,1293,1293,[,operator,0,56,24
325,1294,1297,node,identifier,0,56,25
326,1298,1298,],operator,0,56,29
327,1299,1299,[,operator,0,56,30
328,1300,1300,i,identifier,0,56,31
329,1301,1301,],operator,0,56,32
330,1302,1302,],operator,0,56,33
331,1303,1303,=,operator,0,56,34
332,1304,1308,false,keyword,0,56,35
333,1309,1309,;,operator,0,56,40
334,1319,1319,},operator,0,57,8
335,1329,1333,while,keyword,0,58,8
336,1334,1334,(,operator,0,58,13
337,1335,1339,trace,identifier,0,58,14
338,1340,1340,.,operator,0,58,19
339,1341,1344,size,identifier,0,58,20
340,1345,1345,(,operator,0,58,24
341,1346,1346,),operator,0,58,25
342,1347,1347,>,operator,0,58,26
343,1348,1360,lastTraceSize,identifier,0,58,27
344,1361,1361,),operator,0,58,40
345,1362,1362,{,operator,0,58,41
346,1376,1380,trace,identifier,0,59,12
347,1381,1381,.,operator,0,59,17
348,1382,1389,pop_back,identifier,0,59,18
349,1390,1390,(,operator,0,59,26
350,1391,1391,),operator,0,59,27
351,1392,1392,;,operator,0,59,28
352,1402,1402,},operator,0,60,8
353,1408,1408,},operator,0,61,4
354,1419,1424,return,keyword,0,63,4
355,1426,1427,ok,identifier,0,63,11
356,1428,1428,;,operator,0,63,13
357,1430,1430,},operator,0,64,0
358,1432,1435,void,keyword,0,65,0
359,1437,1438,df,identifier,0,65,5
360,1439,1439,(,operator,0,65,7
361,1440,1442,ull,identifier,0,65,8
362,1444,1447,node,identifier,0,65,12
363,1448,1448,),operator,0,65,16
364,1449,1449,{,operator,0,65,17
365,1455,1457,for,keyword,0,66,4
366,1458,1458,(,operator,0,66,7
367,1459,1461,int,keyword,0,66,8
368,1463,1463,i,identifier,0,66,12
369,1464,1464,=,operator,0,66,13
370,1465,1465,0,integer,0,66,14
371,1466,1466,;,operator,0,66,15
372,1467,1467,i,identifier,0,66,16
373,1468,1468,<,operator,0,66,17
374,1469,1472,tree,identifier,0,66,18
375,1473,1473,[,operator,0,66,22
376,1474,1477,node,identifier,0,66,23
377,1478,1478,],operator,0,66,27
378,1479,1479,.,operator,0,66,28
379,1480,1483,size,identifier,0,66,29
380,1484,1484,(,operator,0,66,33
381,1485,1485,),operator,0,66,34
382,1486,1486,;,operator,0,66,35
383,1487,1487,i,identifier,0,66,36
384,1488,1489,++,operator,0,66,37
385,1490,1490,),operator,0,66,39
386,1491,1491,{,operator,0,66,40
387,1501,1502,if,keyword,0,67,8
388,1503,1503,(,operator,0,67,10
389,1504,1506,vec,identifier,0,67,11
390,1507,1507,[,operator,0,67,14
391,1508,1511,tree,identifier,0,67,15
392,1512,1512,[,operator,0,67,19
393,1513,1516,node,identifier,0,67,20
394,1517,1517,],operator,0,67,24
395,1518,1518,[,operator,0,67,25
396,1519,1519,i,identifier,0,67,26
397,1520,1520,],operator,0,67,27
398,1521,1521,],operator,0,67,28
399,1522,1523,==,operator,0,67,29
400,1524,1535,666666666666,integer,0,67,31
401,1536,1536,),operator,0,67,43
402,1537,1537,{,operator,0,67,44
403,1551,1553,vec,identifier,0,68,12
404,1554,1554,[,operator,0,68,15
405,1555,1558,tree,identifier,0,68,16
406,1559,1559,[,operator,0,68,20
407,1560,1563,node,identifier,0,68,21
408,1564,1564,],operator,0,68,25
409,1565,1565,[,operator,0,68,26
410,1566,1566,i,identifier,0,68,27
411,1567,1567,],operator,0,68,28
412,1568,1568,],operator,0,68,29
413,1570,1570,=,operator,0,68,31
414,1572,1574,vec,identifier,0,68,33
415,1575,1575,[,operator,0,68,36
416,1576,1579,node,identifier,0,68,37
417,1580,1580,],operator,0,68,41
418,1581,1581,+,operator,0,68,42
419,1582,1582,1,integer,0,68,43
420,1583,1583,;,operator,0,68,44
421,1597,1598,df,identifier,0,69,12
422,1599,1599,(,operator,0,69,14
423,1600,1603,tree,identifier,0,69,15
424,1604,1604,[,operator,0,69,19
425,1605,1608,node,identifier,0,69,20
426,1609,1609,],operator,0,69,24
427,1610,1610,[,operator,0,69,25
428,1611,1611,i,identifier,0,69,26
429,1612,1612,],operator,0,69,27
430,1613,1613,),operator,0,69,28
431,1614,1614,;,operator,0,69,29
432,1624,1624,},operator,0,70,8
433,1630,1630,},operator,0,71,4
434,1632,1632,},operator,0,72,0
435,1634,1636,int,keyword,0,73,0
436,1638,1641,main,identifier,0,73,4
437,1642,1642,(,operator,0,73,8
438,1643,1643,),operator,0,73,9
439,1644,1644,{,operator,0,73,10
440,1650,1652,cin,identifier,0,74,4
441,1653,1653,>,operator,0,74,7
442,1654,1654,>,operator,0,74,8
443,1655,1655,n,identifier,0,74,9
444,1656,1656,;,operator,0,74,10
445,1662,1665,tree,identifier,0,75,4
446,1666,1666,.,operator,0,75,8
447,1667,1672,resize,identifier,0,75,9
448,1673,1673,(,operator,0,75,15
449,1674,1674,n,identifier,0,75,16
450,1675,1675,),operator,0,75,17
451,1676,1676,;,operator,0,75,18
452,1682,1684,vec,identifier,0,76,4
453,1685,1685,.,operator,0,76,7
454,1686,1691,resize,identifier,0,76,8
455,1692,1692,(,operator,0,76,14
456,1693,1693,n,identifier,0,76,15
457,1694,1694,",",operator,0,76,16
458,1695,1706,666666666666,integer,0,76,17
459,1707,1707,),operator,0,76,29
460,1708,1708,;,operator,0,76,30
461,1714,1720,visited,identifier,0,77,4
462,1721,1721,.,operator,0,77,11
463,1722,1727,resize,identifier,0,77,12
464,1728,1728,(,operator,0,77,18
465,1729,1729,n,identifier,0,77,19
466,1730,1730,",",operator,0,77,20
467,1731,1735,false,keyword,0,77,21
468,1736,1736,),operator,0,77,26
469,1737,1737,;,operator,0,77,27
470,1743,1745,for,keyword,0,78,4
471,1746,1746,(,operator,0,78,7
472,1747,1749,int,keyword,0,78,8
473,1751,1751,i,identifier,0,78,12
474,1752,1752,=,operator,0,78,13
475,1753,1753,0,integer,0,78,14
476,1754,1754,;,operator,0,78,15
477,1755,1755,i,identifier,0,78,16
478,1756,1756,<,operator,0,78,17
479,1757,1757,n,identifier,0,78,18
480,1758,1758,-,operator,0,78,19
481,1759,1759,1,integer,0,78,20
482,1760,1760,;,operator,0,78,21
483,1761,1761,i,identifier,0,78,22
484,1762,1763,++,operator,0,78,23
485,1764,1764,),operator,0,78,25
486,1765,1765,{,operator,0,78,26
487,1775,1777,int,keyword,0,79,8
488,1779,1779,a,identifier,0,79,12
489,1780,1780,",",operator,0,79,13
490,1781,1781,b,identifier,0,79,14
491,1782,1782,;,operator,0,79,15
492,1792,1794,cin,identifier,0,80,8
493,1795,1795,>,operator,0,80,11
494,1796,1796,>,operator,0,80,12
495,1797,1797,a,identifier,0,80,13
496,1798,1798,>,operator,0,80,14
497,1799,1799,>,operator,0,80,15
498,1800,1800,b,identifier,0,80,16
499,1801,1801,;,operator,0,80,17
500,1811,1811,a,identifier,0,81,8
501,1812,1813,--,operator,0,81,9
502,1814,1814,",",operator,0,81,11
503,1815,1815,b,identifier,0,81,12
504,1816,1817,--,operator,0,81,13
505,1818,1818,;,operator,0,81,15
506,1828,1831,tree,identifier,0,82,8
507,1832,1832,[,operator,0,82,12
508,1833,1833,a,identifier,0,82,13
509,1834,1834,],operator,0,82,14
510,1835,1835,.,operator,0,82,15
511,1836,1844,push_back,identifier,0,82,16
512,1845,1845,(,operator,0,82,25
513,1846,1846,b,identifier,0,82,26
514,1847,1847,),operator,0,82,27
515,1848,1848,;,operator,0,82,28
516,1858,1861,tree,identifier,0,83,8
517,1862,1862,[,operator,0,83,12
518,1863,1863,b,identifier,0,83,13
519,1864,1864,],operator,0,83,14
520,1865,1865,.,operator,0,83,15
521,1866,1874,push_back,identifier,0,83,16
522,1875,1875,(,operator,0,83,25
523,1876,1876,a,identifier,0,83,26
524,1877,1877,),operator,0,83,27
525,1878,1878,;,operator,0,83,28
526,1884,1884,},operator,0,84,4
527,1890,1892,ull,identifier,0,85,4
528,1894,1896,fir,identifier,0,85,8
529,1897,1897,=,operator,0,85,11
530,1898,1898,0,integer,0,85,12
531,1899,1899,;,operator,0,85,13
532,1905,1907,cin,identifier,0,86,4
533,1908,1908,>,operator,0,86,7
534,1909,1909,>,operator,0,86,8
535,1910,1910,k,identifier,0,86,9
536,1911,1911,;,operator,0,86,10
537,1917,1919,for,keyword,0,87,4
538,1920,1920,(,operator,0,87,7
539,1921,1923,int,keyword,0,87,8
540,1925,1925,i,identifier,0,87,12
541,1926,1926,=,operator,0,87,13
542,1927,1927,0,integer,0,87,14
543,1928,1928,;,operator,0,87,15
544,1929,1929,i,identifier,0,87,16
545,1930,1930,<,operator,0,87,17
546,1931,1931,k,identifier,0,87,18
547,1932,1932,;,operator,0,87,19
548,1933,1933,i,identifier,0,87,20
549,1934,1935,++,operator,0,87,21
550,1936,1936,),operator,0,87,23
551,1937,1937,{,operator,0,87,24
552,1947,1949,ull,identifier,0,88,8
553,1951,1951,p,identifier,0,88,12
554,1952,1952,",",operator,0,88,13
555,1953,1953,v,identifier,0,88,14
556,1954,1954,;,operator,0,88,15
557,1964,1966,cin,identifier,0,89,8
558,1967,1967,>,operator,0,89,11
559,1968,1968,>,operator,0,89,12
560,1969,1969,v,identifier,0,89,13
561,1970,1970,>,operator,0,89,14
562,1971,1971,>,operator,0,89,15
563,1972,1972,p,identifier,0,89,16
564,1973,1973,;,operator,0,89,17
565,1983,1983,v,identifier,0,90,8
566,1984,1985,--,operator,0,90,9
567,1986,1986,;,operator,0,90,11
568,1996,1998,vec,identifier,0,91,8
569,1999,1999,[,operator,0,91,11
570,2000,2000,v,identifier,0,91,12
571,2001,2001,],operator,0,91,13
572,2002,2002,=,operator,0,91,14
573,2003,2003,p,identifier,0,91,15
574,2004,2004,;,operator,0,91,16
575,2014,2016,fir,identifier,0,92,8
576,2017,2017,=,operator,0,92,11
577,2018,2018,v,identifier,0,92,12
578,2019,2019,;,operator,0,92,13
579,2025,2025,},operator,0,93,4
580,2031,2034,bool,keyword,0,94,4
581,2036,2037,ok,identifier,0,94,9
582,2038,2038,=,operator,0,94,11
583,2039,2042,true,keyword,0,94,12
584,2043,2043,;,operator,0,94,16
585,2049,2055,visited,identifier,0,95,4
586,2056,2056,[,operator,0,95,11
587,2057,2059,fir,identifier,0,95,12
588,2060,2060,],operator,0,95,15
589,2061,2061,=,operator,0,95,16
590,2062,2065,true,keyword,0,95,17
591,2066,2066,;,operator,0,95,21
592,2072,2074,for,keyword,0,96,4
593,2075,2075,(,operator,0,96,7
594,2076,2078,int,keyword,0,96,8
595,2080,2080,i,identifier,0,96,12
596,2081,2081,=,operator,0,96,13
597,2082,2082,0,integer,0,96,14
598,2083,2083,;,operator,0,96,15
599,2084,2084,i,identifier,0,96,16
600,2085,2085,<,operator,0,96,17
601,2086,2089,tree,identifier,0,96,18
602,2090,2090,[,operator,0,96,22
603,2091,2093,fir,identifier,0,96,23
604,2094,2094,],operator,0,96,26
605,2095,2095,.,operator,0,96,27
606,2096,2099,size,identifier,0,96,28
607,2100,2100,(,operator,0,96,32
608,2101,2101,),operator,0,96,33
609,2102,2102,;,operator,0,96,34
610,2103,2103,i,identifier,0,96,35
611,2104,2105,++,operator,0,96,36
612,2106,2106,),operator,0,96,38
613,2107,2107,{,operator,0,96,39
614,2117,2118,ok,identifier,0,97,8
615,2119,2119,=,operator,0,97,10
616,2120,2121,ok,identifier,0,97,11
617,2122,2123,&&,operator,0,97,13
618,2124,2126,dfs,identifier,0,97,15
619,2127,2127,(,operator,0,97,18
620,2128,2131,tree,identifier,0,97,19
621,2132,2132,[,operator,0,97,23
622,2133,2135,fir,identifier,0,97,24
623,2136,2136,],operator,0,97,27
624,2137,2137,[,operator,0,97,28
625,2138,2138,i,identifier,0,97,29
626,2139,2139,],operator,0,97,30
627,2140,2140,",",operator,0,97,31
628,2141,2143,fir,identifier,0,97,32
629,2144,2144,",",operator,0,97,35
630,2145,2145,1,integer,0,97,36
631,2146,2146,),operator,0,97,37
632,2147,2147,;,operator,0,97,38
633,2153,2153,},operator,0,98,4
634,2159,2160,if,keyword,0,99,4
635,2161,2161,(,operator,0,99,6
636,2162,2163,ok,identifier,0,99,7
637,2164,2164,),operator,0,99,9
638,2165,2165,{,operator,0,99,10
639,2175,2178,cout,identifier,0,100,8
640,2179,2179,<,operator,0,100,12
641,2180,2180,<,operator,0,100,13
642,2181,2185,"""Yes""",string,0,100,14
643,2186,2186,<,operator,0,100,19
644,2187,2187,<,operator,0,100,20
645,2188,2191,endl,identifier,0,100,21
646,2192,2192,;,operator,0,100,25
647,2202,2204,for,keyword,0,101,8
648,2205,2205,(,operator,0,101,11
649,2206,2208,int,keyword,0,101,12
650,2210,2210,i,identifier,0,101,16
651,2211,2211,=,operator,0,101,17
652,2212,2212,0,integer,0,101,18
653,2213,2213,;,operator,0,101,19
654,2214,2214,i,identifier,0,101,20
655,2215,2215,<,operator,0,101,21
656,2216,2216,n,identifier,0,101,22
657,2217,2217,;,operator,0,101,23
658,2218,2218,i,identifier,0,101,24
659,2219,2220,++,operator,0,101,25
660,2221,2221,),operator,0,101,27
661,2222,2222,{,operator,0,101,28
662,2236,2237,if,keyword,0,102,12
663,2238,2238,(,operator,0,102,14
664,2239,2241,vec,identifier,0,102,15
665,2242,2242,[,operator,0,102,18
666,2243,2243,i,identifier,0,102,19
667,2244,2244,],operator,0,102,20
668,2245,2246,"!=",operator,0,102,21
669,2247,2258,666666666666,integer,0,102,23
670,2259,2259,),operator,0,102,35
671,2260,2260,{,operator,0,102,36
672,2278,2279,df,identifier,0,103,16
673,2280,2280,(,operator,0,103,18
674,2281,2281,i,identifier,0,103,19
675,2282,2282,),operator,0,103,20
676,2283,2283,;,operator,0,103,21
677,2297,2297,},operator,0,104,12
678,2307,2307,},operator,0,105,8
679,2317,2319,for,keyword,0,106,8
680,2320,2320,(,operator,0,106,11
681,2321,2323,int,keyword,0,106,12
682,2325,2325,i,identifier,0,106,16
683,2326,2326,=,operator,0,106,17
684,2327,2327,0,integer,0,106,18
685,2328,2328,;,operator,0,106,19
686,2329,2329,i,identifier,0,106,20
687,2330,2330,<,operator,0,106,21
688,2331,2331,n,identifier,0,106,22
689,2332,2332,;,operator,0,106,23
690,2333,2333,i,identifier,0,106,24
691,2334,2335,++,operator,0,106,25
692,2336,2336,),operator,0,106,27
693,2337,2337,{,operator,0,106,28
694,2351,2354,cout,identifier,0,107,12
695,2355,2355,<,operator,0,107,16
696,2356,2356,<,operator,0,107,17
697,2357,2359,vec,identifier,0,107,18
698,2360,2360,[,operator,0,107,21
699,2361,2361,i,identifier,0,107,22
700,2362,2362,],operator,0,107,23
701,2363,2363,<,operator,0,107,24
702,2364,2364,<,operator,0,107,25
703,2365,2368,endl,identifier,0,107,26
704,2369,2369,;,operator,0,107,30
705,2379,2379,},operator,0,108,8
706,2385,2385,},operator,0,109,4
707,2387,2390,else,keyword,0,109,6
708,2392,2392,{,operator,0,109,11
709,2402,2405,cout,identifier,0,110,8
710,2406,2406,<,operator,0,110,12
711,2407,2407,<,operator,0,110,13
712,2408,2411,"""No""",string,0,110,14
713,2412,2412,<,operator,0,110,18
714,2413,2413,<,operator,0,110,19
715,2414,2417,endl,identifier,0,110,20
716,2418,2418,;,operator,0,110,24
717,2424,2424,},operator,0,111,4
718,2426,2426,},operator,0,112,0
719,2428,2427,<EOF>,eof,0,113,0
