seqnr,start,stop,text,class,channel,line,column
0,0,22,"#include<bits/stdc++.h>",directive,1,1,0
1,24,39,"#define N 200005",directive,1,2,0
2,41,62,"#define inf 0x3f3f3f3f",directive,1,3,0
3,64,68,using,keyword,0,4,0
4,70,78,namespace,keyword,0,4,6
5,80,82,std,identifier,0,4,16
6,83,83,;,operator,0,4,19
7,85,87,int,keyword,0,5,0
8,89,89,n,identifier,0,5,4
9,90,90,;,operator,0,5,5
10,92,94,int,keyword,0,6,0
11,96,99,head,identifier,0,6,4
12,100,100,[,operator,0,6,8
13,101,101,N,identifier,0,6,9
14,102,102,],operator,0,6,10
15,103,103,",",operator,0,6,11
16,104,106,ver,identifier,0,6,12
17,107,107,[,operator,0,6,15
18,108,108,N,identifier,0,6,16
19,109,109,],operator,0,6,17
20,110,110,",",operator,0,6,18
21,111,113,nxt,identifier,0,6,19
22,114,114,[,operator,0,6,22
23,115,115,N,identifier,0,6,23
24,116,116,],operator,0,6,24
25,117,117,",",operator,0,6,25
26,118,120,tot,identifier,0,6,26
27,121,121,;,operator,0,6,29
28,123,126,void,keyword,0,7,0
29,128,130,add,identifier,0,7,5
30,131,131,(,operator,0,7,8
31,132,134,int,keyword,0,7,9
32,136,136,a,identifier,0,7,13
33,137,137,",",operator,0,7,14
34,138,140,int,keyword,0,7,15
35,142,142,b,identifier,0,7,19
36,143,143,),operator,0,7,20
37,145,145,{,operator,0,8,0
38,148,150,tot,identifier,0,9,1
39,151,152,++,operator,0,9,4
40,153,153,;,operator,0,9,6
41,154,156,nxt,identifier,0,9,7
42,157,157,[,operator,0,9,10
43,158,160,tot,identifier,0,9,11
44,161,161,],operator,0,9,14
45,162,162,=,operator,0,9,15
46,163,166,head,identifier,0,9,16
47,167,167,[,operator,0,9,20
48,168,168,a,identifier,0,9,21
49,169,169,],operator,0,9,22
50,170,170,;,operator,0,9,23
51,171,174,head,identifier,0,9,24
52,175,175,[,operator,0,9,28
53,176,176,a,identifier,0,9,29
54,177,177,],operator,0,9,30
55,178,178,=,operator,0,9,31
56,179,181,tot,identifier,0,9,32
57,182,182,;,operator,0,9,35
58,183,185,ver,identifier,0,9,36
59,186,186,[,operator,0,9,39
60,187,189,tot,identifier,0,9,40
61,190,190,],operator,0,9,43
62,191,191,=,operator,0,9,44
63,192,192,b,identifier,0,9,45
64,193,193,;,operator,0,9,46
65,194,199,return,keyword,0,9,47
66,201,201,;,operator,0,9,54
67,203,203,},operator,0,10,0
68,205,207,int,keyword,0,11,0
69,209,209,k,identifier,0,11,4
70,210,210,",",operator,0,11,5
71,211,211,v,identifier,0,11,6
72,212,212,[,operator,0,11,7
73,213,213,N,identifier,0,11,8
74,214,214,],operator,0,11,9
75,215,215,",",operator,0,11,10
76,216,216,l,identifier,0,11,11
77,217,217,[,operator,0,11,12
78,218,218,N,identifier,0,11,13
79,219,219,],operator,0,11,14
80,220,220,",",operator,0,11,15
81,221,221,r,identifier,0,11,16
82,222,222,[,operator,0,11,17
83,223,223,N,identifier,0,11,18
84,224,224,],operator,0,11,19
85,225,225,",",operator,0,11,20
86,226,229,flag,identifier,0,11,21
87,230,230,",",operator,0,11,25
88,231,231,s,identifier,0,11,26
89,232,232,[,operator,0,11,27
90,233,233,N,identifier,0,11,28
91,234,234,],operator,0,11,29
92,235,235,;,operator,0,11,30
93,237,240,void,keyword,0,12,0
94,242,244,dfs,identifier,0,12,5
95,245,245,(,operator,0,12,8
96,246,248,int,keyword,0,12,9
97,250,250,x,identifier,0,12,13
98,251,251,",",operator,0,12,14
99,252,254,int,keyword,0,12,15
100,256,256,f,identifier,0,12,19
101,257,257,),operator,0,12,20
102,259,259,{,operator,0,13,0
103,262,262,l,identifier,0,14,1
104,263,263,[,operator,0,14,2
105,264,264,x,identifier,0,14,3
106,265,265,],operator,0,14,4
107,266,266,=,operator,0,14,5
108,267,267,-,operator,0,14,6
109,268,270,inf,identifier,0,14,7
110,271,271,;,operator,0,14,10
111,272,272,r,identifier,0,14,11
112,273,273,[,operator,0,14,12
113,274,274,x,identifier,0,14,13
114,275,275,],operator,0,14,14
115,276,276,=,operator,0,14,15
116,277,279,inf,identifier,0,14,16
117,280,280,;,operator,0,14,19
118,281,281,s,identifier,0,14,20
119,282,282,[,operator,0,14,21
120,283,283,x,identifier,0,14,22
121,284,284,],operator,0,14,23
122,285,285,=,operator,0,14,24
123,286,286,-,operator,0,14,25
124,287,287,1,integer,0,14,26
125,288,288,;,operator,0,14,27
126,291,293,for,keyword,0,15,1
127,294,294,(,operator,0,15,4
128,295,297,int,keyword,0,15,5
129,299,299,i,identifier,0,15,9
130,300,300,=,operator,0,15,10
131,301,304,head,identifier,0,15,11
132,305,305,[,operator,0,15,15
133,306,306,x,identifier,0,15,16
134,307,307,],operator,0,15,17
135,308,308,;,operator,0,15,18
136,309,309,i,identifier,0,15,19
137,310,310,;,operator,0,15,20
138,311,311,i,identifier,0,15,21
139,312,312,=,operator,0,15,22
140,313,315,nxt,identifier,0,15,23
141,316,316,[,operator,0,15,26
142,317,317,i,identifier,0,15,27
143,318,318,],operator,0,15,28
144,319,319,),operator,0,15,29
145,322,322,{,operator,0,16,1
146,326,327,if,keyword,0,17,2
147,328,328,(,operator,0,17,4
148,329,331,ver,identifier,0,17,5
149,332,332,[,operator,0,17,8
150,333,333,i,identifier,0,17,9
151,334,334,],operator,0,17,10
152,335,336,==,operator,0,17,11
153,337,337,f,identifier,0,17,13
154,338,338,),operator,0,17,14
155,339,346,continue,keyword,0,17,15
156,347,347,;,operator,0,17,23
157,351,353,dfs,identifier,0,18,2
158,354,354,(,operator,0,18,5
159,355,357,ver,identifier,0,18,6
160,358,358,[,operator,0,18,9
161,359,359,i,identifier,0,18,10
162,360,360,],operator,0,18,11
163,361,361,",",operator,0,18,12
164,362,362,x,identifier,0,18,13
165,363,363,),operator,0,18,14
166,364,364,;,operator,0,18,15
167,368,368,l,identifier,0,19,2
168,369,369,[,operator,0,19,3
169,370,370,x,identifier,0,19,4
170,371,371,],operator,0,19,5
171,372,372,=,operator,0,19,6
172,373,375,max,identifier,0,19,7
173,376,376,(,operator,0,19,10
174,377,377,l,identifier,0,19,11
175,378,378,[,operator,0,19,12
176,379,379,x,identifier,0,19,13
177,380,380,],operator,0,19,14
178,381,381,",",operator,0,19,15
179,382,382,l,identifier,0,19,16
180,383,383,[,operator,0,19,17
181,384,386,ver,identifier,0,19,18
182,387,387,[,operator,0,19,21
183,388,388,i,identifier,0,19,22
184,389,389,],operator,0,19,23
185,390,390,],operator,0,19,24
186,391,391,-,operator,0,19,25
187,392,392,1,integer,0,19,26
188,393,393,),operator,0,19,27
189,394,394,;,operator,0,19,28
190,398,398,r,identifier,0,20,2
191,399,399,[,operator,0,20,3
192,400,400,x,identifier,0,20,4
193,401,401,],operator,0,20,5
194,402,402,=,operator,0,20,6
195,403,405,min,identifier,0,20,7
196,406,406,(,operator,0,20,10
197,407,407,r,identifier,0,20,11
198,408,408,[,operator,0,20,12
199,409,409,x,identifier,0,20,13
200,410,410,],operator,0,20,14
201,411,411,",",operator,0,20,15
202,412,412,r,identifier,0,20,16
203,413,413,[,operator,0,20,17
204,414,416,ver,identifier,0,20,18
205,417,417,[,operator,0,20,21
206,418,418,i,identifier,0,20,22
207,419,419,],operator,0,20,23
208,420,420,],operator,0,20,24
209,421,421,+,operator,0,20,25
210,422,422,1,integer,0,20,26
211,423,423,),operator,0,20,27
212,424,424,;,operator,0,20,28
213,428,429,if,keyword,0,21,2
214,430,430,(,operator,0,21,4
215,431,431,s,identifier,0,21,5
216,432,432,[,operator,0,21,6
217,433,435,ver,identifier,0,21,7
218,436,436,[,operator,0,21,10
219,437,437,i,identifier,0,21,11
220,438,438,],operator,0,21,12
221,439,439,],operator,0,21,13
222,440,441,"!=",operator,0,21,14
223,442,442,-,operator,0,21,16
224,443,443,1,integer,0,21,17
225,444,445,&&,operator,0,21,18
226,446,446,s,identifier,0,21,20
227,447,447,[,operator,0,21,21
228,448,448,x,identifier,0,21,22
229,449,449,],operator,0,21,23
230,450,451,==,operator,0,21,24
231,452,452,-,operator,0,21,26
232,453,453,1,integer,0,21,27
233,454,454,),operator,0,21,28
234,455,455,s,identifier,0,21,29
235,456,456,[,operator,0,21,30
236,457,457,x,identifier,0,21,31
237,458,458,],operator,0,21,32
238,459,459,=,operator,0,21,33
239,460,460,s,identifier,0,21,34
240,461,461,[,operator,0,21,35
241,462,464,ver,identifier,0,21,36
242,465,465,[,operator,0,21,39
243,466,466,i,identifier,0,21,40
244,467,467,],operator,0,21,41
245,468,468,],operator,0,21,42
246,469,469,^,operator,0,21,43
247,470,470,1,integer,0,21,44
248,471,471,;,operator,0,21,45
249,475,478,else,keyword,0,22,2
250,480,481,if,keyword,0,22,7
251,482,482,(,operator,0,22,9
252,483,483,s,identifier,0,22,10
253,484,484,[,operator,0,22,11
254,485,487,ver,identifier,0,22,12
255,488,488,[,operator,0,22,15
256,489,489,i,identifier,0,22,16
257,490,490,],operator,0,22,17
258,491,491,],operator,0,22,18
259,492,493,"!=",operator,0,22,19
260,494,494,-,operator,0,22,21
261,495,495,1,integer,0,22,22
262,496,497,&&,operator,0,22,23
263,498,498,s,identifier,0,22,25
264,499,499,[,operator,0,22,26
265,500,500,x,identifier,0,22,27
266,501,501,],operator,0,22,28
267,502,503,"!=",operator,0,22,29
268,504,504,(,operator,0,22,31
269,505,505,s,identifier,0,22,32
270,506,506,[,operator,0,22,33
271,507,509,ver,identifier,0,22,34
272,510,510,[,operator,0,22,37
273,511,511,i,identifier,0,22,38
274,512,512,],operator,0,22,39
275,513,513,],operator,0,22,40
276,514,514,^,operator,0,22,41
277,515,515,1,integer,0,22,42
278,516,516,),operator,0,22,43
279,517,517,),operator,0,22,44
280,518,521,flag,identifier,0,22,45
281,522,522,=,operator,0,22,49
282,523,523,1,integer,0,22,50
283,524,524,;,operator,0,22,51
284,527,527,},operator,0,23,1
285,530,531,if,keyword,0,24,1
286,532,532,(,operator,0,24,3
287,533,533,r,identifier,0,24,4
288,534,534,[,operator,0,24,5
289,535,535,x,identifier,0,24,6
290,536,536,],operator,0,24,7
291,537,537,<,operator,0,24,8
292,538,538,l,identifier,0,24,9
293,539,539,[,operator,0,24,10
294,540,540,x,identifier,0,24,11
295,541,541,],operator,0,24,12
296,542,542,),operator,0,24,13
297,543,546,flag,identifier,0,24,14
298,547,547,=,operator,0,24,18
299,548,548,1,integer,0,24,19
300,549,549,;,operator,0,24,20
301,552,553,if,keyword,0,25,1
302,554,554,(,operator,0,25,3
303,555,555,v,identifier,0,25,4
304,556,556,[,operator,0,25,5
305,557,557,x,identifier,0,25,6
306,558,558,],operator,0,25,7
307,559,560,"!=",operator,0,25,8
308,561,563,inf,identifier,0,25,10
309,564,564,),operator,0,25,13
310,567,567,{,operator,0,26,1
311,571,572,if,keyword,0,27,2
312,573,573,(,operator,0,27,4
313,574,574,l,identifier,0,27,5
314,575,575,[,operator,0,27,6
315,576,576,x,identifier,0,27,7
316,577,577,],operator,0,27,8
317,578,578,>,operator,0,27,9
318,579,579,v,identifier,0,27,10
319,580,580,[,operator,0,27,11
320,581,581,x,identifier,0,27,12
321,582,582,],operator,0,27,13
322,583,584,||,operator,0,27,14
323,585,585,r,identifier,0,27,16
324,586,586,[,operator,0,27,17
325,587,587,x,identifier,0,27,18
326,588,588,],operator,0,27,19
327,589,589,<,operator,0,27,20
328,590,590,v,identifier,0,27,21
329,591,591,[,operator,0,27,22
330,592,592,x,identifier,0,27,23
331,593,593,],operator,0,27,24
332,594,594,),operator,0,27,25
333,595,598,flag,identifier,0,27,26
334,599,599,=,operator,0,27,30
335,600,600,1,integer,0,27,31
336,601,601,;,operator,0,27,32
337,605,606,if,keyword,0,28,2
338,607,607,(,operator,0,28,4
339,608,608,s,identifier,0,28,5
340,609,609,[,operator,0,28,6
341,610,610,x,identifier,0,28,7
342,611,611,],operator,0,28,8
343,612,613,"!=",operator,0,28,9
344,614,614,-,operator,0,28,11
345,615,615,1,integer,0,28,12
346,616,617,&&,operator,0,28,13
347,618,618,s,identifier,0,28,15
348,619,619,[,operator,0,28,16
349,620,620,x,identifier,0,28,17
350,621,621,],operator,0,28,18
351,622,623,"!=",operator,0,28,19
352,624,624,v,identifier,0,28,21
353,625,625,[,operator,0,28,22
354,626,626,x,identifier,0,28,23
355,627,627,],operator,0,28,24
356,628,628,%,operator,0,28,25
357,629,629,2,integer,0,28,26
358,630,630,),operator,0,28,27
359,631,634,flag,identifier,0,28,28
360,635,635,=,operator,0,28,32
361,636,636,1,integer,0,28,33
362,637,637,;,operator,0,28,34
363,641,641,s,identifier,0,29,2
364,642,642,[,operator,0,29,3
365,643,643,x,identifier,0,29,4
366,644,644,],operator,0,29,5
367,645,645,=,operator,0,29,6
368,646,646,v,identifier,0,29,7
369,647,647,[,operator,0,29,8
370,648,648,x,identifier,0,29,9
371,649,649,],operator,0,29,10
372,650,650,%,operator,0,29,11
373,651,651,2,integer,0,29,12
374,652,652,;,operator,0,29,13
375,656,656,l,identifier,0,30,2
376,657,657,[,operator,0,30,3
377,658,658,x,identifier,0,30,4
378,659,659,],operator,0,30,5
379,660,660,=,operator,0,30,6
380,661,661,r,identifier,0,30,7
381,662,662,[,operator,0,30,8
382,663,663,x,identifier,0,30,9
383,664,664,],operator,0,30,10
384,665,665,=,operator,0,30,11
385,666,666,v,identifier,0,30,12
386,667,667,[,operator,0,30,13
387,668,668,x,identifier,0,30,14
388,669,669,],operator,0,30,15
389,670,670,;,operator,0,30,16
390,673,673,},operator,0,31,1
391,676,681,return,keyword,0,32,1
392,683,683,;,operator,0,32,8
393,685,685,},operator,0,33,0
394,687,690,void,keyword,0,34,0
395,692,695,dffs,identifier,0,34,5
396,696,696,(,operator,0,34,9
397,697,699,int,keyword,0,34,10
398,701,701,x,identifier,0,34,14
399,702,702,",",operator,0,34,15
400,703,705,int,keyword,0,34,16
401,707,707,f,identifier,0,34,20
402,708,708,),operator,0,34,21
403,710,710,{,operator,0,35,0
404,713,714,if,keyword,0,36,1
405,715,715,(,operator,0,36,3
406,716,716,v,identifier,0,36,4
407,717,717,[,operator,0,36,5
408,718,718,x,identifier,0,36,6
409,719,719,],operator,0,36,7
410,720,721,==,operator,0,36,8
411,722,724,inf,identifier,0,36,10
412,725,725,),operator,0,36,13
413,726,726,v,identifier,0,36,14
414,727,727,[,operator,0,36,15
415,728,728,x,identifier,0,36,16
416,729,729,],operator,0,36,17
417,730,730,=,operator,0,36,18
418,731,731,l,identifier,0,36,19
419,732,732,[,operator,0,36,20
420,733,733,x,identifier,0,36,21
421,734,734,],operator,0,36,22
422,735,735,;,operator,0,36,23
423,738,741,else,keyword,0,37,1
424,743,743,l,identifier,0,37,6
425,744,744,[,operator,0,37,7
426,745,745,x,identifier,0,37,8
427,746,746,],operator,0,37,9
428,747,747,=,operator,0,37,10
429,748,748,r,identifier,0,37,11
430,749,749,[,operator,0,37,12
431,750,750,x,identifier,0,37,13
432,751,751,],operator,0,37,14
433,752,752,=,operator,0,37,15
434,753,753,v,identifier,0,37,16
435,754,754,[,operator,0,37,17
436,755,755,x,identifier,0,37,18
437,756,756,],operator,0,37,19
438,757,757,;,operator,0,37,20
439,760,762,for,keyword,0,38,1
440,763,763,(,operator,0,38,4
441,764,766,int,keyword,0,38,5
442,768,768,i,identifier,0,38,9
443,769,769,=,operator,0,38,10
444,770,773,head,identifier,0,38,11
445,774,774,[,operator,0,38,15
446,775,775,x,identifier,0,38,16
447,776,776,],operator,0,38,17
448,777,777,;,operator,0,38,18
449,778,778,i,identifier,0,38,19
450,779,779,;,operator,0,38,20
451,780,780,i,identifier,0,38,21
452,781,781,=,operator,0,38,22
453,782,784,nxt,identifier,0,38,23
454,785,785,[,operator,0,38,26
455,786,786,i,identifier,0,38,27
456,787,787,],operator,0,38,28
457,788,788,),operator,0,38,29
458,791,791,{,operator,0,39,1
459,795,796,if,keyword,0,40,2
460,797,797,(,operator,0,40,4
461,798,800,ver,identifier,0,40,5
462,801,801,[,operator,0,40,8
463,802,802,i,identifier,0,40,9
464,803,803,],operator,0,40,10
465,804,805,==,operator,0,40,11
466,806,806,f,identifier,0,40,13
467,807,807,),operator,0,40,14
468,808,815,continue,keyword,0,40,15
469,816,816,;,operator,0,40,23
470,820,820,l,identifier,0,41,2
471,821,821,[,operator,0,41,3
472,822,824,ver,identifier,0,41,4
473,825,825,[,operator,0,41,7
474,826,826,i,identifier,0,41,8
475,827,827,],operator,0,41,9
476,828,828,],operator,0,41,10
477,829,829,=,operator,0,41,11
478,830,832,max,identifier,0,41,12
479,833,833,(,operator,0,41,15
480,834,834,l,identifier,0,41,16
481,835,835,[,operator,0,41,17
482,836,838,ver,identifier,0,41,18
483,839,839,[,operator,0,41,21
484,840,840,i,identifier,0,41,22
485,841,841,],operator,0,41,23
486,842,842,],operator,0,41,24
487,843,843,",",operator,0,41,25
488,844,844,v,identifier,0,41,26
489,845,845,[,operator,0,41,27
490,846,846,x,identifier,0,41,28
491,847,847,],operator,0,41,29
492,848,848,-,operator,0,41,30
493,849,849,1,integer,0,41,31
494,850,850,),operator,0,41,32
495,851,851,;,operator,0,41,33
496,855,855,r,identifier,0,42,2
497,856,856,[,operator,0,42,3
498,857,859,ver,identifier,0,42,4
499,860,860,[,operator,0,42,7
500,861,861,i,identifier,0,42,8
501,862,862,],operator,0,42,9
502,863,863,],operator,0,42,10
503,864,864,=,operator,0,42,11
504,865,867,min,identifier,0,42,12
505,868,868,(,operator,0,42,15
506,869,869,r,identifier,0,42,16
507,870,870,[,operator,0,42,17
508,871,873,ver,identifier,0,42,18
509,874,874,[,operator,0,42,21
510,875,875,i,identifier,0,42,22
511,876,876,],operator,0,42,23
512,877,877,],operator,0,42,24
513,878,878,",",operator,0,42,25
514,879,879,v,identifier,0,42,26
515,880,880,[,operator,0,42,27
516,881,881,x,identifier,0,42,28
517,882,882,],operator,0,42,29
518,883,883,+,operator,0,42,30
519,884,884,1,integer,0,42,31
520,885,885,),operator,0,42,32
521,886,886,;,operator,0,42,33
522,890,893,dffs,identifier,0,43,2
523,894,894,(,operator,0,43,6
524,895,897,ver,identifier,0,43,7
525,898,898,[,operator,0,43,10
526,899,899,i,identifier,0,43,11
527,900,900,],operator,0,43,12
528,901,901,",",operator,0,43,13
529,902,902,x,identifier,0,43,14
530,903,903,),operator,0,43,15
531,904,904,;,operator,0,43,16
532,907,907,},operator,0,44,1
533,909,909,},operator,0,45,0
534,911,913,int,keyword,0,46,0
535,915,918,main,identifier,0,46,4
536,919,919,(,operator,0,46,8
537,920,920,),operator,0,46,9
538,922,922,{,operator,0,47,0
539,925,929,scanf,identifier,0,48,1
540,930,930,(,operator,0,48,6
541,931,934,"""%d""",string,0,48,7
542,935,935,",",operator,0,48,11
543,936,936,&,operator,0,48,12
544,937,937,n,identifier,0,48,13
545,938,938,),operator,0,48,14
546,939,939,;,operator,0,48,15
547,940,942,int,keyword,0,48,16
548,944,945,t1,identifier,0,48,20
549,946,946,",",operator,0,48,22
550,947,948,t2,identifier,0,48,23
551,949,949,;,operator,0,48,25
552,952,954,for,keyword,0,49,1
553,955,955,(,operator,0,49,4
554,956,958,int,keyword,0,49,5
555,960,960,i,identifier,0,49,9
556,961,961,=,operator,0,49,10
557,962,962,1,integer,0,49,11
558,963,963,;,operator,0,49,12
559,964,964,i,identifier,0,49,13
560,965,965,<,operator,0,49,14
561,966,966,n,identifier,0,49,15
562,967,967,;,operator,0,49,16
563,968,968,i,identifier,0,49,17
564,969,970,++,operator,0,49,18
565,971,971,),operator,0,49,20
566,974,974,{,operator,0,50,1
567,978,982,scanf,identifier,0,51,2
568,983,983,(,operator,0,51,7
569,984,989,"""%d%d""",string,0,51,8
570,990,990,",",operator,0,51,14
571,991,991,&,operator,0,51,15
572,992,993,t1,identifier,0,51,16
573,994,994,",",operator,0,51,18
574,995,995,&,operator,0,51,19
575,996,997,t2,identifier,0,51,20
576,998,998,),operator,0,51,22
577,999,999,;,operator,0,51,23
578,1003,1005,add,identifier,0,52,2
579,1006,1006,(,operator,0,52,5
580,1007,1008,t1,identifier,0,52,6
581,1009,1009,",",operator,0,52,8
582,1010,1011,t2,identifier,0,52,9
583,1012,1012,),operator,0,52,11
584,1013,1013,;,operator,0,52,12
585,1014,1016,add,identifier,0,52,13
586,1017,1017,(,operator,0,52,16
587,1018,1019,t2,identifier,0,52,17
588,1020,1020,",",operator,0,52,19
589,1021,1022,t1,identifier,0,52,20
590,1023,1023,),operator,0,52,22
591,1024,1024,;,operator,0,52,23
592,1027,1027,},operator,0,53,1
593,1030,1034,scanf,identifier,0,54,1
594,1035,1035,(,operator,0,54,6
595,1036,1039,"""%d""",string,0,54,7
596,1040,1040,",",operator,0,54,11
597,1041,1041,&,operator,0,54,12
598,1042,1042,k,identifier,0,54,13
599,1043,1043,),operator,0,54,14
600,1044,1044,;,operator,0,54,15
601,1047,1052,memset,identifier,0,55,1
602,1053,1053,(,operator,0,55,7
603,1054,1054,v,identifier,0,55,8
604,1055,1055,",",operator,0,55,9
605,1056,1059,0x3f,integer,0,55,10
606,1060,1060,",",operator,0,55,14
607,1061,1066,sizeof,keyword,0,55,15
608,1067,1067,(,operator,0,55,21
609,1068,1068,v,identifier,0,55,22
610,1069,1069,),operator,0,55,23
611,1070,1070,),operator,0,55,24
612,1071,1071,;,operator,0,55,25
613,1074,1076,for,keyword,0,56,1
614,1077,1077,(,operator,0,56,4
615,1078,1080,int,keyword,0,56,5
616,1082,1082,i,identifier,0,56,9
617,1083,1083,=,operator,0,56,10
618,1084,1084,1,integer,0,56,11
619,1085,1085,;,operator,0,56,12
620,1086,1086,i,identifier,0,56,13
621,1087,1088,<=,operator,0,56,14
622,1089,1089,k,identifier,0,56,16
623,1090,1090,;,operator,0,56,17
624,1091,1091,i,identifier,0,56,18
625,1092,1093,++,operator,0,56,19
626,1094,1094,),operator,0,56,21
627,1097,1097,{,operator,0,57,1
628,1101,1105,scanf,identifier,0,58,2
629,1106,1106,(,operator,0,58,7
630,1107,1112,"""%d%d""",string,0,58,8
631,1113,1113,",",operator,0,58,14
632,1114,1114,&,operator,0,58,15
633,1115,1116,t1,identifier,0,58,16
634,1117,1117,",",operator,0,58,18
635,1118,1118,&,operator,0,58,19
636,1119,1120,t2,identifier,0,58,20
637,1121,1121,),operator,0,58,22
638,1122,1122,;,operator,0,58,23
639,1126,1126,v,identifier,0,59,2
640,1127,1127,[,operator,0,59,3
641,1128,1129,t1,identifier,0,59,4
642,1130,1130,],operator,0,59,6
643,1131,1131,=,operator,0,59,7
644,1132,1133,t2,identifier,0,59,8
645,1134,1134,;,operator,0,59,10
646,1137,1137,},operator,0,60,1
647,1140,1142,dfs,identifier,0,61,1
648,1143,1143,(,operator,0,61,4
649,1144,1144,1,integer,0,61,5
650,1145,1145,",",operator,0,61,6
651,1146,1146,-,operator,0,61,7
652,1147,1147,1,integer,0,61,8
653,1148,1148,),operator,0,61,9
654,1149,1149,;,operator,0,61,10
655,1152,1153,if,keyword,0,62,1
656,1154,1154,(,operator,0,62,3
657,1155,1158,flag,identifier,0,62,4
658,1159,1159,),operator,0,62,8
659,1162,1162,{,operator,0,63,1
660,1166,1169,puts,identifier,0,64,2
661,1170,1170,(,operator,0,64,6
662,1171,1174,"""No""",string,0,64,7
663,1175,1175,),operator,0,64,11
664,1176,1176,;,operator,0,64,12
665,1179,1179,},operator,0,65,1
666,1182,1185,else,keyword,0,66,1
667,1188,1188,{,operator,0,67,1
668,1192,1195,puts,identifier,0,68,2
669,1196,1196,(,operator,0,68,6
670,1197,1201,"""Yes""",string,0,68,7
671,1202,1202,),operator,0,68,12
672,1203,1203,;,operator,0,68,13
673,1207,1210,dffs,identifier,0,69,2
674,1211,1211,(,operator,0,69,6
675,1212,1212,1,integer,0,69,7
676,1213,1213,",",operator,0,69,8
677,1214,1214,-,operator,0,69,9
678,1215,1215,1,integer,0,69,10
679,1216,1216,),operator,0,69,11
680,1217,1217,;,operator,0,69,12
681,1221,1223,for,keyword,0,70,2
682,1224,1224,(,operator,0,70,5
683,1225,1227,int,keyword,0,70,6
684,1229,1229,i,identifier,0,70,10
685,1230,1230,=,operator,0,70,11
686,1231,1231,1,integer,0,70,12
687,1232,1232,;,operator,0,70,13
688,1233,1233,i,identifier,0,70,14
689,1234,1235,<=,operator,0,70,15
690,1236,1236,n,identifier,0,70,17
691,1237,1237,;,operator,0,70,18
692,1238,1238,i,identifier,0,70,19
693,1239,1240,++,operator,0,70,20
694,1241,1241,),operator,0,70,22
695,1245,1245,{,operator,0,71,2
696,1250,1255,printf,identifier,0,72,3
697,1256,1256,(,operator,0,72,9
698,1257,1262,"""%d\n""",string,0,72,10
699,1263,1263,",",operator,0,72,16
700,1264,1264,v,identifier,0,72,17
701,1265,1265,[,operator,0,72,18
702,1266,1266,i,identifier,0,72,19
703,1267,1267,],operator,0,72,20
704,1268,1268,),operator,0,72,21
705,1269,1269,;,operator,0,72,22
706,1273,1273,},operator,0,73,2
707,1276,1276,},operator,0,74,1
708,1279,1284,return,keyword,0,75,1
709,1286,1286,0,integer,0,75,8
710,1287,1287,;,operator,0,75,9
711,1289,1289,},operator,0,76,0
712,1290,1289,<EOF>,eof,0,76,1
