seqnr,start,stop,text,class,channel,line,column
0,0,23,"#include <bits/stdc++.h>",directive,1,1,0
1,25,29,using,keyword,0,2,0
2,31,39,namespace,keyword,0,2,6
3,41,43,std,identifier,0,2,16
4,44,44,;,operator,0,2,19
5,46,52,typedef,keyword,0,3,0
6,54,57,long,keyword,0,3,8
7,59,62,long,keyword,0,3,13
8,64,65,ll,identifier,0,3,18
9,66,66,;,operator,0,3,20
10,68,74,typedef,keyword,0,4,0
11,76,79,pair,identifier,0,4,8
12,80,80,<,operator,0,4,12
13,81,83,int,keyword,0,4,13
14,84,84,",",operator,0,4,16
15,85,87,int,keyword,0,4,17
16,88,88,>,operator,0,4,20
17,90,92,pii,identifier,0,4,22
18,93,93,;,operator,0,4,25
19,95,99,const,keyword,0,5,0
20,101,103,int,keyword,0,5,6
21,105,108,maxn,identifier,0,5,10
22,109,109,=,operator,0,5,14
23,110,112,1e6,floating,0,5,15
24,113,113,+,operator,0,5,18
25,114,114,5,integer,0,5,19
26,115,115,;,operator,0,5,20
27,117,119,int,keyword,0,6,0
28,121,124,main,identifier,0,6,4
29,125,125,(,operator,0,6,8
30,126,126,),operator,0,6,9
31,128,128,{,operator,0,6,11
32,134,136,int,keyword,0,7,4
33,138,138,n,identifier,0,7,8
34,139,139,",",operator,0,7,9
35,140,140,k,identifier,0,7,10
36,141,141,;,operator,0,7,11
37,142,144,cin,identifier,0,7,12
38,145,145,>,operator,0,7,15
39,146,146,>,operator,0,7,16
40,147,147,n,identifier,0,7,17
41,148,148,;,operator,0,7,18
42,154,159,vector,identifier,0,8,4
43,160,160,<,operator,0,8,10
44,161,166,vector,identifier,0,8,11
45,167,167,<,operator,0,8,17
46,168,170,int,keyword,0,8,18
47,171,171,>,operator,0,8,21
48,172,172,>,operator,0,8,22
49,174,177,edge,identifier,0,8,24
50,178,178,(,operator,0,8,28
51,179,179,n,identifier,0,8,29
52,180,180,+,operator,0,8,30
53,181,181,1,integer,0,8,31
54,182,182,),operator,0,8,32
55,183,183,;,operator,0,8,33
56,189,191,for,keyword,0,9,4
57,192,192,(,operator,0,9,7
58,193,195,int,keyword,0,9,8
59,197,197,i,identifier,0,9,12
60,198,198,=,operator,0,9,13
61,199,199,1,integer,0,9,14
62,200,200,;,operator,0,9,15
63,201,201,i,identifier,0,9,16
64,202,202,<,operator,0,9,17
65,203,203,n,identifier,0,9,18
66,204,204,;,operator,0,9,19
67,205,205,i,identifier,0,9,20
68,206,207,++,operator,0,9,21
69,208,208,),operator,0,9,23
70,210,210,{,operator,0,9,25
71,217,219,int,keyword,0,10,5
72,221,221,u,identifier,0,10,9
73,222,222,",",operator,0,10,10
74,223,223,v,identifier,0,10,11
75,224,224,;,operator,0,10,12
76,225,227,cin,identifier,0,10,13
77,228,228,>,operator,0,10,16
78,229,229,>,operator,0,10,17
79,230,230,v,identifier,0,10,18
80,231,231,>,operator,0,10,19
81,232,232,>,operator,0,10,20
82,233,233,u,identifier,0,10,21
83,234,234,;,operator,0,10,22
84,241,244,edge,identifier,0,11,5
85,245,245,[,operator,0,11,9
86,246,246,v,identifier,0,11,10
87,247,247,],operator,0,11,11
88,248,248,.,operator,0,11,12
89,249,257,push_back,identifier,0,11,13
90,258,258,(,operator,0,11,22
91,259,259,u,identifier,0,11,23
92,260,260,),operator,0,11,24
93,261,261,;,operator,0,11,25
94,268,271,edge,identifier,0,12,5
95,272,272,[,operator,0,12,9
96,273,273,u,identifier,0,12,10
97,274,274,],operator,0,12,11
98,275,275,.,operator,0,12,12
99,276,284,push_back,identifier,0,12,13
100,285,285,(,operator,0,12,22
101,286,286,v,identifier,0,12,23
102,287,287,),operator,0,12,24
103,288,288,;,operator,0,12,25
104,294,294,},operator,0,13,4
105,300,302,cin,identifier,0,14,4
106,303,303,>,operator,0,14,7
107,304,304,>,operator,0,14,8
108,305,305,k,identifier,0,14,9
109,306,306,;,operator,0,14,10
110,312,317,vector,identifier,0,15,4
111,318,318,<,operator,0,15,10
112,319,321,int,keyword,0,15,11
113,322,322,>,operator,0,15,14
114,324,324,l,identifier,0,15,16
115,325,325,(,operator,0,15,17
116,326,326,n,identifier,0,15,18
117,327,327,+,operator,0,15,19
118,328,328,1,integer,0,15,20
119,329,329,),operator,0,15,21
120,330,330,",",operator,0,15,22
121,331,331,r,identifier,0,15,23
122,332,332,(,operator,0,15,24
123,333,333,n,identifier,0,15,25
124,334,334,+,operator,0,15,26
125,335,335,1,integer,0,15,27
126,336,336,),operator,0,15,28
127,337,337,",",operator,0,15,29
128,338,338,w,identifier,0,15,30
129,339,339,(,operator,0,15,31
130,340,340,n,identifier,0,15,32
131,341,341,+,operator,0,15,33
132,342,342,1,integer,0,15,34
133,343,343,),operator,0,15,35
134,344,344,",",operator,0,15,36
135,345,347,has,identifier,0,15,37
136,348,348,(,operator,0,15,40
137,349,349,n,identifier,0,15,41
138,350,350,+,operator,0,15,42
139,351,351,1,integer,0,15,43
140,352,352,),operator,0,15,44
141,353,353,;,operator,0,15,45
142,359,361,int,keyword,0,16,4
143,363,366,root,identifier,0,16,8
144,367,367,;,operator,0,16,12
145,369,371,for,keyword,0,16,14
146,372,372,(,operator,0,16,17
147,373,375,int,keyword,0,16,18
148,377,377,i,identifier,0,16,22
149,378,378,=,operator,0,16,23
150,379,379,1,integer,0,16,24
151,380,380,;,operator,0,16,25
152,381,381,i,identifier,0,16,26
153,382,383,<=,operator,0,16,27
154,384,384,k,identifier,0,16,29
155,385,385,;,operator,0,16,30
156,386,386,i,identifier,0,16,31
157,387,388,++,operator,0,16,32
158,389,389,),operator,0,16,34
159,391,393,cin,identifier,0,16,36
160,394,394,>,operator,0,16,39
161,395,395,>,operator,0,16,40
162,396,399,root,identifier,0,16,41
163,400,400,>,operator,0,16,45
164,401,401,>,operator,0,16,46
165,402,402,w,identifier,0,16,47
166,403,403,[,operator,0,16,48
167,404,407,root,identifier,0,16,49
168,408,408,],operator,0,16,53
169,409,409,",",operator,0,16,54
170,410,412,has,identifier,0,16,55
171,413,413,[,operator,0,16,58
172,414,417,root,identifier,0,16,59
173,418,418,],operator,0,16,63
174,419,419,=,operator,0,16,64
175,420,420,1,integer,0,16,65
176,421,421,;,operator,0,16,66
177,427,429,std,identifier,0,17,4
178,430,431,::,operator,0,17,7
179,432,439,function,identifier,0,17,9
180,440,440,<,operator,0,17,17
181,441,444,bool,keyword,0,17,18
182,445,445,(,operator,0,17,22
183,446,448,int,keyword,0,17,23
184,449,449,",",operator,0,17,26
185,450,452,int,keyword,0,17,27
186,453,453,",",operator,0,17,30
187,454,456,int,keyword,0,17,31
188,457,457,),operator,0,17,34
189,458,458,>,operator,0,17,35
190,460,462,dfs,identifier,0,17,37
191,463,463,=,operator,0,17,40
192,464,464,[,operator,0,17,41
193,465,465,&,operator,0,17,42
194,466,466,],operator,0,17,43
195,467,467,(,operator,0,17,44
196,468,470,int,keyword,0,17,45
197,472,472,u,identifier,0,17,49
198,473,473,",",operator,0,17,50
199,474,476,int,keyword,0,17,51
200,478,479,fa,identifier,0,17,55
201,480,480,",",operator,0,17,57
202,481,484,bool,keyword,0,17,58
203,486,488,odd,identifier,0,17,63
204,489,489,),operator,0,17,66
205,491,491,{,operator,0,17,68
206,498,499,if,keyword,0,18,5
207,500,500,(,operator,0,18,7
208,501,503,has,identifier,0,18,8
209,504,504,[,operator,0,18,11
210,505,505,u,identifier,0,18,12
211,506,506,],operator,0,18,13
212,507,507,),operator,0,18,14
213,509,509,{,operator,0,18,16
214,510,511,if,keyword,0,18,17
215,512,512,(,operator,0,18,19
216,513,513,w,identifier,0,18,20
217,514,514,[,operator,0,18,21
218,515,515,u,identifier,0,18,22
219,516,516,],operator,0,18,23
220,517,517,%,operator,0,18,24
221,518,518,2,integer,0,18,25
222,519,520,"!=",operator,0,18,26
223,521,523,odd,identifier,0,18,28
224,524,525,||,operator,0,18,31
225,526,526,w,identifier,0,18,33
226,527,527,[,operator,0,18,34
227,528,528,u,identifier,0,18,35
228,529,529,],operator,0,18,36
229,530,530,<,operator,0,18,37
230,531,531,l,identifier,0,18,38
231,532,532,[,operator,0,18,39
232,533,534,fa,identifier,0,18,40
233,535,535,],operator,0,18,42
234,536,536,-,operator,0,18,43
235,537,537,1,integer,0,18,44
236,538,539,||,operator,0,18,45
237,540,540,w,identifier,0,18,47
238,541,541,[,operator,0,18,48
239,542,542,u,identifier,0,18,49
240,543,543,],operator,0,18,50
241,544,544,>,operator,0,18,51
242,545,545,r,identifier,0,18,52
243,546,546,[,operator,0,18,53
244,547,548,fa,identifier,0,18,54
245,549,549,],operator,0,18,56
246,550,550,+,operator,0,18,57
247,551,551,1,integer,0,18,58
248,552,552,),operator,0,18,59
249,554,559,return,keyword,0,18,61
250,561,565,false,keyword,0,18,68
251,566,566,;,operator,0,18,73
252,567,567,l,identifier,0,18,74
253,568,568,[,operator,0,18,75
254,569,569,u,identifier,0,18,76
255,570,570,],operator,0,18,77
256,571,571,=,operator,0,18,78
257,572,572,r,identifier,0,18,79
258,573,573,[,operator,0,18,80
259,574,574,u,identifier,0,18,81
260,575,575,],operator,0,18,82
261,576,576,=,operator,0,18,83
262,577,577,w,identifier,0,18,84
263,578,578,[,operator,0,18,85
264,579,579,u,identifier,0,18,86
265,580,580,],operator,0,18,87
266,581,581,;,operator,0,18,88
267,582,582,},operator,0,18,89
268,589,592,else,keyword,0,19,5
269,594,594,{,operator,0,19,10
270,595,595,l,identifier,0,19,11
271,596,596,[,operator,0,19,12
272,597,597,u,identifier,0,19,13
273,598,598,],operator,0,19,14
274,599,599,=,operator,0,19,15
275,600,600,l,identifier,0,19,16
276,601,601,[,operator,0,19,17
277,602,603,fa,identifier,0,19,18
278,604,604,],operator,0,19,20
279,605,605,-,operator,0,19,21
280,606,606,1,integer,0,19,22
281,607,607,;,operator,0,19,23
282,608,608,r,identifier,0,19,24
283,609,609,[,operator,0,19,25
284,610,610,u,identifier,0,19,26
285,611,611,],operator,0,19,27
286,612,612,=,operator,0,19,28
287,613,613,r,identifier,0,19,29
288,614,614,[,operator,0,19,30
289,615,616,fa,identifier,0,19,31
290,617,617,],operator,0,19,33
291,618,618,+,operator,0,19,34
292,619,619,1,integer,0,19,35
293,620,620,;,operator,0,19,36
294,621,621,},operator,0,19,37
295,628,630,for,keyword,0,20,5
296,631,631,(,operator,0,20,8
297,632,635,auto,keyword,0,20,9
298,637,637,v,identifier,0,20,14
299,638,638,:,operator,0,20,15
300,639,642,edge,identifier,0,20,16
301,643,643,[,operator,0,20,20
302,644,644,u,identifier,0,20,21
303,645,645,],operator,0,20,22
304,646,646,),operator,0,20,23
305,648,648,{,operator,0,20,25
306,656,657,if,keyword,0,21,6
307,658,658,(,operator,0,21,8
308,659,659,v,identifier,0,21,9
309,660,661,==,operator,0,21,10
310,662,663,fa,identifier,0,21,12
311,664,664,),operator,0,21,14
312,666,673,continue,keyword,0,21,16
313,674,674,;,operator,0,21,24
314,682,683,if,keyword,0,22,6
315,684,684,(,operator,0,22,8
316,685,685,"!",operator,0,22,9
317,686,688,dfs,identifier,0,22,10
318,689,689,(,operator,0,22,13
319,690,690,v,identifier,0,22,14
320,691,691,",",operator,0,22,15
321,692,692,u,identifier,0,22,16
322,693,693,",",operator,0,22,17
323,694,696,odd,identifier,0,22,18
324,697,697,^,operator,0,22,21
325,698,698,1,integer,0,22,22
326,699,699,),operator,0,22,23
327,700,700,),operator,0,22,24
328,702,707,return,keyword,0,22,26
329,709,713,false,keyword,0,22,33
330,714,714,;,operator,0,22,38
331,722,722,l,identifier,0,23,6
332,723,723,[,operator,0,23,7
333,724,724,u,identifier,0,23,8
334,725,725,],operator,0,23,9
335,726,726,=,operator,0,23,10
336,727,729,max,identifier,0,23,11
337,730,730,(,operator,0,23,14
338,731,731,l,identifier,0,23,15
339,732,732,[,operator,0,23,16
340,733,733,u,identifier,0,23,17
341,734,734,],operator,0,23,18
342,735,735,",",operator,0,23,19
343,736,736,l,identifier,0,23,20
344,737,737,[,operator,0,23,21
345,738,738,v,identifier,0,23,22
346,739,739,],operator,0,23,23
347,740,740,-,operator,0,23,24
348,741,741,1,integer,0,23,25
349,742,742,),operator,0,23,26
350,743,743,;,operator,0,23,27
351,751,751,r,identifier,0,24,6
352,752,752,[,operator,0,24,7
353,753,753,u,identifier,0,24,8
354,754,754,],operator,0,24,9
355,755,755,=,operator,0,24,10
356,756,758,min,identifier,0,24,11
357,759,759,(,operator,0,24,14
358,760,760,r,identifier,0,24,15
359,761,761,[,operator,0,24,16
360,762,762,u,identifier,0,24,17
361,763,763,],operator,0,24,18
362,764,764,",",operator,0,24,19
363,765,765,r,identifier,0,24,20
364,766,766,[,operator,0,24,21
365,767,767,v,identifier,0,24,22
366,768,768,],operator,0,24,23
367,769,769,+,operator,0,24,24
368,770,770,1,integer,0,24,25
369,771,771,),operator,0,24,26
370,772,772,;,operator,0,24,27
371,779,779,},operator,0,25,5
372,786,787,if,keyword,0,26,5
373,788,788,(,operator,0,26,7
374,789,789,r,identifier,0,26,8
375,790,790,[,operator,0,26,9
376,791,791,u,identifier,0,26,10
377,792,792,],operator,0,26,11
378,793,793,<,operator,0,26,12
379,794,794,l,identifier,0,26,13
380,795,795,[,operator,0,26,14
381,796,796,u,identifier,0,26,15
382,797,797,],operator,0,26,16
383,798,799,||,operator,0,26,17
384,800,800,(,operator,0,26,19
385,801,801,r,identifier,0,26,20
386,802,802,[,operator,0,26,21
387,803,803,u,identifier,0,26,22
388,804,804,],operator,0,26,23
389,805,806,==,operator,0,26,24
390,807,807,l,identifier,0,26,26
391,808,808,[,operator,0,26,27
392,809,809,u,identifier,0,26,28
393,810,810,],operator,0,26,29
394,811,812,&&,operator,0,26,30
395,813,813,l,identifier,0,26,32
396,814,814,[,operator,0,26,33
397,815,815,u,identifier,0,26,34
398,816,816,],operator,0,26,35
399,817,817,%,operator,0,26,36
400,818,818,2,integer,0,26,37
401,819,820,"!=",operator,0,26,38
402,821,823,odd,identifier,0,26,40
403,824,824,),operator,0,26,43
404,825,825,),operator,0,26,44
405,827,832,return,keyword,0,26,46
406,834,838,false,keyword,0,26,53
407,839,839,;,operator,0,26,58
408,846,846,w,identifier,0,27,5
409,847,847,[,operator,0,27,6
410,848,848,u,identifier,0,27,7
411,849,849,],operator,0,27,8
412,850,850,=,operator,0,27,9
413,851,851,l,identifier,0,27,10
414,852,852,[,operator,0,27,11
415,853,853,u,identifier,0,27,12
416,854,854,],operator,0,27,13
417,855,855,+,operator,0,27,14
418,856,856,(,operator,0,27,15
419,857,859,abs,identifier,0,27,16
420,860,860,(,operator,0,27,19
421,861,861,l,identifier,0,27,20
422,862,862,[,operator,0,27,21
423,863,863,u,identifier,0,27,22
424,864,864,],operator,0,27,23
425,865,865,%,operator,0,27,24
426,866,866,2,integer,0,27,25
427,867,867,),operator,0,27,26
428,868,869,"!=",operator,0,27,27
429,870,872,odd,identifier,0,27,29
430,873,873,),operator,0,27,32
431,874,874,;,operator,0,27,33
432,881,886,return,keyword,0,28,5
433,888,891,true,keyword,0,28,12
434,892,892,;,operator,0,28,16
435,898,898,},operator,0,29,4
436,899,899,;,operator,0,29,5
437,905,905,l,identifier,0,30,4
438,906,906,[,operator,0,30,5
439,907,907,0,integer,0,30,6
440,908,908,],operator,0,30,7
441,909,909,=,operator,0,30,8
442,910,910,-,operator,0,30,9
443,911,913,1e9,floating,0,30,10
444,914,914,;,operator,0,30,13
445,915,915,r,identifier,0,30,14
446,916,916,[,operator,0,30,15
447,917,917,0,integer,0,30,16
448,918,918,],operator,0,30,17
449,919,919,=,operator,0,30,18
450,920,922,1e9,floating,0,30,19
451,923,923,;,operator,0,30,22
452,929,930,if,keyword,0,31,4
453,931,931,(,operator,0,31,6
454,932,932,"!",operator,0,31,7
455,933,935,dfs,identifier,0,31,8
456,936,936,(,operator,0,31,11
457,937,940,root,identifier,0,31,12
458,941,941,",",operator,0,31,16
459,942,942,0,integer,0,31,17
460,943,943,",",operator,0,31,18
461,944,944,w,identifier,0,31,19
462,945,945,[,operator,0,31,20
463,946,949,root,identifier,0,31,21
464,950,950,],operator,0,31,25
465,951,951,%,operator,0,31,26
466,952,952,2,integer,0,31,27
467,953,953,),operator,0,31,28
468,954,954,),operator,0,31,29
469,956,961,return,keyword,0,31,31
470,963,966,cout,identifier,0,31,38
471,967,967,<,operator,0,31,42
472,968,968,<,operator,0,31,43
473,969,974,"""No\n""",string,0,31,44
474,975,975,",",operator,0,31,50
475,976,976,0,integer,0,31,51
476,977,977,;,operator,0,31,52
477,983,986,puts,identifier,0,32,4
478,987,987,(,operator,0,32,8
479,988,992,"""Yes""",string,0,32,9
480,993,993,),operator,0,32,14
481,994,994,;,operator,0,32,15
482,1000,1002,for,keyword,0,33,4
483,1003,1003,(,operator,0,33,7
484,1004,1006,int,keyword,0,33,8
485,1008,1008,i,identifier,0,33,12
486,1009,1009,=,operator,0,33,13
487,1010,1010,1,integer,0,33,14
488,1011,1011,;,operator,0,33,15
489,1012,1012,i,identifier,0,33,16
490,1013,1014,<=,operator,0,33,17
491,1015,1015,n,identifier,0,33,19
492,1016,1016,;,operator,0,33,20
493,1017,1017,i,identifier,0,33,21
494,1018,1019,++,operator,0,33,22
495,1020,1020,),operator,0,33,24
496,1022,1025,cout,identifier,0,33,26
497,1026,1026,<,operator,0,33,30
498,1027,1027,<,operator,0,33,31
499,1028,1028,w,identifier,0,33,32
500,1029,1029,[,operator,0,33,33
501,1030,1030,i,identifier,0,33,34
502,1031,1031,],operator,0,33,35
503,1032,1032,<,operator,0,33,36
504,1033,1033,<,operator,0,33,37
505,1034,1037,endl,identifier,0,33,38
506,1038,1038,;,operator,0,33,42
507,1044,1049,return,keyword,0,34,4
508,1051,1051,0,integer,0,34,11
509,1052,1052,;,operator,0,34,12
510,1054,1054,},operator,0,35,0
511,1055,1054,<EOF>,eof,0,35,1
