seqnr,start,stop,text,class,channel,line,column
0,0,16,"#include <cstdio>",directive,1,1,0
1,18,35,"#include <cstring>",directive,1,2,0
2,37,56,"#include <algorithm>",directive,1,3,0
3,59,63,using,keyword,0,5,0
4,65,73,namespace,keyword,0,5,6
5,75,77,std,identifier,0,5,16
6,78,78,;,operator,0,5,19
7,81,85,const,keyword,0,7,0
8,87,89,int,keyword,0,7,6
9,91,94,maxn,identifier,0,7,10
10,96,96,=,operator,0,7,15
11,98,103,100005,integer,0,7,17
12,104,104,;,operator,0,7,23
13,107,109,int,keyword,0,9,0
14,111,111,n,identifier,0,9,4
15,112,112,",",operator,0,9,5
16,114,114,k,identifier,0,9,7
17,115,115,;,operator,0,9,8
18,118,123,struct,keyword,0,11,0
19,125,128,Edge,identifier,0,11,7
20,130,130,{,operator,0,12,0
21,133,135,int,keyword,0,13,1
22,137,138,to,identifier,0,13,5
23,139,139,",",operator,0,13,7
24,141,143,nxt,identifier,0,13,9
25,144,144,;,operator,0,13,12
26,146,146,},operator,0,14,0
27,148,148,e,identifier,0,14,2
28,149,149,[,operator,0,14,3
29,150,153,maxn,identifier,0,14,4
30,155,155,<,operator,0,14,9
31,156,156,<,operator,0,14,10
32,158,158,1,integer,0,14,12
33,159,159,],operator,0,14,13
34,160,160,;,operator,0,14,14
35,163,165,int,keyword,0,16,0
36,167,171,first,identifier,0,16,4
37,172,172,[,operator,0,16,9
38,173,176,maxn,identifier,0,16,10
39,177,177,],operator,0,16,14
40,178,178,;,operator,0,16,15
41,181,186,inline,keyword,0,18,0
42,188,191,void,keyword,0,18,7
43,193,200,add_edge,identifier,0,18,12
44,201,201,(,operator,0,18,20
45,202,204,int,keyword,0,18,21
46,206,209,from,identifier,0,18,25
47,210,210,",",operator,0,18,29
48,212,214,int,keyword,0,18,31
49,216,217,to,identifier,0,18,35
50,218,218,),operator,0,18,37
51,220,220,{,operator,0,19,0
52,223,228,static,keyword,0,20,1
53,230,232,int,keyword,0,20,8
54,234,236,cnt,identifier,0,20,12
55,238,238,=,operator,0,20,16
56,240,240,0,integer,0,20,18
57,241,241,;,operator,0,20,19
58,244,244,e,identifier,0,21,1
59,245,245,[,operator,0,21,2
60,246,247,++,operator,0,21,3
61,248,250,cnt,identifier,0,21,5
62,251,251,],operator,0,21,8
63,252,252,.,operator,0,21,9
64,253,255,nxt,identifier,0,21,10
65,257,257,=,operator,0,21,14
66,259,263,first,identifier,0,21,16
67,264,264,[,operator,0,21,21
68,265,268,from,identifier,0,21,22
69,269,269,],operator,0,21,26
70,270,270,;,operator,0,21,27
71,273,277,first,identifier,0,22,1
72,278,278,[,operator,0,22,6
73,279,282,from,identifier,0,22,7
74,283,283,],operator,0,22,11
75,285,285,=,operator,0,22,13
76,287,289,cnt,identifier,0,22,15
77,290,290,;,operator,0,22,18
78,293,293,e,identifier,0,23,1
79,294,294,[,operator,0,23,2
80,295,297,cnt,identifier,0,23,3
81,298,298,],operator,0,23,6
82,299,299,.,operator,0,23,7
83,300,301,to,identifier,0,23,8
84,303,303,=,operator,0,23,11
85,305,306,to,identifier,0,23,13
86,307,307,;,operator,0,23,15
87,310,310,e,identifier,0,24,1
88,311,311,[,operator,0,24,2
89,312,313,++,operator,0,24,3
90,314,316,cnt,identifier,0,24,5
91,317,317,],operator,0,24,8
92,318,318,.,operator,0,24,9
93,319,321,nxt,identifier,0,24,10
94,323,323,=,operator,0,24,14
95,325,329,first,identifier,0,24,16
96,330,330,[,operator,0,24,21
97,331,332,to,identifier,0,24,22
98,333,333,],operator,0,24,24
99,334,334,;,operator,0,24,25
100,337,341,first,identifier,0,25,1
101,342,342,[,operator,0,25,6
102,343,344,to,identifier,0,25,7
103,345,345,],operator,0,25,9
104,347,347,=,operator,0,25,11
105,349,351,cnt,identifier,0,25,13
106,352,352,;,operator,0,25,16
107,355,355,e,identifier,0,26,1
108,356,356,[,operator,0,26,2
109,357,359,cnt,identifier,0,26,3
110,360,360,],operator,0,26,6
111,361,361,.,operator,0,26,7
112,362,363,to,identifier,0,26,8
113,365,365,=,operator,0,26,11
114,367,370,from,identifier,0,26,13
115,371,371,;,operator,0,26,17
116,373,373,},operator,0,27,0
117,376,378,int,keyword,0,29,0
118,380,381,ll,identifier,0,29,4
119,382,382,[,operator,0,29,6
120,383,386,maxn,identifier,0,29,7
121,387,387,],operator,0,29,11
122,388,388,",",operator,0,29,12
123,390,391,rr,identifier,0,29,14
124,392,392,[,operator,0,29,16
125,393,396,maxn,identifier,0,29,17
126,397,397,],operator,0,29,21
127,398,398,;,operator,0,29,22
128,400,402,int,keyword,0,30,0
129,404,405,fa,identifier,0,30,4
130,406,406,[,operator,0,30,6
131,407,410,maxn,identifier,0,30,7
132,411,411,],operator,0,30,11
133,412,412,;,operator,0,30,12
134,415,420,inline,keyword,0,32,0
135,422,425,void,keyword,0,32,7
136,427,429,dfs,identifier,0,32,12
137,430,430,(,operator,0,32,15
138,431,433,int,keyword,0,32,16
139,435,437,now,identifier,0,32,20
140,438,438,),operator,0,32,23
141,440,440,{,operator,0,33,0
142,443,445,for,keyword,0,34,1
143,446,446,(,operator,0,34,4
144,447,449,int,keyword,0,34,5
145,451,451,i,identifier,0,34,9
146,453,453,=,operator,0,34,11
147,455,459,first,identifier,0,34,13
148,460,460,[,operator,0,34,18
149,461,463,now,identifier,0,34,19
150,464,464,],operator,0,34,22
151,465,465,;,operator,0,34,23
152,467,467,i,identifier,0,34,25
153,468,468,;,operator,0,34,26
154,470,470,i,identifier,0,34,28
155,472,472,=,operator,0,34,30
156,474,474,e,identifier,0,34,32
157,475,475,[,operator,0,34,33
158,476,476,i,identifier,0,34,34
159,477,477,],operator,0,34,35
160,478,478,.,operator,0,34,36
161,479,481,nxt,identifier,0,34,37
162,482,482,),operator,0,34,40
163,485,485,{,operator,0,35,1
164,489,491,int,keyword,0,36,2
165,493,494,to,identifier,0,36,6
166,496,496,=,operator,0,36,9
167,498,498,e,identifier,0,36,11
168,499,499,[,operator,0,36,12
169,500,500,i,identifier,0,36,13
170,501,501,],operator,0,36,14
171,502,502,.,operator,0,36,15
172,503,504,to,identifier,0,36,16
173,505,505,;,operator,0,36,18
174,509,510,if,keyword,0,37,2
175,511,511,(,operator,0,37,4
176,512,513,to,identifier,0,37,5
177,515,516,"!=",operator,0,37,8
178,518,519,fa,identifier,0,37,11
179,520,520,[,operator,0,37,13
180,521,523,now,identifier,0,37,14
181,524,524,],operator,0,37,17
182,525,525,),operator,0,37,18
183,529,529,{,operator,0,38,2
184,534,535,fa,identifier,0,39,3
185,536,536,[,operator,0,39,5
186,537,538,to,identifier,0,39,6
187,539,539,],operator,0,39,8
188,541,541,=,operator,0,39,10
189,543,545,now,identifier,0,39,12
190,546,546,;,operator,0,39,15
191,551,553,dfs,identifier,0,40,3
192,554,554,(,operator,0,40,6
193,555,556,to,identifier,0,40,7
194,557,557,),operator,0,40,9
195,558,558,;,operator,0,40,10
196,562,562,},operator,0,41,2
197,565,565,},operator,0,42,1
198,568,569,ll,identifier,0,43,1
199,570,570,[,operator,0,43,3
200,571,572,fa,identifier,0,43,4
201,573,573,[,operator,0,43,6
202,574,576,now,identifier,0,43,7
203,577,577,],operator,0,43,10
204,578,578,],operator,0,43,11
205,580,580,=,operator,0,43,13
206,582,584,max,identifier,0,43,15
207,585,585,(,operator,0,43,18
208,586,587,ll,identifier,0,43,19
209,588,588,[,operator,0,43,21
210,589,591,now,identifier,0,43,22
211,592,592,],operator,0,43,25
212,594,594,-,operator,0,43,27
213,596,596,1,integer,0,43,29
214,597,597,",",operator,0,43,30
215,599,600,ll,identifier,0,43,32
216,601,601,[,operator,0,43,34
217,602,603,fa,identifier,0,43,35
218,604,604,[,operator,0,43,37
219,605,607,now,identifier,0,43,38
220,608,608,],operator,0,43,41
221,609,609,],operator,0,43,42
222,610,610,),operator,0,43,43
223,611,611,;,operator,0,43,44
224,614,615,rr,identifier,0,44,1
225,616,616,[,operator,0,44,3
226,617,618,fa,identifier,0,44,4
227,619,619,[,operator,0,44,6
228,620,622,now,identifier,0,44,7
229,623,623,],operator,0,44,10
230,624,624,],operator,0,44,11
231,626,626,=,operator,0,44,13
232,628,630,min,identifier,0,44,15
233,631,631,(,operator,0,44,18
234,632,633,rr,identifier,0,44,19
235,634,634,[,operator,0,44,21
236,635,637,now,identifier,0,44,22
237,638,638,],operator,0,44,25
238,640,640,+,operator,0,44,27
239,642,642,1,integer,0,44,29
240,643,643,",",operator,0,44,30
241,645,646,rr,identifier,0,44,32
242,647,647,[,operator,0,44,34
243,648,649,fa,identifier,0,44,35
244,650,650,[,operator,0,44,37
245,651,653,now,identifier,0,44,38
246,654,654,],operator,0,44,41
247,655,655,],operator,0,44,42
248,656,656,),operator,0,44,43
249,657,657,;,operator,0,44,44
250,659,659,},operator,0,45,0
251,662,664,int,keyword,0,47,0
252,666,669,anss,identifier,0,47,4
253,670,670,[,operator,0,47,8
254,671,674,maxn,identifier,0,47,9
255,675,675,],operator,0,47,13
256,676,676,;,operator,0,47,14
257,679,684,inline,keyword,0,49,0
258,686,689,void,keyword,0,49,7
259,691,694,dfs2,identifier,0,49,12
260,695,695,(,operator,0,49,16
261,696,698,int,keyword,0,49,17
262,700,702,now,identifier,0,49,21
263,703,703,),operator,0,49,24
264,705,705,{,operator,0,50,0
265,708,709,ll,identifier,0,51,1
266,710,710,[,operator,0,51,3
267,711,713,now,identifier,0,51,4
268,714,714,],operator,0,51,7
269,716,716,=,operator,0,51,9
270,718,720,max,identifier,0,51,11
271,721,721,(,operator,0,51,14
272,722,725,anss,identifier,0,51,15
273,726,726,[,operator,0,51,19
274,727,728,fa,identifier,0,51,20
275,729,729,[,operator,0,51,22
276,730,732,now,identifier,0,51,23
277,733,733,],operator,0,51,26
278,734,734,],operator,0,51,27
279,736,736,-,operator,0,51,29
280,738,738,1,integer,0,51,31
281,739,739,",",operator,0,51,32
282,741,742,ll,identifier,0,51,34
283,743,743,[,operator,0,51,36
284,744,746,now,identifier,0,51,37
285,747,747,],operator,0,51,40
286,748,748,),operator,0,51,41
287,749,749,;,operator,0,51,42
288,752,753,rr,identifier,0,52,1
289,754,754,[,operator,0,52,3
290,755,757,now,identifier,0,52,4
291,758,758,],operator,0,52,7
292,760,760,=,operator,0,52,9
293,762,764,min,identifier,0,52,11
294,765,765,(,operator,0,52,14
295,766,769,anss,identifier,0,52,15
296,770,770,[,operator,0,52,19
297,771,772,fa,identifier,0,52,20
298,773,773,[,operator,0,52,22
299,774,776,now,identifier,0,52,23
300,777,777,],operator,0,52,26
301,778,778,],operator,0,52,27
302,780,780,+,operator,0,52,29
303,782,782,1,integer,0,52,31
304,783,783,",",operator,0,52,32
305,785,786,rr,identifier,0,52,34
306,787,787,[,operator,0,52,36
307,788,790,now,identifier,0,52,37
308,791,791,],operator,0,52,40
309,792,792,),operator,0,52,41
310,793,793,;,operator,0,52,42
311,796,799,anss,identifier,0,53,1
312,800,800,[,operator,0,53,5
313,801,803,now,identifier,0,53,6
314,804,804,],operator,0,53,9
315,806,806,=,operator,0,53,11
316,808,809,ll,identifier,0,53,13
317,810,810,[,operator,0,53,15
318,811,813,now,identifier,0,53,16
319,814,814,],operator,0,53,19
320,815,815,;,operator,0,53,20
321,818,820,for,keyword,0,54,1
322,821,821,(,operator,0,54,4
323,822,824,int,keyword,0,54,5
324,826,826,i,identifier,0,54,9
325,828,828,=,operator,0,54,11
326,830,834,first,identifier,0,54,13
327,835,835,[,operator,0,54,18
328,836,838,now,identifier,0,54,19
329,839,839,],operator,0,54,22
330,840,840,;,operator,0,54,23
331,842,842,i,identifier,0,54,25
332,843,843,;,operator,0,54,26
333,845,845,i,identifier,0,54,28
334,847,847,=,operator,0,54,30
335,849,849,e,identifier,0,54,32
336,850,850,[,operator,0,54,33
337,851,851,i,identifier,0,54,34
338,852,852,],operator,0,54,35
339,853,853,.,operator,0,54,36
340,854,856,nxt,identifier,0,54,37
341,857,857,),operator,0,54,40
342,860,860,{,operator,0,55,1
343,864,866,int,keyword,0,56,2
344,868,869,to,identifier,0,56,6
345,871,871,=,operator,0,56,9
346,873,873,e,identifier,0,56,11
347,874,874,[,operator,0,56,12
348,875,875,i,identifier,0,56,13
349,876,876,],operator,0,56,14
350,877,877,.,operator,0,56,15
351,878,879,to,identifier,0,56,16
352,880,880,;,operator,0,56,18
353,884,885,if,keyword,0,57,2
354,886,886,(,operator,0,57,4
355,887,888,to,identifier,0,57,5
356,890,891,"!=",operator,0,57,8
357,893,894,fa,identifier,0,57,11
358,895,895,[,operator,0,57,13
359,896,898,now,identifier,0,57,14
360,899,899,],operator,0,57,17
361,900,900,),operator,0,57,18
362,905,908,dfs2,identifier,0,58,3
363,909,909,(,operator,0,58,7
364,910,911,to,identifier,0,58,8
365,912,912,),operator,0,58,10
366,913,913,;,operator,0,58,11
367,916,916,},operator,0,59,1
368,918,918,},operator,0,60,0
369,921,923,int,keyword,0,62,0
370,925,928,main,identifier,0,62,4
371,929,929,(,operator,0,62,8
372,930,930,),operator,0,62,9
373,932,932,{,operator,0,63,0
374,935,940,memset,identifier,0,64,1
375,941,941,(,operator,0,64,7
376,942,943,rr,identifier,0,64,8
377,944,944,",",operator,0,64,10
378,946,949,0x3f,integer,0,64,12
379,950,950,",",operator,0,64,16
380,952,957,sizeof,keyword,0,64,18
381,958,958,(,operator,0,64,24
382,959,960,rr,identifier,0,64,25
383,961,961,),operator,0,64,27
384,962,962,),operator,0,64,28
385,963,963,;,operator,0,64,29
386,966,970,scanf,identifier,0,65,1
387,971,971,(,operator,0,65,6
388,972,975,"""%d""",string,0,65,7
389,976,976,",",operator,0,65,11
390,978,978,&,operator,0,65,13
391,979,979,n,identifier,0,65,14
392,980,980,),operator,0,65,15
393,981,981,;,operator,0,65,16
394,984,986,for,keyword,0,66,1
395,987,987,(,operator,0,66,4
396,988,990,int,keyword,0,66,5
397,992,992,i,identifier,0,66,9
398,994,994,=,operator,0,66,11
399,996,996,1,integer,0,66,13
400,997,997,",",operator,0,66,14
401,999,999,a,identifier,0,66,16
402,1000,1000,",",operator,0,66,17
403,1002,1002,b,identifier,0,66,19
404,1003,1003,;,operator,0,66,20
405,1005,1005,i,identifier,0,66,22
406,1007,1007,<,operator,0,66,24
407,1009,1009,n,identifier,0,66,26
408,1010,1010,;,operator,0,66,27
409,1012,1013,++,operator,0,66,29
410,1014,1014,i,identifier,0,66,31
411,1015,1015,),operator,0,66,32
412,1018,1018,{,operator,0,67,1
413,1022,1026,scanf,identifier,0,68,2
414,1027,1027,(,operator,0,68,7
415,1028,1033,"""%d%d""",string,0,68,8
416,1034,1034,",",operator,0,68,14
417,1036,1036,&,operator,0,68,16
418,1037,1037,a,identifier,0,68,17
419,1038,1038,",",operator,0,68,18
420,1040,1040,&,operator,0,68,20
421,1041,1041,b,identifier,0,68,21
422,1042,1042,),operator,0,68,22
423,1043,1043,;,operator,0,68,23
424,1047,1054,add_edge,identifier,0,69,2
425,1055,1055,(,operator,0,69,10
426,1056,1056,a,identifier,0,69,11
427,1057,1057,",",operator,0,69,12
428,1059,1059,b,identifier,0,69,14
429,1060,1060,),operator,0,69,15
430,1061,1061,;,operator,0,69,16
431,1064,1064,},operator,0,70,1
432,1067,1071,scanf,identifier,0,71,1
433,1072,1072,(,operator,0,71,6
434,1073,1076,"""%d""",string,0,71,7
435,1077,1077,",",operator,0,71,11
436,1079,1079,&,operator,0,71,13
437,1080,1080,k,identifier,0,71,14
438,1081,1081,),operator,0,71,15
439,1082,1082,;,operator,0,71,16
440,1085,1087,for,keyword,0,72,1
441,1088,1088,(,operator,0,72,4
442,1089,1091,int,keyword,0,72,5
443,1093,1093,i,identifier,0,72,9
444,1095,1095,=,operator,0,72,11
445,1097,1097,1,integer,0,72,13
446,1098,1098,",",operator,0,72,14
447,1100,1100,v,identifier,0,72,16
448,1101,1101,",",operator,0,72,17
449,1103,1103,p,identifier,0,72,19
450,1104,1104,;,operator,0,72,20
451,1106,1106,i,identifier,0,72,22
452,1108,1109,<=,operator,0,72,24
453,1111,1111,k,identifier,0,72,27
454,1112,1112,;,operator,0,72,28
455,1114,1115,++,operator,0,72,30
456,1116,1116,i,identifier,0,72,32
457,1117,1117,),operator,0,72,33
458,1120,1120,{,operator,0,73,1
459,1124,1128,scanf,identifier,0,74,2
460,1129,1129,(,operator,0,74,7
461,1130,1135,"""%d%d""",string,0,74,8
462,1136,1136,",",operator,0,74,14
463,1138,1138,&,operator,0,74,16
464,1139,1139,v,identifier,0,74,17
465,1140,1140,",",operator,0,74,18
466,1142,1142,&,operator,0,74,20
467,1143,1143,p,identifier,0,74,21
468,1144,1144,),operator,0,74,22
469,1145,1145,;,operator,0,74,23
470,1149,1150,ll,identifier,0,75,2
471,1151,1151,[,operator,0,75,4
472,1152,1152,v,identifier,0,75,5
473,1153,1153,],operator,0,75,6
474,1155,1155,=,operator,0,75,8
475,1157,1159,max,identifier,0,75,10
476,1160,1160,(,operator,0,75,13
477,1161,1161,p,identifier,0,75,14
478,1162,1162,",",operator,0,75,15
479,1164,1165,ll,identifier,0,75,17
480,1166,1166,[,operator,0,75,19
481,1167,1167,v,identifier,0,75,20
482,1168,1168,],operator,0,75,21
483,1169,1169,),operator,0,75,22
484,1170,1170,;,operator,0,75,23
485,1174,1175,rr,identifier,0,76,2
486,1176,1176,[,operator,0,76,4
487,1177,1177,v,identifier,0,76,5
488,1178,1178,],operator,0,76,6
489,1180,1180,=,operator,0,76,8
490,1182,1184,min,identifier,0,76,10
491,1185,1185,(,operator,0,76,13
492,1186,1186,p,identifier,0,76,14
493,1187,1187,",",operator,0,76,15
494,1189,1190,rr,identifier,0,76,17
495,1191,1191,[,operator,0,76,19
496,1192,1192,v,identifier,0,76,20
497,1193,1193,],operator,0,76,21
498,1194,1194,),operator,0,76,22
499,1195,1195,;,operator,0,76,23
500,1198,1198,},operator,0,77,1
501,1201,1203,dfs,identifier,0,78,1
502,1204,1204,(,operator,0,78,4
503,1205,1205,1,integer,0,78,5
504,1206,1206,),operator,0,78,6
505,1207,1207,;,operator,0,78,7
506,1210,1212,for,keyword,0,79,1
507,1213,1213,(,operator,0,79,4
508,1214,1216,int,keyword,0,79,5
509,1218,1218,i,identifier,0,79,9
510,1220,1220,=,operator,0,79,11
511,1222,1222,1,integer,0,79,13
512,1223,1223,;,operator,0,79,14
513,1225,1225,i,identifier,0,79,16
514,1227,1228,<=,operator,0,79,18
515,1230,1230,n,identifier,0,79,21
516,1231,1231,;,operator,0,79,22
517,1233,1234,++,operator,0,79,24
518,1235,1235,i,identifier,0,79,26
519,1236,1236,),operator,0,79,27
520,1239,1239,{,operator,0,80,1
521,1243,1244,if,keyword,0,81,2
522,1245,1245,(,operator,0,81,4
523,1246,1247,ll,identifier,0,81,5
524,1248,1248,[,operator,0,81,7
525,1249,1249,i,identifier,0,81,8
526,1250,1250,],operator,0,81,9
527,1252,1252,>,operator,0,81,11
528,1254,1255,rr,identifier,0,81,13
529,1256,1256,[,operator,0,81,15
530,1257,1257,i,identifier,0,81,16
531,1258,1258,],operator,0,81,17
532,1259,1259,),operator,0,81,18
533,1263,1263,{,operator,0,82,2
534,1268,1271,puts,identifier,0,83,3
535,1272,1272,(,operator,0,83,7
536,1273,1276,"""No""",string,0,83,8
537,1277,1277,),operator,0,83,12
538,1278,1278,;,operator,0,83,13
539,1283,1288,return,keyword,0,84,3
540,1290,1290,0,integer,0,84,10
541,1291,1291,;,operator,0,84,11
542,1295,1295,},operator,0,85,2
543,1298,1298,},operator,0,86,1
544,1301,1304,puts,identifier,0,87,1
545,1305,1305,(,operator,0,87,5
546,1306,1310,"""Yes""",string,0,87,6
547,1311,1311,),operator,0,87,11
548,1312,1312,;,operator,0,87,12
549,1315,1318,dfs2,identifier,0,88,1
550,1319,1319,(,operator,0,88,5
551,1320,1320,1,integer,0,88,6
552,1321,1321,),operator,0,88,7
553,1322,1322,;,operator,0,88,8
554,1325,1327,for,keyword,0,89,1
555,1328,1328,(,operator,0,89,4
556,1329,1331,int,keyword,0,89,5
557,1333,1333,i,identifier,0,89,9
558,1335,1335,=,operator,0,89,11
559,1337,1337,1,integer,0,89,13
560,1338,1338,;,operator,0,89,14
561,1340,1340,i,identifier,0,89,16
562,1342,1343,<=,operator,0,89,18
563,1345,1345,n,identifier,0,89,21
564,1346,1346,;,operator,0,89,22
565,1348,1349,++,operator,0,89,24
566,1350,1350,i,identifier,0,89,26
567,1351,1351,),operator,0,89,27
568,1355,1360,printf,identifier,0,90,2
569,1361,1361,(,operator,0,90,8
570,1362,1367,"""%d\n""",string,0,90,9
571,1368,1368,",",operator,0,90,15
572,1370,1373,anss,identifier,0,90,17
573,1374,1374,[,operator,0,90,21
574,1375,1375,i,identifier,0,90,22
575,1376,1376,],operator,0,90,23
576,1377,1377,),operator,0,90,24
577,1378,1378,;,operator,0,90,25
578,1381,1386,return,keyword,0,91,1
579,1388,1388,0,integer,0,91,8
580,1389,1389,;,operator,0,91,9
581,1391,1391,},operator,0,92,0
582,1392,1391,<EOF>,eof,0,92,1
