seqnr,start,stop,text,class,channel,line,column
0,0,16,"#include <cstdio>",directive,1,1,0
1,18,35,"#include <cstring>",directive,1,2,0
2,37,53,"#include <vector>",directive,1,3,0
3,55,71,"#include <limits>",directive,1,4,0
4,73,116,"#define repi(i,a,b) for(int i=(a);i<(b);++i)",directive,1,5,0
5,118,145,"#define rep(i,a) repi(i,0,a)",directive,1,6,0
6,147,183,"#define all(a) (a).begin(), (a).end()",directive,1,7,0
7,185,226,"#define clr(a,v) memset((a),(v),sizeof(a))",directive,1,8,0
8,229,233,using,keyword,0,10,0
9,235,236,ll,identifier,0,10,6
10,238,238,=,operator,0,10,9
11,240,243,long,keyword,0,10,11
12,245,248,long,keyword,0,10,16
13,249,249,;,operator,0,10,20
14,252,260,constexpr,keyword,0,12,0
15,262,264,int,keyword,0,12,10
16,266,270,MAX_N,identifier,0,12,14
17,272,272,=,operator,0,12,20
18,274,279,100010,integer,0,12,22
19,280,280,;,operator,0,12,28
20,282,290,constexpr,keyword,0,13,0
21,292,293,ll,identifier,0,13,10
22,295,297,INF,identifier,0,13,13
23,299,299,=,operator,0,13,17
24,301,303,std,identifier,0,13,19
25,304,305,::,operator,0,13,22
26,306,319,numeric_limits,identifier,0,13,24
27,320,320,<,operator,0,13,38
28,321,322,ll,identifier,0,13,39
29,323,323,>,operator,0,13,41
30,324,325,::,operator,0,13,42
31,326,328,max,identifier,0,13,44
32,329,329,(,operator,0,13,47
33,330,330,),operator,0,13,48
34,331,331,>,operator,0,13,49
35,332,332,>,operator,0,13,50
36,333,333,2,integer,0,13,51
37,334,334,;,operator,0,13,52
38,337,338,ll,identifier,0,15,0
39,340,340,N,identifier,0,15,3
40,341,341,",",operator,0,15,4
41,343,343,K,identifier,0,15,6
42,344,344,;,operator,0,15,7
43,346,348,std,identifier,0,16,0
44,349,350,::,operator,0,16,3
45,351,356,vector,identifier,0,16,5
46,357,357,<,operator,0,16,11
47,358,359,ll,identifier,0,16,12
48,360,360,>,operator,0,16,14
49,362,362,G,identifier,0,16,16
50,363,363,[,operator,0,16,17
51,364,368,MAX_N,identifier,0,16,18
52,369,369,],operator,0,16,23
53,370,370,;,operator,0,16,24
54,372,373,ll,identifier,0,17,0
55,375,375,L,identifier,0,17,3
56,376,376,[,operator,0,17,4
57,377,381,MAX_N,identifier,0,17,5
58,382,382,],operator,0,17,10
59,383,383,",",operator,0,17,11
60,385,385,R,identifier,0,17,13
61,386,386,[,operator,0,17,14
62,387,391,MAX_N,identifier,0,17,15
63,392,392,],operator,0,17,20
64,393,393,",",operator,0,17,21
65,395,395,A,identifier,0,17,23
66,396,396,[,operator,0,17,24
67,397,401,MAX_N,identifier,0,17,25
68,402,402,],operator,0,17,30
69,403,403,;,operator,0,17,31
70,405,408,bool,keyword,0,18,0
71,410,413,used,identifier,0,18,5
72,414,414,[,operator,0,18,9
73,415,419,MAX_N,identifier,0,18,10
74,420,420,],operator,0,18,15
75,421,421,;,operator,0,18,16
76,423,426,bool,keyword,0,19,0
77,428,429,fl,identifier,0,19,5
78,431,431,=,operator,0,19,8
79,433,436,true,keyword,0,19,10
80,437,437,;,operator,0,19,14
81,440,443,bool,keyword,0,21,0
82,445,447,dfs,identifier,0,21,5
83,448,448,(,operator,0,21,8
84,450,452,int,keyword,0,21,10
85,454,454,v,identifier,0,21,14
86,455,455,",",operator,0,21,15
87,457,459,int,keyword,0,21,17
88,461,463,prv,identifier,0,21,21
89,465,465,),operator,0,21,25
90,467,467,{,operator,0,22,0
91,471,474,used,identifier,0,23,2
92,475,475,[,operator,0,23,6
93,476,476,v,identifier,0,23,7
94,477,477,],operator,0,23,8
95,479,479,=,operator,0,23,10
96,481,484,true,keyword,0,23,12
97,485,485,;,operator,0,23,16
98,526,528,for,keyword,0,27,2
99,529,529,(,operator,0,27,5
100,531,534,auto,keyword,0,27,7
101,536,536,&,operator,0,27,12
102,537,537,u,identifier,0,27,13
103,539,539,:,operator,0,27,15
104,541,541,G,identifier,0,27,17
105,542,542,[,operator,0,27,18
106,543,543,v,identifier,0,27,19
107,544,544,],operator,0,27,20
108,546,546,),operator,0,27,22
109,548,549,if,keyword,0,27,24
110,550,550,(,operator,0,27,26
111,552,552,"!",operator,0,27,28
112,553,556,used,identifier,0,27,29
113,557,557,[,operator,0,27,33
114,558,558,u,identifier,0,27,34
115,559,559,],operator,0,27,35
116,561,561,),operator,0,27,37
117,565,565,{,operator,0,28,2
118,726,727,if,keyword,0,35,4
119,728,728,(,operator,0,35,6
120,730,730,"!",operator,0,35,8
121,731,733,dfs,identifier,0,35,9
122,734,734,(,operator,0,35,12
123,736,736,u,identifier,0,35,14
124,737,737,",",operator,0,35,15
125,739,739,v,identifier,0,35,17
126,741,741,),operator,0,35,19
127,743,743,),operator,0,35,21
128,751,756,return,keyword,0,36,6
129,758,762,false,keyword,0,36,13
130,763,763,;,operator,0,36,18
131,767,767,},operator,0,37,2
132,772,773,if,keyword,0,39,2
133,774,774,(,operator,0,39,4
134,776,776,R,identifier,0,39,6
135,777,777,[,operator,0,39,7
136,778,780,prv,identifier,0,39,8
137,781,781,],operator,0,39,11
138,783,783,<,operator,0,39,13
139,785,785,L,identifier,0,39,15
140,786,786,[,operator,0,39,16
141,787,787,v,identifier,0,39,17
142,788,788,],operator,0,39,18
143,789,789,-,operator,0,39,19
144,790,790,1,integer,0,39,20
145,792,793,||,operator,0,39,22
146,795,795,R,identifier,0,39,25
147,796,796,[,operator,0,39,26
148,797,797,v,identifier,0,39,27
149,798,798,],operator,0,39,28
150,799,799,+,operator,0,39,29
151,800,800,1,integer,0,39,30
152,802,802,<,operator,0,39,32
153,804,804,L,identifier,0,39,34
154,805,805,[,operator,0,39,35
155,806,808,prv,identifier,0,39,36
156,809,809,],operator,0,39,39
157,811,811,),operator,0,39,41
158,815,815,{,operator,0,40,2
159,817,818,fl,identifier,0,40,4
160,820,820,=,operator,0,40,7
161,822,826,false,keyword,0,40,9
162,827,827,;,operator,0,40,14
163,829,834,return,keyword,0,40,16
164,836,840,false,keyword,0,40,23
165,841,841,;,operator,0,40,28
166,843,843,},operator,0,40,30
167,848,848,L,identifier,0,42,2
168,849,849,[,operator,0,42,3
169,850,852,prv,identifier,0,42,4
170,853,853,],operator,0,42,7
171,855,855,=,operator,0,42,9
172,857,859,std,identifier,0,42,11
173,860,861,::,operator,0,42,14
174,862,864,max,identifier,0,42,16
175,865,865,(,operator,0,42,19
176,867,867,L,identifier,0,42,21
177,868,868,[,operator,0,42,22
178,869,871,prv,identifier,0,42,23
179,872,872,],operator,0,42,26
180,873,873,",",operator,0,42,27
181,875,875,L,identifier,0,42,29
182,876,876,[,operator,0,42,30
183,877,877,v,identifier,0,42,31
184,878,878,],operator,0,42,32
185,879,879,-,operator,0,42,33
186,880,880,1,integer,0,42,34
187,882,882,),operator,0,42,36
188,883,883,;,operator,0,42,37
189,887,887,R,identifier,0,43,2
190,888,888,[,operator,0,43,3
191,889,891,prv,identifier,0,43,4
192,892,892,],operator,0,43,7
193,894,894,=,operator,0,43,9
194,896,898,std,identifier,0,43,11
195,899,900,::,operator,0,43,14
196,901,903,min,identifier,0,43,16
197,904,904,(,operator,0,43,19
198,906,906,R,identifier,0,43,21
199,907,907,[,operator,0,43,22
200,908,910,prv,identifier,0,43,23
201,911,911,],operator,0,43,26
202,912,912,",",operator,0,43,27
203,914,914,R,identifier,0,43,29
204,915,915,[,operator,0,43,30
205,916,916,v,identifier,0,43,31
206,917,917,],operator,0,43,32
207,918,918,+,operator,0,43,33
208,919,919,1,integer,0,43,34
209,921,921,),operator,0,43,36
210,922,922,;,operator,0,43,37
211,927,932,return,keyword,0,45,2
212,934,937,true,keyword,0,45,9
213,938,938,;,operator,0,45,13
214,940,940,},operator,0,46,0
215,943,946,void,keyword,0,48,0
216,948,951,calc,identifier,0,48,5
217,952,952,(,operator,0,48,9
218,954,956,int,keyword,0,48,11
219,958,958,v,identifier,0,48,15
220,959,959,",",operator,0,48,16
221,961,963,int,keyword,0,48,18
222,965,967,prv,identifier,0,48,22
223,969,969,),operator,0,48,26
224,971,971,{,operator,0,49,0
225,975,978,used,identifier,0,50,2
226,979,979,[,operator,0,50,6
227,980,980,v,identifier,0,50,7
228,981,981,],operator,0,50,8
229,983,983,=,operator,0,50,10
230,985,988,true,keyword,0,50,12
231,989,989,;,operator,0,50,16
232,1024,1025,if,keyword,0,54,2
233,1026,1026,(,operator,0,54,4
234,1028,1028,v,identifier,0,54,6
235,1030,1031,==,operator,0,54,8
236,1033,1035,prv,identifier,0,54,11
237,1037,1037,),operator,0,54,15
238,1043,1043,A,identifier,0,55,4
239,1044,1044,[,operator,0,55,5
240,1045,1045,v,identifier,0,55,6
241,1046,1046,],operator,0,55,7
242,1048,1048,=,operator,0,55,9
243,1050,1050,L,identifier,0,55,11
244,1051,1051,[,operator,0,55,12
245,1052,1052,v,identifier,0,55,13
246,1053,1053,],operator,0,55,14
247,1054,1054,;,operator,0,55,15
248,1058,1061,else,keyword,0,56,2
249,1063,1064,if,keyword,0,56,7
250,1065,1065,(,operator,0,56,9
251,1067,1067,L,identifier,0,56,11
252,1068,1068,[,operator,0,56,12
253,1069,1069,v,identifier,0,56,13
254,1070,1070,],operator,0,56,14
255,1072,1073,<=,operator,0,56,16
256,1075,1075,A,identifier,0,56,19
257,1076,1076,[,operator,0,56,20
258,1077,1079,prv,identifier,0,56,21
259,1080,1080,],operator,0,56,24
260,1081,1081,+,operator,0,56,25
261,1082,1082,1,integer,0,56,26
262,1084,1085,&&,operator,0,56,28
263,1087,1087,A,identifier,0,56,31
264,1088,1088,[,operator,0,56,32
265,1089,1091,prv,identifier,0,56,33
266,1092,1092,],operator,0,56,36
267,1093,1093,+,operator,0,56,37
268,1094,1094,1,integer,0,56,38
269,1096,1097,<=,operator,0,56,40
270,1099,1099,R,identifier,0,56,43
271,1100,1100,[,operator,0,56,44
272,1101,1101,v,identifier,0,56,45
273,1102,1102,],operator,0,56,46
274,1104,1104,),operator,0,56,48
275,1110,1110,A,identifier,0,57,4
276,1111,1111,[,operator,0,57,5
277,1112,1112,v,identifier,0,57,6
278,1113,1113,],operator,0,57,7
279,1115,1115,=,operator,0,57,9
280,1117,1117,A,identifier,0,57,11
281,1118,1118,[,operator,0,57,12
282,1119,1121,prv,identifier,0,57,13
283,1122,1122,],operator,0,57,16
284,1123,1123,+,operator,0,57,17
285,1124,1124,1,integer,0,57,18
286,1125,1125,;,operator,0,57,19
287,1129,1132,else,keyword,0,58,2
288,1134,1135,if,keyword,0,58,7
289,1136,1136,(,operator,0,58,9
290,1138,1138,L,identifier,0,58,11
291,1139,1139,[,operator,0,58,12
292,1140,1140,v,identifier,0,58,13
293,1141,1141,],operator,0,58,14
294,1143,1144,<=,operator,0,58,16
295,1146,1146,A,identifier,0,58,19
296,1147,1147,[,operator,0,58,20
297,1148,1150,prv,identifier,0,58,21
298,1151,1151,],operator,0,58,24
299,1152,1152,-,operator,0,58,25
300,1153,1153,1,integer,0,58,26
301,1155,1156,&&,operator,0,58,28
302,1158,1158,A,identifier,0,58,31
303,1159,1159,[,operator,0,58,32
304,1160,1162,prv,identifier,0,58,33
305,1163,1163,],operator,0,58,36
306,1164,1164,-,operator,0,58,37
307,1165,1165,1,integer,0,58,38
308,1167,1168,<=,operator,0,58,40
309,1170,1170,R,identifier,0,58,43
310,1171,1171,[,operator,0,58,44
311,1172,1172,v,identifier,0,58,45
312,1173,1173,],operator,0,58,46
313,1175,1175,),operator,0,58,48
314,1181,1181,A,identifier,0,59,4
315,1182,1182,[,operator,0,59,5
316,1183,1183,v,identifier,0,59,6
317,1184,1184,],operator,0,59,7
318,1186,1186,=,operator,0,59,9
319,1188,1188,A,identifier,0,59,11
320,1189,1189,[,operator,0,59,12
321,1190,1192,prv,identifier,0,59,13
322,1193,1193,],operator,0,59,16
323,1194,1194,-,operator,0,59,17
324,1195,1195,1,integer,0,59,18
325,1196,1196,;,operator,0,59,19
326,1200,1203,else,keyword,0,60,2
327,1209,1210,fl,identifier,0,61,4
328,1212,1212,=,operator,0,61,7
329,1214,1218,false,keyword,0,61,9
330,1219,1219,;,operator,0,61,14
331,1224,1226,for,keyword,0,63,2
332,1227,1227,(,operator,0,63,5
333,1229,1232,auto,keyword,0,63,7
334,1234,1234,&,operator,0,63,12
335,1235,1235,u,identifier,0,63,13
336,1237,1237,:,operator,0,63,15
337,1239,1239,G,identifier,0,63,17
338,1240,1240,[,operator,0,63,18
339,1241,1241,v,identifier,0,63,19
340,1242,1242,],operator,0,63,20
341,1244,1244,),operator,0,63,22
342,1246,1247,if,keyword,0,63,24
343,1248,1248,(,operator,0,63,26
344,1250,1250,"!",operator,0,63,28
345,1251,1254,used,identifier,0,63,29
346,1255,1255,[,operator,0,63,33
347,1256,1256,u,identifier,0,63,34
348,1257,1257,],operator,0,63,35
349,1259,1259,),operator,0,63,37
350,1265,1268,calc,identifier,0,64,4
351,1269,1269,(,operator,0,64,8
352,1271,1271,u,identifier,0,64,10
353,1272,1272,",",operator,0,64,11
354,1274,1274,v,identifier,0,64,13
355,1276,1276,),operator,0,64,15
356,1277,1277,;,operator,0,64,16
357,1282,1287,return,keyword,0,66,2
358,1288,1288,;,operator,0,66,8
359,1290,1290,},operator,0,67,0
360,1293,1295,int,keyword,0,69,0
361,1297,1300,main,identifier,0,69,4
362,1301,1301,(,operator,0,69,8
363,1302,1302,),operator,0,69,9
364,1304,1304,{,operator,0,70,0
365,1308,1312,scanf,identifier,0,71,2
366,1313,1313,(,operator,0,71,7
367,1315,1320,"""%lld""",string,0,71,9
368,1321,1321,",",operator,0,71,15
369,1323,1323,&,operator,0,71,17
370,1324,1324,N,identifier,0,71,18
371,1326,1326,),operator,0,71,20
372,1327,1327,;,operator,0,71,21
373,1331,1333,rep,identifier,0,72,2
374,1334,1334,(,operator,0,72,5
375,1336,1336,i,identifier,0,72,7
376,1337,1337,",",operator,0,72,8
377,1339,1339,N,identifier,0,72,10
378,1340,1340,-,operator,0,72,11
379,1341,1341,1,integer,0,72,12
380,1343,1343,),operator,0,72,14
381,1347,1347,{,operator,0,73,2
382,1353,1354,ll,identifier,0,74,4
383,1356,1356,a,identifier,0,74,7
384,1357,1357,",",operator,0,74,8
385,1359,1359,b,identifier,0,74,10
386,1360,1360,;,operator,0,74,11
387,1366,1370,scanf,identifier,0,75,4
388,1371,1371,(,operator,0,75,9
389,1373,1382,"""%lld%lld""",string,0,75,11
390,1383,1383,",",operator,0,75,21
391,1385,1385,&,operator,0,75,23
392,1386,1386,a,identifier,0,75,24
393,1387,1387,",",operator,0,75,25
394,1389,1389,&,operator,0,75,27
395,1390,1390,b,identifier,0,75,28
396,1392,1392,),operator,0,75,30
397,1393,1393,;,operator,0,75,31
398,1399,1400,--,operator,0,76,4
399,1401,1401,a,identifier,0,76,6
400,1402,1402,;,operator,0,76,7
401,1404,1405,--,operator,0,76,9
402,1406,1406,b,identifier,0,76,11
403,1407,1407,;,operator,0,76,12
404,1413,1413,G,identifier,0,77,4
405,1414,1414,[,operator,0,77,5
406,1415,1415,a,identifier,0,77,6
407,1416,1416,],operator,0,77,7
408,1417,1417,.,operator,0,77,8
409,1418,1429,emplace_back,identifier,0,77,9
410,1430,1430,(,operator,0,77,21
411,1432,1432,b,identifier,0,77,23
412,1434,1434,),operator,0,77,25
413,1435,1435,;,operator,0,77,26
414,1441,1441,G,identifier,0,78,4
415,1442,1442,[,operator,0,78,5
416,1443,1443,b,identifier,0,78,6
417,1444,1444,],operator,0,78,7
418,1445,1445,.,operator,0,78,8
419,1446,1457,emplace_back,identifier,0,78,9
420,1458,1458,(,operator,0,78,21
421,1460,1460,a,identifier,0,78,23
422,1462,1462,),operator,0,78,25
423,1463,1463,;,operator,0,78,26
424,1467,1467,},operator,0,79,2
425,1472,1476,scanf,identifier,0,81,2
426,1477,1477,(,operator,0,81,7
427,1479,1484,"""%lld""",string,0,81,9
428,1485,1485,",",operator,0,81,15
429,1487,1487,&,operator,0,81,17
430,1488,1488,K,identifier,0,81,18
431,1490,1490,),operator,0,81,20
432,1491,1491,;,operator,0,81,21
433,1496,1498,std,identifier,0,83,2
434,1499,1500,::,operator,0,83,5
435,1501,1504,fill,identifier,0,83,7
436,1505,1505,(,operator,0,83,11
437,1507,1507,L,identifier,0,83,13
438,1508,1508,",",operator,0,83,14
439,1510,1510,L,identifier,0,83,16
440,1511,1511,+,operator,0,83,17
441,1512,1512,N,identifier,0,83,18
442,1513,1513,",",operator,0,83,19
443,1515,1515,-,operator,0,83,21
444,1516,1518,INF,identifier,0,83,22
445,1520,1520,),operator,0,83,26
446,1521,1521,;,operator,0,83,27
447,1525,1527,std,identifier,0,84,2
448,1528,1529,::,operator,0,84,5
449,1530,1533,fill,identifier,0,84,7
450,1534,1534,(,operator,0,84,11
451,1536,1536,R,identifier,0,84,13
452,1537,1537,",",operator,0,84,14
453,1539,1539,R,identifier,0,84,16
454,1540,1540,+,operator,0,84,17
455,1541,1541,N,identifier,0,84,18
456,1542,1542,",",operator,0,84,19
457,1544,1546,INF,identifier,0,84,21
458,1548,1548,),operator,0,84,25
459,1549,1549,;,operator,0,84,26
460,1554,1556,rep,identifier,0,86,2
461,1557,1557,(,operator,0,86,5
462,1559,1559,i,identifier,0,86,7
463,1560,1560,",",operator,0,86,8
464,1562,1562,K,identifier,0,86,10
465,1564,1564,),operator,0,86,12
466,1568,1568,{,operator,0,87,2
467,1574,1575,ll,identifier,0,88,4
468,1577,1577,V,identifier,0,88,7
469,1578,1578,",",operator,0,88,8
470,1580,1580,P,identifier,0,88,10
471,1581,1581,;,operator,0,88,11
472,1587,1591,scanf,identifier,0,89,4
473,1592,1592,(,operator,0,89,9
474,1594,1603,"""%lld%lld""",string,0,89,11
475,1604,1604,",",operator,0,89,21
476,1606,1606,&,operator,0,89,23
477,1607,1607,V,identifier,0,89,24
478,1608,1608,",",operator,0,89,25
479,1610,1610,&,operator,0,89,27
480,1611,1611,P,identifier,0,89,28
481,1613,1613,),operator,0,89,30
482,1614,1614,;,operator,0,89,31
483,1620,1621,--,operator,0,90,4
484,1622,1622,V,identifier,0,90,6
485,1623,1623,;,operator,0,90,7
486,1629,1629,L,identifier,0,91,4
487,1630,1630,[,operator,0,91,5
488,1631,1631,V,identifier,0,91,6
489,1632,1632,],operator,0,91,7
490,1634,1634,=,operator,0,91,9
491,1636,1636,R,identifier,0,91,11
492,1637,1637,[,operator,0,91,12
493,1638,1638,V,identifier,0,91,13
494,1639,1639,],operator,0,91,14
495,1641,1641,=,operator,0,91,16
496,1643,1643,A,identifier,0,91,18
497,1644,1644,[,operator,0,91,19
498,1645,1645,V,identifier,0,91,20
499,1646,1646,],operator,0,91,21
500,1648,1648,=,operator,0,91,23
501,1650,1650,P,identifier,0,91,25
502,1651,1651,;,operator,0,91,26
503,1655,1655,},operator,0,92,2
504,1660,1662,clr,identifier,0,94,2
505,1663,1663,(,operator,0,94,5
506,1665,1668,used,identifier,0,94,7
507,1669,1669,",",operator,0,94,11
508,1671,1675,false,keyword,0,94,13
509,1677,1677,),operator,0,94,19
510,1678,1678,;,operator,0,94,20
511,1683,1685,dfs,identifier,0,96,2
512,1686,1686,(,operator,0,96,5
513,1688,1688,0,integer,0,96,7
514,1689,1689,",",operator,0,96,8
515,1691,1691,0,integer,0,96,10
516,1693,1693,),operator,0,96,12
517,1694,1694,;,operator,0,96,13
518,1801,1803,clr,identifier,0,103,2
519,1804,1804,(,operator,0,103,5
520,1806,1809,used,identifier,0,103,7
521,1810,1810,",",operator,0,103,11
522,1812,1816,false,keyword,0,103,13
523,1818,1818,),operator,0,103,19
524,1819,1819,;,operator,0,103,20
525,1824,1827,calc,identifier,0,105,2
526,1828,1828,(,operator,0,105,6
527,1830,1830,0,integer,0,105,8
528,1831,1831,",",operator,0,105,9
529,1833,1833,0,integer,0,105,11
530,1835,1835,),operator,0,105,13
531,1836,1836,;,operator,0,105,14
532,1900,1901,if,keyword,0,110,2
533,1902,1902,(,operator,0,110,4
534,1904,1904,"!",operator,0,110,6
535,1905,1906,fl,identifier,0,110,7
536,1908,1908,),operator,0,110,10
537,1912,1912,{,operator,0,111,2
538,1918,1921,puts,identifier,0,112,4
539,1922,1922,(,operator,0,112,8
540,1923,1926,"""No""",string,0,112,9
541,1927,1927,),operator,0,112,13
542,1928,1928,;,operator,0,112,14
543,1935,1940,return,keyword,0,114,4
544,1942,1942,0,integer,0,114,11
545,1943,1943,;,operator,0,114,12
546,1947,1947,},operator,0,115,2
547,1953,1956,puts,identifier,0,118,2
548,1957,1957,(,operator,0,118,6
549,1958,1962,"""Yes""",string,0,118,7
550,1963,1963,),operator,0,118,12
551,1964,1964,;,operator,0,118,13
552,1969,1971,rep,identifier,0,120,2
553,1972,1972,(,operator,0,120,5
554,1974,1974,i,identifier,0,120,7
555,1975,1975,",",operator,0,120,8
556,1977,1977,N,identifier,0,120,10
557,1979,1979,),operator,0,120,12
558,1985,1990,printf,identifier,0,121,4
559,1991,1991,(,operator,0,121,10
560,1993,2000,"""%lld\n""",string,0,121,12
561,2001,2001,",",operator,0,121,20
562,2003,2003,A,identifier,0,121,22
563,2004,2004,[,operator,0,121,23
564,2005,2005,i,identifier,0,121,24
565,2006,2006,],operator,0,121,25
566,2008,2008,),operator,0,121,27
567,2009,2009,;,operator,0,121,28
568,2016,2021,return,keyword,0,123,2
569,2023,2023,0,integer,0,123,9
570,2024,2024,;,operator,0,123,10
571,2026,2026,},operator,0,124,0
572,2027,2026,<EOF>,eof,0,124,1
