seqnr,start,stop,text,class,channel,line,column
0,54,77,"#include <bits/stdc++.h>",directive,1,3,0
1,79,83,using,keyword,0,4,0
2,85,93,namespace,keyword,0,4,6
3,95,97,std,identifier,0,4,16
4,98,98,;,operator,0,4,19
5,100,119,"#define mp make_pair",directive,1,5,0
6,121,140,"#define pb push_back",directive,1,6,0
7,142,164,"#define eb emplace_back",directive,1,7,0
8,166,181,"#define fi first",directive,1,8,0
9,183,199,"#define se second",directive,1,9,0
10,201,222,"#define lb lower_bound",directive,1,10,0
11,224,245,"#define ub upper_bound",directive,1,11,0
12,247,265,"#define dfs_black 1",directive,1,12,0
13,267,286,"#define dfs_white -1",directive,1,13,0
14,288,302,"#define pr pair",directive,1,14,0
15,304,320,"#define vt vector",directive,1,15,0
16,322,394,"#define fastio ios_base::sync_with_stdio(false); cin.tie(0); cout.tie(0);",directive,1,16,0
17,397,406,mt19937_64,identifier,0,18,0
18,408,409,mt,identifier,0,18,11
19,410,410,(,operator,0,18,13
20,411,416,chrono,identifier,0,18,14
21,417,418,::,operator,0,18,20
22,419,430,steady_clock,identifier,0,18,22
23,431,432,::,operator,0,18,34
24,433,435,now,identifier,0,18,36
25,436,436,(,operator,0,18,39
26,437,437,),operator,0,18,40
27,438,438,.,operator,0,18,41
28,439,454,time_since_epoch,identifier,0,18,42
29,455,455,(,operator,0,18,58
30,456,456,),operator,0,18,59
31,457,457,.,operator,0,18,60
32,458,462,count,identifier,0,18,61
33,463,463,(,operator,0,18,66
34,464,464,),operator,0,18,67
35,465,465,),operator,0,18,68
36,466,466,;,operator,0,18,69
37,469,475,typedef,keyword,0,20,0
38,477,482,double,keyword,0,20,8
39,484,485,db,identifier,0,20,15
40,486,486,;,operator,0,20,17
41,488,494,typedef,keyword,0,21,0
42,496,499,long,keyword,0,21,8
43,501,504,long,keyword,0,21,13
44,506,507,li,identifier,0,21,18
45,508,508,;,operator,0,21,20
46,510,516,typedef,keyword,0,22,0
47,518,521,long,keyword,0,22,8
48,523,528,double,keyword,0,22,13
49,530,531,ld,identifier,0,22,20
50,532,532,;,operator,0,22,22
51,535,541,typedef,keyword,0,24,0
52,543,544,pr,identifier,0,24,8
53,545,545,<,operator,0,24,10
54,546,548,int,keyword,0,24,11
55,549,549,",",operator,0,24,14
56,551,553,int,keyword,0,24,16
57,554,554,>,operator,0,24,19
58,556,557,ii,identifier,0,24,21
59,558,558,;,operator,0,24,23
60,560,566,typedef,keyword,0,25,0
61,568,569,pr,identifier,0,25,8
62,570,570,<,operator,0,25,10
63,571,572,ld,identifier,0,25,11
64,573,573,",",operator,0,25,13
65,574,575,ld,identifier,0,25,14
66,576,576,>,operator,0,25,16
67,578,579,dd,identifier,0,25,18
68,580,580,;,operator,0,25,20
69,583,589,typedef,keyword,0,27,0
70,591,592,vt,identifier,0,27,8
71,593,593,<,operator,0,27,10
72,594,596,int,keyword,0,27,11
73,597,597,>,operator,0,27,14
74,599,600,vi,identifier,0,27,16
75,601,601,;,operator,0,27,18
76,603,609,typedef,keyword,0,28,0
77,611,612,vt,identifier,0,28,8
78,613,613,<,operator,0,28,10
79,614,615,li,identifier,0,28,11
80,616,616,>,operator,0,28,13
81,618,620,vli,identifier,0,28,15
82,621,621,;,operator,0,28,18
83,623,629,typedef,keyword,0,29,0
84,631,632,vt,identifier,0,29,8
85,633,633,<,operator,0,29,10
86,634,635,ld,identifier,0,29,11
87,636,636,>,operator,0,29,13
88,638,640,vld,identifier,0,29,15
89,641,641,;,operator,0,29,18
90,643,649,typedef,keyword,0,30,0
91,651,652,vt,identifier,0,30,8
92,653,653,<,operator,0,30,10
93,654,655,ii,identifier,0,30,11
94,656,656,>,operator,0,30,13
95,658,660,vii,identifier,0,30,15
96,661,661,;,operator,0,30,18
97,664,670,typedef,keyword,0,32,0
98,672,674,map,identifier,0,32,8
99,675,675,<,operator,0,32,11
100,676,678,int,keyword,0,32,12
101,679,679,",",operator,0,32,15
102,681,683,int,keyword,0,32,17
103,684,684,>,operator,0,32,20
104,686,688,mii,identifier,0,32,22
105,689,689,;,operator,0,32,25
106,691,697,typedef,keyword,0,33,0
107,699,701,map,identifier,0,33,8
108,702,702,<,operator,0,33,11
109,703,705,int,keyword,0,33,12
110,706,706,",",operator,0,33,15
111,708,711,bool,keyword,0,33,17
112,712,712,>,operator,0,33,21
113,714,716,mib,identifier,0,33,23
114,717,717,;,operator,0,33,26
115,719,725,typedef,keyword,0,34,0
116,727,729,map,identifier,0,34,8
117,730,730,<,operator,0,34,11
118,731,733,int,keyword,0,34,12
119,734,734,",",operator,0,34,15
120,736,739,char,keyword,0,34,17
121,740,740,>,operator,0,34,21
122,742,744,mic,identifier,0,34,23
123,745,745,;,operator,0,34,26
124,748,754,typedef,keyword,0,36,0
125,756,758,set,identifier,0,36,8
126,759,759,<,operator,0,36,11
127,760,762,int,keyword,0,36,12
128,763,763,>,operator,0,36,15
129,765,767,s_i,identifier,0,36,17
130,768,768,;,operator,0,36,20
131,770,776,typedef,keyword,0,37,0
132,778,780,set,identifier,0,37,8
133,781,781,<,operator,0,37,11
134,782,785,char,keyword,0,37,12
135,786,786,>,operator,0,37,16
136,788,790,s_c,identifier,0,37,18
137,791,791,;,operator,0,37,21
138,794,798,const,keyword,0,39,0
139,800,802,int,keyword,0,39,6
140,804,806,MOD,identifier,0,39,10
141,808,808,=,operator,0,39,14
142,810,812,1e9,floating,0,39,16
143,813,813,+,operator,0,39,19
144,814,814,7,integer,0,39,20
145,815,815,;,operator,0,39,21
146,817,821,const,keyword,0,40,0
147,823,824,li,identifier,0,40,6
148,826,828,INF,identifier,0,40,9
149,830,830,=,operator,0,40,13
150,832,835,1e18,floating,0,40,15
151,836,836,;,operator,0,40,19
152,838,842,const,keyword,0,41,0
153,844,845,ld,identifier,0,41,6
154,847,848,PI,identifier,0,41,9
155,850,850,=,operator,0,41,12
156,852,852,4,integer,0,41,14
157,853,853,*,operator,0,41,15
158,854,857,atan,identifier,0,41,16
159,858,858,(,operator,0,41,20
160,859,859,(,operator,0,41,21
161,860,861,ld,identifier,0,41,22
162,862,862,),operator,0,41,24
163,863,863,1,integer,0,41,25
164,864,864,),operator,0,41,26
165,865,865,;,operator,0,41,27
166,867,869,int,keyword,0,42,0
167,871,872,mn,identifier,0,42,4
168,873,873,[,operator,0,42,6
169,874,879,200005,integer,0,42,7
170,880,880,],operator,0,42,13
171,881,881,",",operator,0,42,14
172,883,884,mx,identifier,0,42,16
173,885,885,[,operator,0,42,18
174,886,891,200005,integer,0,42,19
175,892,892,],operator,0,42,25
176,893,893,",",operator,0,42,26
177,895,897,par,identifier,0,42,28
178,898,898,[,operator,0,42,31
179,899,904,200005,integer,0,42,32
180,905,905,],operator,0,42,38
181,906,906,",",operator,0,42,39
182,908,908,p,identifier,0,42,41
183,909,909,[,operator,0,42,42
184,910,915,200005,integer,0,42,43
185,916,916,],operator,0,42,49
186,917,917,",",operator,0,42,50
187,919,919,v,identifier,0,42,52
188,920,920,[,operator,0,42,53
189,921,926,200005,integer,0,42,54
190,927,927,],operator,0,42,60
191,928,928,;,operator,0,42,61
192,930,931,vi,identifier,0,43,0
193,933,933,G,identifier,0,43,3
194,934,934,[,operator,0,43,4
195,935,940,200005,integer,0,43,5
196,941,941,],operator,0,43,11
197,942,942,;,operator,0,43,12
198,944,949,signed,keyword,0,44,0
199,951,954,main,identifier,0,44,7
200,955,955,(,operator,0,44,11
201,956,956,),operator,0,44,12
202,958,958,{,operator,0,45,0
203,1026,1028,int,keyword,0,48,1
204,1030,1030,n,identifier,0,48,5
205,1031,1031,;,operator,0,48,6
206,1034,1036,cin,identifier,0,49,1
207,1037,1037,>,operator,0,49,4
208,1038,1038,>,operator,0,49,5
209,1039,1039,n,identifier,0,49,6
210,1040,1040,;,operator,0,49,7
211,1043,1045,for,keyword,0,50,1
212,1046,1046,(,operator,0,50,4
213,1047,1049,int,keyword,0,50,5
214,1051,1051,i,identifier,0,50,9
215,1052,1052,=,operator,0,50,10
216,1053,1053,1,integer,0,50,11
217,1054,1054,;,operator,0,50,12
218,1056,1056,i,identifier,0,50,14
219,1057,1058,<=,operator,0,50,15
220,1059,1059,n,identifier,0,50,17
221,1060,1060,;,operator,0,50,18
222,1062,1062,i,identifier,0,50,20
223,1063,1064,++,operator,0,50,21
224,1065,1065,),operator,0,50,23
225,1068,1068,{,operator,0,51,1
226,1072,1073,mx,identifier,0,52,2
227,1074,1074,[,operator,0,52,4
228,1075,1075,i,identifier,0,52,5
229,1076,1076,],operator,0,52,6
230,1078,1078,=,operator,0,52,8
231,1080,1086,INT_MAX,identifier,0,52,10
232,1087,1087,/,operator,0,52,17
233,1088,1089,10,integer,0,52,18
234,1090,1090,",",operator,0,52,20
235,1092,1093,mn,identifier,0,52,22
236,1094,1094,[,operator,0,52,24
237,1095,1095,i,identifier,0,52,25
238,1096,1096,],operator,0,52,26
239,1098,1098,=,operator,0,52,28
240,1100,1106,INT_MIN,identifier,0,52,30
241,1107,1107,/,operator,0,52,37
242,1108,1109,10,integer,0,52,38
243,1110,1110,;,operator,0,52,40
244,1112,1114,par,identifier,0,52,42
245,1115,1115,[,operator,0,52,45
246,1116,1116,i,identifier,0,52,46
247,1117,1117,],operator,0,52,47
248,1118,1118,=,operator,0,52,48
249,1119,1119,-,operator,0,52,49
250,1120,1120,1,integer,0,52,50
251,1121,1121,;,operator,0,52,51
252,1124,1124,},operator,0,53,1
253,1127,1129,for,keyword,0,54,1
254,1130,1130,(,operator,0,54,4
255,1131,1133,int,keyword,0,54,5
256,1135,1135,i,identifier,0,54,9
257,1136,1136,=,operator,0,54,10
258,1137,1137,1,integer,0,54,11
259,1138,1138,",",operator,0,54,12
260,1140,1140,u,identifier,0,54,14
261,1141,1141,",",operator,0,54,15
262,1143,1143,v,identifier,0,54,17
263,1144,1144,;,operator,0,54,18
264,1146,1146,i,identifier,0,54,20
265,1147,1148,<=,operator,0,54,21
266,1149,1149,n,identifier,0,54,23
267,1150,1150,-,operator,0,54,24
268,1151,1151,1,integer,0,54,25
269,1152,1152,;,operator,0,54,26
270,1154,1154,i,identifier,0,54,28
271,1155,1156,++,operator,0,54,29
272,1157,1157,),operator,0,54,31
273,1160,1160,{,operator,0,55,1
274,1164,1166,cin,identifier,0,56,2
275,1167,1167,>,operator,0,56,5
276,1168,1168,>,operator,0,56,6
277,1169,1169,u,identifier,0,56,7
278,1170,1170,>,operator,0,56,8
279,1171,1171,>,operator,0,56,9
280,1172,1172,v,identifier,0,56,10
281,1173,1173,;,operator,0,56,11
282,1177,1177,G,identifier,0,57,2
283,1178,1178,[,operator,0,57,3
284,1179,1179,u,identifier,0,57,4
285,1180,1180,],operator,0,57,5
286,1181,1181,.,operator,0,57,6
287,1182,1183,eb,identifier,0,57,7
288,1184,1184,(,operator,0,57,9
289,1185,1185,v,identifier,0,57,10
290,1186,1186,),operator,0,57,11
291,1187,1187,;,operator,0,57,12
292,1191,1191,G,identifier,0,58,2
293,1192,1192,[,operator,0,58,3
294,1193,1193,v,identifier,0,58,4
295,1194,1194,],operator,0,58,5
296,1195,1195,.,operator,0,58,6
297,1196,1197,eb,identifier,0,58,7
298,1198,1198,(,operator,0,58,9
299,1199,1199,u,identifier,0,58,10
300,1200,1200,),operator,0,58,11
301,1201,1201,;,operator,0,58,12
302,1204,1204,},operator,0,59,1
303,1207,1209,int,keyword,0,60,1
304,1211,1211,k,identifier,0,60,5
305,1212,1212,;,operator,0,60,6
306,1215,1217,cin,identifier,0,61,1
307,1218,1218,>,operator,0,61,4
308,1219,1219,>,operator,0,61,5
309,1220,1220,k,identifier,0,61,6
310,1221,1221,;,operator,0,61,7
311,1224,1226,for,keyword,0,62,1
312,1227,1227,(,operator,0,62,4
313,1228,1230,int,keyword,0,62,5
314,1232,1232,i,identifier,0,62,9
315,1233,1233,=,operator,0,62,10
316,1234,1234,1,integer,0,62,11
317,1235,1235,;,operator,0,62,12
318,1237,1237,i,identifier,0,62,14
319,1238,1239,<=,operator,0,62,15
320,1240,1240,k,identifier,0,62,17
321,1241,1241,;,operator,0,62,18
322,1243,1243,i,identifier,0,62,20
323,1244,1245,++,operator,0,62,21
324,1246,1246,),operator,0,62,23
325,1250,1250,{,operator,0,63,1
326,1254,1256,cin,identifier,0,64,2
327,1257,1257,>,operator,0,64,5
328,1258,1258,>,operator,0,64,6
329,1259,1259,v,identifier,0,64,7
330,1260,1260,[,operator,0,64,8
331,1261,1261,i,identifier,0,64,9
332,1262,1262,],operator,0,64,10
333,1263,1263,>,operator,0,64,11
334,1264,1264,>,operator,0,64,12
335,1265,1265,p,identifier,0,64,13
336,1266,1266,[,operator,0,64,14
337,1267,1267,i,identifier,0,64,15
338,1268,1268,],operator,0,64,16
339,1269,1269,;,operator,0,64,17
340,1273,1274,mx,identifier,0,65,2
341,1275,1275,[,operator,0,65,4
342,1276,1276,v,identifier,0,65,5
343,1277,1277,[,operator,0,65,6
344,1278,1278,i,identifier,0,65,7
345,1279,1279,],operator,0,65,8
346,1280,1280,],operator,0,65,9
347,1282,1282,=,operator,0,65,11
348,1284,1285,mn,identifier,0,65,13
349,1286,1286,[,operator,0,65,15
350,1287,1287,v,identifier,0,65,16
351,1288,1288,[,operator,0,65,17
352,1289,1289,i,identifier,0,65,18
353,1290,1290,],operator,0,65,19
354,1291,1291,],operator,0,65,20
355,1293,1293,=,operator,0,65,22
356,1295,1295,p,identifier,0,65,24
357,1296,1296,[,operator,0,65,25
358,1297,1297,i,identifier,0,65,26
359,1298,1298,],operator,0,65,27
360,1299,1299,;,operator,0,65,28
361,1302,1302,},operator,0,66,1
362,1305,1318,priority_queue,identifier,0,67,1
363,1319,1319,<,operator,0,67,15
364,1320,1321,ii,identifier,0,67,16
365,1322,1322,>,operator,0,67,18
366,1324,1325,q1,identifier,0,67,20
367,1326,1326,;,operator,0,67,22
368,1329,1331,for,keyword,0,68,1
369,1332,1332,(,operator,0,68,4
370,1333,1335,int,keyword,0,68,5
371,1337,1337,i,identifier,0,68,9
372,1338,1338,=,operator,0,68,10
373,1339,1339,1,integer,0,68,11
374,1340,1340,;,operator,0,68,12
375,1342,1342,i,identifier,0,68,14
376,1343,1344,<=,operator,0,68,15
377,1345,1345,k,identifier,0,68,17
378,1346,1346,;,operator,0,68,18
379,1348,1348,i,identifier,0,68,20
380,1349,1350,++,operator,0,68,21
381,1351,1351,),operator,0,68,23
382,1353,1354,q1,identifier,0,68,25
383,1355,1355,.,operator,0,68,27
384,1356,1359,push,identifier,0,68,28
385,1360,1360,(,operator,0,68,32
386,1361,1361,{,operator,0,68,33
387,1362,1363,mn,identifier,0,68,34
388,1364,1364,[,operator,0,68,36
389,1365,1365,v,identifier,0,68,37
390,1366,1366,[,operator,0,68,38
391,1367,1367,i,identifier,0,68,39
392,1368,1368,],operator,0,68,40
393,1369,1369,],operator,0,68,41
394,1370,1370,",",operator,0,68,42
395,1372,1372,v,identifier,0,68,44
396,1373,1373,[,operator,0,68,45
397,1374,1374,i,identifier,0,68,46
398,1375,1375,],operator,0,68,47
399,1376,1376,},operator,0,68,48
400,1377,1377,),operator,0,68,49
401,1378,1378,;,operator,0,68,50
402,1381,1385,while,keyword,0,69,1
403,1386,1386,(,operator,0,69,6
404,1387,1387,"!",operator,0,69,7
405,1388,1389,q1,identifier,0,69,8
406,1390,1390,.,operator,0,69,10
407,1391,1395,empty,identifier,0,69,11
408,1396,1396,(,operator,0,69,16
409,1397,1397,),operator,0,69,17
410,1398,1398,),operator,0,69,18
411,1401,1401,{,operator,0,70,1
412,1405,1407,int,keyword,0,71,2
413,1409,1409,u,identifier,0,71,6
414,1411,1411,=,operator,0,71,8
415,1413,1414,q1,identifier,0,71,10
416,1415,1415,.,operator,0,71,12
417,1416,1418,top,identifier,0,71,13
418,1419,1419,(,operator,0,71,16
419,1420,1420,),operator,0,71,17
420,1421,1421,.,operator,0,71,18
421,1422,1423,se,identifier,0,71,19
422,1424,1424,",",operator,0,71,21
423,1426,1426,d,identifier,0,71,23
424,1428,1428,=,operator,0,71,25
425,1430,1431,q1,identifier,0,71,27
426,1432,1432,.,operator,0,71,29
427,1433,1435,top,identifier,0,71,30
428,1436,1436,(,operator,0,71,33
429,1437,1437,),operator,0,71,34
430,1438,1438,.,operator,0,71,35
431,1439,1440,fi,identifier,0,71,36
432,1441,1441,;,operator,0,71,38
433,1443,1444,q1,identifier,0,71,40
434,1445,1445,.,operator,0,71,42
435,1446,1448,pop,identifier,0,71,43
436,1449,1449,(,operator,0,71,46
437,1450,1450,),operator,0,71,47
438,1451,1451,;,operator,0,71,48
439,1455,1456,if,keyword,0,72,2
440,1457,1457,(,operator,0,72,4
441,1458,1458,d,identifier,0,72,5
442,1459,1460,"!=",operator,0,72,6
443,1461,1462,mn,identifier,0,72,8
444,1463,1463,[,operator,0,72,10
445,1464,1464,u,identifier,0,72,11
446,1465,1465,],operator,0,72,12
447,1466,1466,),operator,0,72,13
448,1468,1475,continue,keyword,0,72,15
449,1476,1476,;,operator,0,72,23
450,1480,1482,for,keyword,0,73,2
451,1483,1483,(,operator,0,73,5
452,1484,1487,auto,keyword,0,73,6
453,1489,1489,v,identifier,0,73,11
454,1490,1490,:,operator,0,73,12
455,1492,1492,G,identifier,0,73,14
456,1493,1493,[,operator,0,73,15
457,1494,1494,u,identifier,0,73,16
458,1495,1495,],operator,0,73,17
459,1496,1496,),operator,0,73,18
460,1498,1499,if,keyword,0,73,20
461,1500,1500,(,operator,0,73,22
462,1501,1502,mn,identifier,0,73,23
463,1503,1503,[,operator,0,73,25
464,1504,1504,v,identifier,0,73,26
465,1505,1505,],operator,0,73,27
466,1506,1506,<,operator,0,73,28
467,1507,1508,mn,identifier,0,73,29
468,1509,1509,[,operator,0,73,31
469,1510,1510,u,identifier,0,73,32
470,1511,1511,],operator,0,73,33
471,1512,1512,-,operator,0,73,34
472,1513,1513,1,integer,0,73,35
473,1514,1514,),operator,0,73,36
474,1518,1518,{,operator,0,74,2
475,1523,1524,mn,identifier,0,75,3
476,1525,1525,[,operator,0,75,5
477,1526,1526,v,identifier,0,75,6
478,1527,1527,],operator,0,75,7
479,1529,1529,=,operator,0,75,9
480,1531,1532,mn,identifier,0,75,11
481,1533,1533,[,operator,0,75,13
482,1534,1534,u,identifier,0,75,14
483,1535,1535,],operator,0,75,15
484,1536,1536,-,operator,0,75,16
485,1537,1537,1,integer,0,75,17
486,1538,1538,;,operator,0,75,18
487,1543,1544,q1,identifier,0,76,3
488,1545,1545,.,operator,0,76,5
489,1546,1549,push,identifier,0,76,6
490,1550,1550,(,operator,0,76,10
491,1551,1551,{,operator,0,76,11
492,1552,1553,mn,identifier,0,76,12
493,1554,1554,[,operator,0,76,14
494,1555,1555,v,identifier,0,76,15
495,1556,1556,],operator,0,76,16
496,1557,1557,",",operator,0,76,17
497,1559,1559,v,identifier,0,76,19
498,1560,1560,},operator,0,76,20
499,1561,1561,),operator,0,76,21
500,1562,1562,;,operator,0,76,22
501,1566,1566,},operator,0,77,2
502,1569,1569,},operator,0,78,1
503,1572,1585,priority_queue,identifier,0,79,1
504,1586,1586,<,operator,0,79,15
505,1587,1588,ii,identifier,0,79,16
506,1589,1589,",",operator,0,79,18
507,1591,1593,vii,identifier,0,79,20
508,1594,1594,",",operator,0,79,23
509,1596,1602,greater,identifier,0,79,25
510,1603,1603,<,operator,0,79,32
511,1604,1605,ii,identifier,0,79,33
512,1606,1606,>,operator,0,79,35
513,1608,1608,>,operator,0,79,37
514,1610,1611,q2,identifier,0,79,39
515,1612,1612,;,operator,0,79,41
516,1615,1617,for,keyword,0,80,1
517,1618,1618,(,operator,0,80,4
518,1619,1621,int,keyword,0,80,5
519,1623,1623,i,identifier,0,80,9
520,1624,1624,=,operator,0,80,10
521,1625,1625,1,integer,0,80,11
522,1626,1626,;,operator,0,80,12
523,1628,1628,i,identifier,0,80,14
524,1629,1630,<=,operator,0,80,15
525,1631,1631,k,identifier,0,80,17
526,1632,1632,;,operator,0,80,18
527,1634,1634,i,identifier,0,80,20
528,1635,1636,++,operator,0,80,21
529,1637,1637,),operator,0,80,23
530,1639,1640,q2,identifier,0,80,25
531,1641,1641,.,operator,0,80,27
532,1642,1645,push,identifier,0,80,28
533,1646,1646,(,operator,0,80,32
534,1647,1647,{,operator,0,80,33
535,1648,1649,mx,identifier,0,80,34
536,1650,1650,[,operator,0,80,36
537,1651,1651,v,identifier,0,80,37
538,1652,1652,[,operator,0,80,38
539,1653,1653,i,identifier,0,80,39
540,1654,1654,],operator,0,80,40
541,1655,1655,],operator,0,80,41
542,1656,1656,",",operator,0,80,42
543,1658,1658,v,identifier,0,80,44
544,1659,1659,[,operator,0,80,45
545,1660,1660,i,identifier,0,80,46
546,1661,1661,],operator,0,80,47
547,1662,1662,},operator,0,80,48
548,1663,1663,),operator,0,80,49
549,1664,1664,;,operator,0,80,50
550,1667,1671,while,keyword,0,81,1
551,1672,1672,(,operator,0,81,6
552,1673,1673,"!",operator,0,81,7
553,1674,1675,q2,identifier,0,81,8
554,1676,1676,.,operator,0,81,10
555,1677,1681,empty,identifier,0,81,11
556,1682,1682,(,operator,0,81,16
557,1683,1683,),operator,0,81,17
558,1684,1684,),operator,0,81,18
559,1688,1688,{,operator,0,82,1
560,1692,1694,int,keyword,0,83,2
561,1696,1696,u,identifier,0,83,6
562,1698,1698,=,operator,0,83,8
563,1700,1701,q2,identifier,0,83,10
564,1702,1702,.,operator,0,83,12
565,1703,1705,top,identifier,0,83,13
566,1706,1706,(,operator,0,83,16
567,1707,1707,),operator,0,83,17
568,1708,1708,.,operator,0,83,18
569,1709,1710,se,identifier,0,83,19
570,1711,1711,",",operator,0,83,21
571,1713,1713,d,identifier,0,83,23
572,1715,1715,=,operator,0,83,25
573,1717,1718,q2,identifier,0,83,27
574,1719,1719,.,operator,0,83,29
575,1720,1722,top,identifier,0,83,30
576,1723,1723,(,operator,0,83,33
577,1724,1724,),operator,0,83,34
578,1725,1725,.,operator,0,83,35
579,1726,1727,fi,identifier,0,83,36
580,1728,1728,;,operator,0,83,38
581,1730,1731,q2,identifier,0,83,40
582,1732,1732,.,operator,0,83,42
583,1733,1735,pop,identifier,0,83,43
584,1736,1736,(,operator,0,83,46
585,1737,1737,),operator,0,83,47
586,1738,1738,;,operator,0,83,48
587,1774,1775,if,keyword,0,85,2
588,1776,1776,(,operator,0,85,4
589,1777,1777,d,identifier,0,85,5
590,1778,1779,"!=",operator,0,85,6
591,1780,1781,mx,identifier,0,85,8
592,1782,1782,[,operator,0,85,10
593,1783,1783,u,identifier,0,85,11
594,1784,1784,],operator,0,85,12
595,1785,1785,),operator,0,85,13
596,1787,1794,continue,keyword,0,85,15
597,1795,1795,;,operator,0,85,23
598,1799,1801,for,keyword,0,86,2
599,1802,1802,(,operator,0,86,5
600,1803,1806,auto,keyword,0,86,6
601,1809,1809,v,identifier,0,86,12
602,1810,1810,:,operator,0,86,13
603,1812,1812,G,identifier,0,86,15
604,1813,1813,[,operator,0,86,16
605,1814,1814,u,identifier,0,86,17
606,1815,1815,],operator,0,86,18
607,1816,1816,),operator,0,86,19
608,1820,1820,{,operator,0,87,2
609,1861,1862,if,keyword,0,89,3
610,1863,1863,(,operator,0,89,5
611,1864,1865,mx,identifier,0,89,6
612,1866,1866,[,operator,0,89,8
613,1867,1867,v,identifier,0,89,9
614,1868,1868,],operator,0,89,10
615,1869,1869,>,operator,0,89,11
616,1870,1871,mx,identifier,0,89,12
617,1872,1872,[,operator,0,89,14
618,1873,1873,u,identifier,0,89,15
619,1874,1874,],operator,0,89,16
620,1875,1875,+,operator,0,89,17
621,1876,1876,1,integer,0,89,18
622,1877,1877,),operator,0,89,19
623,1883,1883,{,operator,0,90,3
624,1889,1890,mx,identifier,0,91,4
625,1891,1891,[,operator,0,91,6
626,1892,1892,v,identifier,0,91,7
627,1893,1893,],operator,0,91,8
628,1895,1895,=,operator,0,91,10
629,1897,1898,mx,identifier,0,91,12
630,1899,1899,[,operator,0,91,14
631,1900,1900,u,identifier,0,91,15
632,1901,1901,],operator,0,91,16
633,1902,1902,+,operator,0,91,17
634,1903,1903,1,integer,0,91,18
635,1904,1904,;,operator,0,91,19
636,1910,1911,q2,identifier,0,92,4
637,1912,1912,.,operator,0,92,6
638,1913,1916,push,identifier,0,92,7
639,1917,1917,(,operator,0,92,11
640,1918,1918,{,operator,0,92,12
641,1919,1920,mx,identifier,0,92,13
642,1921,1921,[,operator,0,92,15
643,1922,1922,v,identifier,0,92,16
644,1923,1923,],operator,0,92,17
645,1924,1924,",",operator,0,92,18
646,1926,1926,v,identifier,0,92,20
647,1927,1927,},operator,0,92,21
648,1928,1928,),operator,0,92,22
649,1929,1929,;,operator,0,92,23
650,1934,1934,},operator,0,93,3
651,1938,1938,},operator,0,94,2
652,1941,1941,},operator,0,95,1
653,1944,1946,par,identifier,0,96,1
654,1947,1947,[,operator,0,96,4
655,1948,1948,v,identifier,0,96,5
656,1949,1949,[,operator,0,96,6
657,1950,1950,1,integer,0,96,7
658,1951,1951,],operator,0,96,8
659,1952,1952,],operator,0,96,9
660,1954,1954,=,operator,0,96,11
661,1956,1956,p,identifier,0,96,13
662,1957,1957,[,operator,0,96,14
663,1958,1958,1,integer,0,96,15
664,1959,1959,],operator,0,96,16
665,1960,1960,%,operator,0,96,17
666,1961,1961,2,integer,0,96,18
667,1962,1962,;,operator,0,96,19
668,1965,1969,queue,identifier,0,97,1
669,1970,1970,<,operator,0,97,6
670,1971,1973,int,keyword,0,97,7
671,1974,1974,>,operator,0,97,10
672,1976,1977,q3,identifier,0,97,12
673,1978,1978,;,operator,0,97,14
674,1980,1981,q3,identifier,0,97,16
675,1982,1982,.,operator,0,97,18
676,1983,1986,push,identifier,0,97,19
677,1987,1987,(,operator,0,97,23
678,1988,1988,v,identifier,0,97,24
679,1989,1989,[,operator,0,97,25
680,1990,1990,1,integer,0,97,26
681,1991,1991,],operator,0,97,27
682,1992,1992,),operator,0,97,28
683,1993,1993,;,operator,0,97,29
684,1996,2000,while,keyword,0,98,1
685,2001,2001,(,operator,0,98,6
686,2002,2002,"!",operator,0,98,7
687,2003,2004,q3,identifier,0,98,8
688,2005,2005,.,operator,0,98,10
689,2006,2010,empty,identifier,0,98,11
690,2011,2011,(,operator,0,98,16
691,2012,2012,),operator,0,98,17
692,2013,2013,),operator,0,98,18
693,2017,2017,{,operator,0,99,1
694,2021,2023,int,keyword,0,100,2
695,2025,2025,u,identifier,0,100,6
696,2027,2027,=,operator,0,100,8
697,2029,2030,q3,identifier,0,100,10
698,2031,2031,.,operator,0,100,12
699,2032,2036,front,identifier,0,100,13
700,2037,2037,(,operator,0,100,18
701,2038,2038,),operator,0,100,19
702,2039,2039,;,operator,0,100,20
703,2041,2042,q3,identifier,0,100,22
704,2043,2043,.,operator,0,100,24
705,2044,2046,pop,identifier,0,100,25
706,2047,2047,(,operator,0,100,28
707,2048,2048,),operator,0,100,29
708,2049,2049,;,operator,0,100,30
709,2053,2054,if,keyword,0,101,2
710,2055,2055,(,operator,0,101,4
711,2056,2057,mx,identifier,0,101,5
712,2058,2058,[,operator,0,101,7
713,2059,2059,u,identifier,0,101,8
714,2060,2060,],operator,0,101,9
715,2061,2061,<,operator,0,101,10
716,2062,2063,mn,identifier,0,101,11
717,2064,2064,[,operator,0,101,13
718,2065,2065,u,identifier,0,101,14
719,2066,2066,],operator,0,101,15
720,2068,2069,||,operator,0,101,17
721,2071,2071,(,operator,0,101,20
722,2072,2073,mx,identifier,0,101,21
723,2074,2074,[,operator,0,101,23
724,2075,2075,u,identifier,0,101,24
725,2076,2076,],operator,0,101,25
726,2077,2078,==,operator,0,101,26
727,2079,2080,mn,identifier,0,101,28
728,2081,2081,[,operator,0,101,30
729,2082,2082,u,identifier,0,101,31
730,2083,2083,],operator,0,101,32
731,2085,2087,&&,operator,0,101,34
732,2089,2090,mx,identifier,0,101,38
733,2091,2091,[,operator,0,101,40
734,2092,2092,u,identifier,0,101,41
735,2093,2093,],operator,0,101,42
736,2094,2094,%,operator,0,101,43
737,2095,2095,2,integer,0,101,44
738,2096,2097,"!=",operator,0,101,45
739,2098,2098,(,operator,0,101,47
740,2099,2101,par,identifier,0,101,48
741,2102,2102,[,operator,0,101,51
742,2103,2103,u,identifier,0,101,52
743,2104,2104,],operator,0,101,53
744,2105,2105,),operator,0,101,54
745,2106,2106,),operator,0,101,55
746,2107,2107,),operator,0,101,56
747,2109,2114,return,keyword,0,101,58
748,2116,2119,cout,identifier,0,101,65
749,2120,2120,<,operator,0,101,69
750,2121,2121,<,operator,0,101,70
751,2122,2125,"""No""",string,0,101,71
752,2126,2126,",",operator,0,101,75
753,2128,2128,0,integer,0,101,77
754,2129,2129,;,operator,0,101,78
755,2134,2136,for,keyword,0,102,2
756,2137,2137,(,operator,0,102,5
757,2138,2141,auto,keyword,0,102,6
758,2143,2143,v,identifier,0,102,11
759,2144,2144,:,operator,0,102,12
760,2146,2146,G,identifier,0,102,14
761,2147,2147,[,operator,0,102,15
762,2148,2148,u,identifier,0,102,16
763,2149,2149,],operator,0,102,17
764,2150,2150,),operator,0,102,18
765,2154,2154,{,operator,0,103,2
766,2159,2160,if,keyword,0,104,3
767,2161,2161,(,operator,0,104,5
768,2162,2164,par,identifier,0,104,6
769,2165,2165,[,operator,0,104,9
770,2166,2166,v,identifier,0,104,10
771,2167,2167,],operator,0,104,11
772,2168,2168,<,operator,0,104,12
773,2169,2169,0,integer,0,104,13
774,2170,2170,),operator,0,104,14
775,2176,2176,{,operator,0,105,3
776,2182,2184,par,identifier,0,106,4
777,2185,2185,[,operator,0,106,7
778,2186,2186,v,identifier,0,106,8
779,2187,2187,],operator,0,106,9
780,2189,2189,=,operator,0,106,11
781,2191,2193,par,identifier,0,106,13
782,2194,2194,[,operator,0,106,16
783,2195,2195,u,identifier,0,106,17
784,2196,2196,],operator,0,106,18
785,2197,2197,^,operator,0,106,19
786,2198,2198,1,integer,0,106,20
787,2199,2199,;,operator,0,106,21
788,2205,2206,q3,identifier,0,107,4
789,2207,2207,.,operator,0,107,6
790,2208,2211,push,identifier,0,107,7
791,2212,2212,(,operator,0,107,11
792,2213,2213,v,identifier,0,107,12
793,2214,2214,),operator,0,107,13
794,2215,2215,;,operator,0,107,14
795,2220,2220,},operator,0,108,3
796,2225,2228,else,keyword,0,109,3
797,2234,2234,{,operator,0,110,3
798,2240,2241,if,keyword,0,111,4
799,2242,2242,(,operator,0,111,6
800,2243,2245,par,identifier,0,111,7
801,2246,2246,[,operator,0,111,10
802,2247,2247,v,identifier,0,111,11
803,2248,2248,],operator,0,111,12
804,2249,2250,"!=",operator,0,111,13
805,2251,2251,(,operator,0,111,15
806,2252,2254,par,identifier,0,111,16
807,2255,2255,[,operator,0,111,19
808,2256,2256,u,identifier,0,111,20
809,2257,2257,],operator,0,111,21
810,2258,2258,^,operator,0,111,22
811,2259,2259,1,integer,0,111,23
812,2260,2260,),operator,0,111,24
813,2261,2261,),operator,0,111,25
814,2263,2268,return,keyword,0,111,27
815,2270,2273,cout,identifier,0,111,34
816,2274,2274,<,operator,0,111,38
817,2275,2275,<,operator,0,111,39
818,2276,2279,"""No""",string,0,111,40
819,2280,2280,",",operator,0,111,44
820,2282,2282,0,integer,0,111,46
821,2283,2283,;,operator,0,111,47
822,2288,2288,},operator,0,112,3
823,2292,2292,},operator,0,113,2
824,2295,2295,},operator,0,114,1
825,2298,2301,cout,identifier,0,115,1
826,2302,2302,<,operator,0,115,5
827,2303,2303,<,operator,0,115,6
828,2304,2310,"""Yes\n""",string,0,115,7
829,2311,2311,;,operator,0,115,14
830,2314,2316,for,keyword,0,116,1
831,2317,2317,(,operator,0,116,4
832,2318,2320,int,keyword,0,116,5
833,2322,2322,i,identifier,0,116,9
834,2323,2323,=,operator,0,116,10
835,2324,2324,1,integer,0,116,11
836,2325,2325,;,operator,0,116,12
837,2327,2327,i,identifier,0,116,14
838,2328,2329,<=,operator,0,116,15
839,2330,2330,n,identifier,0,116,17
840,2331,2331,;,operator,0,116,18
841,2333,2333,i,identifier,0,116,20
842,2334,2335,++,operator,0,116,21
843,2336,2336,),operator,0,116,23
844,2338,2341,cout,identifier,0,116,25
845,2342,2342,<,operator,0,116,29
846,2343,2343,<,operator,0,116,30
847,2344,2345,mn,identifier,0,116,31
848,2346,2346,[,operator,0,116,33
849,2347,2347,i,identifier,0,116,34
850,2348,2348,],operator,0,116,35
851,2349,2349,<,operator,0,116,36
852,2350,2350,<,operator,0,116,37
853,2351,2354,endl,identifier,0,116,38
854,2355,2355,;,operator,0,116,42
855,2357,2357,},operator,0,117,0
856,2361,2360,<EOF>,eof,0,120,0
