seqnr,start,stop,text,class,channel,line,column
0,0,16,"#include <cstdio>",directive,1,1,0
1,18,35,"#include <cstdlib>",directive,1,2,0
2,37,52,"#include <cmath>",directive,1,3,0
3,54,71,"#include <climits>",directive,1,4,0
4,73,89,"#include <cfloat>",directive,1,5,0
5,91,104,"#include <map>",directive,1,6,0
6,106,123,"#include <utility>",directive,1,7,0
7,125,138,"#include <set>",directive,1,8,0
8,140,158,"#include <iostream>",directive,1,9,0
9,160,176,"#include <memory>",directive,1,10,0
10,178,194,"#include <string>",directive,1,11,0
11,196,212,"#include <vector>",directive,1,12,0
12,214,233,"#include <algorithm>",directive,1,13,0
13,235,255,"#include <functional>",directive,1,14,0
14,257,274,"#include <sstream>",directive,1,15,0
15,276,293,"#include <complex>",directive,1,16,0
16,295,310,"#include <stack>",directive,1,17,0
17,312,327,"#include <queue>",directive,1,18,0
18,329,346,"#include <cstring>",directive,1,19,0
19,349,353,using,keyword,0,21,0
20,355,363,namespace,keyword,0,21,6
21,365,367,std,identifier,0,21,16
22,368,368,;,operator,0,21,19
23,371,373,int,keyword,0,23,0
24,375,379,large,identifier,0,23,4
25,380,380,[,operator,0,23,9
26,381,386,100001,integer,0,23,10
27,387,387,],operator,0,23,16
28,388,388,;,operator,0,23,17
29,390,392,int,keyword,0,24,0
30,394,398,small,identifier,0,24,4
31,399,399,[,operator,0,24,9
32,400,405,100001,integer,0,24,10
33,406,406,],operator,0,24,16
34,407,407,;,operator,0,24,17
35,409,411,int,keyword,0,25,0
36,413,416,mod2,identifier,0,25,4
37,417,417,[,operator,0,25,8
38,418,423,100001,integer,0,25,9
39,424,424,],operator,0,25,15
40,425,425,;,operator,0,25,16
41,427,430,bool,keyword,0,26,0
42,432,438,arrived,identifier,0,26,5
43,439,439,[,operator,0,26,12
44,440,445,100001,integer,0,26,13
45,446,446,],operator,0,26,19
46,447,447,;,operator,0,26,20
47,449,452,bool,keyword,0,27,0
48,454,457,used,identifier,0,27,5
49,458,458,[,operator,0,27,9
50,459,464,100001,integer,0,27,10
51,465,465,],operator,0,27,16
52,466,466,;,operator,0,27,17
53,468,473,vector,identifier,0,28,0
54,474,474,<,operator,0,28,6
55,475,477,int,keyword,0,28,7
56,478,478,>,operator,0,28,10
57,480,483,edge,identifier,0,28,12
58,484,484,[,operator,0,28,16
59,485,490,100001,integer,0,28,17
60,491,491,],operator,0,28,23
61,492,492,;,operator,0,28,24
62,494,497,bool,keyword,0,29,0
63,499,501,dfs,identifier,0,29,5
64,502,502,(,operator,0,29,8
65,503,505,int,keyword,0,29,9
66,507,507,V,identifier,0,29,13
67,508,508,",",operator,0,29,14
68,509,511,int,keyword,0,29,15
69,513,513,S,identifier,0,29,19
70,514,514,",",operator,0,29,20
71,515,517,int,keyword,0,29,21
72,519,519,L,identifier,0,29,25
73,520,520,",",operator,0,29,26
74,522,524,int,keyword,0,29,28
75,526,529,flag,identifier,0,29,32
76,530,530,),operator,0,29,36
77,531,531,{,operator,0,29,37
78,597,598,if,keyword,0,31,3
79,599,599,(,operator,0,31,5
80,601,607,arrived,identifier,0,31,7
81,608,608,[,operator,0,31,14
82,609,609,V,identifier,0,31,15
83,610,610,],operator,0,31,16
84,612,613,||,operator,0,31,18
85,615,618,used,identifier,0,31,21
86,619,619,[,operator,0,31,25
87,620,620,V,identifier,0,31,26
88,621,621,],operator,0,31,27
89,623,623,),operator,0,31,29
90,625,630,return,keyword,0,31,31
91,632,635,true,keyword,0,31,38
92,636,636,;,operator,0,31,42
93,641,647,arrived,identifier,0,32,3
94,648,648,[,operator,0,32,10
95,649,649,V,identifier,0,32,11
96,650,650,],operator,0,32,12
97,652,652,=,operator,0,32,14
98,654,657,true,keyword,0,32,16
99,658,658,;,operator,0,32,20
100,663,663,L,identifier,0,33,3
101,664,664,=,operator,0,33,4
102,665,667,min,identifier,0,33,5
103,668,668,(,operator,0,33,8
104,669,673,large,identifier,0,33,9
105,674,674,[,operator,0,33,14
106,675,675,V,identifier,0,33,15
107,676,676,],operator,0,33,16
108,677,677,",",operator,0,33,17
109,678,678,L,identifier,0,33,18
110,679,679,),operator,0,33,19
111,680,680,;,operator,0,33,20
112,685,685,S,identifier,0,34,3
113,686,686,=,operator,0,34,4
114,687,689,max,identifier,0,34,5
115,690,690,(,operator,0,34,8
116,691,695,small,identifier,0,34,9
117,696,696,[,operator,0,34,14
118,697,697,V,identifier,0,34,15
119,698,698,],operator,0,34,16
120,699,699,",",operator,0,34,17
121,700,700,S,identifier,0,34,18
122,701,701,),operator,0,34,19
123,702,702,;,operator,0,34,20
124,707,708,if,keyword,0,35,3
125,709,709,(,operator,0,35,5
126,711,711,L,identifier,0,35,7
127,712,712,%,operator,0,35,8
128,713,713,2,integer,0,35,9
129,714,715,"!=",operator,0,35,10
130,716,719,flag,identifier,0,35,12
131,721,721,),operator,0,35,17
132,723,723,L,identifier,0,35,19
133,724,725,--,operator,0,35,20
134,726,726,;,operator,0,35,22
135,731,732,if,keyword,0,36,3
136,734,734,(,operator,0,36,6
137,735,735,S,identifier,0,36,7
138,736,736,%,operator,0,36,8
139,737,737,2,integer,0,36,9
140,738,739,"!=",operator,0,36,10
141,740,743,flag,identifier,0,36,12
142,745,745,),operator,0,36,17
143,747,747,S,identifier,0,36,19
144,748,749,++,operator,0,36,20
145,750,750,;,operator,0,36,22
146,755,756,if,keyword,0,37,3
147,757,757,(,operator,0,37,5
148,759,759,L,identifier,0,37,7
149,761,761,<,operator,0,37,9
150,763,763,S,identifier,0,37,11
151,765,765,),operator,0,37,13
152,767,772,return,keyword,0,37,15
153,774,778,false,keyword,0,37,22
154,779,779,;,operator,0,37,27
155,784,785,if,keyword,0,38,3
156,786,786,(,operator,0,38,5
157,788,791,mod2,identifier,0,38,7
158,792,792,[,operator,0,38,11
159,793,793,V,identifier,0,38,12
160,794,794,],operator,0,38,13
161,796,797,"!=",operator,0,38,15
162,799,799,-,operator,0,38,18
163,800,800,1,integer,0,38,19
164,802,803,&&,operator,0,38,21
165,805,808,mod2,identifier,0,38,24
166,809,809,[,operator,0,38,28
167,810,810,V,identifier,0,38,29
168,811,811,],operator,0,38,30
169,813,814,"!=",operator,0,38,32
170,816,819,flag,identifier,0,38,35
171,821,821,),operator,0,38,40
172,823,828,return,keyword,0,38,42
173,830,834,false,keyword,0,38,49
174,835,835,;,operator,0,38,54
175,901,902,if,keyword,0,40,3
176,903,903,(,operator,0,40,5
177,905,909,large,identifier,0,40,7
178,910,910,[,operator,0,40,12
179,911,911,V,identifier,0,40,13
180,912,912,],operator,0,40,14
181,914,915,==,operator,0,40,16
182,917,917,L,identifier,0,40,19
183,919,920,&&,operator,0,40,21
184,922,926,small,identifier,0,40,24
185,927,927,[,operator,0,40,29
186,928,928,V,identifier,0,40,30
187,929,929,],operator,0,40,31
188,931,932,==,operator,0,40,33
189,934,934,S,identifier,0,40,36
190,936,936,),operator,0,40,38
191,938,943,return,keyword,0,40,40
192,945,948,true,keyword,0,40,47
193,949,949,;,operator,0,40,51
194,954,958,large,identifier,0,41,3
195,959,959,[,operator,0,41,8
196,960,960,V,identifier,0,41,9
197,961,961,],operator,0,41,10
198,962,962,=,operator,0,41,11
199,963,963,L,identifier,0,41,12
200,964,964,;,operator,0,41,13
201,969,973,small,identifier,0,42,3
202,974,974,[,operator,0,42,8
203,975,975,V,identifier,0,42,9
204,976,976,],operator,0,42,10
205,977,977,=,operator,0,42,11
206,978,978,S,identifier,0,42,12
207,979,979,;,operator,0,42,13
208,984,987,mod2,identifier,0,43,3
209,988,988,[,operator,0,43,7
210,989,989,V,identifier,0,43,8
211,990,990,],operator,0,43,9
212,991,991,=,operator,0,43,10
213,992,995,flag,identifier,0,43,11
214,996,996,;,operator,0,43,15
215,1001,1003,for,keyword,0,44,3
216,1004,1004,(,operator,0,44,6
217,1006,1008,int,keyword,0,44,8
218,1010,1010,i,identifier,0,44,12
219,1012,1012,=,operator,0,44,14
220,1014,1014,0,integer,0,44,16
221,1016,1016,;,operator,0,44,18
222,1018,1018,i,identifier,0,44,20
223,1020,1020,<,operator,0,44,22
224,1022,1022,(,operator,0,44,24
225,1023,1025,int,keyword,0,44,25
226,1026,1026,),operator,0,44,28
227,1027,1030,edge,identifier,0,44,29
228,1031,1031,[,operator,0,44,33
229,1032,1032,V,identifier,0,44,34
230,1033,1033,],operator,0,44,35
231,1034,1034,.,operator,0,44,36
232,1035,1038,size,identifier,0,44,37
233,1039,1039,(,operator,0,44,41
234,1040,1040,),operator,0,44,42
235,1041,1041,;,operator,0,44,43
236,1043,1043,i,identifier,0,44,45
237,1044,1045,++,operator,0,44,46
238,1047,1047,),operator,0,44,49
239,1048,1048,{,operator,0,44,50
240,1056,1057,if,keyword,0,45,6
241,1058,1058,(,operator,0,45,8
242,1060,1066,arrived,identifier,0,45,10
243,1067,1067,[,operator,0,45,17
244,1068,1071,edge,identifier,0,45,18
245,1072,1072,[,operator,0,45,22
246,1073,1073,V,identifier,0,45,23
247,1074,1074,],operator,0,45,24
248,1075,1075,[,operator,0,45,25
249,1076,1076,i,identifier,0,45,26
250,1077,1077,],operator,0,45,27
251,1078,1078,],operator,0,45,28
252,1079,1080,"!=",operator,0,45,29
253,1081,1084,true,keyword,0,45,31
254,1086,1086,),operator,0,45,36
255,1087,1087,{,operator,0,45,37
256,1098,1099,if,keyword,0,46,9
257,1100,1100,(,operator,0,46,11
258,1102,1104,dfs,identifier,0,46,13
259,1105,1105,(,operator,0,46,16
260,1107,1110,edge,identifier,0,46,18
261,1111,1111,[,operator,0,46,22
262,1112,1112,V,identifier,0,46,23
263,1113,1113,],operator,0,46,24
264,1114,1114,[,operator,0,46,25
265,1115,1115,i,identifier,0,46,26
266,1116,1116,],operator,0,46,27
267,1117,1117,",",operator,0,46,28
268,1119,1119,S,identifier,0,46,30
269,1120,1120,-,operator,0,46,31
270,1121,1121,1,integer,0,46,32
271,1122,1122,",",operator,0,46,33
272,1124,1124,L,identifier,0,46,35
273,1125,1125,+,operator,0,46,36
274,1126,1126,1,integer,0,46,37
275,1127,1127,",",operator,0,46,38
276,1129,1129,1,integer,0,46,40
277,1130,1130,-,operator,0,46,41
278,1131,1134,flag,identifier,0,46,42
279,1136,1136,),operator,0,46,47
280,1138,1139,==,operator,0,46,49
281,1141,1145,false,keyword,0,46,52
282,1147,1147,),operator,0,46,58
283,1148,1148,{,operator,0,46,59
284,1162,1167,return,keyword,0,47,12
285,1169,1173,false,keyword,0,47,19
286,1174,1174,;,operator,0,47,24
287,1185,1185,},operator,0,48,9
288,1193,1193,},operator,0,49,6
289,1198,1198,},operator,0,50,3
290,1203,1208,return,keyword,0,51,3
291,1210,1213,true,keyword,0,51,10
292,1214,1214,;,operator,0,51,14
293,1216,1216,},operator,0,52,0
294,1218,1221,void,keyword,0,53,0
295,1223,1226,dfs2,identifier,0,53,5
296,1227,1227,(,operator,0,53,9
297,1228,1230,int,keyword,0,53,10
298,1232,1232,V,identifier,0,53,14
299,1233,1233,",",operator,0,53,15
300,1235,1237,int,keyword,0,53,17
301,1239,1239,P,identifier,0,53,21
302,1240,1240,),operator,0,53,22
303,1241,1241,{,operator,0,53,23
304,1246,1247,if,keyword,0,54,3
305,1248,1248,(,operator,0,54,5
306,1250,1256,arrived,identifier,0,54,7
307,1257,1257,[,operator,0,54,14
308,1258,1258,V,identifier,0,54,15
309,1259,1259,],operator,0,54,16
310,1261,1261,),operator,0,54,18
311,1263,1268,return,keyword,0,54,20
312,1270,1270,;,operator,0,54,27
313,1275,1281,arrived,identifier,0,55,3
314,1282,1282,[,operator,0,55,10
315,1283,1283,V,identifier,0,55,11
316,1284,1284,],operator,0,55,12
317,1286,1286,=,operator,0,55,14
318,1288,1291,true,keyword,0,55,16
319,1292,1292,;,operator,0,55,20
320,1297,1301,large,identifier,0,56,3
321,1302,1302,[,operator,0,56,8
322,1303,1303,V,identifier,0,56,9
323,1304,1304,],operator,0,56,10
324,1305,1305,=,operator,0,56,11
325,1306,1306,P,identifier,0,56,12
326,1307,1307,;,operator,0,56,13
327,1312,1316,small,identifier,0,57,3
328,1317,1317,[,operator,0,57,8
329,1318,1318,V,identifier,0,57,9
330,1319,1319,],operator,0,57,10
331,1320,1320,=,operator,0,57,11
332,1321,1321,P,identifier,0,57,12
333,1322,1322,;,operator,0,57,13
334,1327,1329,for,keyword,0,58,3
335,1330,1330,(,operator,0,58,6
336,1332,1334,int,keyword,0,58,8
337,1336,1336,i,identifier,0,58,12
338,1338,1338,=,operator,0,58,14
339,1340,1340,0,integer,0,58,16
340,1342,1342,;,operator,0,58,18
341,1344,1344,i,identifier,0,58,20
342,1346,1346,<,operator,0,58,22
343,1348,1348,(,operator,0,58,24
344,1349,1351,int,keyword,0,58,25
345,1352,1352,),operator,0,58,28
346,1354,1357,edge,identifier,0,58,30
347,1358,1358,[,operator,0,58,34
348,1359,1359,V,identifier,0,58,35
349,1360,1360,],operator,0,58,36
350,1361,1361,.,operator,0,58,37
351,1362,1365,size,identifier,0,58,38
352,1366,1366,(,operator,0,58,42
353,1367,1367,),operator,0,58,43
354,1368,1368,;,operator,0,58,44
355,1370,1370,i,identifier,0,58,46
356,1371,1372,++,operator,0,58,47
357,1374,1374,),operator,0,58,50
358,1375,1375,{,operator,0,58,51
359,1383,1384,if,keyword,0,59,6
360,1385,1385,(,operator,0,59,8
361,1387,1393,arrived,identifier,0,59,10
362,1394,1394,[,operator,0,59,17
363,1395,1398,edge,identifier,0,59,18
364,1399,1399,[,operator,0,59,22
365,1400,1400,V,identifier,0,59,23
366,1401,1401,],operator,0,59,24
367,1402,1402,[,operator,0,59,25
368,1403,1403,i,identifier,0,59,26
369,1404,1404,],operator,0,59,27
370,1405,1405,],operator,0,59,28
371,1407,1408,"!=",operator,0,59,30
372,1410,1413,true,keyword,0,59,33
373,1415,1415,),operator,0,59,38
374,1416,1416,{,operator,0,59,39
375,1427,1429,int,keyword,0,60,9
376,1431,1434,next,identifier,0,60,13
377,1436,1436,=,operator,0,60,18
378,1438,1441,edge,identifier,0,60,20
379,1442,1442,[,operator,0,60,24
380,1443,1443,V,identifier,0,60,25
381,1444,1444,],operator,0,60,26
382,1445,1445,[,operator,0,60,27
383,1446,1446,i,identifier,0,60,28
384,1447,1447,],operator,0,60,29
385,1448,1448,;,operator,0,60,30
386,1459,1460,if,keyword,0,61,9
387,1461,1461,(,operator,0,61,11
388,1463,1467,large,identifier,0,61,13
389,1468,1468,[,operator,0,61,18
390,1469,1472,next,identifier,0,61,19
391,1473,1473,],operator,0,61,23
392,1475,1476,>=,operator,0,61,25
393,1478,1478,P,identifier,0,61,28
394,1479,1479,+,operator,0,61,29
395,1480,1480,1,integer,0,61,30
396,1482,1483,&&,operator,0,61,32
397,1485,1489,small,identifier,0,61,35
398,1490,1490,[,operator,0,61,40
399,1491,1494,next,identifier,0,61,41
400,1495,1495,],operator,0,61,45
401,1497,1498,<=,operator,0,61,47
402,1500,1500,P,identifier,0,61,50
403,1501,1501,+,operator,0,61,51
404,1502,1502,1,integer,0,61,52
405,1504,1504,),operator,0,61,54
406,1505,1505,{,operator,0,61,55
407,1519,1522,dfs2,identifier,0,62,12
408,1523,1523,(,operator,0,62,16
409,1524,1527,next,identifier,0,62,17
410,1528,1528,",",operator,0,62,21
411,1529,1529,P,identifier,0,62,22
412,1530,1530,+,operator,0,62,23
413,1531,1531,1,integer,0,62,24
414,1532,1532,),operator,0,62,25
415,1533,1533,;,operator,0,62,26
416,1544,1544,},operator,0,63,9
417,1555,1558,else,keyword,0,64,9
418,1560,1561,if,keyword,0,64,14
419,1562,1562,(,operator,0,64,16
420,1564,1568,large,identifier,0,64,18
421,1569,1569,[,operator,0,64,23
422,1570,1573,next,identifier,0,64,24
423,1574,1574,],operator,0,64,28
424,1576,1577,>=,operator,0,64,30
425,1579,1579,P,identifier,0,64,33
426,1580,1580,-,operator,0,64,34
427,1581,1581,1,integer,0,64,35
428,1583,1584,&&,operator,0,64,37
429,1586,1590,small,identifier,0,64,40
430,1591,1591,[,operator,0,64,45
431,1592,1595,next,identifier,0,64,46
432,1596,1596,],operator,0,64,50
433,1598,1599,<=,operator,0,64,52
434,1601,1601,P,identifier,0,64,55
435,1602,1602,-,operator,0,64,56
436,1603,1603,1,integer,0,64,57
437,1605,1605,),operator,0,64,59
438,1606,1606,{,operator,0,64,60
439,1620,1623,dfs2,identifier,0,65,12
440,1624,1624,(,operator,0,65,16
441,1625,1628,next,identifier,0,65,17
442,1629,1629,",",operator,0,65,21
443,1630,1630,P,identifier,0,65,22
444,1631,1631,-,operator,0,65,23
445,1632,1632,1,integer,0,65,24
446,1633,1633,),operator,0,65,25
447,1634,1634,;,operator,0,65,26
448,1645,1645,},operator,0,66,9
449,1656,1659,else,keyword,0,67,9
450,1660,1660,{,operator,0,67,13
451,1674,1677,cout,identifier,0,68,12
452,1679,1679,<,operator,0,68,17
453,1680,1680,<,operator,0,68,18
454,1681,1688,""" ERROR""",string,0,68,19
455,1690,1690,<,operator,0,68,28
456,1691,1691,<,operator,0,68,29
457,1693,1696,endl,identifier,0,68,31
458,1697,1697,;,operator,0,68,35
459,1708,1708,},operator,0,69,9
460,1716,1716,},operator,0,70,6
461,1721,1721,},operator,0,71,3
462,1723,1723,},operator,0,72,0
463,1725,1727,int,keyword,0,73,0
464,1729,1732,main,identifier,0,73,4
465,1733,1733,(,operator,0,73,8
466,1734,1734,),operator,0,73,9
467,1735,1735,{,operator,0,73,10
468,1740,1742,int,keyword,0,74,3
469,1744,1744,N,identifier,0,74,7
470,1745,1745,;,operator,0,74,8
471,1750,1752,cin,identifier,0,75,3
472,1754,1754,>,operator,0,75,7
473,1755,1755,>,operator,0,75,8
474,1757,1757,N,identifier,0,75,10
475,1758,1758,;,operator,0,75,11
476,1763,1765,for,keyword,0,76,3
477,1766,1766,(,operator,0,76,6
478,1768,1770,int,keyword,0,76,8
479,1772,1772,i,identifier,0,76,12
480,1774,1774,=,operator,0,76,14
481,1776,1776,0,integer,0,76,16
482,1778,1778,;,operator,0,76,18
483,1780,1780,i,identifier,0,76,20
484,1782,1782,<,operator,0,76,22
485,1784,1784,N,identifier,0,76,24
486,1785,1785,+,operator,0,76,25
487,1786,1786,1,integer,0,76,26
488,1787,1787,;,operator,0,76,27
489,1789,1789,i,identifier,0,76,29
490,1790,1791,++,operator,0,76,30
491,1793,1793,),operator,0,76,33
492,1794,1794,{,operator,0,76,34
493,1802,1806,large,identifier,0,77,6
494,1807,1807,[,operator,0,77,11
495,1808,1808,i,identifier,0,77,12
496,1809,1809,],operator,0,77,13
497,1811,1811,=,operator,0,77,15
498,1813,1819,INT_MAX,identifier,0,77,17
499,1820,1820,/,operator,0,77,24
500,1821,1821,2,integer,0,77,25
501,1822,1822,;,operator,0,77,26
502,1830,1834,small,identifier,0,78,6
503,1835,1835,[,operator,0,78,11
504,1836,1836,i,identifier,0,78,12
505,1837,1837,],operator,0,78,13
506,1839,1839,=,operator,0,78,15
507,1841,1847,INT_MAX,identifier,0,78,17
508,1848,1848,/,operator,0,78,24
509,1849,1849,-,operator,0,78,25
510,1850,1850,2,integer,0,78,26
511,1851,1851,;,operator,0,78,27
512,1856,1856,},operator,0,79,3
513,1861,1863,for,keyword,0,80,3
514,1864,1864,(,operator,0,80,6
515,1866,1868,int,keyword,0,80,8
516,1870,1870,i,identifier,0,80,12
517,1872,1872,=,operator,0,80,14
518,1874,1874,0,integer,0,80,16
519,1876,1876,;,operator,0,80,18
520,1878,1878,i,identifier,0,80,20
521,1879,1879,+,operator,0,80,21
522,1880,1880,1,integer,0,80,22
523,1882,1882,<,operator,0,80,24
524,1884,1884,N,identifier,0,80,26
525,1886,1886,;,operator,0,80,28
526,1888,1888,i,identifier,0,80,30
527,1889,1890,++,operator,0,80,31
528,1892,1892,),operator,0,80,34
529,1893,1893,{,operator,0,80,35
530,1901,1903,int,keyword,0,81,6
531,1905,1905,A,identifier,0,81,10
532,1906,1906,",",operator,0,81,11
533,1907,1907,B,identifier,0,81,12
534,1908,1908,;,operator,0,81,13
535,1916,1918,cin,identifier,0,82,6
536,1920,1920,>,operator,0,82,10
537,1921,1921,>,operator,0,82,11
538,1923,1923,A,identifier,0,82,13
539,1925,1925,>,operator,0,82,15
540,1926,1926,>,operator,0,82,16
541,1928,1928,B,identifier,0,82,18
542,1929,1929,;,operator,0,82,19
543,1937,1940,edge,identifier,0,83,6
544,1941,1941,[,operator,0,83,10
545,1942,1942,A,identifier,0,83,11
546,1943,1943,],operator,0,83,12
547,1944,1944,.,operator,0,83,13
548,1945,1953,push_back,identifier,0,83,14
549,1954,1954,(,operator,0,83,23
550,1955,1955,B,identifier,0,83,24
551,1956,1956,),operator,0,83,25
552,1957,1957,;,operator,0,83,26
553,1965,1968,edge,identifier,0,84,6
554,1969,1969,[,operator,0,84,10
555,1970,1970,B,identifier,0,84,11
556,1971,1971,],operator,0,84,12
557,1972,1972,.,operator,0,84,13
558,1973,1981,push_back,identifier,0,84,14
559,1982,1982,(,operator,0,84,23
560,1983,1983,A,identifier,0,84,24
561,1984,1984,),operator,0,84,25
562,1985,1985,;,operator,0,84,26
563,1990,1990,},operator,0,85,3
564,1995,1997,int,keyword,0,86,3
565,1999,1999,K,identifier,0,86,7
566,2000,2000,;,operator,0,86,8
567,2005,2007,cin,identifier,0,87,3
568,2009,2009,>,operator,0,87,7
569,2010,2010,>,operator,0,87,8
570,2012,2012,K,identifier,0,87,10
571,2013,2013,;,operator,0,87,11
572,2018,2021,bool,keyword,0,88,3
573,2023,2024,ok,identifier,0,88,8
574,2026,2026,=,operator,0,88,11
575,2028,2031,true,keyword,0,88,13
576,2032,2032,;,operator,0,88,17
577,2037,2039,int,keyword,0,89,3
578,2041,2045,lastV,identifier,0,89,7
579,2046,2046,=,operator,0,89,12
580,2047,2047,0,integer,0,89,13
581,2048,2048,",",operator,0,89,14
582,2049,2053,lastP,identifier,0,89,15
583,2054,2054,=,operator,0,89,20
584,2055,2055,0,integer,0,89,21
585,2056,2056,;,operator,0,89,22
586,2061,2066,memset,identifier,0,90,3
587,2067,2067,(,operator,0,90,9
588,2069,2072,used,identifier,0,90,11
589,2073,2073,",",operator,0,90,15
590,2075,2079,false,keyword,0,90,17
591,2080,2080,",",operator,0,90,22
592,2081,2086,sizeof,keyword,0,90,23
593,2087,2087,(,operator,0,90,29
594,2088,2091,used,identifier,0,90,30
595,2092,2092,),operator,0,90,34
596,2093,2093,),operator,0,90,35
597,2094,2094,;,operator,0,90,36
598,2099,2104,memset,identifier,0,91,3
599,2105,2105,(,operator,0,91,9
600,2107,2110,mod2,identifier,0,91,11
601,2111,2111,",",operator,0,91,15
602,2113,2113,-,operator,0,91,17
603,2114,2114,1,integer,0,91,18
604,2115,2115,",",operator,0,91,19
605,2117,2122,sizeof,keyword,0,91,21
606,2123,2123,(,operator,0,91,27
607,2124,2127,mod2,identifier,0,91,28
608,2128,2128,),operator,0,91,32
609,2129,2129,),operator,0,91,33
610,2130,2130,;,operator,0,91,34
611,2135,2137,for,keyword,0,92,3
612,2138,2138,(,operator,0,92,6
613,2140,2142,int,keyword,0,92,8
614,2144,2144,i,identifier,0,92,12
615,2146,2146,=,operator,0,92,14
616,2148,2148,0,integer,0,92,16
617,2150,2150,;,operator,0,92,18
618,2152,2152,i,identifier,0,92,20
619,2154,2154,<,operator,0,92,22
620,2155,2155,K,identifier,0,92,23
621,2156,2156,;,operator,0,92,24
622,2158,2158,i,identifier,0,92,26
623,2159,2160,++,operator,0,92,27
624,2162,2162,),operator,0,92,30
625,2163,2163,{,operator,0,92,31
626,2171,2173,int,keyword,0,93,6
627,2175,2175,V,identifier,0,93,10
628,2176,2176,",",operator,0,93,11
629,2177,2177,P,identifier,0,93,12
630,2178,2178,;,operator,0,93,13
631,2186,2188,cin,identifier,0,94,6
632,2190,2190,>,operator,0,94,10
633,2191,2191,>,operator,0,94,11
634,2193,2193,V,identifier,0,94,13
635,2194,2194,>,operator,0,94,14
636,2195,2195,>,operator,0,94,15
637,2196,2196,P,identifier,0,94,16
638,2197,2197,;,operator,0,94,17
639,2205,2209,lastV,identifier,0,95,6
640,2210,2210,=,operator,0,95,11
641,2211,2211,V,identifier,0,95,12
642,2212,2212,;,operator,0,95,13
643,2213,2217,lastP,identifier,0,95,14
644,2218,2218,=,operator,0,95,19
645,2219,2219,P,identifier,0,95,20
646,2220,2220,;,operator,0,95,21
647,2228,2229,if,keyword,0,96,6
648,2230,2230,(,operator,0,96,8
649,2232,2236,small,identifier,0,96,10
650,2237,2237,[,operator,0,96,15
651,2238,2238,V,identifier,0,96,16
652,2239,2239,],operator,0,96,17
653,2241,2241,>,operator,0,96,19
654,2243,2243,P,identifier,0,96,21
655,2245,2246,||,operator,0,96,23
656,2248,2252,large,identifier,0,96,26
657,2253,2253,[,operator,0,96,31
658,2254,2254,V,identifier,0,96,32
659,2255,2255,],operator,0,96,33
660,2257,2257,<,operator,0,96,35
661,2259,2259,P,identifier,0,96,37
662,2261,2261,),operator,0,96,39
663,2262,2262,{,operator,0,96,40
664,2273,2274,ok,identifier,0,97,9
665,2276,2276,=,operator,0,97,12
666,2278,2282,false,keyword,0,97,14
667,2283,2283,;,operator,0,97,19
668,2291,2291,},operator,0,98,6
669,2299,2300,if,keyword,0,99,6
670,2301,2301,(,operator,0,99,8
671,2302,2303,ok,identifier,0,99,9
672,2304,2304,),operator,0,99,11
673,2305,2305,{,operator,0,99,12
674,2316,2321,memset,identifier,0,100,9
675,2322,2322,(,operator,0,100,15
676,2323,2329,arrived,identifier,0,100,16
677,2330,2330,",",operator,0,100,23
678,2331,2335,false,keyword,0,100,24
679,2336,2336,",",operator,0,100,29
680,2337,2342,sizeof,keyword,0,100,30
681,2343,2343,(,operator,0,100,36
682,2344,2350,arrived,identifier,0,100,37
683,2351,2351,),operator,0,100,44
684,2352,2352,),operator,0,100,45
685,2353,2353,;,operator,0,100,46
686,2364,2365,ok,identifier,0,101,9
687,2366,2366,=,operator,0,101,11
688,2368,2370,dfs,identifier,0,101,13
689,2371,2371,(,operator,0,101,16
690,2372,2372,V,identifier,0,101,17
691,2373,2373,",",operator,0,101,18
692,2374,2374,P,identifier,0,101,19
693,2375,2375,",",operator,0,101,20
694,2376,2376,P,identifier,0,101,21
695,2377,2377,",",operator,0,101,22
696,2378,2378,P,identifier,0,101,23
697,2379,2379,%,operator,0,101,24
698,2380,2380,2,integer,0,101,25
699,2381,2381,),operator,0,101,26
700,2382,2382,;,operator,0,101,27
701,2393,2396,used,identifier,0,102,9
702,2397,2397,[,operator,0,102,13
703,2398,2398,V,identifier,0,102,14
704,2399,2399,],operator,0,102,15
705,2400,2400,=,operator,0,102,16
706,2401,2404,true,keyword,0,102,17
707,2405,2405,;,operator,0,102,21
708,2413,2413,},operator,0,103,6
709,2418,2418,},operator,0,104,3
710,2423,2424,if,keyword,0,105,3
711,2425,2425,(,operator,0,105,5
712,2427,2428,ok,identifier,0,105,7
713,2430,2431,==,operator,0,105,10
714,2433,2437,false,keyword,0,105,13
715,2439,2439,),operator,0,105,19
716,2440,2440,{,operator,0,105,20
717,2448,2451,cout,identifier,0,106,6
718,2452,2452,<,operator,0,106,10
719,2453,2453,<,operator,0,106,11
720,2455,2458,"""No""",string,0,106,13
721,2459,2459,<,operator,0,106,17
722,2460,2460,<,operator,0,106,18
723,2461,2464,endl,identifier,0,106,19
724,2465,2465,;,operator,0,106,23
725,2473,2478,return,keyword,0,107,6
726,2480,2480,0,integer,0,107,13
727,2481,2481,;,operator,0,107,14
728,2486,2486,},operator,0,108,3
729,2491,2494,else,keyword,0,109,3
730,2495,2495,{,operator,0,109,7
731,2503,2506,cout,identifier,0,110,6
732,2508,2508,<,operator,0,110,11
733,2509,2509,<,operator,0,110,12
734,2511,2515,"""Yes""",string,0,110,14
735,2517,2517,<,operator,0,110,20
736,2518,2518,<,operator,0,110,21
737,2520,2523,endl,identifier,0,110,23
738,2524,2524,;,operator,0,110,27
739,2532,2537,memset,identifier,0,111,6
740,2538,2538,(,operator,0,111,12
741,2539,2545,arrived,identifier,0,111,13
742,2546,2546,",",operator,0,111,20
743,2547,2551,false,keyword,0,111,21
744,2552,2552,",",operator,0,111,26
745,2553,2558,sizeof,keyword,0,111,27
746,2559,2559,(,operator,0,111,33
747,2560,2566,arrived,identifier,0,111,34
748,2567,2567,),operator,0,111,41
749,2568,2568,),operator,0,111,42
750,2569,2569,;,operator,0,111,43
751,2577,2580,dfs2,identifier,0,112,6
752,2581,2581,(,operator,0,112,10
753,2582,2586,lastV,identifier,0,112,11
754,2587,2587,",",operator,0,112,16
755,2589,2593,lastP,identifier,0,112,18
756,2594,2594,),operator,0,112,23
757,2595,2595,;,operator,0,112,24
758,2600,2600,},operator,0,113,3
759,2605,2607,for,keyword,0,114,3
760,2608,2608,(,operator,0,114,6
761,2610,2612,int,keyword,0,114,8
762,2614,2614,i,identifier,0,114,12
763,2616,2616,=,operator,0,114,14
764,2618,2618,1,integer,0,114,16
765,2620,2620,;,operator,0,114,18
766,2622,2622,i,identifier,0,114,20
767,2624,2625,<=,operator,0,114,22
768,2627,2627,N,identifier,0,114,25
769,2628,2628,;,operator,0,114,26
770,2630,2630,i,identifier,0,114,28
771,2631,2632,++,operator,0,114,29
772,2634,2634,),operator,0,114,32
773,2635,2635,{,operator,0,114,33
774,2643,2646,cout,identifier,0,115,6
775,2648,2648,<,operator,0,115,11
776,2649,2649,<,operator,0,115,12
777,2651,2655,large,identifier,0,115,14
778,2656,2656,[,operator,0,115,19
779,2657,2657,i,identifier,0,115,20
780,2658,2658,],operator,0,115,21
781,2660,2660,<,operator,0,115,23
782,2661,2661,<,operator,0,115,24
783,2663,2666,endl,identifier,0,115,26
784,2667,2667,;,operator,0,115,30
785,2672,2672,},operator,0,116,3
786,2677,2682,return,keyword,0,117,3
787,2684,2684,0,integer,0,117,10
788,2685,2685,;,operator,0,117,11
789,2687,2687,},operator,0,118,0
790,2689,2688,<EOF>,eof,0,119,0
