seqnr,start,stop,text,class,channel,line,column
0,0,23,"#include <bits/stdc++.h>",directive,1,1,0
1,25,29,using,keyword,0,2,0
2,31,39,namespace,keyword,0,2,6
3,41,43,std,identifier,0,2,16
4,44,44,;,operator,0,2,19
5,46,50,const,keyword,0,3,0
6,52,55,long,keyword,0,3,6
7,57,60,long,keyword,0,3,11
8,62,62,N,identifier,0,3,16
9,64,64,=,operator,0,3,18
10,66,71,100010,integer,0,3,20
11,72,72,;,operator,0,3,26
12,74,79,vector,identifier,0,4,0
13,80,80,<,operator,0,4,6
14,81,84,long,keyword,0,4,7
15,86,89,long,keyword,0,4,12
16,90,90,>,operator,0,4,16
17,92,92,g,identifier,0,4,18
18,93,93,[,operator,0,4,19
19,94,94,N,identifier,0,4,20
20,95,95,],operator,0,4,21
21,96,96,;,operator,0,4,22
22,98,101,long,keyword,0,5,0
23,103,106,long,keyword,0,5,5
24,108,108,a,identifier,0,5,10
25,109,109,[,operator,0,5,11
26,110,110,N,identifier,0,5,12
27,111,111,],operator,0,5,13
28,112,112,;,operator,0,5,14
29,115,118,void,keyword,0,7,0
30,120,122,ini,identifier,0,7,5
31,123,123,(,operator,0,7,8
32,124,124,),operator,0,7,9
33,126,126,{,operator,0,7,11
34,132,134,for,keyword,0,8,4
35,135,135,(,operator,0,8,7
36,136,139,long,keyword,0,8,8
37,141,144,long,keyword,0,8,13
38,146,146,i,identifier,0,8,18
39,148,148,=,operator,0,8,20
40,150,150,0,integer,0,8,22
41,151,151,;,operator,0,8,23
42,153,153,i,identifier,0,8,25
43,155,155,<,operator,0,8,27
44,157,157,N,identifier,0,8,29
45,158,158,;,operator,0,8,30
46,160,160,i,identifier,0,8,32
47,161,162,++,operator,0,8,33
48,163,163,),operator,0,8,35
49,165,165,{,operator,0,8,37
50,175,175,a,identifier,0,9,8
51,176,176,[,operator,0,9,9
52,177,177,i,identifier,0,9,10
53,178,178,],operator,0,9,11
54,180,180,=,operator,0,9,13
55,182,182,-,operator,0,9,15
56,183,183,1,integer,0,9,16
57,184,184,;,operator,0,9,17
58,190,190,},operator,0,10,4
59,192,192,},operator,0,11,0
60,195,198,bool,keyword,0,13,0
61,200,202,dfs,identifier,0,13,5
62,203,203,(,operator,0,13,8
63,204,207,long,keyword,0,13,9
64,209,212,long,keyword,0,13,14
65,214,217,node,identifier,0,13,19
66,218,218,",",operator,0,13,23
67,220,223,long,keyword,0,13,25
68,225,228,long,keyword,0,13,30
69,230,232,val,identifier,0,13,35
70,233,233,",",operator,0,13,38
71,235,238,long,keyword,0,13,40
72,240,243,long,keyword,0,13,45
73,245,250,parent,identifier,0,13,50
74,251,251,),operator,0,13,56
75,253,253,{,operator,0,13,58
76,259,260,if,keyword,0,14,4
77,261,261,(,operator,0,14,6
78,262,262,a,identifier,0,14,7
79,263,263,[,operator,0,14,8
80,264,267,node,identifier,0,14,9
81,268,268,],operator,0,14,13
82,270,271,"!=",operator,0,14,15
83,273,273,-,operator,0,14,18
84,274,274,1,integer,0,14,19
85,276,277,&&,operator,0,14,21
86,279,281,val,identifier,0,14,24
87,283,284,"!=",operator,0,14,28
88,286,286,a,identifier,0,14,31
89,287,287,[,operator,0,14,32
90,288,291,node,identifier,0,14,33
91,292,292,],operator,0,14,37
92,293,293,),operator,0,14,38
93,303,308,return,keyword,0,15,8
94,310,314,false,keyword,0,15,15
95,315,315,;,operator,0,15,20
96,321,324,bool,keyword,0,16,4
97,326,326,f,identifier,0,16,9
98,328,328,=,operator,0,16,11
99,330,333,true,keyword,0,16,13
100,334,334,;,operator,0,16,17
101,340,342,for,keyword,0,17,4
102,343,343,(,operator,0,17,7
103,344,347,long,keyword,0,17,8
104,349,352,long,keyword,0,17,13
105,354,354,i,identifier,0,17,18
106,356,356,=,operator,0,17,20
107,358,358,0,integer,0,17,22
108,359,359,;,operator,0,17,23
109,361,361,i,identifier,0,17,25
110,363,363,<,operator,0,17,27
111,365,365,g,identifier,0,17,29
112,366,366,[,operator,0,17,30
113,367,370,node,identifier,0,17,31
114,371,371,],operator,0,17,35
115,372,372,.,operator,0,17,36
116,373,376,size,identifier,0,17,37
117,377,377,(,operator,0,17,41
118,378,378,),operator,0,17,42
119,379,379,;,operator,0,17,43
120,381,381,i,identifier,0,17,45
121,382,383,++,operator,0,17,46
122,384,384,),operator,0,17,48
123,386,386,{,operator,0,17,50
124,469,470,if,keyword,0,19,8
125,471,471,(,operator,0,19,10
126,472,472,g,identifier,0,19,11
127,473,473,[,operator,0,19,12
128,474,477,node,identifier,0,19,13
129,478,478,],operator,0,19,17
130,479,479,[,operator,0,19,18
131,480,480,i,identifier,0,19,19
132,481,481,],operator,0,19,20
133,483,484,==,operator,0,19,22
134,486,491,parent,identifier,0,19,25
135,492,492,),operator,0,19,31
136,506,513,continue,keyword,0,20,12
137,514,514,;,operator,0,20,20
138,524,524,f,identifier,0,21,8
139,526,526,=,operator,0,21,10
140,528,530,dfs,identifier,0,21,12
141,531,531,(,operator,0,21,15
142,532,532,g,identifier,0,21,16
143,533,533,[,operator,0,21,17
144,534,537,node,identifier,0,21,18
145,538,538,],operator,0,21,22
146,539,539,[,operator,0,21,23
147,540,540,i,identifier,0,21,24
148,541,541,],operator,0,21,25
149,542,542,",",operator,0,21,26
150,544,546,val,identifier,0,21,28
151,548,548,+,operator,0,21,32
152,550,550,1,integer,0,21,34
153,551,551,",",operator,0,21,35
154,553,556,node,identifier,0,21,37
155,557,557,),operator,0,21,41
156,558,558,;,operator,0,21,42
157,568,569,if,keyword,0,22,8
158,570,570,(,operator,0,22,10
159,571,571,"!",operator,0,22,11
160,572,572,f,identifier,0,22,12
161,573,573,),operator,0,22,13
162,587,591,break,keyword,0,23,12
163,592,592,;,operator,0,23,17
164,598,598,},operator,0,24,4
165,604,605,if,keyword,0,25,4
166,606,606,(,operator,0,25,6
167,607,607,f,identifier,0,25,7
168,608,608,),operator,0,25,8
169,610,610,{,operator,0,25,10
170,620,620,a,identifier,0,26,8
171,621,621,[,operator,0,26,9
172,622,625,node,identifier,0,26,10
173,626,626,],operator,0,26,14
174,628,628,=,operator,0,26,16
175,630,632,val,identifier,0,26,18
176,633,633,;,operator,0,26,21
177,643,648,return,keyword,0,27,8
178,650,653,true,keyword,0,27,15
179,654,654,;,operator,0,27,19
180,660,660,},operator,0,28,4
181,666,668,for,keyword,0,29,4
182,669,669,(,operator,0,29,7
183,670,673,long,keyword,0,29,8
184,675,678,long,keyword,0,29,13
185,680,680,i,identifier,0,29,18
186,682,682,=,operator,0,29,20
187,684,684,0,integer,0,29,22
188,685,685,;,operator,0,29,23
189,687,687,i,identifier,0,29,25
190,689,689,<,operator,0,29,27
191,691,691,g,identifier,0,29,29
192,692,692,[,operator,0,29,30
193,693,696,node,identifier,0,29,31
194,697,697,],operator,0,29,35
195,698,698,.,operator,0,29,36
196,699,702,size,identifier,0,29,37
197,703,703,(,operator,0,29,41
198,704,704,),operator,0,29,42
199,705,705,;,operator,0,29,43
200,707,707,i,identifier,0,29,45
201,708,709,++,operator,0,29,46
202,710,710,),operator,0,29,48
203,712,712,{,operator,0,29,50
204,795,796,if,keyword,0,31,8
205,797,797,(,operator,0,31,10
206,798,798,g,identifier,0,31,11
207,799,799,[,operator,0,31,12
208,800,803,node,identifier,0,31,13
209,804,804,],operator,0,31,17
210,805,805,[,operator,0,31,18
211,806,806,i,identifier,0,31,19
212,807,807,],operator,0,31,20
213,809,810,==,operator,0,31,22
214,812,817,parent,identifier,0,31,25
215,818,818,),operator,0,31,31
216,832,839,continue,keyword,0,32,12
217,840,840,;,operator,0,32,20
218,850,850,f,identifier,0,33,8
219,852,852,=,operator,0,33,10
220,854,856,dfs,identifier,0,33,12
221,857,857,(,operator,0,33,15
222,858,858,g,identifier,0,33,16
223,859,859,[,operator,0,33,17
224,860,863,node,identifier,0,33,18
225,864,864,],operator,0,33,22
226,865,865,[,operator,0,33,23
227,866,866,i,identifier,0,33,24
228,867,867,],operator,0,33,25
229,868,868,",",operator,0,33,26
230,870,872,val,identifier,0,33,28
231,874,874,-,operator,0,33,32
232,876,876,1,integer,0,33,34
233,877,877,",",operator,0,33,35
234,879,882,node,identifier,0,33,37
235,883,883,),operator,0,33,41
236,884,884,;,operator,0,33,42
237,894,895,if,keyword,0,34,8
238,896,896,(,operator,0,34,10
239,897,897,"!",operator,0,34,11
240,898,898,f,identifier,0,34,12
241,899,899,),operator,0,34,13
242,913,917,break,keyword,0,35,12
243,918,918,;,operator,0,35,17
244,924,924,},operator,0,36,4
245,930,931,if,keyword,0,37,4
246,932,932,(,operator,0,37,6
247,933,933,f,identifier,0,37,7
248,934,934,),operator,0,37,8
249,944,944,a,identifier,0,38,8
250,945,945,[,operator,0,38,9
251,946,949,node,identifier,0,38,10
252,950,950,],operator,0,38,14
253,952,952,=,operator,0,38,16
254,954,956,val,identifier,0,38,18
255,957,957,;,operator,0,38,21
256,963,968,return,keyword,0,39,4
257,970,970,f,identifier,0,39,11
258,971,971,;,operator,0,39,12
259,973,973,},operator,0,40,0
260,976,978,int,keyword,0,42,0
261,980,983,main,identifier,0,42,4
262,984,984,(,operator,0,42,8
263,985,985,),operator,0,42,9
264,987,987,{,operator,0,42,11
265,993,1000,ios_base,identifier,0,43,4
266,1001,1002,::,operator,0,43,12
267,1003,1017,sync_with_stdio,identifier,0,43,14
268,1018,1018,(,operator,0,43,29
269,1019,1019,0,integer,0,43,30
270,1020,1020,),operator,0,43,31
271,1021,1021,;,operator,0,43,32
272,1027,1029,cin,identifier,0,44,4
273,1030,1030,.,operator,0,44,7
274,1031,1033,tie,identifier,0,44,8
275,1034,1034,(,operator,0,44,11
276,1035,1035,0,integer,0,44,12
277,1036,1036,),operator,0,44,13
278,1037,1037,;,operator,0,44,14
279,1043,1046,cout,identifier,0,45,4
280,1047,1047,.,operator,0,45,8
281,1048,1050,tie,identifier,0,45,9
282,1051,1051,(,operator,0,45,12
283,1052,1052,0,integer,0,45,13
284,1053,1053,),operator,0,45,14
285,1054,1054,;,operator,0,45,15
286,1060,1062,int,keyword,0,46,4
287,1064,1064,t,identifier,0,46,8
288,1066,1066,=,operator,0,46,10
289,1068,1068,1,integer,0,46,12
290,1069,1069,;,operator,0,46,13
291,1091,1095,while,keyword,0,48,4
292,1096,1096,(,operator,0,48,9
293,1097,1097,t,identifier,0,48,10
294,1098,1099,--,operator,0,48,11
295,1100,1100,),operator,0,48,13
296,1102,1102,{,operator,0,48,15
297,1112,1114,ini,identifier,0,49,8
298,1115,1115,(,operator,0,49,11
299,1116,1116,),operator,0,49,12
300,1117,1117,;,operator,0,49,13
301,1127,1130,long,keyword,0,50,8
302,1132,1135,long,keyword,0,50,13
303,1137,1137,n,identifier,0,50,18
304,1138,1138,;,operator,0,50,19
305,1148,1150,cin,identifier,0,51,8
306,1152,1152,>,operator,0,51,12
307,1153,1153,>,operator,0,51,13
308,1155,1155,n,identifier,0,51,15
309,1156,1156,;,operator,0,51,16
310,1166,1168,for,keyword,0,52,8
311,1169,1169,(,operator,0,52,11
312,1170,1173,long,keyword,0,52,12
313,1175,1178,long,keyword,0,52,17
314,1180,1180,i,identifier,0,52,22
315,1182,1182,=,operator,0,52,24
316,1184,1184,1,integer,0,52,26
317,1185,1185,;,operator,0,52,27
318,1187,1187,i,identifier,0,52,29
319,1189,1189,<,operator,0,52,31
320,1191,1191,n,identifier,0,52,33
321,1192,1192,;,operator,0,52,34
322,1194,1194,i,identifier,0,52,36
323,1195,1196,++,operator,0,52,37
324,1197,1197,),operator,0,52,39
325,1199,1199,{,operator,0,52,41
326,1213,1216,long,keyword,0,53,12
327,1218,1221,long,keyword,0,53,17
328,1223,1223,v,identifier,0,53,22
329,1224,1224,",",operator,0,53,23
330,1226,1226,u,identifier,0,53,25
331,1227,1227,;,operator,0,53,26
332,1241,1243,cin,identifier,0,54,12
333,1245,1245,>,operator,0,54,16
334,1246,1246,>,operator,0,54,17
335,1248,1248,v,identifier,0,54,19
336,1250,1250,>,operator,0,54,21
337,1251,1251,>,operator,0,54,22
338,1253,1253,u,identifier,0,54,24
339,1254,1254,;,operator,0,54,25
340,1268,1268,g,identifier,0,55,12
341,1269,1269,[,operator,0,55,13
342,1270,1270,v,identifier,0,55,14
343,1271,1271,],operator,0,55,15
344,1272,1272,.,operator,0,55,16
345,1273,1281,push_back,identifier,0,55,17
346,1282,1282,(,operator,0,55,26
347,1283,1283,u,identifier,0,55,27
348,1284,1284,),operator,0,55,28
349,1285,1285,;,operator,0,55,29
350,1299,1299,g,identifier,0,56,12
351,1300,1300,[,operator,0,56,13
352,1301,1301,u,identifier,0,56,14
353,1302,1302,],operator,0,56,15
354,1303,1303,.,operator,0,56,16
355,1304,1312,push_back,identifier,0,56,17
356,1313,1313,(,operator,0,56,26
357,1314,1314,v,identifier,0,56,27
358,1315,1315,),operator,0,56,28
359,1316,1316,;,operator,0,56,29
360,1326,1326,},operator,0,57,8
361,1336,1339,long,keyword,0,58,8
362,1341,1344,long,keyword,0,58,13
363,1346,1346,k,identifier,0,58,18
364,1347,1347,",",operator,0,58,19
365,1349,1352,root,identifier,0,58,21
366,1353,1353,;,operator,0,58,25
367,1363,1365,cin,identifier,0,59,8
368,1367,1367,>,operator,0,59,12
369,1368,1368,>,operator,0,59,13
370,1370,1370,k,identifier,0,59,15
371,1371,1371,;,operator,0,59,16
372,1381,1383,for,keyword,0,60,8
373,1384,1384,(,operator,0,60,11
374,1385,1388,long,keyword,0,60,12
375,1390,1393,long,keyword,0,60,17
376,1395,1395,i,identifier,0,60,22
377,1397,1397,=,operator,0,60,24
378,1399,1399,1,integer,0,60,26
379,1400,1400,;,operator,0,60,27
380,1402,1402,i,identifier,0,60,29
381,1404,1405,<=,operator,0,60,31
382,1407,1407,k,identifier,0,60,34
383,1408,1408,;,operator,0,60,35
384,1410,1410,i,identifier,0,60,37
385,1411,1412,++,operator,0,60,38
386,1413,1413,),operator,0,60,40
387,1415,1415,{,operator,0,60,42
388,1429,1432,long,keyword,0,61,12
389,1434,1437,long,keyword,0,61,17
390,1439,1441,idx,identifier,0,61,22
391,1442,1442,",",operator,0,61,25
392,1444,1444,x,identifier,0,61,27
393,1445,1445,;,operator,0,61,28
394,1459,1461,cin,identifier,0,62,12
395,1463,1463,>,operator,0,62,16
396,1464,1464,>,operator,0,62,17
397,1466,1468,idx,identifier,0,62,19
398,1470,1470,>,operator,0,62,23
399,1471,1471,>,operator,0,62,24
400,1473,1473,x,identifier,0,62,26
401,1474,1474,;,operator,0,62,27
402,1488,1488,a,identifier,0,63,12
403,1489,1489,[,operator,0,63,13
404,1490,1492,idx,identifier,0,63,14
405,1493,1493,],operator,0,63,17
406,1495,1495,=,operator,0,63,19
407,1497,1497,x,identifier,0,63,21
408,1498,1498,;,operator,0,63,22
409,1512,1515,root,identifier,0,64,12
410,1517,1517,=,operator,0,64,17
411,1519,1521,idx,identifier,0,64,19
412,1522,1522,;,operator,0,64,22
413,1532,1532,},operator,0,65,8
414,1592,1595,bool,keyword,0,67,8
415,1597,1600,flag,identifier,0,67,13
416,1602,1602,=,operator,0,67,18
417,1604,1606,dfs,identifier,0,67,20
418,1607,1607,(,operator,0,67,23
419,1608,1611,root,identifier,0,67,24
420,1612,1612,",",operator,0,67,28
421,1614,1614,a,identifier,0,67,30
422,1615,1615,[,operator,0,67,31
423,1616,1619,root,identifier,0,67,32
424,1620,1620,],operator,0,67,36
425,1621,1621,",",operator,0,67,37
426,1623,1623,-,operator,0,67,39
427,1624,1624,1,integer,0,67,40
428,1625,1625,),operator,0,67,41
429,1626,1626,;,operator,0,67,42
430,1636,1637,if,keyword,0,68,8
431,1638,1638,(,operator,0,68,10
432,1639,1639,"!",operator,0,68,11
433,1640,1643,flag,identifier,0,68,12
434,1644,1644,),operator,0,68,16
435,1646,1646,{,operator,0,68,18
436,1660,1663,cout,identifier,0,69,12
437,1665,1665,<,operator,0,69,17
438,1666,1666,<,operator,0,69,18
439,1668,1671,"""No""",string,0,69,20
440,1673,1673,<,operator,0,69,25
441,1674,1674,<,operator,0,69,26
442,1676,1679,endl,identifier,0,69,28
443,1680,1680,;,operator,0,69,32
444,1690,1690,},operator,0,70,8
445,1700,1703,else,keyword,0,71,8
446,1705,1705,{,operator,0,71,13
447,1719,1722,cout,identifier,0,72,12
448,1724,1724,<,operator,0,72,17
449,1725,1725,<,operator,0,72,18
450,1727,1731,"""Yes""",string,0,72,20
451,1733,1733,<,operator,0,72,26
452,1734,1734,<,operator,0,72,27
453,1736,1739,endl,identifier,0,72,29
454,1740,1740,;,operator,0,72,33
455,1754,1756,for,keyword,0,73,12
456,1757,1757,(,operator,0,73,15
457,1758,1761,long,keyword,0,73,16
458,1763,1766,long,keyword,0,73,21
459,1768,1768,i,identifier,0,73,26
460,1770,1770,=,operator,0,73,28
461,1772,1772,1,integer,0,73,30
462,1773,1773,;,operator,0,73,31
463,1775,1775,i,identifier,0,73,33
464,1777,1778,<=,operator,0,73,35
465,1780,1780,n,identifier,0,73,38
466,1781,1781,;,operator,0,73,39
467,1783,1783,i,identifier,0,73,41
468,1784,1785,++,operator,0,73,42
469,1786,1786,),operator,0,73,44
470,1788,1788,{,operator,0,73,46
471,1806,1809,cout,identifier,0,74,16
472,1811,1811,<,operator,0,74,21
473,1812,1812,<,operator,0,74,22
474,1814,1814,a,identifier,0,74,24
475,1815,1815,[,operator,0,74,25
476,1816,1816,i,identifier,0,74,26
477,1817,1817,],operator,0,74,27
478,1819,1819,<,operator,0,74,29
479,1820,1820,<,operator,0,74,30
480,1822,1825,endl,identifier,0,74,32
481,1826,1826,;,operator,0,74,36
482,1840,1840,},operator,0,75,12
483,1850,1850,},operator,0,76,8
484,1856,1856,},operator,0,77,4
485,1862,1867,return,keyword,0,78,4
486,1869,1869,0,integer,0,78,11
487,1870,1870,;,operator,0,78,12
488,1872,1872,},operator,0,79,0
489,1874,1873,<EOF>,eof,0,80,0
