seqnr,start,stop,text,class,channel,line,column
0,0,17,"#include <stdio.h>",directive,1,1,0
1,19,37,"#include <string.h>",directive,1,2,0
2,39,55,"#include <vector>",directive,1,3,0
3,57,70,"#include <map>",directive,1,4,0
4,73,77,using,keyword,0,6,0
5,79,87,namespace,keyword,0,6,6
6,89,91,std,identifier,0,6,16
7,92,92,;,operator,0,6,19
8,95,98,bool,keyword,0,8,0
9,100,101,wt,identifier,0,8,5
10,102,102,[,operator,0,8,7
11,103,108,100001,integer,0,8,8
12,109,109,],operator,0,8,14
13,110,110,;,operator,0,8,15
14,112,114,int,keyword,0,9,0
15,116,116,a,identifier,0,9,4
16,117,117,[,operator,0,9,5
17,118,123,100001,integer,0,9,6
18,124,124,],operator,0,9,12
19,125,125,",",operator,0,9,13
20,127,127,n,identifier,0,9,15
21,128,128,;,operator,0,9,16
22,130,135,vector,identifier,0,10,0
23,136,136,<,operator,0,10,6
24,137,139,int,keyword,0,10,7
25,140,140,>,operator,0,10,10
26,142,144,con,identifier,0,10,12
27,145,145,[,operator,0,10,15
28,146,151,100001,integer,0,10,16
29,152,152,],operator,0,10,22
30,153,153,;,operator,0,10,23
31,155,160,vector,identifier,0,11,0
32,161,161,<,operator,0,11,6
33,162,164,int,keyword,0,11,7
34,165,165,>,operator,0,11,10
35,167,171,child,identifier,0,11,12
36,172,172,[,operator,0,11,17
37,173,178,100001,integer,0,11,18
38,179,179,],operator,0,11,24
39,180,180,;,operator,0,11,25
40,182,184,map,identifier,0,12,0
41,185,185,<,operator,0,12,3
42,186,188,int,keyword,0,12,4
43,189,189,",",operator,0,12,7
44,190,192,int,keyword,0,12,8
45,193,193,>,operator,0,12,11
46,195,195,d,identifier,0,12,13
47,196,196,[,operator,0,12,14
48,197,202,100001,integer,0,12,15
49,203,203,],operator,0,12,21
50,204,204,;,operator,0,12,22
51,206,208,int,keyword,0,13,0
52,210,212,res,identifier,0,13,4
53,213,213,[,operator,0,13,7
54,214,219,100001,integer,0,13,8
55,220,220,],operator,0,13,14
56,221,221,;,operator,0,13,15
57,224,226,int,keyword,0,15,0
58,228,228,f,identifier,0,15,4
59,229,229,(,operator,0,15,5
60,230,232,int,keyword,0,15,6
61,234,234,c,identifier,0,15,10
62,235,235,",",operator,0,15,11
63,237,239,int,keyword,0,15,13
64,241,241,k,identifier,0,15,17
65,242,242,),operator,0,15,18
66,244,244,{,operator,0,15,20
67,247,248,if,keyword,0,16,1
68,249,249,(,operator,0,16,3
69,250,250,d,identifier,0,16,4
70,251,251,[,operator,0,16,5
71,252,252,k,identifier,0,16,6
72,253,253,],operator,0,16,7
73,254,254,.,operator,0,16,8
74,255,259,count,identifier,0,16,9
75,260,260,(,operator,0,16,14
76,261,261,c,identifier,0,16,15
77,262,262,),operator,0,16,16
78,263,263,),operator,0,16,17
79,265,270,return,keyword,0,16,19
80,272,272,d,identifier,0,16,26
81,273,273,[,operator,0,16,27
82,274,274,k,identifier,0,16,28
83,275,275,],operator,0,16,29
84,276,276,[,operator,0,16,30
85,277,277,c,identifier,0,16,31
86,278,278,],operator,0,16,32
87,279,279,;,operator,0,16,33
88,282,283,if,keyword,0,17,1
89,284,284,(,operator,0,17,3
90,285,286,wt,identifier,0,17,4
91,287,287,[,operator,0,17,6
92,288,288,k,identifier,0,17,7
93,289,289,],operator,0,17,8
94,291,292,&&,operator,0,17,10
95,294,294,a,identifier,0,17,13
96,295,295,[,operator,0,17,14
97,296,296,k,identifier,0,17,15
98,297,297,],operator,0,17,16
99,298,299,"!=",operator,0,17,17
100,300,300,c,identifier,0,17,19
101,301,301,),operator,0,17,20
102,303,308,return,keyword,0,17,22
103,310,310,0,integer,0,17,29
104,311,311,;,operator,0,17,30
105,314,315,if,keyword,0,18,1
106,316,316,(,operator,0,18,3
107,317,321,child,identifier,0,18,4
108,322,322,[,operator,0,18,9
109,323,323,k,identifier,0,18,10
110,324,324,],operator,0,18,11
111,325,325,.,operator,0,18,12
112,326,330,empty,identifier,0,18,13
113,331,331,(,operator,0,18,18
114,332,332,),operator,0,18,19
115,333,333,),operator,0,18,20
116,335,340,return,keyword,0,18,22
117,342,342,1,integer,0,18,29
118,343,343,;,operator,0,18,30
119,346,348,for,keyword,0,19,1
120,349,349,(,operator,0,19,4
121,350,352,int,keyword,0,19,5
122,354,354,i,identifier,0,19,9
123,355,355,=,operator,0,19,10
124,356,356,0,integer,0,19,11
125,357,357,;,operator,0,19,12
126,358,358,i,identifier,0,19,13
127,359,359,<,operator,0,19,14
128,360,364,child,identifier,0,19,15
129,365,365,[,operator,0,19,20
130,366,366,k,identifier,0,19,21
131,367,367,],operator,0,19,22
132,368,368,.,operator,0,19,23
133,369,372,size,identifier,0,19,24
134,373,373,(,operator,0,19,28
135,374,374,),operator,0,19,29
136,375,375,;,operator,0,19,30
137,376,376,i,identifier,0,19,31
138,377,378,++,operator,0,19,32
139,379,379,),operator,0,19,34
140,381,381,{,operator,0,19,36
141,385,386,if,keyword,0,20,2
142,387,387,(,operator,0,20,4
143,388,388,f,identifier,0,20,5
144,389,389,(,operator,0,20,6
145,390,390,c,identifier,0,20,7
146,391,391,-,operator,0,20,8
147,392,392,1,integer,0,20,9
148,393,393,",",operator,0,20,10
149,394,398,child,identifier,0,20,11
150,399,399,[,operator,0,20,16
151,400,400,k,identifier,0,20,17
152,401,401,],operator,0,20,18
153,402,402,[,operator,0,20,19
154,403,403,i,identifier,0,20,20
155,404,404,],operator,0,20,21
156,405,405,),operator,0,20,22
157,406,407,==,operator,0,20,23
158,408,408,0,integer,0,20,25
159,410,411,&&,operator,0,20,27
160,413,413,f,identifier,0,20,30
161,414,414,(,operator,0,20,31
162,415,415,c,identifier,0,20,32
163,416,416,+,operator,0,20,33
164,417,417,1,integer,0,20,34
165,418,418,",",operator,0,20,35
166,419,423,child,identifier,0,20,36
167,424,424,[,operator,0,20,41
168,425,425,k,identifier,0,20,42
169,426,426,],operator,0,20,43
170,427,427,[,operator,0,20,44
171,428,428,i,identifier,0,20,45
172,429,429,],operator,0,20,46
173,430,430,),operator,0,20,47
174,431,432,==,operator,0,20,48
175,433,433,0,integer,0,20,50
176,434,434,),operator,0,20,51
177,436,436,{,operator,0,20,53
178,441,446,return,keyword,0,21,3
179,448,448,d,identifier,0,21,10
180,449,449,[,operator,0,21,11
181,450,450,k,identifier,0,21,12
182,451,451,],operator,0,21,13
183,452,452,[,operator,0,21,14
184,453,453,c,identifier,0,21,15
185,454,454,],operator,0,21,16
186,455,455,=,operator,0,21,17
187,456,456,0,integer,0,21,18
188,457,457,;,operator,0,21,19
189,461,461,},operator,0,22,2
190,464,464,},operator,0,23,1
191,467,472,return,keyword,0,24,1
192,474,474,d,identifier,0,24,8
193,475,475,[,operator,0,24,9
194,476,476,k,identifier,0,24,10
195,477,477,],operator,0,24,11
196,478,478,[,operator,0,24,12
197,479,479,c,identifier,0,24,13
198,480,480,],operator,0,24,14
199,481,481,=,operator,0,24,15
200,482,482,1,integer,0,24,16
201,483,483,;,operator,0,24,17
202,485,485,},operator,0,25,0
203,488,491,void,keyword,0,27,0
204,493,497,trace,identifier,0,27,5
205,498,498,(,operator,0,27,10
206,499,501,int,keyword,0,27,11
207,503,503,c,identifier,0,27,15
208,504,504,",",operator,0,27,16
209,506,508,int,keyword,0,27,18
210,510,510,k,identifier,0,27,22
211,511,511,),operator,0,27,23
212,513,513,{,operator,0,27,25
213,516,518,res,identifier,0,28,1
214,519,519,[,operator,0,28,4
215,520,520,k,identifier,0,28,5
216,521,521,],operator,0,28,6
217,522,522,=,operator,0,28,7
218,523,523,c,identifier,0,28,8
219,524,524,;,operator,0,28,9
220,527,529,for,keyword,0,29,1
221,530,530,(,operator,0,29,4
222,531,533,int,keyword,0,29,5
223,535,535,i,identifier,0,29,9
224,536,536,=,operator,0,29,10
225,537,537,0,integer,0,29,11
226,538,538,;,operator,0,29,12
227,539,539,i,identifier,0,29,13
228,540,540,<,operator,0,29,14
229,541,545,child,identifier,0,29,15
230,546,546,[,operator,0,29,20
231,547,547,k,identifier,0,29,21
232,548,548,],operator,0,29,22
233,549,549,.,operator,0,29,23
234,550,553,size,identifier,0,29,24
235,554,554,(,operator,0,29,28
236,555,555,),operator,0,29,29
237,556,556,;,operator,0,29,30
238,557,557,i,identifier,0,29,31
239,558,559,++,operator,0,29,32
240,560,560,),operator,0,29,34
241,563,563,{,operator,0,29,37
242,567,568,if,keyword,0,30,2
243,569,569,(,operator,0,30,4
244,570,570,f,identifier,0,30,5
245,571,571,(,operator,0,30,6
246,572,572,c,identifier,0,30,7
247,573,573,-,operator,0,30,8
248,574,574,1,integer,0,30,9
249,575,575,",",operator,0,30,10
250,576,580,child,identifier,0,30,11
251,581,581,[,operator,0,30,16
252,582,582,k,identifier,0,30,17
253,583,583,],operator,0,30,18
254,584,584,[,operator,0,30,19
255,585,585,i,identifier,0,30,20
256,586,586,],operator,0,30,21
257,587,587,),operator,0,30,22
258,588,588,),operator,0,30,23
259,590,590,{,operator,0,30,25
260,595,599,trace,identifier,0,31,3
261,600,600,(,operator,0,31,8
262,601,601,c,identifier,0,31,9
263,602,602,-,operator,0,31,10
264,603,603,1,integer,0,31,11
265,604,604,",",operator,0,31,12
266,605,609,child,identifier,0,31,13
267,610,610,[,operator,0,31,18
268,611,611,k,identifier,0,31,19
269,612,612,],operator,0,31,20
270,613,613,[,operator,0,31,21
271,614,614,i,identifier,0,31,22
272,615,615,],operator,0,31,23
273,616,616,),operator,0,31,24
274,617,617,;,operator,0,31,25
275,621,621,},operator,0,32,2
276,623,626,else,keyword,0,32,4
277,628,628,{,operator,0,32,9
278,633,637,trace,identifier,0,33,3
279,638,638,(,operator,0,33,8
280,639,639,c,identifier,0,33,9
281,640,640,+,operator,0,33,10
282,641,641,1,integer,0,33,11
283,642,642,",",operator,0,33,12
284,643,647,child,identifier,0,33,13
285,648,648,[,operator,0,33,18
286,649,649,k,identifier,0,33,19
287,650,650,],operator,0,33,20
288,651,651,[,operator,0,33,21
289,652,652,i,identifier,0,33,22
290,653,653,],operator,0,33,23
291,654,654,),operator,0,33,24
292,655,655,;,operator,0,33,25
293,659,659,},operator,0,34,2
294,662,662,},operator,0,35,1
295,664,664,},operator,0,36,0
296,667,670,bool,keyword,0,38,0
297,672,676,visit,identifier,0,38,5
298,677,677,[,operator,0,38,10
299,678,683,100001,integer,0,38,11
300,684,684,],operator,0,38,17
301,685,685,;,operator,0,38,18
302,688,691,void,keyword,0,40,0
303,693,695,dfs,identifier,0,40,5
304,696,696,(,operator,0,40,8
305,697,699,int,keyword,0,40,9
306,701,701,k,identifier,0,40,13
307,702,702,),operator,0,40,14
308,704,704,{,operator,0,40,16
309,707,711,visit,identifier,0,41,1
310,712,712,[,operator,0,41,6
311,713,713,k,identifier,0,41,7
312,714,714,],operator,0,41,8
313,715,715,=,operator,0,41,9
314,716,719,true,keyword,0,41,10
315,720,720,;,operator,0,41,14
316,723,725,for,keyword,0,42,1
317,726,726,(,operator,0,42,4
318,727,729,int,keyword,0,42,5
319,731,731,i,identifier,0,42,9
320,732,732,=,operator,0,42,10
321,733,733,0,integer,0,42,11
322,734,734,;,operator,0,42,12
323,735,735,i,identifier,0,42,13
324,736,736,<,operator,0,42,14
325,737,739,con,identifier,0,42,15
326,740,740,[,operator,0,42,18
327,741,741,k,identifier,0,42,19
328,742,742,],operator,0,42,20
329,743,743,.,operator,0,42,21
330,744,747,size,identifier,0,42,22
331,748,748,(,operator,0,42,26
332,749,749,),operator,0,42,27
333,750,750,;,operator,0,42,28
334,751,751,i,identifier,0,42,29
335,752,753,++,operator,0,42,30
336,754,754,),operator,0,42,32
337,756,756,{,operator,0,42,34
338,760,762,int,keyword,0,43,2
339,764,764,v,identifier,0,43,6
340,765,765,=,operator,0,43,7
341,766,768,con,identifier,0,43,8
342,769,769,[,operator,0,43,11
343,770,770,k,identifier,0,43,12
344,771,771,],operator,0,43,13
345,772,772,[,operator,0,43,14
346,773,773,i,identifier,0,43,15
347,774,774,],operator,0,43,16
348,775,775,;,operator,0,43,17
349,779,780,if,keyword,0,44,2
350,781,781,(,operator,0,44,4
351,782,782,"!",operator,0,44,5
352,783,787,visit,identifier,0,44,6
353,788,788,[,operator,0,44,11
354,789,789,v,identifier,0,44,12
355,790,790,],operator,0,44,13
356,791,791,),operator,0,44,14
357,793,793,{,operator,0,44,16
358,798,802,child,identifier,0,45,3
359,803,803,[,operator,0,45,8
360,804,804,k,identifier,0,45,9
361,805,805,],operator,0,45,10
362,806,806,.,operator,0,45,11
363,807,815,push_back,identifier,0,45,12
364,816,816,(,operator,0,45,21
365,817,817,v,identifier,0,45,22
366,818,818,),operator,0,45,23
367,819,819,;,operator,0,45,24
368,824,826,dfs,identifier,0,46,3
369,827,827,(,operator,0,46,6
370,828,828,v,identifier,0,46,7
371,829,829,),operator,0,46,8
372,830,830,;,operator,0,46,9
373,834,834,},operator,0,47,2
374,837,837,},operator,0,48,1
375,839,839,},operator,0,49,0
376,842,844,int,keyword,0,51,0
377,846,849,main,identifier,0,51,4
378,850,850,(,operator,0,51,8
379,851,851,),operator,0,51,9
380,853,853,{,operator,0,51,11
381,856,860,scanf,identifier,0,52,1
382,861,861,(,operator,0,52,6
383,862,865,"""%d""",string,0,52,7
384,866,866,",",operator,0,52,11
385,867,867,&,operator,0,52,12
386,868,868,n,identifier,0,52,13
387,869,869,),operator,0,52,14
388,870,870,;,operator,0,52,15
389,873,875,for,keyword,0,53,1
390,876,876,(,operator,0,53,4
391,877,879,int,keyword,0,53,5
392,881,881,i,identifier,0,53,9
393,882,882,=,operator,0,53,10
394,883,883,0,integer,0,53,11
395,884,884,;,operator,0,53,12
396,885,885,i,identifier,0,53,13
397,886,886,<,operator,0,53,14
398,887,887,n,identifier,0,53,15
399,888,888,-,operator,0,53,16
400,889,889,1,integer,0,53,17
401,890,890,;,operator,0,53,18
402,891,891,i,identifier,0,53,19
403,892,893,++,operator,0,53,20
404,894,894,),operator,0,53,22
405,896,896,{,operator,0,53,24
406,900,902,int,keyword,0,54,2
407,904,904,u,identifier,0,54,6
408,905,905,",",operator,0,54,7
409,907,907,v,identifier,0,54,9
410,908,908,;,operator,0,54,10
411,912,916,scanf,identifier,0,55,2
412,917,917,(,operator,0,55,7
413,918,924,"""%d %d""",string,0,55,8
414,925,925,",",operator,0,55,15
415,926,926,&,operator,0,55,16
416,927,927,u,identifier,0,55,17
417,928,928,",",operator,0,55,18
418,929,929,&,operator,0,55,19
419,930,930,v,identifier,0,55,20
420,931,931,),operator,0,55,21
421,932,932,;,operator,0,55,22
422,936,938,con,identifier,0,56,2
423,939,939,[,operator,0,56,5
424,940,940,u,identifier,0,56,6
425,941,941,],operator,0,56,7
426,942,942,.,operator,0,56,8
427,943,951,push_back,identifier,0,56,9
428,952,952,(,operator,0,56,18
429,953,953,v,identifier,0,56,19
430,954,954,),operator,0,56,20
431,955,955,;,operator,0,56,21
432,959,961,con,identifier,0,57,2
433,962,962,[,operator,0,57,5
434,963,963,v,identifier,0,57,6
435,964,964,],operator,0,57,7
436,965,965,.,operator,0,57,8
437,966,974,push_back,identifier,0,57,9
438,975,975,(,operator,0,57,18
439,976,976,u,identifier,0,57,19
440,977,977,),operator,0,57,20
441,978,978,;,operator,0,57,21
442,981,981,},operator,0,58,1
443,984,986,int,keyword,0,59,1
444,988,988,k,identifier,0,59,5
445,989,989,;,operator,0,59,6
446,992,996,scanf,identifier,0,60,1
447,997,997,(,operator,0,60,6
448,998,1001,"""%d""",string,0,60,7
449,1002,1002,",",operator,0,60,11
450,1003,1003,&,operator,0,60,12
451,1004,1004,k,identifier,0,60,13
452,1005,1005,),operator,0,60,14
453,1006,1006,;,operator,0,60,15
454,1009,1013,while,keyword,0,61,1
455,1014,1014,(,operator,0,61,6
456,1015,1015,k,identifier,0,61,7
457,1016,1017,--,operator,0,61,8
458,1018,1018,),operator,0,61,10
459,1020,1020,{,operator,0,61,12
460,1024,1026,int,keyword,0,62,2
461,1028,1028,v,identifier,0,62,6
462,1029,1029,",",operator,0,62,7
463,1031,1031,p,identifier,0,62,9
464,1032,1032,;,operator,0,62,10
465,1036,1040,scanf,identifier,0,63,2
466,1041,1041,(,operator,0,63,7
467,1042,1048,"""%d %d""",string,0,63,8
468,1049,1049,",",operator,0,63,15
469,1050,1050,&,operator,0,63,16
470,1051,1051,v,identifier,0,63,17
471,1052,1052,",",operator,0,63,18
472,1053,1053,&,operator,0,63,19
473,1054,1054,p,identifier,0,63,20
474,1055,1055,),operator,0,63,21
475,1056,1056,;,operator,0,63,22
476,1060,1060,a,identifier,0,64,2
477,1061,1061,[,operator,0,64,3
478,1062,1062,v,identifier,0,64,4
479,1063,1063,],operator,0,64,5
480,1064,1064,=,operator,0,64,6
481,1065,1065,p,identifier,0,64,7
482,1066,1066,;,operator,0,64,8
483,1068,1069,wt,identifier,0,64,10
484,1070,1070,[,operator,0,64,12
485,1071,1071,v,identifier,0,64,13
486,1072,1072,],operator,0,64,14
487,1073,1073,=,operator,0,64,15
488,1074,1077,true,keyword,0,64,16
489,1078,1078,;,operator,0,64,20
490,1081,1081,},operator,0,65,1
491,1084,1086,int,keyword,0,66,1
492,1088,1089,rt,identifier,0,66,5
493,1090,1090,=,operator,0,66,7
494,1091,1091,-,operator,0,66,8
495,1092,1092,1,integer,0,66,9
496,1093,1093,;,operator,0,66,10
497,1096,1098,for,keyword,0,67,1
498,1099,1099,(,operator,0,67,4
499,1100,1102,int,keyword,0,67,5
500,1104,1104,i,identifier,0,67,9
501,1105,1105,=,operator,0,67,10
502,1106,1106,1,integer,0,67,11
503,1107,1107,;,operator,0,67,12
504,1108,1108,i,identifier,0,67,13
505,1109,1110,<=,operator,0,67,14
506,1111,1111,n,identifier,0,67,16
507,1112,1112,;,operator,0,67,17
508,1113,1113,i,identifier,0,67,18
509,1114,1115,++,operator,0,67,19
510,1116,1116,),operator,0,67,21
511,1118,1118,{,operator,0,67,23
512,1122,1123,if,keyword,0,68,2
513,1124,1124,(,operator,0,68,4
514,1125,1126,wt,identifier,0,68,5
515,1127,1127,[,operator,0,68,7
516,1128,1128,i,identifier,0,68,8
517,1129,1129,],operator,0,68,9
518,1130,1130,),operator,0,68,10
519,1132,1132,{,operator,0,68,12
520,1137,1138,rt,identifier,0,69,3
521,1139,1139,=,operator,0,69,5
522,1140,1140,i,identifier,0,69,6
523,1141,1141,;,operator,0,69,7
524,1143,1145,dfs,identifier,0,69,9
525,1146,1146,(,operator,0,69,12
526,1147,1147,i,identifier,0,69,13
527,1148,1148,),operator,0,69,14
528,1149,1149,;,operator,0,69,15
529,1151,1155,break,keyword,0,69,17
530,1156,1156,;,operator,0,69,22
531,1160,1160,},operator,0,70,2
532,1163,1163,},operator,0,71,1
533,1166,1167,if,keyword,0,72,1
534,1168,1168,(,operator,0,72,3
535,1169,1170,rt,identifier,0,72,4
536,1171,1171,<,operator,0,72,6
537,1172,1172,0,integer,0,72,7
538,1173,1173,),operator,0,72,8
539,1175,1175,{,operator,0,72,10
540,1179,1183,trace,identifier,0,73,2
541,1184,1184,(,operator,0,73,7
542,1185,1185,1,integer,0,73,8
543,1186,1186,",",operator,0,73,9
544,1187,1187,1,integer,0,73,10
545,1188,1188,),operator,0,73,11
546,1189,1189,;,operator,0,73,12
547,1193,1196,puts,identifier,0,74,2
548,1197,1197,(,operator,0,74,6
549,1198,1202,"""Yes""",string,0,74,7
550,1203,1203,),operator,0,74,12
551,1204,1204,;,operator,0,74,13
552,1208,1210,for,keyword,0,75,2
553,1211,1211,(,operator,0,75,5
554,1212,1214,int,keyword,0,75,6
555,1216,1216,i,identifier,0,75,10
556,1217,1217,=,operator,0,75,11
557,1218,1218,1,integer,0,75,12
558,1219,1219,;,operator,0,75,13
559,1220,1220,i,identifier,0,75,14
560,1221,1222,<=,operator,0,75,15
561,1223,1223,n,identifier,0,75,17
562,1224,1224,;,operator,0,75,18
563,1225,1225,i,identifier,0,75,19
564,1226,1227,++,operator,0,75,20
565,1228,1228,),operator,0,75,22
566,1233,1238,printf,identifier,0,76,3
567,1239,1239,(,operator,0,76,9
568,1240,1245,"""%d\n""",string,0,76,10
569,1246,1246,",",operator,0,76,16
570,1247,1249,res,identifier,0,76,17
571,1250,1250,[,operator,0,76,20
572,1251,1251,i,identifier,0,76,21
573,1252,1252,],operator,0,76,22
574,1253,1253,),operator,0,76,23
575,1254,1254,;,operator,0,76,24
576,1258,1263,return,keyword,0,77,2
577,1265,1265,0,integer,0,77,9
578,1266,1266,;,operator,0,77,10
579,1269,1269,},operator,0,78,1
580,1272,1273,if,keyword,0,79,1
581,1274,1274,(,operator,0,79,3
582,1275,1275,f,identifier,0,79,4
583,1276,1276,(,operator,0,79,5
584,1277,1277,a,identifier,0,79,6
585,1278,1278,[,operator,0,79,7
586,1279,1280,rt,identifier,0,79,8
587,1281,1281,],operator,0,79,10
588,1282,1282,",",operator,0,79,11
589,1283,1284,rt,identifier,0,79,12
590,1285,1285,),operator,0,79,14
591,1286,1286,),operator,0,79,15
592,1288,1288,{,operator,0,79,17
593,1292,1295,puts,identifier,0,80,2
594,1296,1296,(,operator,0,80,6
595,1297,1301,"""Yes""",string,0,80,7
596,1302,1302,),operator,0,80,12
597,1303,1303,;,operator,0,80,13
598,1307,1311,trace,identifier,0,81,2
599,1312,1312,(,operator,0,81,7
600,1313,1313,a,identifier,0,81,8
601,1314,1314,[,operator,0,81,9
602,1315,1316,rt,identifier,0,81,10
603,1317,1317,],operator,0,81,12
604,1318,1318,",",operator,0,81,13
605,1319,1320,rt,identifier,0,81,14
606,1321,1321,),operator,0,81,16
607,1322,1322,;,operator,0,81,17
608,1326,1328,for,keyword,0,82,2
609,1329,1329,(,operator,0,82,5
610,1330,1332,int,keyword,0,82,6
611,1334,1334,i,identifier,0,82,10
612,1335,1335,=,operator,0,82,11
613,1336,1336,1,integer,0,82,12
614,1337,1337,;,operator,0,82,13
615,1338,1338,i,identifier,0,82,14
616,1339,1340,<=,operator,0,82,15
617,1341,1341,n,identifier,0,82,17
618,1342,1342,;,operator,0,82,18
619,1343,1343,i,identifier,0,82,19
620,1344,1345,++,operator,0,82,20
621,1346,1346,),operator,0,82,22
622,1351,1356,printf,identifier,0,83,3
623,1357,1357,(,operator,0,83,9
624,1358,1363,"""%d\n""",string,0,83,10
625,1364,1364,",",operator,0,83,16
626,1365,1367,res,identifier,0,83,17
627,1368,1368,[,operator,0,83,20
628,1369,1369,i,identifier,0,83,21
629,1370,1370,],operator,0,83,22
630,1371,1371,),operator,0,83,23
631,1372,1372,;,operator,0,83,24
632,1376,1381,return,keyword,0,84,2
633,1383,1383,0,integer,0,84,9
634,1384,1384,;,operator,0,84,10
635,1387,1387,},operator,0,85,1
636,1389,1392,else,keyword,0,85,3
637,1394,1397,puts,identifier,0,85,8
638,1398,1398,(,operator,0,85,12
639,1399,1402,"""No""",string,0,85,13
640,1403,1403,),operator,0,85,17
641,1404,1404,;,operator,0,85,18
642,1407,1412,return,keyword,0,86,1
643,1414,1414,0,integer,0,86,8
644,1415,1415,;,operator,0,86,9
645,1417,1417,},operator,0,87,0
646,1418,1417,<EOF>,eof,0,87,1
