seqnr,start,stop,text,class,channel,line,column
0,0,22,"#include""bits/stdc++.h""",directive,1,1,0
1,24,28,using,keyword,0,2,0
2,30,38,namespace,keyword,0,2,6
3,40,42,std,identifier,0,2,16
4,43,43,;,operator,0,2,19
5,45,49,using,keyword,0,3,0
6,51,52,ll,identifier,0,3,6
7,54,54,=,operator,0,3,9
8,56,62,int64_t,identifier,0,3,11
9,63,63,;,operator,0,3,18
10,66,71,vector,identifier,0,5,0
11,72,72,<,operator,0,5,6
12,73,78,vector,identifier,0,5,7
13,79,79,<,operator,0,5,13
14,80,81,ll,identifier,0,5,14
15,82,82,>,operator,0,5,16
16,83,83,>,operator,0,5,17
17,85,89,edges,identifier,0,5,19
18,90,90,;,operator,0,5,24
19,92,97,vector,identifier,0,6,0
20,98,98,<,operator,0,6,6
21,99,100,ll,identifier,0,6,7
22,101,101,>,operator,0,6,9
23,103,107,value,identifier,0,6,11
24,108,108,;,operator,0,6,16
25,110,115,vector,identifier,0,7,0
26,116,116,<,operator,0,7,6
27,117,120,pair,identifier,0,7,7
28,121,121,<,operator,0,7,11
29,122,123,ll,identifier,0,7,12
30,124,124,",",operator,0,7,14
31,126,127,ll,identifier,0,7,16
32,128,128,>,operator,0,7,18
33,129,129,>,operator,0,7,19
34,131,135,conds,identifier,0,7,21
35,136,136,;,operator,0,7,26
36,138,141,bool,keyword,0,8,0
37,143,146,flag,identifier,0,8,5
38,147,147,;,operator,0,8,9
39,150,153,pair,identifier,0,10,0
40,154,154,<,operator,0,10,4
41,155,156,ll,identifier,0,10,5
42,157,157,",",operator,0,10,7
43,159,160,ll,identifier,0,10,9
44,161,161,>,operator,0,10,11
45,163,167,solve,identifier,0,10,13
46,168,168,(,operator,0,10,18
47,169,170,ll,identifier,0,10,19
48,172,175,curr,identifier,0,10,22
49,176,176,",",operator,0,10,26
50,178,179,ll,identifier,0,10,28
51,181,183,pre,identifier,0,10,31
52,184,184,),operator,0,10,34
53,186,186,{,operator,0,10,36
54,192,195,pair,identifier,0,11,4
55,196,196,<,operator,0,11,8
56,197,198,ll,identifier,0,11,9
57,199,199,",",operator,0,11,11
58,201,202,ll,identifier,0,11,13
59,203,203,>,operator,0,11,15
60,205,208,cond,identifier,0,11,17
61,209,209,{,operator,0,11,21
62,211,217,INT_MIN,identifier,0,11,23
63,218,218,",",operator,0,11,30
64,220,226,INT_MAX,identifier,0,11,32
65,228,228,},operator,0,11,40
66,229,229,;,operator,0,11,41
67,235,236,if,keyword,0,12,4
68,238,238,(,operator,0,12,7
69,239,243,value,identifier,0,12,8
70,244,244,[,operator,0,12,13
71,245,248,curr,identifier,0,12,14
72,249,249,],operator,0,12,18
73,251,252,"!=",operator,0,12,20
74,254,254,-,operator,0,12,23
75,255,255,1,integer,0,12,24
76,256,256,),operator,0,12,25
77,258,258,{,operator,0,12,27
78,268,271,cond,identifier,0,13,8
79,272,272,.,operator,0,13,12
80,273,277,first,identifier,0,13,13
81,279,279,=,operator,0,13,19
82,281,284,cond,identifier,0,13,21
83,285,285,.,operator,0,13,25
84,286,291,second,identifier,0,13,26
85,293,293,=,operator,0,13,33
86,295,299,value,identifier,0,13,35
87,300,300,[,operator,0,13,40
88,301,304,curr,identifier,0,13,41
89,305,305,],operator,0,13,45
90,306,306,;,operator,0,13,46
91,312,312,},operator,0,14,4
92,318,320,for,keyword,0,15,4
93,322,322,(,operator,0,15,8
94,323,324,ll,identifier,0,15,9
95,326,326,i,identifier,0,15,12
96,328,328,=,operator,0,15,14
97,330,330,0,integer,0,15,16
98,331,331,;,operator,0,15,17
99,333,333,i,identifier,0,15,19
100,335,335,<,operator,0,15,21
101,337,341,edges,identifier,0,15,23
102,342,342,[,operator,0,15,28
103,343,346,curr,identifier,0,15,29
104,347,347,],operator,0,15,33
105,348,348,.,operator,0,15,34
106,349,352,size,identifier,0,15,35
107,353,353,(,operator,0,15,39
108,354,354,),operator,0,15,40
109,355,355,;,operator,0,15,41
110,357,357,i,identifier,0,15,43
111,358,359,++,operator,0,15,44
112,360,360,),operator,0,15,46
113,362,362,{,operator,0,15,48
114,372,373,ll,identifier,0,16,8
115,375,378,next,identifier,0,16,11
116,380,380,=,operator,0,16,16
117,382,386,edges,identifier,0,16,18
118,387,387,[,operator,0,16,23
119,388,391,curr,identifier,0,16,24
120,392,392,],operator,0,16,28
121,393,393,[,operator,0,16,29
122,394,394,i,identifier,0,16,30
123,395,395,],operator,0,16,31
124,396,396,;,operator,0,16,32
125,406,407,if,keyword,0,17,8
126,409,409,(,operator,0,17,11
127,410,413,next,identifier,0,17,12
128,415,416,==,operator,0,17,17
129,418,420,pre,identifier,0,17,20
130,421,421,),operator,0,17,23
131,423,423,{,operator,0,17,25
132,437,444,continue,keyword,0,18,12
133,445,445,;,operator,0,18,20
134,455,455,},operator,0,19,8
135,465,468,auto,keyword,0,20,8
136,470,478,next_cond,identifier,0,20,13
137,480,480,=,operator,0,20,23
138,482,486,solve,identifier,0,20,25
139,487,487,(,operator,0,20,30
140,488,491,next,identifier,0,20,31
141,492,492,",",operator,0,20,35
142,494,497,curr,identifier,0,20,37
143,498,498,),operator,0,20,41
144,499,499,;,operator,0,20,42
145,509,512,cond,identifier,0,21,8
146,513,513,.,operator,0,21,12
147,514,518,first,identifier,0,21,13
148,520,520,=,operator,0,21,19
149,522,524,max,identifier,0,21,21
150,525,525,(,operator,0,21,24
151,526,529,cond,identifier,0,21,25
152,530,530,.,operator,0,21,29
153,531,535,first,identifier,0,21,30
154,536,536,",",operator,0,21,35
155,538,546,next_cond,identifier,0,21,37
156,547,547,.,operator,0,21,46
157,548,552,first,identifier,0,21,47
158,553,553,),operator,0,21,52
159,554,554,;,operator,0,21,53
160,564,567,cond,identifier,0,22,8
161,568,568,.,operator,0,22,12
162,569,574,second,identifier,0,22,13
163,576,576,=,operator,0,22,20
164,578,580,min,identifier,0,22,22
165,581,581,(,operator,0,22,25
166,582,585,cond,identifier,0,22,26
167,586,586,.,operator,0,22,30
168,587,592,second,identifier,0,22,31
169,593,593,",",operator,0,22,37
170,595,603,next_cond,identifier,0,22,39
171,604,604,.,operator,0,22,48
172,605,610,second,identifier,0,22,49
173,611,611,),operator,0,22,55
174,612,612,;,operator,0,22,56
175,622,623,if,keyword,0,23,8
176,625,625,(,operator,0,23,11
177,626,629,cond,identifier,0,23,12
178,630,630,.,operator,0,23,16
179,631,635,first,identifier,0,23,17
180,637,637,>,operator,0,23,23
181,639,642,cond,identifier,0,23,25
182,643,643,.,operator,0,23,29
183,644,649,second,identifier,0,23,30
184,650,650,),operator,0,23,36
185,652,652,{,operator,0,23,38
186,666,669,flag,identifier,0,24,12
187,671,671,=,operator,0,24,17
188,673,677,false,keyword,0,24,19
189,678,678,;,operator,0,24,24
190,692,697,return,keyword,0,25,12
191,699,699,{,operator,0,25,19
192,701,707,INT_MAX,identifier,0,25,21
193,708,708,",",operator,0,25,28
194,710,716,INT_MIN,identifier,0,25,30
195,718,718,},operator,0,25,38
196,719,719,;,operator,0,25,39
197,729,729,},operator,0,26,8
198,735,735,},operator,0,27,4
199,741,745,conds,identifier,0,28,4
200,746,746,[,operator,0,28,9
201,747,750,curr,identifier,0,28,10
202,751,751,],operator,0,28,14
203,753,753,=,operator,0,28,16
204,755,758,cond,identifier,0,28,18
205,759,759,;,operator,0,28,22
206,765,770,return,keyword,0,29,4
207,772,772,{,operator,0,29,11
208,774,777,cond,identifier,0,29,13
209,778,778,.,operator,0,29,17
210,779,783,first,identifier,0,29,18
211,785,785,-,operator,0,29,24
212,787,787,1,integer,0,29,26
213,788,788,",",operator,0,29,27
214,790,793,cond,identifier,0,29,29
215,794,794,.,operator,0,29,33
216,795,800,second,identifier,0,29,34
217,802,802,+,operator,0,29,41
218,804,804,1,integer,0,29,43
219,806,806,},operator,0,29,45
220,807,807,;,operator,0,29,46
221,809,809,},operator,0,30,0
222,812,815,void,keyword,0,32,0
223,817,821,write,identifier,0,32,5
224,822,822,(,operator,0,32,10
225,823,824,ll,identifier,0,32,11
226,826,829,curr,identifier,0,32,14
227,830,830,",",operator,0,32,18
228,832,833,ll,identifier,0,32,20
229,835,837,pre,identifier,0,32,23
230,838,838,),operator,0,32,26
231,840,840,{,operator,0,32,28
232,846,847,if,keyword,0,33,4
233,849,849,(,operator,0,33,7
234,850,852,pre,identifier,0,33,8
235,854,855,"!=",operator,0,33,12
236,857,857,-,operator,0,33,15
237,858,858,1,integer,0,33,16
238,859,859,),operator,0,33,17
239,861,861,{,operator,0,33,19
240,871,872,if,keyword,0,34,8
241,874,874,(,operator,0,34,11
242,875,879,conds,identifier,0,34,12
243,880,880,[,operator,0,34,17
244,881,884,curr,identifier,0,34,18
245,885,885,],operator,0,34,22
246,886,886,.,operator,0,34,23
247,887,891,first,identifier,0,34,24
248,893,894,<=,operator,0,34,30
249,896,900,value,identifier,0,34,33
250,901,901,[,operator,0,34,38
251,902,904,pre,identifier,0,34,39
252,905,905,],operator,0,34,42
253,907,907,+,operator,0,34,44
254,909,909,1,integer,0,34,46
255,911,912,&&,operator,0,34,48
256,914,918,value,identifier,0,34,51
257,919,919,[,operator,0,34,56
258,920,922,pre,identifier,0,34,57
259,923,923,],operator,0,34,60
260,925,925,+,operator,0,34,62
261,927,927,1,integer,0,34,64
262,929,930,<=,operator,0,34,66
263,932,936,conds,identifier,0,34,69
264,937,937,[,operator,0,34,74
265,938,941,curr,identifier,0,34,75
266,942,942,],operator,0,34,79
267,943,943,.,operator,0,34,80
268,944,949,second,identifier,0,34,81
269,950,950,),operator,0,34,87
270,952,952,{,operator,0,34,89
271,966,970,value,identifier,0,35,12
272,971,971,[,operator,0,35,17
273,972,975,curr,identifier,0,35,18
274,976,976,],operator,0,35,22
275,978,978,=,operator,0,35,24
276,980,984,value,identifier,0,35,26
277,985,985,[,operator,0,35,31
278,986,988,pre,identifier,0,35,32
279,989,989,],operator,0,35,35
280,991,991,+,operator,0,35,37
281,993,993,1,integer,0,35,39
282,994,994,;,operator,0,35,40
283,1004,1004,},operator,0,36,8
284,1006,1009,else,keyword,0,36,10
285,1011,1011,{,operator,0,36,15
286,1025,1029,value,identifier,0,37,12
287,1030,1030,[,operator,0,37,17
288,1031,1034,curr,identifier,0,37,18
289,1035,1035,],operator,0,37,22
290,1037,1037,=,operator,0,37,24
291,1039,1043,value,identifier,0,37,26
292,1044,1044,[,operator,0,37,31
293,1045,1047,pre,identifier,0,37,32
294,1048,1048,],operator,0,37,35
295,1050,1050,-,operator,0,37,37
296,1052,1052,1,integer,0,37,39
297,1053,1053,;,operator,0,37,40
298,1063,1063,},operator,0,38,8
299,1069,1069,},operator,0,39,4
300,1076,1078,for,keyword,0,41,4
301,1080,1080,(,operator,0,41,8
302,1081,1082,ll,identifier,0,41,9
303,1084,1087,next,identifier,0,41,12
304,1089,1089,:,operator,0,41,17
305,1091,1095,edges,identifier,0,41,19
306,1096,1096,[,operator,0,41,24
307,1097,1100,curr,identifier,0,41,25
308,1101,1101,],operator,0,41,29
309,1102,1102,),operator,0,41,30
310,1104,1104,{,operator,0,41,32
311,1114,1115,if,keyword,0,42,8
312,1117,1117,(,operator,0,42,11
313,1118,1121,next,identifier,0,42,12
314,1123,1124,==,operator,0,42,17
315,1126,1128,pre,identifier,0,42,20
316,1129,1129,),operator,0,42,23
317,1131,1131,{,operator,0,42,25
318,1145,1152,continue,keyword,0,43,12
319,1153,1153,;,operator,0,43,20
320,1163,1163,},operator,0,44,8
321,1173,1177,write,identifier,0,45,8
322,1178,1178,(,operator,0,45,13
323,1179,1182,next,identifier,0,45,14
324,1183,1183,",",operator,0,45,18
325,1185,1188,curr,identifier,0,45,20
326,1189,1189,),operator,0,45,24
327,1190,1190,;,operator,0,45,25
328,1196,1196,},operator,0,46,4
329,1198,1198,},operator,0,47,0
330,1201,1203,int,keyword,0,49,0
331,1205,1208,main,identifier,0,49,4
332,1209,1209,(,operator,0,49,8
333,1210,1210,),operator,0,49,9
334,1212,1212,{,operator,0,49,11
335,1218,1219,ll,identifier,0,50,4
336,1221,1221,N,identifier,0,50,7
337,1222,1222,;,operator,0,50,8
338,1228,1230,cin,identifier,0,51,4
339,1232,1232,>,operator,0,51,8
340,1233,1233,>,operator,0,51,9
341,1235,1235,N,identifier,0,51,11
342,1236,1236,;,operator,0,51,12
343,1242,1246,value,identifier,0,52,4
344,1247,1247,.,operator,0,52,9
345,1248,1253,resize,identifier,0,52,10
346,1254,1254,(,operator,0,52,16
347,1255,1255,N,identifier,0,52,17
348,1256,1256,",",operator,0,52,18
349,1258,1258,-,operator,0,52,20
350,1259,1259,1,integer,0,52,21
351,1260,1260,),operator,0,52,22
352,1261,1261,;,operator,0,52,23
353,1267,1271,conds,identifier,0,53,4
354,1272,1272,.,operator,0,53,9
355,1273,1278,resize,identifier,0,53,10
356,1279,1279,(,operator,0,53,16
357,1280,1280,N,identifier,0,53,17
358,1281,1281,),operator,0,53,18
359,1282,1282,;,operator,0,53,19
360,1288,1292,edges,identifier,0,54,4
361,1293,1293,.,operator,0,54,9
362,1294,1299,resize,identifier,0,54,10
363,1300,1300,(,operator,0,54,16
364,1301,1301,N,identifier,0,54,17
365,1302,1302,),operator,0,54,18
366,1303,1303,;,operator,0,54,19
367,1309,1311,for,keyword,0,55,4
368,1313,1313,(,operator,0,55,8
369,1314,1315,ll,identifier,0,55,9
370,1317,1317,i,identifier,0,55,12
371,1319,1319,=,operator,0,55,14
372,1321,1321,0,integer,0,55,16
373,1322,1322,;,operator,0,55,17
374,1324,1324,i,identifier,0,55,19
375,1326,1326,<,operator,0,55,21
376,1328,1328,N,identifier,0,55,23
377,1330,1330,-,operator,0,55,25
378,1332,1332,1,integer,0,55,27
379,1333,1333,;,operator,0,55,28
380,1335,1335,i,identifier,0,55,30
381,1336,1337,++,operator,0,55,31
382,1338,1338,),operator,0,55,33
383,1340,1340,{,operator,0,55,35
384,1350,1351,ll,identifier,0,56,8
385,1353,1353,A,identifier,0,56,11
386,1354,1354,",",operator,0,56,12
387,1356,1356,B,identifier,0,56,14
388,1357,1357,;,operator,0,56,15
389,1367,1369,cin,identifier,0,57,8
390,1371,1371,>,operator,0,57,12
391,1372,1372,>,operator,0,57,13
392,1374,1374,A,identifier,0,57,15
393,1376,1376,>,operator,0,57,17
394,1377,1377,>,operator,0,57,18
395,1379,1379,B,identifier,0,57,20
396,1380,1380,;,operator,0,57,21
397,1390,1390,A,identifier,0,58,8
398,1391,1392,--,operator,0,58,9
399,1393,1393,;,operator,0,58,11
400,1395,1395,B,identifier,0,58,13
401,1396,1397,--,operator,0,58,14
402,1398,1398,;,operator,0,58,16
403,1408,1412,edges,identifier,0,59,8
404,1413,1413,[,operator,0,59,13
405,1414,1414,A,identifier,0,59,14
406,1415,1415,],operator,0,59,15
407,1416,1416,.,operator,0,59,16
408,1417,1425,push_back,identifier,0,59,17
409,1426,1426,(,operator,0,59,26
410,1427,1427,B,identifier,0,59,27
411,1428,1428,),operator,0,59,28
412,1429,1429,;,operator,0,59,29
413,1439,1443,edges,identifier,0,60,8
414,1444,1444,[,operator,0,60,13
415,1445,1445,B,identifier,0,60,14
416,1446,1446,],operator,0,60,15
417,1447,1447,.,operator,0,60,16
418,1448,1456,push_back,identifier,0,60,17
419,1457,1457,(,operator,0,60,26
420,1458,1458,A,identifier,0,60,27
421,1459,1459,),operator,0,60,28
422,1460,1460,;,operator,0,60,29
423,1466,1466,},operator,0,61,4
424,1473,1474,ll,identifier,0,63,4
425,1476,1476,K,identifier,0,63,7
426,1477,1477,;,operator,0,63,8
427,1483,1485,cin,identifier,0,64,4
428,1487,1487,>,operator,0,64,8
429,1488,1488,>,operator,0,64,9
430,1490,1490,K,identifier,0,64,11
431,1491,1491,;,operator,0,64,12
432,1497,1502,vector,identifier,0,65,4
433,1503,1503,<,operator,0,65,10
434,1504,1505,ll,identifier,0,65,11
435,1506,1506,>,operator,0,65,13
436,1508,1508,V,identifier,0,65,15
437,1509,1509,(,operator,0,65,16
438,1510,1510,K,identifier,0,65,17
439,1511,1511,),operator,0,65,18
440,1512,1512,",",operator,0,65,19
441,1514,1514,P,identifier,0,65,21
442,1515,1515,(,operator,0,65,22
443,1516,1516,K,identifier,0,65,23
444,1517,1517,),operator,0,65,24
445,1518,1518,;,operator,0,65,25
446,1524,1526,for,keyword,0,66,4
447,1528,1528,(,operator,0,66,8
448,1529,1530,ll,identifier,0,66,9
449,1532,1532,i,identifier,0,66,12
450,1534,1534,=,operator,0,66,14
451,1536,1536,0,integer,0,66,16
452,1537,1537,;,operator,0,66,17
453,1539,1539,i,identifier,0,66,19
454,1541,1541,<,operator,0,66,21
455,1543,1543,K,identifier,0,66,23
456,1544,1544,;,operator,0,66,24
457,1546,1546,i,identifier,0,66,26
458,1547,1548,++,operator,0,66,27
459,1549,1549,),operator,0,66,29
460,1551,1551,{,operator,0,66,31
461,1561,1563,cin,identifier,0,67,8
462,1565,1565,>,operator,0,67,12
463,1566,1566,>,operator,0,67,13
464,1568,1568,V,identifier,0,67,15
465,1569,1569,[,operator,0,67,16
466,1570,1570,i,identifier,0,67,17
467,1571,1571,],operator,0,67,18
468,1573,1573,>,operator,0,67,20
469,1574,1574,>,operator,0,67,21
470,1576,1576,P,identifier,0,67,23
471,1577,1577,[,operator,0,67,24
472,1578,1578,i,identifier,0,67,25
473,1579,1579,],operator,0,67,26
474,1580,1580,;,operator,0,67,27
475,1590,1590,V,identifier,0,68,8
476,1591,1591,[,operator,0,68,9
477,1592,1592,i,identifier,0,68,10
478,1593,1593,],operator,0,68,11
479,1594,1595,--,operator,0,68,12
480,1596,1596,;,operator,0,68,14
481,1606,1610,value,identifier,0,69,8
482,1611,1611,[,operator,0,69,13
483,1612,1612,V,identifier,0,69,14
484,1613,1613,[,operator,0,69,15
485,1614,1614,i,identifier,0,69,16
486,1615,1615,],operator,0,69,17
487,1616,1616,],operator,0,69,18
488,1618,1618,=,operator,0,69,20
489,1620,1620,P,identifier,0,69,22
490,1621,1621,[,operator,0,69,23
491,1622,1622,i,identifier,0,69,24
492,1623,1623,],operator,0,69,25
493,1624,1624,;,operator,0,69,26
494,1630,1630,},operator,0,70,4
495,1637,1640,flag,identifier,0,72,4
496,1642,1642,=,operator,0,72,9
497,1644,1647,true,keyword,0,72,11
498,1648,1648,;,operator,0,72,15
499,1654,1658,solve,identifier,0,73,4
500,1659,1659,(,operator,0,73,9
501,1660,1660,V,identifier,0,73,10
502,1661,1661,[,operator,0,73,11
503,1662,1662,0,integer,0,73,12
504,1663,1663,],operator,0,73,13
505,1664,1664,",",operator,0,73,14
506,1666,1666,-,operator,0,73,16
507,1667,1667,1,integer,0,73,17
508,1668,1668,),operator,0,73,18
509,1669,1669,;,operator,0,73,19
510,1676,1677,if,keyword,0,75,4
511,1679,1679,(,operator,0,75,7
512,1680,1680,"!",operator,0,75,8
513,1681,1684,flag,identifier,0,75,9
514,1685,1685,),operator,0,75,13
515,1687,1687,{,operator,0,75,15
516,1697,1700,cout,identifier,0,76,8
517,1702,1702,<,operator,0,76,13
518,1703,1703,<,operator,0,76,14
519,1705,1708,"""No""",string,0,76,16
520,1710,1710,<,operator,0,76,21
521,1711,1711,<,operator,0,76,22
522,1713,1716,endl,identifier,0,76,24
523,1717,1717,;,operator,0,76,28
524,1723,1723,},operator,0,77,4
525,1725,1728,else,keyword,0,77,6
526,1730,1730,{,operator,0,77,11
527,1740,1743,cout,identifier,0,78,8
528,1745,1745,<,operator,0,78,13
529,1746,1746,<,operator,0,78,14
530,1748,1752,"""Yes""",string,0,78,16
531,1754,1754,<,operator,0,78,22
532,1755,1755,<,operator,0,78,23
533,1757,1760,endl,identifier,0,78,25
534,1761,1761,;,operator,0,78,29
535,1771,1775,write,identifier,0,79,8
536,1776,1776,(,operator,0,79,13
537,1777,1777,V,identifier,0,79,14
538,1778,1778,[,operator,0,79,15
539,1779,1779,0,integer,0,79,16
540,1780,1780,],operator,0,79,17
541,1781,1781,",",operator,0,79,18
542,1783,1783,-,operator,0,79,20
543,1784,1784,1,integer,0,79,21
544,1785,1785,),operator,0,79,22
545,1786,1786,;,operator,0,79,23
546,1796,1798,for,keyword,0,80,8
547,1800,1800,(,operator,0,80,12
548,1801,1802,ll,identifier,0,80,13
549,1804,1804,i,identifier,0,80,16
550,1806,1806,=,operator,0,80,18
551,1808,1808,0,integer,0,80,20
552,1809,1809,;,operator,0,80,21
553,1811,1811,i,identifier,0,80,23
554,1813,1813,<,operator,0,80,25
555,1815,1815,N,identifier,0,80,27
556,1816,1816,;,operator,0,80,28
557,1818,1818,i,identifier,0,80,30
558,1819,1820,++,operator,0,80,31
559,1821,1821,),operator,0,80,33
560,1823,1823,{,operator,0,80,35
561,1837,1840,cout,identifier,0,81,12
562,1842,1842,<,operator,0,81,17
563,1843,1843,<,operator,0,81,18
564,1845,1849,value,identifier,0,81,20
565,1850,1850,[,operator,0,81,25
566,1851,1851,i,identifier,0,81,26
567,1852,1852,],operator,0,81,27
568,1854,1854,<,operator,0,81,29
569,1855,1855,<,operator,0,81,30
570,1857,1860,endl,identifier,0,81,32
571,1861,1861,;,operator,0,81,36
572,1871,1871,},operator,0,82,8
573,1877,1877,},operator,0,83,4
574,1879,1879,},operator,0,84,0
575,1880,1879,<EOF>,eof,0,84,1
