seqnr,start,stop,text,class,channel,line,column
0,0,23,"#include <bits/stdc++.h>",directive,1,1,0
1,25,29,using,keyword,0,2,0
2,31,39,namespace,keyword,0,2,6
3,41,43,std,identifier,0,2,16
4,44,44,;,operator,0,2,19
5,46,51,vector,identifier,0,3,0
6,52,52,<,operator,0,3,6
7,53,55,int,keyword,0,3,7
8,56,56,>,operator,0,3,10
9,58,60,con,identifier,0,3,12
10,61,61,[,operator,0,3,15
11,62,67,100010,integer,0,3,16
12,68,68,],operator,0,3,22
13,69,69,;,operator,0,3,23
14,71,90,"#define pb push_back",directive,1,4,0
15,92,94,int,keyword,0,5,0
16,96,96,n,identifier,0,5,4
17,97,97,",",operator,0,5,5
18,99,99,k,identifier,0,5,7
19,100,100,",",operator,0,5,8
20,102,102,v,identifier,0,5,10
21,103,103,[,operator,0,5,11
22,104,109,100010,integer,0,5,12
23,110,110,],operator,0,5,18
24,111,111,",",operator,0,5,19
25,113,115,val,identifier,0,5,21
26,116,116,[,operator,0,5,24
27,117,122,100010,integer,0,5,25
28,123,123,],operator,0,5,31
29,124,124,",",operator,0,5,32
30,126,127,fa,identifier,0,5,34
31,128,128,[,operator,0,5,36
32,129,134,100010,integer,0,5,37
33,135,135,],operator,0,5,43
34,136,136,",",operator,0,5,44
35,138,140,dep,identifier,0,5,46
36,141,141,[,operator,0,5,49
37,142,147,100010,integer,0,5,50
38,148,148,],operator,0,5,56
39,149,149,;,operator,0,5,57
40,151,154,void,keyword,0,6,0
41,156,158,dfs,identifier,0,6,5
42,159,159,(,operator,0,6,8
43,160,162,int,keyword,0,6,9
44,164,164,x,identifier,0,6,13
45,165,165,",",operator,0,6,14
46,167,169,int,keyword,0,6,16
47,171,171,f,identifier,0,6,20
48,172,172,),operator,0,6,21
49,174,174,{,operator,0,6,23
50,177,178,fa,identifier,0,7,1
51,179,179,[,operator,0,7,3
52,180,180,x,identifier,0,7,4
53,181,181,],operator,0,7,5
54,183,183,=,operator,0,7,7
55,185,185,f,identifier,0,7,9
56,186,186,;,operator,0,7,10
57,189,191,for,keyword,0,8,1
58,193,193,(,operator,0,8,5
59,194,196,int,keyword,0,8,6
60,198,198,y,identifier,0,8,10
61,200,200,:,operator,0,8,12
62,202,204,con,identifier,0,8,14
63,205,205,[,operator,0,8,17
64,206,206,x,identifier,0,8,18
65,207,207,],operator,0,8,19
66,208,208,),operator,0,8,20
67,210,210,{,operator,0,8,22
68,214,215,if,keyword,0,9,2
69,217,217,(,operator,0,9,5
70,218,218,y,identifier,0,9,6
71,220,221,==,operator,0,9,8
72,223,223,f,identifier,0,9,11
73,224,224,),operator,0,9,12
74,226,233,continue,keyword,0,9,14
75,235,235,;,operator,0,9,23
76,239,241,dep,identifier,0,10,2
77,242,242,[,operator,0,10,5
78,243,243,y,identifier,0,10,6
79,244,244,],operator,0,10,7
80,246,246,=,operator,0,10,9
81,248,250,dep,identifier,0,10,11
82,251,251,[,operator,0,10,14
83,252,252,x,identifier,0,10,15
84,253,253,],operator,0,10,16
85,255,255,+,operator,0,10,18
86,257,257,1,integer,0,10,20
87,258,258,;,operator,0,10,21
88,262,264,dfs,identifier,0,11,2
89,265,265,(,operator,0,11,5
90,266,266,y,identifier,0,11,6
91,267,267,",",operator,0,11,7
92,269,269,x,identifier,0,11,9
93,270,270,),operator,0,11,10
94,271,271,;,operator,0,11,11
95,274,274,},operator,0,12,1
96,276,276,},operator,0,13,0
97,278,280,int,keyword,0,14,0
98,282,283,id,identifier,0,14,4
99,284,284,[,operator,0,14,6
100,285,290,100010,integer,0,14,7
101,291,291,],operator,0,14,13
102,292,292,;,operator,0,14,14
103,294,299,inline,keyword,0,15,0
104,301,304,bool,keyword,0,15,7
105,306,308,cmp,identifier,0,15,12
106,309,309,(,operator,0,15,15
107,310,312,int,keyword,0,15,16
108,314,314,x,identifier,0,15,20
109,315,315,",",operator,0,15,21
110,317,319,int,keyword,0,15,23
111,321,321,y,identifier,0,15,27
112,322,322,),operator,0,15,28
113,324,324,{,operator,0,15,30
114,327,332,return,keyword,0,16,1
115,334,336,dep,identifier,0,16,8
116,337,337,[,operator,0,16,11
117,338,338,x,identifier,0,16,12
118,339,339,],operator,0,16,13
119,341,341,<,operator,0,16,15
120,343,345,dep,identifier,0,16,17
121,346,346,[,operator,0,16,20
122,347,347,y,identifier,0,16,21
123,348,348,],operator,0,16,22
124,349,349,;,operator,0,16,23
125,351,351,},operator,0,17,0
126,353,355,int,keyword,0,18,0
127,357,360,main,identifier,0,18,4
128,361,361,(,operator,0,18,8
129,362,362,),operator,0,18,9
130,364,364,{,operator,0,18,11
131,367,372,memset,identifier,0,19,1
132,373,373,(,operator,0,19,7
133,374,376,val,identifier,0,19,8
134,377,377,",",operator,0,19,11
135,379,379,-,operator,0,19,13
136,380,380,1,integer,0,19,14
137,381,381,",",operator,0,19,15
138,383,388,sizeof,keyword,0,19,17
139,389,389,(,operator,0,19,23
140,390,392,val,identifier,0,19,24
141,393,393,),operator,0,19,27
142,394,394,),operator,0,19,28
143,395,395,;,operator,0,19,29
144,398,402,scanf,identifier,0,20,1
145,403,403,(,operator,0,20,6
146,404,407,"""%d""",string,0,20,7
147,408,408,",",operator,0,20,11
148,410,410,&,operator,0,20,13
149,411,411,n,identifier,0,20,14
150,412,412,),operator,0,20,15
151,413,413,;,operator,0,20,16
152,416,418,for,keyword,0,21,1
153,420,420,(,operator,0,21,5
154,421,423,int,keyword,0,21,6
155,425,425,i,identifier,0,21,10
156,427,427,=,operator,0,21,12
157,429,429,1,integer,0,21,14
158,430,430,;,operator,0,21,15
159,432,432,i,identifier,0,21,17
160,434,434,<,operator,0,21,19
161,436,436,n,identifier,0,21,21
162,437,437,;,operator,0,21,22
163,439,440,++,operator,0,21,24
164,442,442,i,identifier,0,21,27
165,443,443,),operator,0,21,28
166,445,445,{,operator,0,21,30
167,449,451,int,keyword,0,22,2
168,453,453,x,identifier,0,22,6
169,454,454,",",operator,0,22,7
170,456,456,y,identifier,0,22,9
171,457,457,;,operator,0,22,10
172,461,465,scanf,identifier,0,23,2
173,466,466,(,operator,0,23,7
174,467,472,"""%d%d""",string,0,23,8
175,473,473,",",operator,0,23,14
176,475,475,&,operator,0,23,16
177,476,476,x,identifier,0,23,17
178,477,477,",",operator,0,23,18
179,479,479,&,operator,0,23,20
180,480,480,y,identifier,0,23,21
181,481,481,),operator,0,23,22
182,482,482,;,operator,0,23,23
183,486,488,con,identifier,0,24,2
184,489,489,[,operator,0,24,5
185,490,490,x,identifier,0,24,6
186,491,491,],operator,0,24,7
187,492,492,.,operator,0,24,8
188,493,494,pb,identifier,0,24,9
189,495,495,(,operator,0,24,11
190,496,496,y,identifier,0,24,12
191,497,497,),operator,0,24,13
192,498,498,;,operator,0,24,14
193,502,504,con,identifier,0,25,2
194,505,505,[,operator,0,25,5
195,506,506,y,identifier,0,25,6
196,507,507,],operator,0,25,7
197,508,508,.,operator,0,25,8
198,509,510,pb,identifier,0,25,9
199,511,511,(,operator,0,25,11
200,512,512,x,identifier,0,25,12
201,513,513,),operator,0,25,13
202,514,514,;,operator,0,25,14
203,517,517,},operator,0,26,1
204,520,524,scanf,identifier,0,27,1
205,525,525,(,operator,0,27,6
206,526,529,"""%d""",string,0,27,7
207,530,530,",",operator,0,27,11
208,532,532,&,operator,0,27,13
209,533,533,k,identifier,0,27,14
210,534,534,),operator,0,27,15
211,535,535,;,operator,0,27,16
212,538,540,for,keyword,0,28,1
213,542,542,(,operator,0,28,5
214,543,545,int,keyword,0,28,6
215,547,547,i,identifier,0,28,10
216,549,549,=,operator,0,28,12
217,551,551,1,integer,0,28,14
218,552,552,;,operator,0,28,15
219,554,554,i,identifier,0,28,17
220,556,557,<=,operator,0,28,19
221,559,559,k,identifier,0,28,22
222,560,560,;,operator,0,28,23
223,562,563,++,operator,0,28,25
224,565,565,i,identifier,0,28,28
225,566,566,),operator,0,28,29
226,568,568,{,operator,0,28,31
227,572,576,scanf,identifier,0,29,2
228,577,577,(,operator,0,29,7
229,578,581,"""%d""",string,0,29,8
230,582,582,",",operator,0,29,12
231,584,584,&,operator,0,29,14
232,585,585,v,identifier,0,29,15
233,586,586,[,operator,0,29,16
234,587,587,i,identifier,0,29,17
235,588,588,],operator,0,29,18
236,589,589,),operator,0,29,19
237,590,590,;,operator,0,29,20
238,594,598,scanf,identifier,0,30,2
239,599,599,(,operator,0,30,7
240,600,603,"""%d""",string,0,30,8
241,604,604,",",operator,0,30,12
242,606,606,&,operator,0,30,14
243,607,609,val,identifier,0,30,15
244,610,610,[,operator,0,30,18
245,611,611,v,identifier,0,30,19
246,612,612,[,operator,0,30,20
247,613,613,i,identifier,0,30,21
248,614,614,],operator,0,30,22
249,615,615,],operator,0,30,23
250,616,616,),operator,0,30,24
251,617,617,;,operator,0,30,25
252,620,620,},operator,0,31,1
253,623,625,dep,identifier,0,32,1
254,626,626,[,operator,0,32,4
255,627,627,v,identifier,0,32,5
256,628,628,[,operator,0,32,6
257,629,629,1,integer,0,32,7
258,630,630,],operator,0,32,8
259,631,631,],operator,0,32,9
260,633,633,=,operator,0,32,11
261,635,635,0,integer,0,32,13
262,636,636,;,operator,0,32,14
263,638,640,dfs,identifier,0,32,16
264,641,641,(,operator,0,32,19
265,642,642,v,identifier,0,32,20
266,643,643,[,operator,0,32,21
267,644,644,1,integer,0,32,22
268,645,645,],operator,0,32,23
269,646,646,",",operator,0,32,24
270,648,648,0,integer,0,32,26
271,649,649,),operator,0,32,27
272,650,650,;,operator,0,32,28
273,653,656,sort,identifier,0,33,1
274,657,657,(,operator,0,33,5
275,658,658,v,identifier,0,33,6
276,660,660,+,operator,0,33,8
277,662,662,1,integer,0,33,10
278,663,663,",",operator,0,33,11
279,665,665,v,identifier,0,33,13
280,667,667,+,operator,0,33,15
281,669,669,k,identifier,0,33,17
282,671,671,+,operator,0,33,19
283,673,673,1,integer,0,33,21
284,674,674,",",operator,0,33,22
285,676,678,cmp,identifier,0,33,24
286,679,679,),operator,0,33,27
287,680,680,;,operator,0,33,28
288,683,685,for,keyword,0,34,1
289,687,687,(,operator,0,34,5
290,688,690,int,keyword,0,34,6
291,692,692,i,identifier,0,34,10
292,694,694,=,operator,0,34,12
293,696,696,2,integer,0,34,14
294,697,697,;,operator,0,34,15
295,699,699,i,identifier,0,34,17
296,701,702,<=,operator,0,34,19
297,704,704,k,identifier,0,34,22
298,705,705,;,operator,0,34,23
299,707,708,++,operator,0,34,25
300,710,710,i,identifier,0,34,28
301,711,711,),operator,0,34,29
302,713,713,{,operator,0,34,31
303,717,719,int,keyword,0,35,2
304,721,721,x,identifier,0,35,6
305,723,723,=,operator,0,35,8
306,725,726,fa,identifier,0,35,10
307,727,727,[,operator,0,35,12
308,728,728,v,identifier,0,35,13
309,729,729,[,operator,0,35,14
310,730,730,i,identifier,0,35,15
311,731,731,],operator,0,35,16
312,732,732,],operator,0,35,17
313,733,733,;,operator,0,35,18
314,737,741,while,keyword,0,36,2
315,743,743,(,operator,0,36,8
316,744,746,val,identifier,0,36,9
317,747,747,[,operator,0,36,12
318,748,748,x,identifier,0,36,13
319,749,749,],operator,0,36,14
320,751,752,==,operator,0,36,16
321,754,754,-,operator,0,36,19
322,755,755,1,integer,0,36,20
323,756,756,),operator,0,36,21
324,758,758,x,identifier,0,36,23
325,760,760,=,operator,0,36,25
326,762,763,fa,identifier,0,36,27
327,764,764,[,operator,0,36,29
328,765,765,x,identifier,0,36,30
329,766,766,],operator,0,36,31
330,767,767,;,operator,0,36,32
331,771,773,int,keyword,0,37,2
332,775,777,now,identifier,0,37,6
333,779,779,=,operator,0,37,10
334,781,781,v,identifier,0,37,12
335,782,782,[,operator,0,37,13
336,783,783,i,identifier,0,37,14
337,784,784,],operator,0,37,15
338,785,785,;,operator,0,37,16
339,789,793,while,keyword,0,38,2
340,795,795,(,operator,0,38,8
341,796,797,fa,identifier,0,38,9
342,798,798,[,operator,0,38,11
343,799,801,now,identifier,0,38,12
344,802,802,],operator,0,38,15
345,804,805,"!=",operator,0,38,17
346,807,807,x,identifier,0,38,20
347,808,808,),operator,0,38,21
348,810,810,{,operator,0,38,23
349,815,816,if,keyword,0,39,3
350,818,818,(,operator,0,39,6
351,819,821,val,identifier,0,39,7
352,822,822,[,operator,0,39,10
353,823,825,now,identifier,0,39,11
354,826,826,],operator,0,39,14
355,828,828,<,operator,0,39,16
356,830,832,val,identifier,0,39,18
357,833,833,[,operator,0,39,21
358,834,834,x,identifier,0,39,22
359,835,835,],operator,0,39,23
360,836,836,),operator,0,39,24
361,838,840,val,identifier,0,39,26
362,841,841,[,operator,0,39,29
363,842,843,fa,identifier,0,39,30
364,844,844,[,operator,0,39,32
365,845,847,now,identifier,0,39,33
366,848,848,],operator,0,39,36
367,849,849,],operator,0,39,37
368,851,851,=,operator,0,39,39
369,853,855,val,identifier,0,39,41
370,856,856,[,operator,0,39,44
371,857,859,now,identifier,0,39,45
372,860,860,],operator,0,39,48
373,862,862,+,operator,0,39,50
374,864,864,1,integer,0,39,52
375,865,865,;,operator,0,39,53
376,870,873,else,keyword,0,40,3
377,875,877,val,identifier,0,40,8
378,878,878,[,operator,0,40,11
379,879,880,fa,identifier,0,40,12
380,881,881,[,operator,0,40,14
381,882,884,now,identifier,0,40,15
382,885,885,],operator,0,40,18
383,886,886,],operator,0,40,19
384,888,888,=,operator,0,40,21
385,890,892,val,identifier,0,40,23
386,893,893,[,operator,0,40,26
387,894,896,now,identifier,0,40,27
388,897,897,],operator,0,40,30
389,899,899,-,operator,0,40,32
390,901,901,1,integer,0,40,34
391,902,902,;,operator,0,40,35
392,907,909,now,identifier,0,41,3
393,911,911,=,operator,0,41,7
394,913,914,fa,identifier,0,41,9
395,915,915,[,operator,0,41,11
396,916,918,now,identifier,0,41,12
397,919,919,],operator,0,41,15
398,920,920,;,operator,0,41,16
399,924,924,},operator,0,42,2
400,928,929,if,keyword,0,43,2
401,931,931,(,operator,0,43,5
402,932,934,val,identifier,0,43,6
403,935,935,[,operator,0,43,9
404,936,938,now,identifier,0,43,10
405,939,939,],operator,0,43,13
406,941,941,-,operator,0,43,15
407,943,945,val,identifier,0,43,17
408,946,946,[,operator,0,43,20
409,947,948,fa,identifier,0,43,21
410,949,949,[,operator,0,43,23
411,950,952,now,identifier,0,43,24
412,953,953,],operator,0,43,27
413,954,954,],operator,0,43,28
414,956,957,"!=",operator,0,43,30
415,959,959,1,integer,0,43,33
416,961,962,&&,operator,0,43,35
417,964,966,val,identifier,0,43,38
418,967,967,[,operator,0,43,41
419,968,969,fa,identifier,0,43,42
420,970,970,[,operator,0,43,44
421,971,973,now,identifier,0,43,45
422,974,974,],operator,0,43,48
423,975,975,],operator,0,43,49
424,977,977,-,operator,0,43,51
425,979,981,val,identifier,0,43,53
426,982,982,[,operator,0,43,56
427,983,985,now,identifier,0,43,57
428,986,986,],operator,0,43,60
429,988,989,"!=",operator,0,43,62
430,991,991,1,integer,0,43,65
431,992,992,),operator,0,43,66
432,994,994,{,operator,0,43,68
433,999,1002,puts,identifier,0,44,3
434,1003,1003,(,operator,0,44,7
435,1004,1007,"""No""",string,0,44,8
436,1008,1008,),operator,0,44,12
437,1009,1009,;,operator,0,44,13
438,1014,1019,return,keyword,0,45,3
439,1021,1021,0,integer,0,45,10
440,1022,1022,;,operator,0,45,11
441,1026,1026,},operator,0,46,2
442,1029,1029,},operator,0,47,1
443,1032,1034,for,keyword,0,48,1
444,1036,1036,(,operator,0,48,5
445,1037,1039,int,keyword,0,48,6
446,1041,1041,i,identifier,0,48,10
447,1043,1043,=,operator,0,48,12
448,1045,1045,1,integer,0,48,14
449,1046,1046,;,operator,0,48,15
450,1048,1048,i,identifier,0,48,17
451,1050,1051,<=,operator,0,48,19
452,1053,1053,n,identifier,0,48,22
453,1054,1054,;,operator,0,48,23
454,1056,1057,++,operator,0,48,25
455,1059,1059,i,identifier,0,48,28
456,1060,1060,),operator,0,48,29
457,1062,1063,id,identifier,0,48,31
458,1064,1064,[,operator,0,48,33
459,1065,1065,i,identifier,0,48,34
460,1066,1066,],operator,0,48,35
461,1068,1068,=,operator,0,48,37
462,1070,1070,i,identifier,0,48,39
463,1071,1071,;,operator,0,48,40
464,1074,1077,sort,identifier,0,49,1
465,1078,1078,(,operator,0,49,5
466,1079,1080,id,identifier,0,49,6
467,1082,1082,+,operator,0,49,9
468,1084,1084,1,integer,0,49,11
469,1085,1085,",",operator,0,49,12
470,1087,1088,id,identifier,0,49,14
471,1090,1090,+,operator,0,49,17
472,1092,1092,n,identifier,0,49,19
473,1094,1094,+,operator,0,49,21
474,1096,1096,1,integer,0,49,23
475,1097,1097,",",operator,0,49,24
476,1099,1101,cmp,identifier,0,49,26
477,1102,1102,),operator,0,49,29
478,1103,1103,;,operator,0,49,30
479,1106,1108,for,keyword,0,50,1
480,1110,1110,(,operator,0,50,5
481,1111,1113,int,keyword,0,50,6
482,1115,1115,i,identifier,0,50,10
483,1117,1117,=,operator,0,50,12
484,1119,1119,n,identifier,0,50,14
485,1120,1120,;,operator,0,50,15
486,1122,1122,i,identifier,0,50,17
487,1124,1125,>=,operator,0,50,19
488,1127,1127,1,integer,0,50,22
489,1128,1128,;,operator,0,50,23
490,1130,1131,--,operator,0,50,25
491,1133,1133,i,identifier,0,50,28
492,1134,1134,),operator,0,50,29
493,1136,1136,{,operator,0,50,31
494,1140,1141,if,keyword,0,51,2
495,1143,1143,(,operator,0,51,5
496,1144,1146,dep,identifier,0,51,6
497,1147,1147,[,operator,0,51,9
498,1148,1149,id,identifier,0,51,10
499,1150,1150,[,operator,0,51,12
500,1151,1151,i,identifier,0,51,13
501,1152,1152,],operator,0,51,14
502,1153,1153,],operator,0,51,15
503,1155,1156,"!=",operator,0,51,17
504,1158,1160,dep,identifier,0,51,20
505,1161,1161,[,operator,0,51,23
506,1162,1163,id,identifier,0,51,24
507,1164,1164,[,operator,0,51,26
508,1165,1165,n,identifier,0,51,27
509,1166,1166,],operator,0,51,28
510,1167,1167,],operator,0,51,29
511,1168,1168,),operator,0,51,30
512,1170,1174,break,keyword,0,51,32
513,1176,1176,;,operator,0,51,38
514,1180,1182,int,keyword,0,52,2
515,1184,1184,x,identifier,0,52,6
516,1186,1186,=,operator,0,52,8
517,1188,1189,id,identifier,0,52,10
518,1190,1190,[,operator,0,52,12
519,1191,1191,i,identifier,0,52,13
520,1192,1192,],operator,0,52,14
521,1193,1193,;,operator,0,52,15
522,1195,1196,if,keyword,0,52,17
523,1198,1198,(,operator,0,52,20
524,1199,1201,val,identifier,0,52,21
525,1202,1202,[,operator,0,52,24
526,1203,1203,x,identifier,0,52,25
527,1204,1204,],operator,0,52,26
528,1206,1207,"!=",operator,0,52,28
529,1209,1209,-,operator,0,52,31
530,1210,1210,1,integer,0,52,32
531,1211,1211,),operator,0,52,33
532,1213,1220,continue,keyword,0,52,35
533,1222,1222,;,operator,0,52,44
534,1226,1230,while,keyword,0,53,2
535,1232,1232,(,operator,0,53,8
536,1233,1235,val,identifier,0,53,9
537,1236,1236,[,operator,0,53,12
538,1237,1237,x,identifier,0,53,13
539,1238,1238,],operator,0,53,14
540,1240,1241,==,operator,0,53,16
541,1243,1243,-,operator,0,53,19
542,1244,1244,1,integer,0,53,20
543,1245,1245,),operator,0,53,21
544,1247,1247,x,identifier,0,53,23
545,1249,1249,=,operator,0,53,25
546,1251,1252,fa,identifier,0,53,27
547,1253,1253,[,operator,0,53,29
548,1254,1254,x,identifier,0,53,30
549,1255,1255,],operator,0,53,31
550,1256,1256,;,operator,0,53,32
551,1260,1262,int,keyword,0,54,2
552,1264,1264,V,identifier,0,54,6
553,1266,1266,=,operator,0,54,8
554,1268,1270,val,identifier,0,54,10
555,1271,1271,[,operator,0,54,13
556,1272,1272,x,identifier,0,54,14
557,1273,1273,],operator,0,54,15
558,1274,1274,;,operator,0,54,16
559,1278,1280,int,keyword,0,55,2
560,1282,1284,now,identifier,0,55,6
561,1286,1286,=,operator,0,55,10
562,1288,1289,id,identifier,0,55,12
563,1290,1290,[,operator,0,55,14
564,1291,1291,i,identifier,0,55,15
565,1292,1292,],operator,0,55,16
566,1293,1293,;,operator,0,55,17
567,1297,1301,while,keyword,0,56,2
568,1303,1303,(,operator,0,56,8
569,1304,1306,val,identifier,0,56,9
570,1307,1307,[,operator,0,56,12
571,1308,1310,now,identifier,0,56,13
572,1311,1311,],operator,0,56,16
573,1313,1314,==,operator,0,56,18
574,1316,1316,-,operator,0,56,21
575,1317,1317,1,integer,0,56,22
576,1318,1318,),operator,0,56,23
577,1320,1320,{,operator,0,56,25
578,1325,1327,val,identifier,0,57,3
579,1328,1328,[,operator,0,57,6
580,1329,1331,now,identifier,0,57,7
581,1332,1332,],operator,0,57,10
582,1334,1334,=,operator,0,57,12
583,1336,1338,dep,identifier,0,57,14
584,1339,1339,[,operator,0,57,17
585,1340,1342,now,identifier,0,57,18
586,1343,1343,],operator,0,57,21
587,1345,1345,-,operator,0,57,23
588,1347,1349,dep,identifier,0,57,25
589,1350,1350,[,operator,0,57,28
590,1351,1351,x,identifier,0,57,29
591,1352,1352,],operator,0,57,30
592,1354,1354,+,operator,0,57,32
593,1356,1356,V,identifier,0,57,34
594,1357,1357,;,operator,0,57,35
595,1362,1364,now,identifier,0,58,3
596,1366,1366,=,operator,0,58,7
597,1368,1369,fa,identifier,0,58,9
598,1370,1370,[,operator,0,58,11
599,1371,1373,now,identifier,0,58,12
600,1374,1374,],operator,0,58,15
601,1375,1375,;,operator,0,58,16
602,1379,1379,},operator,0,59,2
603,1382,1382,},operator,0,60,1
604,1385,1388,puts,identifier,0,61,1
605,1389,1389,(,operator,0,61,5
606,1390,1394,"""Yes""",string,0,61,6
607,1395,1395,),operator,0,61,11
608,1396,1396,;,operator,0,61,12
609,1399,1401,for,keyword,0,62,1
610,1403,1403,(,operator,0,62,5
611,1404,1406,int,keyword,0,62,6
612,1408,1408,i,identifier,0,62,10
613,1410,1410,=,operator,0,62,12
614,1412,1412,1,integer,0,62,14
615,1413,1413,;,operator,0,62,15
616,1415,1415,i,identifier,0,62,17
617,1417,1418,<=,operator,0,62,19
618,1420,1420,n,identifier,0,62,22
619,1421,1421,;,operator,0,62,23
620,1423,1424,++,operator,0,62,25
621,1426,1426,i,identifier,0,62,28
622,1427,1427,),operator,0,62,29
623,1429,1434,printf,identifier,0,62,31
624,1435,1435,(,operator,0,62,37
625,1436,1441,"""%d\n""",string,0,62,38
626,1442,1442,",",operator,0,62,44
627,1444,1446,val,identifier,0,62,46
628,1447,1447,[,operator,0,62,49
629,1448,1448,i,identifier,0,62,50
630,1449,1449,],operator,0,62,51
631,1450,1450,),operator,0,62,52
632,1451,1451,;,operator,0,62,53
633,1454,1459,return,keyword,0,63,1
634,1461,1461,0,integer,0,63,8
635,1462,1462,;,operator,0,63,9
636,1464,1464,},operator,0,64,0
637,1465,1464,<EOF>,eof,0,64,1
