seqnr,start,stop,text,class,channel,line,column
0,0,22,"#include<bits/stdc++.h>",directive,1,1,0
1,24,28,using,keyword,0,2,0
2,30,38,namespace,keyword,0,2,6
3,40,42,std,identifier,0,2,16
4,43,43,;,operator,0,2,19
5,45,60,"#define fi first",directive,1,3,0
6,62,78,"#define se second",directive,1,4,0
7,80,96,"#define endl '\n'",directive,1,5,0
8,98,104,typedef,keyword,0,6,0
9,106,109,pair,identifier,0,6,8
10,111,111,<,operator,0,6,13
11,112,114,int,keyword,0,6,14
12,115,115,",",operator,0,6,17
13,117,119,int,keyword,0,6,19
14,120,120,>,operator,0,6,22
15,122,123,ii,identifier,0,6,24
16,124,124,;,operator,0,6,26
17,126,132,typedef,keyword,0,7,0
18,134,139,vector,identifier,0,7,8
19,141,141,<,operator,0,7,15
20,142,144,int,keyword,0,7,16
21,145,145,>,operator,0,7,19
22,147,148,vi,identifier,0,7,21
23,149,149,;,operator,0,7,23
24,152,156,const,keyword,0,9,0
25,158,160,int,keyword,0,9,6
26,162,162,N,identifier,0,9,10
27,164,164,=,operator,0,9,12
28,166,168,1e5,floating,0,9,14
29,170,170,+,operator,0,9,18
30,172,172,1,integer,0,9,20
31,173,173,",",operator,0,9,21
32,175,177,inf,identifier,0,9,23
33,179,179,=,operator,0,9,27
34,181,183,1e7,floating,0,9,29
35,184,184,;,operator,0,9,32
36,186,187,vi,identifier,0,10,0
37,189,189,g,identifier,0,10,3
38,190,190,[,operator,0,10,4
39,191,191,N,identifier,0,10,5
40,192,192,],operator,0,10,6
41,193,193,;,operator,0,10,7
42,195,197,int,keyword,0,11,0
43,199,199,n,identifier,0,11,4
44,200,200,",",operator,0,11,5
45,202,202,k,identifier,0,11,7
46,203,203,",",operator,0,11,8
47,205,205,h,identifier,0,11,10
48,206,206,[,operator,0,11,11
49,207,207,N,identifier,0,11,12
50,208,208,],operator,0,11,13
51,209,209,",",operator,0,11,14
52,211,213,ans,identifier,0,11,16
53,214,214,[,operator,0,11,19
54,215,215,N,identifier,0,11,20
55,216,216,],operator,0,11,21
56,217,217,;,operator,0,11,22
57,219,220,ii,identifier,0,12,0
58,223,223,L,identifier,0,12,4
59,224,224,[,operator,0,12,5
60,225,225,N,identifier,0,12,6
61,226,226,],operator,0,12,7
62,227,227,;,operator,0,12,8
63,231,234,void,keyword,0,14,0
64,236,238,dfs,identifier,0,14,5
65,239,239,(,operator,0,14,8
66,240,242,int,keyword,0,14,9
67,244,244,u,identifier,0,14,13
68,245,245,",",operator,0,14,14
69,247,249,int,keyword,0,14,16
70,251,251,p,identifier,0,14,20
71,252,252,),operator,0,14,21
72,253,253,{,operator,0,14,22
73,256,258,for,keyword,0,15,1
74,260,260,(,operator,0,15,5
75,261,263,int,keyword,0,15,6
76,265,265,v,identifier,0,15,10
77,267,267,:,operator,0,15,12
78,269,269,g,identifier,0,15,14
79,270,270,[,operator,0,15,15
80,271,271,u,identifier,0,15,16
81,272,272,],operator,0,15,17
82,273,273,),operator,0,15,18
83,274,274,{,operator,0,15,19
84,278,279,if,keyword,0,16,2
85,281,281,(,operator,0,16,5
86,282,282,v,identifier,0,16,6
87,284,285,"!=",operator,0,16,8
88,287,287,p,identifier,0,16,11
89,288,288,),operator,0,16,12
90,289,289,{,operator,0,16,13
91,294,294,h,identifier,0,17,3
92,295,295,[,operator,0,17,4
93,296,296,v,identifier,0,17,5
94,297,297,],operator,0,17,6
95,299,299,=,operator,0,17,8
96,301,301,h,identifier,0,17,10
97,302,302,[,operator,0,17,11
98,303,303,u,identifier,0,17,12
99,304,304,],operator,0,17,13
100,306,306,+,operator,0,17,15
101,308,308,1,integer,0,17,17
102,309,309,;,operator,0,17,18
103,314,316,dfs,identifier,0,18,3
104,317,317,(,operator,0,18,6
105,318,318,v,identifier,0,18,7
106,319,319,",",operator,0,18,8
107,321,321,u,identifier,0,18,10
108,322,322,),operator,0,18,11
109,323,323,;,operator,0,18,12
110,327,327,},operator,0,19,2
111,330,330,},operator,0,20,1
112,332,332,},operator,0,21,0
113,336,338,int,keyword,0,23,0
114,340,343,main,identifier,0,23,4
115,344,344,(,operator,0,23,8
116,345,345,),operator,0,23,9
117,346,346,{,operator,0,23,10
118,349,356,ios_base,identifier,0,24,1
119,357,358,::,operator,0,24,9
120,359,373,sync_with_stdio,identifier,0,24,11
121,374,374,(,operator,0,24,26
122,375,375,0,integer,0,24,27
123,376,376,),operator,0,24,28
124,377,377,;,operator,0,24,29
125,380,382,cin,identifier,0,25,1
126,383,383,.,operator,0,25,4
127,384,386,tie,identifier,0,25,5
128,387,387,(,operator,0,25,8
129,388,388,0,integer,0,25,9
130,389,389,),operator,0,25,10
131,390,390,;,operator,0,25,11
132,393,396,cout,identifier,0,26,1
133,397,397,.,operator,0,26,5
134,398,400,tie,identifier,0,26,6
135,401,401,(,operator,0,26,9
136,402,402,0,integer,0,26,10
137,403,403,),operator,0,26,11
138,404,404,;,operator,0,26,12
139,407,409,cin,identifier,0,27,1
140,411,411,>,operator,0,27,5
141,412,412,>,operator,0,27,6
142,414,414,n,identifier,0,27,8
143,415,415,;,operator,0,27,9
144,418,420,for,keyword,0,28,1
145,422,422,(,operator,0,28,5
146,423,425,int,keyword,0,28,6
147,427,427,i,identifier,0,28,10
148,429,429,=,operator,0,28,12
149,431,431,1,integer,0,28,14
150,432,432,;,operator,0,28,15
151,434,434,i,identifier,0,28,17
152,436,437,<=,operator,0,28,19
153,439,439,n,identifier,0,28,22
154,440,440,;,operator,0,28,23
155,442,442,i,identifier,0,28,25
156,443,444,++,operator,0,28,26
157,445,445,),operator,0,28,28
158,446,446,{,operator,0,28,29
159,450,450,L,identifier,0,29,2
160,451,451,[,operator,0,29,3
161,452,452,i,identifier,0,29,4
162,453,453,],operator,0,29,5
163,455,455,=,operator,0,29,7
164,457,458,ii,identifier,0,29,9
165,459,459,(,operator,0,29,11
166,460,460,-,operator,0,29,12
167,461,463,inf,identifier,0,29,13
168,464,464,",",operator,0,29,16
169,465,467,inf,identifier,0,29,17
170,468,468,),operator,0,29,20
171,469,469,;,operator,0,29,21
172,472,472,},operator,0,30,1
173,475,477,for,keyword,0,31,1
174,479,479,(,operator,0,31,5
175,480,482,int,keyword,0,31,6
176,484,484,i,identifier,0,31,10
177,486,486,=,operator,0,31,12
178,488,488,1,integer,0,31,14
179,489,489,;,operator,0,31,15
180,491,491,i,identifier,0,31,17
181,493,493,<,operator,0,31,19
182,495,495,n,identifier,0,31,21
183,496,496,;,operator,0,31,22
184,498,498,i,identifier,0,31,24
185,499,500,++,operator,0,31,25
186,501,501,),operator,0,31,27
187,502,502,{,operator,0,31,28
188,506,508,int,keyword,0,32,2
189,510,510,x,identifier,0,32,6
190,511,511,",",operator,0,32,7
191,513,513,y,identifier,0,32,9
192,514,514,;,operator,0,32,10
193,518,520,cin,identifier,0,33,2
194,522,522,>,operator,0,33,6
195,523,523,>,operator,0,33,7
196,525,525,x,identifier,0,33,9
197,527,527,>,operator,0,33,11
198,528,528,>,operator,0,33,12
199,530,530,y,identifier,0,33,14
200,531,531,;,operator,0,33,15
201,535,535,g,identifier,0,34,2
202,536,536,[,operator,0,34,3
203,537,537,x,identifier,0,34,4
204,538,538,],operator,0,34,5
205,539,539,.,operator,0,34,6
206,540,548,push_back,identifier,0,34,7
207,549,549,(,operator,0,34,16
208,550,550,y,identifier,0,34,17
209,551,551,),operator,0,34,18
210,552,552,;,operator,0,34,19
211,556,556,g,identifier,0,35,2
212,557,557,[,operator,0,35,3
213,558,558,y,identifier,0,35,4
214,559,559,],operator,0,35,5
215,560,560,.,operator,0,35,6
216,561,569,push_back,identifier,0,35,7
217,570,570,(,operator,0,35,16
218,571,571,x,identifier,0,35,17
219,572,572,),operator,0,35,18
220,573,573,;,operator,0,35,19
221,576,576,},operator,0,36,1
222,579,581,dfs,identifier,0,37,1
223,582,582,(,operator,0,37,4
224,583,583,1,integer,0,37,5
225,584,584,",",operator,0,37,6
226,586,586,0,integer,0,37,8
227,587,587,),operator,0,37,9
228,588,588,;,operator,0,37,10
229,591,595,queue,identifier,0,38,1
230,597,597,<,operator,0,38,7
231,598,600,int,keyword,0,38,8
232,601,601,>,operator,0,38,11
233,603,603,q,identifier,0,38,13
234,604,604,;,operator,0,38,14
235,607,609,cin,identifier,0,39,1
236,611,611,>,operator,0,39,5
237,612,612,>,operator,0,39,6
238,614,614,k,identifier,0,39,8
239,615,615,;,operator,0,39,9
240,618,620,int,keyword,0,40,1
241,622,622,m,identifier,0,40,5
242,624,624,=,operator,0,40,7
243,626,626,-,operator,0,40,9
244,627,627,1,integer,0,40,10
245,628,628,;,operator,0,40,11
246,631,635,while,keyword,0,41,1
247,637,637,(,operator,0,41,7
248,638,638,k,identifier,0,41,8
249,639,640,--,operator,0,41,9
250,641,641,),operator,0,41,11
251,642,642,{,operator,0,41,12
252,646,648,int,keyword,0,42,2
253,650,650,u,identifier,0,42,6
254,651,651,",",operator,0,42,7
255,653,653,p,identifier,0,42,9
256,654,654,;,operator,0,42,10
257,658,660,cin,identifier,0,43,2
258,662,662,>,operator,0,43,6
259,663,663,>,operator,0,43,7
260,665,665,u,identifier,0,43,9
261,667,667,>,operator,0,43,11
262,668,668,>,operator,0,43,12
263,670,670,p,identifier,0,43,14
264,671,671,;,operator,0,43,15
265,675,675,L,identifier,0,44,2
266,676,676,[,operator,0,44,3
267,677,677,u,identifier,0,44,4
268,678,678,],operator,0,44,5
269,680,680,=,operator,0,44,7
270,682,683,ii,identifier,0,44,9
271,684,684,(,operator,0,44,11
272,685,685,p,identifier,0,44,12
273,686,686,",",operator,0,44,13
274,688,688,p,identifier,0,44,15
275,689,689,),operator,0,44,16
276,690,690,;,operator,0,44,17
277,694,694,q,identifier,0,45,2
278,695,695,.,operator,0,45,3
279,696,699,push,identifier,0,45,4
280,700,700,(,operator,0,45,8
281,701,701,u,identifier,0,45,9
282,702,702,),operator,0,45,10
283,703,703,;,operator,0,45,11
284,707,709,int,keyword,0,46,2
285,711,711,c,identifier,0,46,6
286,713,713,=,operator,0,46,8
287,715,715,(,operator,0,46,10
288,716,716,p,identifier,0,46,11
289,718,718,+,operator,0,46,13
290,720,720,h,identifier,0,46,15
291,721,721,[,operator,0,46,16
292,722,722,u,identifier,0,46,17
293,723,723,],operator,0,46,18
294,724,724,),operator,0,46,19
295,726,726,%,operator,0,46,21
296,728,728,2,integer,0,46,23
297,729,729,;,operator,0,46,24
298,733,734,if,keyword,0,47,2
299,736,736,(,operator,0,47,5
300,737,737,m,identifier,0,47,6
301,739,740,==,operator,0,47,8
302,742,742,-,operator,0,47,11
303,743,743,1,integer,0,47,12
304,744,744,),operator,0,47,13
305,745,745,{,operator,0,47,14
306,750,750,m,identifier,0,48,3
307,752,752,=,operator,0,48,5
308,754,754,c,identifier,0,48,7
309,755,755,;,operator,0,48,8
310,759,759,},operator,0,49,2
311,763,764,if,keyword,0,50,2
312,766,766,(,operator,0,50,5
313,767,767,m,identifier,0,50,6
314,769,770,"!=",operator,0,50,8
315,772,772,c,identifier,0,50,11
316,773,773,),operator,0,50,12
317,774,774,{,operator,0,50,13
318,779,782,cout,identifier,0,51,3
319,784,784,<,operator,0,51,8
320,785,785,<,operator,0,51,9
321,787,790,"""No""",string,0,51,11
322,791,791,;,operator,0,51,15
323,796,799,exit,identifier,0,52,3
324,800,800,(,operator,0,52,7
325,801,801,0,integer,0,52,8
326,802,802,),operator,0,52,9
327,803,803,;,operator,0,52,10
328,807,807,},operator,0,53,2
329,810,810,},operator,0,54,1
330,813,817,while,keyword,0,55,1
331,818,818,(,operator,0,55,6
332,819,819,q,identifier,0,55,7
333,820,820,.,operator,0,55,8
334,821,824,size,identifier,0,55,9
335,825,825,(,operator,0,55,13
336,826,826,),operator,0,55,14
337,827,827,),operator,0,55,15
338,828,828,{,operator,0,55,16
339,832,834,int,keyword,0,56,2
340,836,836,u,identifier,0,56,6
341,838,838,=,operator,0,56,8
342,840,840,q,identifier,0,56,10
343,841,841,.,operator,0,56,11
344,842,846,front,identifier,0,56,12
345,847,847,(,operator,0,56,17
346,848,848,),operator,0,56,18
347,849,849,;,operator,0,56,19
348,853,853,q,identifier,0,57,2
349,854,854,.,operator,0,57,3
350,855,857,pop,identifier,0,57,4
351,858,858,(,operator,0,57,7
352,859,859,),operator,0,57,8
353,860,860,;,operator,0,57,9
354,864,866,for,keyword,0,58,2
355,868,868,(,operator,0,58,6
356,869,871,int,keyword,0,58,7
357,873,873,v,identifier,0,58,11
358,875,875,:,operator,0,58,13
359,877,877,g,identifier,0,58,15
360,878,878,[,operator,0,58,16
361,879,879,u,identifier,0,58,17
362,880,880,],operator,0,58,18
363,881,881,),operator,0,58,19
364,882,882,{,operator,0,58,20
365,887,888,ii,identifier,0,59,3
366,890,892,tmp,identifier,0,59,6
367,894,894,=,operator,0,59,10
368,896,896,L,identifier,0,59,12
369,897,897,[,operator,0,59,13
370,898,898,v,identifier,0,59,14
371,899,899,],operator,0,59,15
372,900,900,;,operator,0,59,16
373,905,907,tmp,identifier,0,60,3
374,908,908,.,operator,0,60,6
375,909,910,fi,identifier,0,60,7
376,912,912,=,operator,0,60,10
377,914,916,max,identifier,0,60,12
378,917,917,(,operator,0,60,15
379,918,920,tmp,identifier,0,60,16
380,921,921,.,operator,0,60,19
381,922,923,fi,identifier,0,60,20
382,924,924,",",operator,0,60,22
383,926,926,L,identifier,0,60,24
384,927,927,[,operator,0,60,25
385,928,928,u,identifier,0,60,26
386,929,929,],operator,0,60,27
387,930,930,.,operator,0,60,28
388,931,932,fi,identifier,0,60,29
389,934,934,-,operator,0,60,32
390,936,936,1,integer,0,60,34
391,937,937,),operator,0,60,35
392,938,938,;,operator,0,60,36
393,943,945,tmp,identifier,0,61,3
394,946,946,.,operator,0,61,6
395,947,948,se,identifier,0,61,7
396,950,950,=,operator,0,61,10
397,952,954,min,identifier,0,61,12
398,955,955,(,operator,0,61,15
399,956,958,tmp,identifier,0,61,16
400,959,959,.,operator,0,61,19
401,960,961,se,identifier,0,61,20
402,962,962,",",operator,0,61,22
403,964,964,L,identifier,0,61,24
404,965,965,[,operator,0,61,25
405,966,966,u,identifier,0,61,26
406,967,967,],operator,0,61,27
407,968,968,.,operator,0,61,28
408,969,970,se,identifier,0,61,29
409,972,972,+,operator,0,61,32
410,974,974,1,integer,0,61,34
411,975,975,),operator,0,61,35
412,976,976,;,operator,0,61,36
413,981,982,if,keyword,0,62,3
414,984,984,(,operator,0,62,6
415,985,987,tmp,identifier,0,62,7
416,988,988,.,operator,0,62,10
417,989,990,fi,identifier,0,62,11
418,992,992,>,operator,0,62,14
419,994,996,tmp,identifier,0,62,16
420,997,997,.,operator,0,62,19
421,998,999,se,identifier,0,62,20
422,1000,1000,),operator,0,62,22
423,1001,1001,{,operator,0,62,23
424,1007,1010,cout,identifier,0,63,4
425,1012,1012,<,operator,0,63,9
426,1013,1013,<,operator,0,63,10
427,1015,1018,"""No""",string,0,63,12
428,1019,1019,;,operator,0,63,16
429,1025,1028,exit,identifier,0,64,4
430,1029,1029,(,operator,0,64,8
431,1030,1030,0,integer,0,64,9
432,1031,1031,),operator,0,64,10
433,1032,1032,;,operator,0,64,11
434,1037,1037,},operator,0,65,3
435,1042,1043,if,keyword,0,66,3
436,1045,1045,(,operator,0,66,6
437,1046,1048,tmp,identifier,0,66,7
438,1050,1051,"!=",operator,0,66,11
439,1053,1053,L,identifier,0,66,14
440,1054,1054,[,operator,0,66,15
441,1055,1055,v,identifier,0,66,16
442,1056,1056,],operator,0,66,17
443,1057,1057,),operator,0,66,18
444,1058,1058,{,operator,0,66,19
445,1064,1064,L,identifier,0,67,4
446,1065,1065,[,operator,0,67,5
447,1066,1066,v,identifier,0,67,6
448,1067,1067,],operator,0,67,7
449,1069,1069,=,operator,0,67,9
450,1071,1073,tmp,identifier,0,67,11
451,1074,1074,;,operator,0,67,14
452,1080,1080,q,identifier,0,68,4
453,1081,1081,.,operator,0,68,5
454,1082,1085,push,identifier,0,68,6
455,1086,1086,(,operator,0,68,10
456,1087,1087,v,identifier,0,68,11
457,1088,1088,),operator,0,68,12
458,1089,1089,;,operator,0,68,13
459,1094,1094,},operator,0,69,3
460,1098,1098,},operator,0,70,2
461,1101,1101,},operator,0,71,1
462,1104,1107,cout,identifier,0,72,1
463,1109,1109,<,operator,0,72,6
464,1110,1110,<,operator,0,72,7
465,1112,1116,"""Yes""",string,0,72,9
466,1118,1118,<,operator,0,72,15
467,1119,1119,<,operator,0,72,16
468,1121,1124,endl,identifier,0,72,18
469,1125,1125,;,operator,0,72,22
470,1128,1130,for,keyword,0,73,1
471,1131,1131,(,operator,0,73,4
472,1132,1134,int,keyword,0,73,5
473,1136,1136,i,identifier,0,73,9
474,1138,1138,=,operator,0,73,11
475,1140,1140,1,integer,0,73,13
476,1141,1141,;,operator,0,73,14
477,1143,1143,i,identifier,0,73,16
478,1145,1146,<=,operator,0,73,18
479,1148,1148,n,identifier,0,73,21
480,1149,1149,;,operator,0,73,22
481,1151,1151,i,identifier,0,73,24
482,1152,1153,++,operator,0,73,25
483,1154,1154,),operator,0,73,27
484,1155,1155,{,operator,0,73,28
485,1159,1162,cout,identifier,0,74,2
486,1164,1164,<,operator,0,74,7
487,1165,1165,<,operator,0,74,8
488,1167,1167,L,identifier,0,74,10
489,1168,1168,[,operator,0,74,11
490,1169,1169,i,identifier,0,74,12
491,1170,1170,],operator,0,74,13
492,1171,1171,.,operator,0,74,14
493,1172,1173,fi,identifier,0,74,15
494,1175,1175,<,operator,0,74,18
495,1176,1176,<,operator,0,74,19
496,1178,1181,endl,identifier,0,74,21
497,1182,1182,;,operator,0,74,25
498,1186,1188,for,keyword,0,75,2
499,1190,1190,(,operator,0,75,6
500,1191,1193,int,keyword,0,75,7
501,1195,1195,u,identifier,0,75,11
502,1197,1197,:,operator,0,75,13
503,1199,1199,g,identifier,0,75,15
504,1200,1200,[,operator,0,75,16
505,1201,1201,i,identifier,0,75,17
506,1202,1202,],operator,0,75,18
507,1203,1203,),operator,0,75,19
508,1204,1204,{,operator,0,75,20
509,1209,1209,L,identifier,0,76,3
510,1210,1210,[,operator,0,76,4
511,1211,1211,u,identifier,0,76,5
512,1212,1212,],operator,0,76,6
513,1214,1214,=,operator,0,76,8
514,1216,1217,ii,identifier,0,76,10
515,1218,1218,(,operator,0,76,12
516,1219,1221,max,identifier,0,76,13
517,1222,1222,(,operator,0,76,16
518,1223,1223,L,identifier,0,76,17
519,1224,1224,[,operator,0,76,18
520,1225,1225,u,identifier,0,76,19
521,1226,1226,],operator,0,76,20
522,1227,1227,.,operator,0,76,21
523,1228,1229,fi,identifier,0,76,22
524,1230,1230,",",operator,0,76,24
525,1232,1232,L,identifier,0,76,26
526,1233,1233,[,operator,0,76,27
527,1234,1234,i,identifier,0,76,28
528,1235,1235,],operator,0,76,29
529,1236,1236,.,operator,0,76,30
530,1237,1238,fi,identifier,0,76,31
531,1240,1240,-,operator,0,76,34
532,1242,1242,1,integer,0,76,36
533,1243,1243,),operator,0,76,37
534,1244,1244,",",operator,0,76,38
535,1246,1248,min,identifier,0,76,40
536,1249,1249,(,operator,0,76,43
537,1250,1250,L,identifier,0,76,44
538,1251,1251,[,operator,0,76,45
539,1252,1252,u,identifier,0,76,46
540,1253,1253,],operator,0,76,47
541,1254,1254,.,operator,0,76,48
542,1255,1256,se,identifier,0,76,49
543,1257,1257,",",operator,0,76,51
544,1259,1259,L,identifier,0,76,53
545,1260,1260,[,operator,0,76,54
546,1261,1261,i,identifier,0,76,55
547,1262,1262,],operator,0,76,56
548,1263,1263,.,operator,0,76,57
549,1264,1265,fi,identifier,0,76,58
550,1267,1267,+,operator,0,76,61
551,1269,1269,1,integer,0,76,63
552,1270,1270,),operator,0,76,64
553,1271,1271,),operator,0,76,65
554,1272,1272,;,operator,0,76,66
555,1276,1276,},operator,0,77,2
556,1279,1279,},operator,0,78,1
557,1281,1281,},operator,0,79,0
558,1282,1281,<EOF>,eof,0,79,1
