seqnr,start,stop,text,class,channel,line,column
0,0,18,"#include <iostream>",directive,1,1,0
1,20,39,"#include <algorithm>",directive,1,2,0
2,41,57,"#include <cstdio>",directive,1,3,0
3,59,76,"#include <cstring>",directive,1,4,0
4,78,94,"#include <vector>",directive,1,5,0
5,96,100,using,keyword,0,6,0
6,102,110,namespace,keyword,0,6,6
7,112,114,std,identifier,0,6,16
8,115,115,;,operator,0,6,19
9,117,119,int,keyword,0,7,0
10,121,121,n,identifier,0,7,4
11,122,122,",",operator,0,7,5
12,123,123,k,identifier,0,7,6
13,124,124,;,operator,0,7,7
14,126,131,vector,identifier,0,8,0
15,132,132,<,operator,0,8,6
16,133,135,int,keyword,0,8,7
17,136,136,>,operator,0,8,10
18,138,138,G,identifier,0,8,12
19,139,139,[,operator,0,8,13
20,140,145,100005,integer,0,8,14
21,146,146,],operator,0,8,20
22,147,147,;,operator,0,8,21
23,149,151,int,keyword,0,9,0
24,153,155,val,identifier,0,9,4
25,156,156,[,operator,0,9,7
26,157,162,100005,integer,0,9,8
27,163,163,],operator,0,9,14
28,164,164,;,operator,0,9,15
29,166,169,bool,keyword,0,10,0
30,171,173,vis,identifier,0,10,5
31,174,174,[,operator,0,10,8
32,175,180,100005,integer,0,10,9
33,181,181,],operator,0,10,15
34,182,182,;,operator,0,10,16
35,184,187,pair,identifier,0,11,0
36,188,188,<,operator,0,11,4
37,189,191,int,keyword,0,11,5
38,192,192,",",operator,0,11,8
39,193,195,int,keyword,0,11,9
40,196,196,>,operator,0,11,12
41,198,199,dp,identifier,0,11,14
42,200,200,[,operator,0,11,16
43,201,206,100005,integer,0,11,17
44,207,207,],operator,0,11,23
45,208,208,;,operator,0,11,24
46,210,213,void,keyword,0,12,0
47,215,219,check,identifier,0,12,5
48,220,220,(,operator,0,12,10
49,221,223,int,keyword,0,12,11
50,225,225,x,identifier,0,12,15
51,226,226,",",operator,0,12,16
52,227,229,int,keyword,0,12,17
53,231,234,flag,identifier,0,12,21
54,235,235,),operator,0,12,25
55,236,236,{,operator,0,12,26
56,239,241,vis,identifier,0,13,1
57,242,242,[,operator,0,13,4
58,243,243,x,identifier,0,13,5
59,244,244,],operator,0,13,6
60,245,245,=,operator,0,13,7
61,246,249,true,keyword,0,13,8
62,250,250,;,operator,0,13,12
63,253,254,if,keyword,0,14,1
64,256,256,(,operator,0,14,4
65,257,259,val,identifier,0,14,5
66,260,260,[,operator,0,14,8
67,261,261,x,identifier,0,14,9
68,262,262,],operator,0,14,10
69,263,264,"!=",operator,0,14,11
70,265,265,-,operator,0,14,13
71,266,266,1,integer,0,14,14
72,267,267,),operator,0,14,15
73,268,268,{,operator,0,14,16
74,272,273,if,keyword,0,15,2
75,275,275,(,operator,0,15,5
76,276,279,flag,identifier,0,15,6
77,280,281,==,operator,0,15,10
78,282,282,-,operator,0,15,12
79,283,283,1,integer,0,15,13
80,284,284,),operator,0,15,14
81,285,285,{,operator,0,15,15
82,290,293,flag,identifier,0,16,3
83,294,294,=,operator,0,16,7
84,295,295,1,integer,0,16,8
85,296,296,-,operator,0,16,9
86,297,297,(,operator,0,16,10
87,298,300,val,identifier,0,16,11
88,301,301,[,operator,0,16,14
89,302,302,x,identifier,0,16,15
90,303,303,],operator,0,16,16
91,304,304,%,operator,0,16,17
92,305,305,2,integer,0,16,18
93,306,306,),operator,0,16,19
94,307,307,;,operator,0,16,20
95,311,311,},operator,0,17,2
96,315,318,else,keyword,0,18,2
97,320,321,if,keyword,0,18,7
98,323,323,(,operator,0,18,10
99,324,326,val,identifier,0,18,11
100,327,327,[,operator,0,18,14
101,328,328,x,identifier,0,18,15
102,329,329,],operator,0,18,16
103,330,330,%,operator,0,18,17
104,331,331,2,integer,0,18,18
105,332,333,"!=",operator,0,18,19
106,334,337,flag,identifier,0,18,21
107,338,338,),operator,0,18,25
108,339,339,{,operator,0,18,26
109,344,347,cout,identifier,0,19,3
110,348,348,<,operator,0,19,7
111,349,349,<,operator,0,19,8
112,350,353,"""No""",string,0,19,9
113,354,354,<,operator,0,19,13
114,355,355,<,operator,0,19,14
115,356,359,endl,identifier,0,19,15
116,360,360,;,operator,0,19,19
117,361,361,;,operator,0,19,20
118,366,369,exit,identifier,0,20,3
119,370,370,(,operator,0,20,7
120,371,371,0,integer,0,20,8
121,372,372,),operator,0,20,9
122,373,373,;,operator,0,20,10
123,377,377,},operator,0,21,2
124,381,384,else,keyword,0,22,2
125,385,385,{,operator,0,22,6
126,390,393,flag,identifier,0,23,3
127,394,394,=,operator,0,23,7
128,395,395,1,integer,0,23,8
129,396,396,-,operator,0,23,9
130,397,397,(,operator,0,23,10
131,398,400,val,identifier,0,23,11
132,401,401,[,operator,0,23,14
133,402,402,x,identifier,0,23,15
134,403,403,],operator,0,23,16
135,404,404,%,operator,0,23,17
136,405,405,2,integer,0,23,18
137,406,406,),operator,0,23,19
138,407,407,;,operator,0,23,20
139,411,411,},operator,0,24,2
140,414,414,},operator,0,25,1
141,417,419,for,keyword,0,26,1
142,421,421,(,operator,0,26,5
143,422,424,int,keyword,0,26,6
144,426,426,i,identifier,0,26,10
145,427,427,=,operator,0,26,11
146,428,428,0,integer,0,26,12
147,429,429,;,operator,0,26,13
148,430,430,i,identifier,0,26,14
149,431,431,<,operator,0,26,15
150,432,432,G,identifier,0,26,16
151,433,433,[,operator,0,26,17
152,434,434,x,identifier,0,26,18
153,435,435,],operator,0,26,19
154,436,436,.,operator,0,26,20
155,437,440,size,identifier,0,26,21
156,441,441,(,operator,0,26,25
157,442,442,),operator,0,26,26
158,443,443,;,operator,0,26,27
159,444,444,i,identifier,0,26,28
160,445,446,++,operator,0,26,29
161,447,447,),operator,0,26,31
162,448,448,{,operator,0,26,32
163,452,453,if,keyword,0,27,2
164,455,455,(,operator,0,27,5
165,456,458,vis,identifier,0,27,6
166,459,459,[,operator,0,27,9
167,460,460,G,identifier,0,27,10
168,461,461,[,operator,0,27,11
169,462,462,x,identifier,0,27,12
170,463,463,],operator,0,27,13
171,464,464,[,operator,0,27,14
172,465,465,i,identifier,0,27,15
173,466,466,],operator,0,27,16
174,467,467,],operator,0,27,17
175,468,468,),operator,0,27,18
176,469,469,{,operator,0,27,19
177,474,481,continue,keyword,0,28,3
178,482,482,;,operator,0,28,11
179,486,486,},operator,0,29,2
180,490,494,check,identifier,0,30,2
181,495,495,(,operator,0,30,7
182,496,496,G,identifier,0,30,8
183,497,497,[,operator,0,30,9
184,498,498,x,identifier,0,30,10
185,499,499,],operator,0,30,11
186,500,500,[,operator,0,30,12
187,501,501,i,identifier,0,30,13
188,502,502,],operator,0,30,14
189,503,503,",",operator,0,30,15
190,504,507,flag,identifier,0,30,16
191,508,508,),operator,0,30,20
192,509,509,;,operator,0,30,21
193,512,512,},operator,0,31,1
194,514,514,},operator,0,32,0
195,516,519,pair,identifier,0,33,0
196,520,520,<,operator,0,33,4
197,521,523,int,keyword,0,33,5
198,524,524,",",operator,0,33,8
199,525,527,int,keyword,0,33,9
200,528,528,>,operator,0,33,12
201,530,532,get,identifier,0,33,14
202,533,533,(,operator,0,33,17
203,534,537,pair,identifier,0,33,18
204,538,538,<,operator,0,33,22
205,539,541,int,keyword,0,33,23
206,542,542,",",operator,0,33,26
207,543,545,int,keyword,0,33,27
208,546,546,>,operator,0,33,30
209,548,548,a,identifier,0,33,32
210,549,549,",",operator,0,33,33
211,550,553,pair,identifier,0,33,34
212,554,554,<,operator,0,33,38
213,555,557,int,keyword,0,33,39
214,558,558,",",operator,0,33,42
215,559,561,int,keyword,0,33,43
216,562,562,>,operator,0,33,46
217,564,564,b,identifier,0,33,48
218,565,565,),operator,0,33,49
219,566,566,{,operator,0,33,50
220,569,570,if,keyword,0,34,1
221,572,572,(,operator,0,34,4
222,573,573,a,identifier,0,34,5
223,574,574,.,operator,0,34,6
224,575,579,first,identifier,0,34,7
225,580,581,==,operator,0,34,12
226,582,582,-,operator,0,34,14
227,583,585,1e9,floating,0,34,15
228,587,588,||,operator,0,34,19
229,590,590,b,identifier,0,34,22
230,591,591,.,operator,0,34,23
231,592,596,first,identifier,0,34,24
232,597,598,==,operator,0,34,29
233,599,599,-,operator,0,34,31
234,600,602,1e9,floating,0,34,32
235,603,603,),operator,0,34,35
236,604,604,{,operator,0,34,36
237,608,613,return,keyword,0,35,2
238,615,623,make_pair,identifier,0,35,9
239,624,624,(,operator,0,35,18
240,625,625,-,operator,0,35,19
241,626,628,1e9,floating,0,35,20
242,629,629,",",operator,0,35,23
243,630,630,-,operator,0,35,24
244,631,633,1e9,floating,0,35,25
245,634,634,),operator,0,35,28
246,635,635,;,operator,0,35,29
247,638,638,},operator,0,36,1
248,641,642,if,keyword,0,37,1
249,644,644,(,operator,0,37,4
250,645,645,a,identifier,0,37,5
251,646,646,.,operator,0,37,6
252,647,651,first,identifier,0,37,7
253,652,652,>,operator,0,37,12
254,653,653,b,identifier,0,37,13
255,654,654,.,operator,0,37,14
256,655,659,first,identifier,0,37,15
257,660,660,),operator,0,37,20
258,661,661,{,operator,0,37,21
259,665,668,swap,identifier,0,38,2
260,669,669,(,operator,0,38,6
261,670,670,a,identifier,0,38,7
262,671,671,",",operator,0,38,8
263,672,672,b,identifier,0,38,9
264,673,673,),operator,0,38,10
265,674,674,;,operator,0,38,11
266,677,677,},operator,0,39,1
267,680,681,if,keyword,0,40,1
268,683,683,(,operator,0,40,4
269,684,684,a,identifier,0,40,5
270,685,685,.,operator,0,40,6
271,686,691,second,identifier,0,40,7
272,692,692,<,operator,0,40,13
273,693,693,b,identifier,0,40,14
274,694,694,.,operator,0,40,15
275,695,699,first,identifier,0,40,16
276,700,700,),operator,0,40,21
277,701,701,{,operator,0,40,22
278,705,710,return,keyword,0,41,2
279,712,720,make_pair,identifier,0,41,9
280,721,721,(,operator,0,41,18
281,722,722,-,operator,0,41,19
282,723,725,1e9,floating,0,41,20
283,726,726,",",operator,0,41,23
284,727,727,-,operator,0,41,24
285,728,730,1e9,floating,0,41,25
286,731,731,),operator,0,41,28
287,732,732,;,operator,0,41,29
288,735,735,},operator,0,42,1
289,738,741,else,keyword,0,43,1
290,742,742,{,operator,0,43,5
291,746,751,return,keyword,0,44,2
292,753,761,make_pair,identifier,0,44,9
293,762,762,(,operator,0,44,18
294,763,763,b,identifier,0,44,19
295,764,764,.,operator,0,44,20
296,765,769,first,identifier,0,44,21
297,770,770,",",operator,0,44,26
298,771,773,min,identifier,0,44,27
299,774,774,(,operator,0,44,30
300,775,775,a,identifier,0,44,31
301,776,776,.,operator,0,44,32
302,777,782,second,identifier,0,44,33
303,783,783,",",operator,0,44,39
304,784,784,b,identifier,0,44,40
305,785,785,.,operator,0,44,41
306,786,791,second,identifier,0,44,42
307,792,792,),operator,0,44,48
308,793,793,),operator,0,44,49
309,794,794,;,operator,0,44,50
310,797,797,},operator,0,45,1
311,799,799,},operator,0,46,0
312,801,804,void,keyword,0,47,0
313,806,808,dfs,identifier,0,47,5
314,809,809,(,operator,0,47,8
315,810,812,int,keyword,0,47,9
316,814,814,x,identifier,0,47,13
317,815,815,),operator,0,47,14
318,816,816,{,operator,0,47,15
319,819,821,vis,identifier,0,48,1
320,822,822,[,operator,0,48,4
321,823,823,x,identifier,0,48,5
322,824,824,],operator,0,48,6
323,825,825,=,operator,0,48,7
324,826,829,true,keyword,0,48,8
325,830,830,;,operator,0,48,12
326,833,835,int,keyword,0,49,1
327,837,840,left,identifier,0,49,5
328,841,841,=,operator,0,49,9
329,842,842,-,operator,0,49,10
330,843,845,1e8,floating,0,49,11
331,846,846,;,operator,0,49,14
332,849,851,int,keyword,0,50,1
333,853,857,right,identifier,0,50,5
334,858,858,=,operator,0,50,10
335,859,861,1e8,floating,0,50,11
336,862,862,;,operator,0,50,14
337,865,870,vector,identifier,0,51,1
338,871,871,<,operator,0,51,7
339,872,874,int,keyword,0,51,8
340,875,875,>,operator,0,51,11
341,877,877,V,identifier,0,51,13
342,878,878,;,operator,0,51,14
343,881,882,if,keyword,0,52,1
344,884,884,(,operator,0,52,4
345,885,887,val,identifier,0,52,5
346,888,888,[,operator,0,52,8
347,889,889,x,identifier,0,52,9
348,890,890,],operator,0,52,10
349,891,892,"!=",operator,0,52,11
350,893,893,-,operator,0,52,13
351,894,894,1,integer,0,52,14
352,895,895,),operator,0,52,15
353,896,896,{,operator,0,52,16
354,900,903,left,identifier,0,53,2
355,904,904,=,operator,0,53,6
356,905,907,val,identifier,0,53,7
357,908,908,[,operator,0,53,10
358,909,909,x,identifier,0,53,11
359,910,910,],operator,0,53,12
360,911,911,;,operator,0,53,13
361,915,919,right,identifier,0,54,2
362,920,920,=,operator,0,54,7
363,921,923,val,identifier,0,54,8
364,924,924,[,operator,0,54,11
365,925,925,x,identifier,0,54,12
366,926,926,],operator,0,54,13
367,927,927,;,operator,0,54,14
368,930,930,},operator,0,55,1
369,933,935,for,keyword,0,56,1
370,937,937,(,operator,0,56,5
371,938,940,int,keyword,0,56,6
372,942,942,i,identifier,0,56,10
373,943,943,=,operator,0,56,11
374,944,944,0,integer,0,56,12
375,945,945,;,operator,0,56,13
376,946,946,i,identifier,0,56,14
377,947,947,<,operator,0,56,15
378,948,948,G,identifier,0,56,16
379,949,949,[,operator,0,56,17
380,950,950,x,identifier,0,56,18
381,951,951,],operator,0,56,19
382,952,952,.,operator,0,56,20
383,953,956,size,identifier,0,56,21
384,957,957,(,operator,0,56,25
385,958,958,),operator,0,56,26
386,959,959,;,operator,0,56,27
387,960,960,i,identifier,0,56,28
388,961,962,++,operator,0,56,29
389,963,963,),operator,0,56,31
390,964,964,{,operator,0,56,32
391,968,969,if,keyword,0,57,2
392,971,971,(,operator,0,57,5
393,972,974,vis,identifier,0,57,6
394,975,975,[,operator,0,57,9
395,976,976,G,identifier,0,57,10
396,977,977,[,operator,0,57,11
397,978,978,x,identifier,0,57,12
398,979,979,],operator,0,57,13
399,980,980,[,operator,0,57,14
400,981,981,i,identifier,0,57,15
401,982,982,],operator,0,57,16
402,983,983,],operator,0,57,17
403,984,984,),operator,0,57,18
404,985,985,{,operator,0,57,19
405,990,997,continue,keyword,0,58,3
406,998,998,;,operator,0,58,11
407,1002,1002,},operator,0,59,2
408,1006,1008,dfs,identifier,0,60,2
409,1009,1009,(,operator,0,60,5
410,1010,1010,G,identifier,0,60,6
411,1011,1011,[,operator,0,60,7
412,1012,1012,x,identifier,0,60,8
413,1013,1013,],operator,0,60,9
414,1014,1014,[,operator,0,60,10
415,1015,1015,i,identifier,0,60,11
416,1016,1016,],operator,0,60,12
417,1017,1017,),operator,0,60,13
418,1018,1018,;,operator,0,60,14
419,1022,1025,pair,identifier,0,61,2
420,1026,1026,<,operator,0,61,6
421,1027,1029,int,keyword,0,61,7
422,1030,1030,",",operator,0,61,10
423,1031,1033,int,keyword,0,61,11
424,1034,1034,>,operator,0,61,14
425,1036,1038,tmp,identifier,0,61,16
426,1039,1039,=,operator,0,61,19
427,1040,1042,get,identifier,0,61,20
428,1043,1043,(,operator,0,61,23
429,1044,1052,make_pair,identifier,0,61,24
430,1053,1053,(,operator,0,61,33
431,1054,1057,left,identifier,0,61,34
432,1058,1058,",",operator,0,61,38
433,1059,1063,right,identifier,0,61,39
434,1064,1064,),operator,0,61,44
435,1065,1065,",",operator,0,61,45
436,1066,1074,make_pair,identifier,0,61,46
437,1075,1075,(,operator,0,61,55
438,1076,1077,dp,identifier,0,61,56
439,1078,1078,[,operator,0,61,58
440,1079,1079,G,identifier,0,61,59
441,1080,1080,[,operator,0,61,60
442,1081,1081,x,identifier,0,61,61
443,1082,1082,],operator,0,61,62
444,1083,1083,[,operator,0,61,63
445,1084,1084,i,identifier,0,61,64
446,1085,1085,],operator,0,61,65
447,1086,1086,],operator,0,61,66
448,1087,1087,.,operator,0,61,67
449,1088,1092,first,identifier,0,61,68
450,1093,1093,-,operator,0,61,73
451,1094,1094,1,integer,0,61,74
452,1095,1095,",",operator,0,61,75
453,1096,1097,dp,identifier,0,61,76
454,1098,1098,[,operator,0,61,78
455,1099,1099,G,identifier,0,61,79
456,1100,1100,[,operator,0,61,80
457,1101,1101,x,identifier,0,61,81
458,1102,1102,],operator,0,61,82
459,1103,1103,[,operator,0,61,83
460,1104,1104,i,identifier,0,61,84
461,1105,1105,],operator,0,61,85
462,1106,1106,],operator,0,61,86
463,1107,1107,.,operator,0,61,87
464,1108,1113,second,identifier,0,61,88
465,1114,1114,+,operator,0,61,94
466,1115,1115,1,integer,0,61,95
467,1116,1116,),operator,0,61,96
468,1117,1117,),operator,0,61,97
469,1118,1118,;,operator,0,61,98
470,1122,1125,left,identifier,0,62,2
471,1126,1126,=,operator,0,62,6
472,1127,1129,tmp,identifier,0,62,7
473,1130,1130,.,operator,0,62,10
474,1131,1135,first,identifier,0,62,11
475,1136,1136,;,operator,0,62,16
476,1140,1144,right,identifier,0,63,2
477,1145,1145,=,operator,0,63,7
478,1146,1148,tmp,identifier,0,63,8
479,1149,1149,.,operator,0,63,11
480,1150,1155,second,identifier,0,63,12
481,1156,1156,;,operator,0,63,18
482,1159,1159,},operator,0,64,1
483,1162,1163,if,keyword,0,65,1
484,1165,1165,(,operator,0,65,4
485,1166,1169,left,identifier,0,65,5
486,1170,1171,==,operator,0,65,9
487,1172,1172,-,operator,0,65,11
488,1173,1175,1e9,floating,0,65,12
489,1176,1176,),operator,0,65,15
490,1177,1177,{,operator,0,65,16
491,1181,1184,cout,identifier,0,66,2
492,1185,1185,<,operator,0,66,6
493,1186,1186,<,operator,0,66,7
494,1187,1190,"""No""",string,0,66,8
495,1191,1191,<,operator,0,66,12
496,1192,1192,<,operator,0,66,13
497,1193,1196,endl,identifier,0,66,14
498,1197,1197,;,operator,0,66,18
499,1198,1198,;,operator,0,66,19
500,1202,1205,exit,identifier,0,67,2
501,1206,1206,(,operator,0,67,6
502,1207,1207,0,integer,0,67,7
503,1208,1208,),operator,0,67,8
504,1209,1209,;,operator,0,67,9
505,1212,1212,},operator,0,68,1
506,1215,1216,dp,identifier,0,69,1
507,1217,1217,[,operator,0,69,3
508,1218,1218,x,identifier,0,69,4
509,1219,1219,],operator,0,69,5
510,1220,1220,=,operator,0,69,6
511,1221,1229,make_pair,identifier,0,69,7
512,1230,1230,(,operator,0,69,16
513,1231,1234,left,identifier,0,69,17
514,1235,1235,",",operator,0,69,21
515,1236,1240,right,identifier,0,69,22
516,1241,1241,),operator,0,69,27
517,1242,1242,;,operator,0,69,28
518,1244,1244,},operator,0,70,0
519,1246,1249,void,keyword,0,71,0
520,1251,1253,Dfs,identifier,0,71,5
521,1254,1254,(,operator,0,71,8
522,1255,1257,int,keyword,0,71,9
523,1259,1259,x,identifier,0,71,13
524,1260,1260,",",operator,0,71,14
525,1261,1263,int,keyword,0,71,15
526,1265,1268,left,identifier,0,71,19
527,1269,1269,",",operator,0,71,23
528,1270,1272,int,keyword,0,71,24
529,1274,1278,right,identifier,0,71,28
530,1279,1279,),operator,0,71,33
531,1280,1280,{,operator,0,71,34
532,1283,1284,dp,identifier,0,72,1
533,1285,1285,[,operator,0,72,3
534,1286,1286,x,identifier,0,72,4
535,1287,1287,],operator,0,72,5
536,1288,1288,=,operator,0,72,6
537,1289,1291,get,identifier,0,72,7
538,1292,1292,(,operator,0,72,10
539,1293,1294,dp,identifier,0,72,11
540,1295,1295,[,operator,0,72,13
541,1296,1296,x,identifier,0,72,14
542,1297,1297,],operator,0,72,15
543,1298,1298,",",operator,0,72,16
544,1299,1307,make_pair,identifier,0,72,17
545,1308,1308,(,operator,0,72,26
546,1309,1312,left,identifier,0,72,27
547,1313,1313,",",operator,0,72,31
548,1314,1318,right,identifier,0,72,32
549,1319,1319,),operator,0,72,37
550,1320,1320,),operator,0,72,38
551,1321,1321,;,operator,0,72,39
552,1324,1326,val,identifier,0,73,1
553,1327,1327,[,operator,0,73,4
554,1328,1328,x,identifier,0,73,5
555,1329,1329,],operator,0,73,6
556,1330,1330,=,operator,0,73,7
557,1331,1332,dp,identifier,0,73,8
558,1333,1333,[,operator,0,73,10
559,1334,1334,x,identifier,0,73,11
560,1335,1335,],operator,0,73,12
561,1336,1336,.,operator,0,73,13
562,1337,1341,first,identifier,0,73,14
563,1342,1342,;,operator,0,73,19
564,1345,1347,vis,identifier,0,74,1
565,1348,1348,[,operator,0,74,4
566,1349,1349,x,identifier,0,74,5
567,1350,1350,],operator,0,74,6
568,1351,1351,=,operator,0,74,7
569,1352,1355,true,keyword,0,74,8
570,1356,1356,;,operator,0,74,12
571,1359,1361,for,keyword,0,75,1
572,1363,1363,(,operator,0,75,5
573,1364,1366,int,keyword,0,75,6
574,1368,1368,i,identifier,0,75,10
575,1369,1369,=,operator,0,75,11
576,1370,1370,0,integer,0,75,12
577,1371,1371,;,operator,0,75,13
578,1372,1372,i,identifier,0,75,14
579,1373,1373,<,operator,0,75,15
580,1374,1374,G,identifier,0,75,16
581,1375,1375,[,operator,0,75,17
582,1376,1376,x,identifier,0,75,18
583,1377,1377,],operator,0,75,19
584,1378,1378,.,operator,0,75,20
585,1379,1382,size,identifier,0,75,21
586,1383,1383,(,operator,0,75,25
587,1384,1384,),operator,0,75,26
588,1385,1385,;,operator,0,75,27
589,1386,1386,i,identifier,0,75,28
590,1387,1388,++,operator,0,75,29
591,1389,1389,),operator,0,75,31
592,1390,1390,{,operator,0,75,32
593,1394,1395,if,keyword,0,76,2
594,1397,1397,(,operator,0,76,5
595,1398,1400,vis,identifier,0,76,6
596,1401,1401,[,operator,0,76,9
597,1402,1402,G,identifier,0,76,10
598,1403,1403,[,operator,0,76,11
599,1404,1404,x,identifier,0,76,12
600,1405,1405,],operator,0,76,13
601,1406,1406,[,operator,0,76,14
602,1407,1407,i,identifier,0,76,15
603,1408,1408,],operator,0,76,16
604,1409,1409,],operator,0,76,17
605,1410,1410,),operator,0,76,18
606,1411,1411,{,operator,0,76,19
607,1416,1423,continue,keyword,0,77,3
608,1424,1424,;,operator,0,77,11
609,1428,1428,},operator,0,78,2
610,1432,1434,Dfs,identifier,0,79,2
611,1435,1435,(,operator,0,79,5
612,1436,1436,G,identifier,0,79,6
613,1437,1437,[,operator,0,79,7
614,1438,1438,x,identifier,0,79,8
615,1439,1439,],operator,0,79,9
616,1440,1440,[,operator,0,79,10
617,1441,1441,i,identifier,0,79,11
618,1442,1442,],operator,0,79,12
619,1443,1443,",",operator,0,79,13
620,1444,1446,val,identifier,0,79,14
621,1447,1447,[,operator,0,79,17
622,1448,1448,x,identifier,0,79,18
623,1449,1449,],operator,0,79,19
624,1450,1450,-,operator,0,79,20
625,1451,1451,1,integer,0,79,21
626,1452,1452,",",operator,0,79,22
627,1453,1455,val,identifier,0,79,23
628,1456,1456,[,operator,0,79,26
629,1457,1457,x,identifier,0,79,27
630,1458,1458,],operator,0,79,28
631,1459,1459,+,operator,0,79,29
632,1460,1460,1,integer,0,79,30
633,1461,1461,),operator,0,79,31
634,1462,1462,;,operator,0,79,32
635,1465,1465,},operator,0,80,1
636,1467,1467,},operator,0,81,0
637,1469,1471,int,keyword,0,82,0
638,1473,1476,main,identifier,0,82,4
639,1477,1477,(,operator,0,82,8
640,1478,1478,),operator,0,82,9
641,1479,1479,{,operator,0,82,10
642,1482,1486,scanf,identifier,0,83,1
643,1487,1487,(,operator,0,83,6
644,1488,1491,"""%d""",string,0,83,7
645,1492,1492,",",operator,0,83,11
646,1493,1493,&,operator,0,83,12
647,1494,1494,n,identifier,0,83,13
648,1495,1495,),operator,0,83,14
649,1496,1496,;,operator,0,83,15
650,1502,1504,for,keyword,0,84,4
651,1506,1506,(,operator,0,84,8
652,1507,1509,int,keyword,0,84,9
653,1511,1511,i,identifier,0,84,13
654,1512,1512,=,operator,0,84,14
655,1513,1513,1,integer,0,84,15
656,1514,1514,;,operator,0,84,16
657,1515,1515,i,identifier,0,84,17
658,1516,1517,<=,operator,0,84,18
659,1518,1518,n,identifier,0,84,20
660,1519,1519,-,operator,0,84,21
661,1520,1520,1,integer,0,84,22
662,1521,1521,;,operator,0,84,23
663,1522,1522,i,identifier,0,84,24
664,1523,1524,++,operator,0,84,25
665,1525,1525,),operator,0,84,27
666,1526,1526,{,operator,0,84,28
667,1533,1535,int,keyword,0,85,5
668,1537,1537,a,identifier,0,85,9
669,1538,1538,",",operator,0,85,10
670,1539,1539,b,identifier,0,85,11
671,1540,1540,;,operator,0,85,12
672,1547,1549,cin,identifier,0,86,5
673,1550,1550,>,operator,0,86,8
674,1551,1551,>,operator,0,86,9
675,1552,1552,a,identifier,0,86,10
676,1553,1553,>,operator,0,86,11
677,1554,1554,>,operator,0,86,12
678,1555,1555,b,identifier,0,86,13
679,1556,1556,;,operator,0,86,14
680,1563,1563,G,identifier,0,87,5
681,1564,1564,[,operator,0,87,6
682,1565,1565,a,identifier,0,87,7
683,1566,1566,],operator,0,87,8
684,1567,1567,.,operator,0,87,9
685,1568,1576,push_back,identifier,0,87,10
686,1577,1577,(,operator,0,87,19
687,1578,1578,b,identifier,0,87,20
688,1579,1579,),operator,0,87,21
689,1580,1580,;,operator,0,87,22
690,1587,1587,G,identifier,0,88,5
691,1588,1588,[,operator,0,88,6
692,1589,1589,b,identifier,0,88,7
693,1590,1590,],operator,0,88,8
694,1591,1591,.,operator,0,88,9
695,1592,1600,push_back,identifier,0,88,10
696,1601,1601,(,operator,0,88,19
697,1602,1602,a,identifier,0,88,20
698,1603,1603,),operator,0,88,21
699,1604,1604,;,operator,0,88,22
700,1610,1610,},operator,0,89,4
701,1616,1621,memset,identifier,0,90,4
702,1622,1622,(,operator,0,90,10
703,1623,1625,val,identifier,0,90,11
704,1626,1626,",",operator,0,90,14
705,1627,1627,-,operator,0,90,15
706,1628,1628,1,integer,0,90,16
707,1629,1629,",",operator,0,90,17
708,1630,1635,sizeof,keyword,0,90,18
709,1636,1636,(,operator,0,90,24
710,1637,1639,val,identifier,0,90,25
711,1640,1640,),operator,0,90,28
712,1641,1641,),operator,0,90,29
713,1642,1642,;,operator,0,90,30
714,1648,1652,scanf,identifier,0,91,4
715,1653,1653,(,operator,0,91,9
716,1654,1657,"""%d""",string,0,91,10
717,1658,1658,",",operator,0,91,14
718,1659,1659,&,operator,0,91,15
719,1660,1660,k,identifier,0,91,16
720,1661,1661,),operator,0,91,17
721,1662,1662,;,operator,0,91,18
722,1668,1670,for,keyword,0,92,4
723,1672,1672,(,operator,0,92,8
724,1673,1675,int,keyword,0,92,9
725,1677,1677,i,identifier,0,92,13
726,1678,1678,=,operator,0,92,14
727,1679,1679,1,integer,0,92,15
728,1680,1680,;,operator,0,92,16
729,1681,1681,i,identifier,0,92,17
730,1682,1683,<=,operator,0,92,18
731,1684,1684,k,identifier,0,92,20
732,1685,1685,;,operator,0,92,21
733,1686,1686,i,identifier,0,92,22
734,1687,1688,++,operator,0,92,23
735,1689,1689,),operator,0,92,25
736,1690,1690,{,operator,0,92,26
737,1697,1699,int,keyword,0,93,5
738,1701,1704,node,identifier,0,93,9
739,1705,1705,",",operator,0,93,13
740,1706,1706,v,identifier,0,93,14
741,1707,1707,;,operator,0,93,15
742,1714,1718,scanf,identifier,0,94,5
743,1719,1719,(,operator,0,94,10
744,1720,1725,"""%d%d""",string,0,94,11
745,1726,1726,",",operator,0,94,17
746,1727,1727,&,operator,0,94,18
747,1728,1731,node,identifier,0,94,19
748,1732,1732,",",operator,0,94,23
749,1733,1733,&,operator,0,94,24
750,1734,1734,v,identifier,0,94,25
751,1735,1735,),operator,0,94,26
752,1736,1736,;,operator,0,94,27
753,1743,1745,val,identifier,0,95,5
754,1746,1746,[,operator,0,95,8
755,1747,1750,node,identifier,0,95,9
756,1751,1751,],operator,0,95,13
757,1752,1752,=,operator,0,95,14
758,1753,1753,v,identifier,0,95,15
759,1754,1754,;,operator,0,95,16
760,1760,1760,},operator,0,96,4
761,1766,1771,memset,identifier,0,97,4
762,1772,1772,(,operator,0,97,10
763,1773,1775,vis,identifier,0,97,11
764,1776,1776,",",operator,0,97,14
765,1777,1777,0,integer,0,97,15
766,1778,1778,",",operator,0,97,16
767,1779,1784,sizeof,keyword,0,97,17
768,1785,1785,(,operator,0,97,23
769,1786,1788,vis,identifier,0,97,24
770,1789,1789,),operator,0,97,27
771,1790,1790,),operator,0,97,28
772,1791,1791,;,operator,0,97,29
773,1797,1801,check,identifier,0,98,4
774,1802,1802,(,operator,0,98,9
775,1803,1803,1,integer,0,98,10
776,1804,1804,",",operator,0,98,11
777,1805,1805,-,operator,0,98,12
778,1806,1806,1,integer,0,98,13
779,1807,1807,),operator,0,98,14
780,1808,1808,;,operator,0,98,15
781,1814,1819,memset,identifier,0,99,4
782,1820,1820,(,operator,0,99,10
783,1821,1823,vis,identifier,0,99,11
784,1824,1824,",",operator,0,99,14
785,1825,1825,0,integer,0,99,15
786,1826,1826,",",operator,0,99,16
787,1827,1832,sizeof,keyword,0,99,17
788,1833,1833,(,operator,0,99,23
789,1834,1836,vis,identifier,0,99,24
790,1837,1837,),operator,0,99,27
791,1838,1838,),operator,0,99,28
792,1839,1839,;,operator,0,99,29
793,1845,1847,dfs,identifier,0,100,4
794,1848,1848,(,operator,0,100,7
795,1849,1849,1,integer,0,100,8
796,1850,1850,),operator,0,100,9
797,1851,1851,;,operator,0,100,10
798,1857,1860,cout,identifier,0,101,4
799,1861,1861,<,operator,0,101,8
800,1862,1862,<,operator,0,101,9
801,1863,1869,"""Yes\n""",string,0,101,10
802,1870,1870,;,operator,0,101,17
803,1876,1881,memset,identifier,0,102,4
804,1882,1882,(,operator,0,102,10
805,1883,1885,vis,identifier,0,102,11
806,1886,1886,",",operator,0,102,14
807,1887,1887,0,integer,0,102,15
808,1888,1888,",",operator,0,102,16
809,1889,1894,sizeof,keyword,0,102,17
810,1895,1895,(,operator,0,102,23
811,1896,1898,vis,identifier,0,102,24
812,1899,1899,),operator,0,102,27
813,1900,1900,),operator,0,102,28
814,1901,1901,;,operator,0,102,29
815,1907,1909,Dfs,identifier,0,103,4
816,1910,1910,(,operator,0,103,7
817,1911,1911,1,integer,0,103,8
818,1912,1912,",",operator,0,103,9
819,1913,1913,-,operator,0,103,10
820,1914,1916,1e8,floating,0,103,11
821,1917,1917,",",operator,0,103,14
822,1918,1920,1e8,floating,0,103,15
823,1921,1921,),operator,0,103,18
824,1922,1922,;,operator,0,103,19
825,1928,1930,for,keyword,0,104,4
826,1932,1932,(,operator,0,104,8
827,1933,1935,int,keyword,0,104,9
828,1937,1937,i,identifier,0,104,13
829,1938,1938,=,operator,0,104,14
830,1939,1939,1,integer,0,104,15
831,1940,1940,;,operator,0,104,16
832,1941,1941,i,identifier,0,104,17
833,1942,1943,<=,operator,0,104,18
834,1944,1944,n,identifier,0,104,20
835,1945,1945,;,operator,0,104,21
836,1946,1946,i,identifier,0,104,22
837,1947,1948,++,operator,0,104,23
838,1949,1949,),operator,0,104,25
839,1950,1950,{,operator,0,104,26
840,1957,1960,cout,identifier,0,105,5
841,1961,1961,<,operator,0,105,9
842,1962,1962,<,operator,0,105,10
843,1963,1965,val,identifier,0,105,11
844,1966,1966,[,operator,0,105,14
845,1967,1967,i,identifier,0,105,15
846,1968,1968,],operator,0,105,16
847,1969,1969,<,operator,0,105,17
848,1970,1970,<,operator,0,105,18
849,1971,1974,endl,identifier,0,105,19
850,1975,1975,;,operator,0,105,23
851,1981,1981,},operator,0,106,4
852,1987,1992,return,keyword,0,107,4
853,1994,1994,0,integer,0,107,11
854,1995,1995,;,operator,0,107,12
855,1997,1997,},operator,0,108,0
856,1998,1997,<EOF>,eof,0,108,1
