seqnr,start,stop,text,class,channel,line,column
0,0,16,"#include <cstdio>",directive,1,1,0
1,18,37,"#include <algorithm>",directive,1,2,0
2,39,56,"#include <cstring>",directive,1,3,0
3,58,62,using,keyword,0,4,0
4,64,72,namespace,keyword,0,4,6
5,74,76,std,identifier,0,4,16
6,77,77,;,operator,0,4,19
7,80,84,const,keyword,0,6,0
8,86,88,int,keyword,0,6,6
9,90,94,MAX_N,identifier,0,6,10
10,96,96,=,operator,0,6,16
11,98,103,100005,integer,0,6,18
12,104,104,",",operator,0,6,24
13,106,108,INF,identifier,0,6,26
14,110,110,=,operator,0,6,30
15,112,121,0x3f3f3f3f,integer,0,6,32
16,122,122,;,operator,0,6,42
17,124,130,typedef,keyword,0,7,0
18,132,135,pair,identifier,0,7,8
19,136,136,<,operator,0,7,12
20,137,139,int,keyword,0,7,13
21,140,140,",",operator,0,7,16
22,142,144,int,keyword,0,7,18
23,145,145,>,operator,0,7,21
24,147,149,pii,identifier,0,7,23
25,150,150,;,operator,0,7,26
26,153,157,class,keyword,0,9,0
27,159,162,Edge,identifier,0,9,6
28,164,164,{,operator,0,9,11
29,166,171,public,keyword,0,10,0
30,172,172,:,operator,0,10,6
31,176,178,int,keyword,0,11,2
32,180,182,nxt,identifier,0,11,6
33,183,183,",",operator,0,11,9
34,185,186,to,identifier,0,11,11
35,187,187,;,operator,0,11,13
36,189,189,},operator,0,12,0
37,191,191,e,identifier,0,12,2
38,192,192,[,operator,0,12,3
39,193,197,MAX_N,identifier,0,12,4
40,199,199,<,operator,0,12,10
41,200,200,<,operator,0,12,11
42,202,202,1,integer,0,12,13
43,203,203,],operator,0,12,14
44,204,204,;,operator,0,12,15
45,207,209,int,keyword,0,14,0
46,211,214,head,identifier,0,14,4
47,215,215,[,operator,0,14,8
48,216,220,MAX_N,identifier,0,14,9
49,221,221,],operator,0,14,14
50,222,222,",",operator,0,14,15
51,224,226,cnt,identifier,0,14,17
52,227,227,;,operator,0,14,20
53,229,232,void,keyword,0,15,0
54,234,240,addedge,identifier,0,15,5
55,241,241,(,operator,0,15,12
56,242,244,int,keyword,0,15,13
57,246,246,u,identifier,0,15,17
58,247,247,",",operator,0,15,18
59,249,251,int,keyword,0,15,20
60,253,253,v,identifier,0,15,24
61,254,254,),operator,0,15,25
62,256,256,{,operator,0,15,27
63,260,260,e,identifier,0,16,2
64,261,261,[,operator,0,16,3
65,262,263,++,operator,0,16,4
66,264,266,cnt,identifier,0,16,6
67,267,267,],operator,0,16,9
68,269,269,=,operator,0,16,11
69,271,271,(,operator,0,16,13
70,272,275,Edge,identifier,0,16,14
71,276,276,),operator,0,16,18
72,277,277,{,operator,0,16,19
73,278,281,head,identifier,0,16,20
74,282,282,[,operator,0,16,24
75,283,283,u,identifier,0,16,25
76,284,284,],operator,0,16,26
77,285,285,",",operator,0,16,27
78,287,287,v,identifier,0,16,29
79,288,288,},operator,0,16,30
80,289,289,",",operator,0,16,31
81,291,294,head,identifier,0,16,33
82,295,295,[,operator,0,16,37
83,296,296,u,identifier,0,16,38
84,297,297,],operator,0,16,39
85,299,299,=,operator,0,16,41
86,301,303,cnt,identifier,0,16,43
87,304,304,;,operator,0,16,46
88,308,308,e,identifier,0,17,2
89,309,309,[,operator,0,17,3
90,310,311,++,operator,0,17,4
91,312,314,cnt,identifier,0,17,6
92,315,315,],operator,0,17,9
93,317,317,=,operator,0,17,11
94,319,319,(,operator,0,17,13
95,320,323,Edge,identifier,0,17,14
96,324,324,),operator,0,17,18
97,325,325,{,operator,0,17,19
98,326,329,head,identifier,0,17,20
99,330,330,[,operator,0,17,24
100,331,331,v,identifier,0,17,25
101,332,332,],operator,0,17,26
102,333,333,",",operator,0,17,27
103,335,335,u,identifier,0,17,29
104,336,336,},operator,0,17,30
105,337,337,",",operator,0,17,31
106,339,342,head,identifier,0,17,33
107,343,343,[,operator,0,17,37
108,344,344,v,identifier,0,17,38
109,345,345,],operator,0,17,39
110,347,347,=,operator,0,17,41
111,349,351,cnt,identifier,0,17,43
112,352,352,;,operator,0,17,46
113,354,354,},operator,0,18,0
114,357,359,int,keyword,0,20,0
115,361,362,rt,identifier,0,20,4
116,363,363,",",operator,0,20,6
117,365,365,P,identifier,0,20,8
118,366,366,[,operator,0,20,9
119,367,371,MAX_N,identifier,0,20,10
120,372,372,],operator,0,20,15
121,373,373,;,operator,0,20,16
122,375,378,bool,keyword,0,21,0
123,380,383,flag,identifier,0,21,5
124,384,384,;,operator,0,21,9
125,386,388,pii,identifier,0,22,0
126,390,393,intv,identifier,0,22,4
127,394,394,[,operator,0,22,8
128,395,399,MAX_N,identifier,0,22,9
129,400,400,],operator,0,22,14
130,401,401,;,operator,0,22,15
131,404,407,void,keyword,0,24,0
132,409,411,dfs,identifier,0,24,5
133,412,412,(,operator,0,24,8
134,413,415,int,keyword,0,24,9
135,417,417,u,identifier,0,24,13
136,418,418,",",operator,0,24,14
137,420,422,int,keyword,0,24,16
138,424,424,v,identifier,0,24,20
139,425,425,",",operator,0,24,21
140,427,429,int,keyword,0,24,23
141,431,431,d,identifier,0,24,27
142,432,432,),operator,0,24,28
143,434,434,{,operator,0,24,30
144,438,439,if,keyword,0,25,2
145,441,441,(,operator,0,25,5
146,442,442,P,identifier,0,25,6
147,443,443,[,operator,0,25,7
148,444,444,u,identifier,0,25,8
149,445,445,],operator,0,25,9
150,447,448,"!=",operator,0,25,11
151,450,452,INF,identifier,0,25,14
152,453,453,),operator,0,25,17
153,460,461,if,keyword,0,26,4
154,463,463,(,operator,0,26,7
155,464,464,(,operator,0,26,8
156,465,465,(,operator,0,26,9
157,466,466,P,identifier,0,26,10
158,467,467,[,operator,0,26,11
159,468,468,u,identifier,0,26,12
160,469,469,],operator,0,26,13
161,471,471,&,operator,0,26,15
162,473,473,1,integer,0,26,17
163,474,474,),operator,0,26,18
164,476,476,^,operator,0,26,20
165,478,478,d,identifier,0,26,22
166,479,479,),operator,0,26,23
167,481,482,"!=",operator,0,26,25
168,484,484,(,operator,0,26,28
169,485,485,P,identifier,0,26,29
170,486,486,[,operator,0,26,30
171,487,488,rt,identifier,0,26,31
172,489,489,],operator,0,26,33
173,491,491,&,operator,0,26,35
174,493,493,1,integer,0,26,37
175,494,494,),operator,0,26,38
176,495,495,),operator,0,26,39
177,497,500,flag,identifier,0,26,41
178,502,502,=,operator,0,26,46
179,504,504,0,integer,0,26,48
180,505,505,;,operator,0,26,49
181,512,514,int,keyword,0,28,2
182,516,516,L,identifier,0,28,6
183,518,518,=,operator,0,28,8
184,520,520,-,operator,0,28,10
185,521,523,INF,identifier,0,28,11
186,524,524,",",operator,0,28,14
187,526,526,R,identifier,0,28,16
188,528,528,=,operator,0,28,18
189,530,532,INF,identifier,0,28,20
190,533,533,;,operator,0,28,23
191,538,540,for,keyword,0,30,2
192,542,542,(,operator,0,30,6
193,543,545,int,keyword,0,30,7
194,547,547,i,identifier,0,30,11
195,549,549,=,operator,0,30,13
196,551,554,head,identifier,0,30,15
197,555,555,[,operator,0,30,19
198,556,556,u,identifier,0,30,20
199,557,557,],operator,0,30,21
200,558,558,;,operator,0,30,22
201,560,560,i,identifier,0,30,24
202,561,561,;,operator,0,30,25
203,563,563,i,identifier,0,30,27
204,565,565,=,operator,0,30,29
205,567,567,e,identifier,0,30,31
206,568,568,[,operator,0,30,32
207,569,569,i,identifier,0,30,33
208,570,570,],operator,0,30,34
209,571,571,.,operator,0,30,35
210,572,574,nxt,identifier,0,30,36
211,575,575,),operator,0,30,39
212,582,583,if,keyword,0,31,4
213,585,585,(,operator,0,31,7
214,586,586,e,identifier,0,31,8
215,587,587,[,operator,0,31,9
216,588,588,i,identifier,0,31,10
217,589,589,],operator,0,31,11
218,590,590,.,operator,0,31,12
219,591,592,to,identifier,0,31,13
220,594,595,"!=",operator,0,31,16
221,597,597,v,identifier,0,31,19
222,598,598,),operator,0,31,20
223,600,600,{,operator,0,31,22
224,608,610,dfs,identifier,0,32,6
225,611,611,(,operator,0,32,9
226,612,612,e,identifier,0,32,10
227,613,613,[,operator,0,32,11
228,614,614,i,identifier,0,32,12
229,615,615,],operator,0,32,13
230,616,616,.,operator,0,32,14
231,617,618,to,identifier,0,32,15
232,619,619,",",operator,0,32,17
233,621,621,u,identifier,0,32,19
234,622,622,",",operator,0,32,20
235,624,624,d,identifier,0,32,22
236,626,626,^,operator,0,32,24
237,628,628,1,integer,0,32,26
238,629,629,),operator,0,32,27
239,630,630,;,operator,0,32,28
240,638,638,L,identifier,0,33,6
241,640,640,=,operator,0,33,8
242,642,644,max,identifier,0,33,10
243,645,645,(,operator,0,33,13
244,646,646,L,identifier,0,33,14
245,647,647,",",operator,0,33,15
246,649,652,intv,identifier,0,33,17
247,653,653,[,operator,0,33,21
248,654,654,e,identifier,0,33,22
249,655,655,[,operator,0,33,23
250,656,656,i,identifier,0,33,24
251,657,657,],operator,0,33,25
252,658,658,.,operator,0,33,26
253,659,660,to,identifier,0,33,27
254,661,661,],operator,0,33,29
255,662,662,.,operator,0,33,30
256,663,667,first,identifier,0,33,31
257,669,669,-,operator,0,33,37
258,671,671,1,integer,0,33,39
259,672,672,),operator,0,33,40
260,673,673,;,operator,0,33,41
261,681,681,R,identifier,0,34,6
262,683,683,=,operator,0,34,8
263,685,687,min,identifier,0,34,10
264,688,688,(,operator,0,34,13
265,689,689,R,identifier,0,34,14
266,690,690,",",operator,0,34,15
267,692,695,intv,identifier,0,34,17
268,696,696,[,operator,0,34,21
269,697,697,e,identifier,0,34,22
270,698,698,[,operator,0,34,23
271,699,699,i,identifier,0,34,24
272,700,700,],operator,0,34,25
273,701,701,.,operator,0,34,26
274,702,703,to,identifier,0,34,27
275,704,704,],operator,0,34,29
276,705,705,.,operator,0,34,30
277,706,711,second,identifier,0,34,31
278,713,713,+,operator,0,34,38
279,715,715,1,integer,0,34,40
280,716,716,),operator,0,34,41
281,717,717,;,operator,0,34,42
282,723,723,},operator,0,35,4
283,727,728,if,keyword,0,36,2
284,730,730,(,operator,0,36,5
285,731,731,L,identifier,0,36,6
286,733,733,>,operator,0,36,8
287,735,735,R,identifier,0,36,10
288,736,736,),operator,0,36,11
289,738,741,flag,identifier,0,36,13
290,743,743,=,operator,0,36,18
291,745,745,0,integer,0,36,20
292,746,746,;,operator,0,36,21
293,750,751,if,keyword,0,37,2
294,753,753,(,operator,0,37,5
295,754,754,P,identifier,0,37,6
296,755,755,[,operator,0,37,7
297,756,756,u,identifier,0,37,8
298,757,757,],operator,0,37,9
299,759,760,"!=",operator,0,37,11
300,762,764,INF,identifier,0,37,14
301,765,765,),operator,0,37,17
302,767,767,{,operator,0,37,19
303,773,774,if,keyword,0,38,4
304,776,776,(,operator,0,38,7
305,777,777,L,identifier,0,38,8
306,779,779,>,operator,0,38,10
307,781,781,P,identifier,0,38,12
308,782,782,[,operator,0,38,13
309,783,783,u,identifier,0,38,14
310,784,784,],operator,0,38,15
311,786,787,||,operator,0,38,17
312,789,789,R,identifier,0,38,20
313,791,791,<,operator,0,38,22
314,793,793,P,identifier,0,38,24
315,794,794,[,operator,0,38,25
316,795,795,u,identifier,0,38,26
317,796,796,],operator,0,38,27
318,797,797,),operator,0,38,28
319,799,802,flag,identifier,0,38,30
320,804,804,=,operator,0,38,35
321,806,806,0,integer,0,38,37
322,807,807,;,operator,0,38,38
323,813,816,intv,identifier,0,39,4
324,817,817,[,operator,0,39,8
325,818,818,u,identifier,0,39,9
326,819,819,],operator,0,39,10
327,821,821,=,operator,0,39,12
328,823,831,make_pair,identifier,0,39,14
329,832,832,(,operator,0,39,23
330,833,833,P,identifier,0,39,24
331,834,834,[,operator,0,39,25
332,835,835,u,identifier,0,39,26
333,836,836,],operator,0,39,27
334,837,837,",",operator,0,39,28
335,839,839,P,identifier,0,39,30
336,840,840,[,operator,0,39,31
337,841,841,u,identifier,0,39,32
338,842,842,],operator,0,39,33
339,843,843,),operator,0,39,34
340,844,844,;,operator,0,39,35
341,848,848,},operator,0,40,2
342,850,853,else,keyword,0,40,4
343,855,855,{,operator,0,40,9
344,861,864,intv,identifier,0,41,4
345,865,865,[,operator,0,41,8
346,866,866,u,identifier,0,41,9
347,867,867,],operator,0,41,10
348,869,869,=,operator,0,41,12
349,871,879,make_pair,identifier,0,41,14
350,880,880,(,operator,0,41,23
351,881,881,L,identifier,0,41,24
352,882,882,",",operator,0,41,25
353,884,884,R,identifier,0,41,27
354,885,885,),operator,0,41,28
355,886,886,;,operator,0,41,29
356,890,890,},operator,0,42,2
357,892,892,},operator,0,43,0
358,895,898,void,keyword,0,45,0
359,900,903,dfs2,identifier,0,45,5
360,904,904,(,operator,0,45,9
361,905,907,int,keyword,0,45,10
362,909,909,u,identifier,0,45,14
363,910,910,",",operator,0,45,15
364,912,914,int,keyword,0,45,17
365,916,916,v,identifier,0,45,21
366,917,917,),operator,0,45,22
367,919,919,{,operator,0,45,24
368,923,925,for,keyword,0,46,2
369,927,927,(,operator,0,46,6
370,928,930,int,keyword,0,46,7
371,932,932,i,identifier,0,46,11
372,934,934,=,operator,0,46,13
373,936,939,head,identifier,0,46,15
374,940,940,[,operator,0,46,19
375,941,941,u,identifier,0,46,20
376,942,942,],operator,0,46,21
377,943,943,;,operator,0,46,22
378,945,945,i,identifier,0,46,24
379,946,946,;,operator,0,46,25
380,948,948,i,identifier,0,46,27
381,950,950,=,operator,0,46,29
382,952,952,e,identifier,0,46,31
383,953,953,[,operator,0,46,32
384,954,954,i,identifier,0,46,33
385,955,955,],operator,0,46,34
386,956,956,.,operator,0,46,35
387,957,959,nxt,identifier,0,46,36
388,960,960,),operator,0,46,39
389,966,967,if,keyword,0,47,4
390,969,969,(,operator,0,47,7
391,970,970,e,identifier,0,47,8
392,971,971,[,operator,0,47,9
393,972,972,i,identifier,0,47,10
394,973,973,],operator,0,47,11
395,974,974,.,operator,0,47,12
396,975,976,to,identifier,0,47,13
397,978,979,"!=",operator,0,47,16
398,981,981,v,identifier,0,47,19
399,982,982,),operator,0,47,20
400,984,984,{,operator,0,47,22
401,992,993,if,keyword,0,48,6
402,995,995,(,operator,0,48,9
403,996,996,P,identifier,0,48,10
404,997,997,[,operator,0,48,11
405,998,998,e,identifier,0,48,12
406,999,999,[,operator,0,48,13
407,1000,1000,i,identifier,0,48,14
408,1001,1001,],operator,0,48,15
409,1002,1002,.,operator,0,48,16
410,1003,1004,to,identifier,0,48,17
411,1005,1005,],operator,0,48,19
412,1007,1008,"!=",operator,0,48,21
413,1010,1012,INF,identifier,0,48,24
414,1013,1013,),operator,0,48,27
415,1015,1015,{,operator,0,48,29
416,1018,1021,dfs2,identifier,0,49,1
417,1022,1022,(,operator,0,49,5
418,1023,1023,e,identifier,0,49,6
419,1024,1024,[,operator,0,49,7
420,1025,1025,i,identifier,0,49,8
421,1026,1026,],operator,0,49,9
422,1027,1027,.,operator,0,49,10
423,1028,1029,to,identifier,0,49,11
424,1030,1030,",",operator,0,49,13
425,1032,1032,u,identifier,0,49,15
426,1033,1033,),operator,0,49,16
427,1034,1034,;,operator,0,49,17
428,1042,1042,},operator,0,50,6
429,1044,1047,else,keyword,0,50,8
430,1049,1049,{,operator,0,50,13
431,1052,1053,if,keyword,0,51,1
432,1055,1055,(,operator,0,51,4
433,1056,1056,P,identifier,0,51,5
434,1057,1057,[,operator,0,51,6
435,1058,1058,u,identifier,0,51,7
436,1059,1059,],operator,0,51,8
437,1061,1061,-,operator,0,51,10
438,1063,1063,1,integer,0,51,12
439,1065,1066,>=,operator,0,51,14
440,1068,1071,intv,identifier,0,51,17
441,1072,1072,[,operator,0,51,21
442,1073,1073,e,identifier,0,51,22
443,1074,1074,[,operator,0,51,23
444,1075,1075,i,identifier,0,51,24
445,1076,1076,],operator,0,51,25
446,1077,1077,.,operator,0,51,26
447,1078,1079,to,identifier,0,51,27
448,1080,1080,],operator,0,51,29
449,1081,1081,.,operator,0,51,30
450,1082,1086,first,identifier,0,51,31
451,1088,1089,&&,operator,0,51,37
452,1091,1091,P,identifier,0,51,40
453,1092,1092,[,operator,0,51,41
454,1093,1093,u,identifier,0,51,42
455,1094,1094,],operator,0,51,43
456,1096,1096,-,operator,0,51,45
457,1098,1098,1,integer,0,51,47
458,1100,1101,<=,operator,0,51,49
459,1103,1106,intv,identifier,0,51,52
460,1107,1107,[,operator,0,51,56
461,1108,1108,e,identifier,0,51,57
462,1109,1109,[,operator,0,51,58
463,1110,1110,i,identifier,0,51,59
464,1111,1111,],operator,0,51,60
465,1112,1112,.,operator,0,51,61
466,1113,1114,to,identifier,0,51,62
467,1115,1115,],operator,0,51,64
468,1116,1116,.,operator,0,51,65
469,1117,1122,second,identifier,0,51,66
470,1123,1123,),operator,0,51,72
471,1128,1128,P,identifier,0,52,3
472,1129,1129,[,operator,0,52,4
473,1130,1130,e,identifier,0,52,5
474,1131,1131,[,operator,0,52,6
475,1132,1132,i,identifier,0,52,7
476,1133,1133,],operator,0,52,8
477,1134,1134,.,operator,0,52,9
478,1135,1136,to,identifier,0,52,10
479,1137,1137,],operator,0,52,12
480,1139,1139,=,operator,0,52,14
481,1141,1141,P,identifier,0,52,16
482,1142,1142,[,operator,0,52,17
483,1143,1143,u,identifier,0,52,18
484,1144,1144,],operator,0,52,19
485,1146,1146,-,operator,0,52,21
486,1148,1148,1,integer,0,52,23
487,1149,1149,",",operator,0,52,24
488,1151,1154,dfs2,identifier,0,52,26
489,1155,1155,(,operator,0,52,30
490,1156,1156,e,identifier,0,52,31
491,1157,1157,[,operator,0,52,32
492,1158,1158,i,identifier,0,52,33
493,1159,1159,],operator,0,52,34
494,1160,1160,.,operator,0,52,35
495,1161,1162,to,identifier,0,52,36
496,1163,1163,",",operator,0,52,38
497,1165,1165,u,identifier,0,52,40
498,1166,1166,),operator,0,52,41
499,1167,1167,;,operator,0,52,42
500,1170,1173,else,keyword,0,53,1
501,1178,1178,P,identifier,0,54,3
502,1179,1179,[,operator,0,54,4
503,1180,1180,e,identifier,0,54,5
504,1181,1181,[,operator,0,54,6
505,1182,1182,i,identifier,0,54,7
506,1183,1183,],operator,0,54,8
507,1184,1184,.,operator,0,54,9
508,1185,1186,to,identifier,0,54,10
509,1187,1187,],operator,0,54,12
510,1189,1189,=,operator,0,54,14
511,1191,1191,P,identifier,0,54,16
512,1192,1192,[,operator,0,54,17
513,1193,1193,u,identifier,0,54,18
514,1194,1194,],operator,0,54,19
515,1196,1196,+,operator,0,54,21
516,1198,1198,1,integer,0,54,23
517,1199,1199,",",operator,0,54,24
518,1201,1204,dfs2,identifier,0,54,26
519,1205,1205,(,operator,0,54,30
520,1206,1206,e,identifier,0,54,31
521,1207,1207,[,operator,0,54,32
522,1208,1208,i,identifier,0,54,33
523,1209,1209,],operator,0,54,34
524,1210,1210,.,operator,0,54,35
525,1211,1212,to,identifier,0,54,36
526,1213,1213,",",operator,0,54,38
527,1215,1215,u,identifier,0,54,40
528,1216,1216,),operator,0,54,41
529,1217,1217,;,operator,0,54,42
530,1225,1225,},operator,0,55,6
531,1231,1231,},operator,0,56,4
532,1233,1233,},operator,0,57,0
533,1236,1238,int,keyword,0,59,0
534,1240,1243,main,identifier,0,59,4
535,1244,1244,(,operator,0,59,8
536,1245,1245,),operator,0,59,9
537,1247,1247,{,operator,0,59,11
538,1251,1253,int,keyword,0,60,2
539,1255,1255,N,identifier,0,60,6
540,1256,1256,",",operator,0,60,7
541,1258,1258,K,identifier,0,60,9
542,1259,1259,;,operator,0,60,10
543,1266,1270,scanf,identifier,0,62,2
544,1271,1271,(,operator,0,62,7
545,1272,1275,"""%d""",string,0,62,8
546,1276,1276,",",operator,0,62,12
547,1278,1278,&,operator,0,62,14
548,1279,1279,N,identifier,0,62,15
549,1280,1280,),operator,0,62,16
550,1281,1281,;,operator,0,62,17
551,1286,1288,for,keyword,0,64,2
552,1290,1290,(,operator,0,64,6
553,1291,1293,int,keyword,0,64,7
554,1295,1295,i,identifier,0,64,11
555,1297,1297,=,operator,0,64,13
556,1299,1299,1,integer,0,64,15
557,1300,1300,",",operator,0,64,16
558,1302,1302,u,identifier,0,64,18
559,1303,1303,",",operator,0,64,19
560,1305,1305,v,identifier,0,64,21
561,1306,1306,;,operator,0,64,22
562,1308,1308,i,identifier,0,64,24
563,1310,1310,<,operator,0,64,26
564,1312,1312,N,identifier,0,64,28
565,1313,1313,;,operator,0,64,29
566,1315,1316,++,operator,0,64,31
567,1317,1317,i,identifier,0,64,33
568,1318,1318,),operator,0,64,34
569,1320,1320,{,operator,0,64,36
570,1326,1330,scanf,identifier,0,65,4
571,1331,1331,(,operator,0,65,9
572,1332,1337,"""%d%d""",string,0,65,10
573,1338,1338,",",operator,0,65,16
574,1340,1340,&,operator,0,65,18
575,1341,1341,u,identifier,0,65,19
576,1342,1342,",",operator,0,65,20
577,1344,1344,&,operator,0,65,22
578,1345,1345,v,identifier,0,65,23
579,1346,1346,),operator,0,65,24
580,1347,1347,;,operator,0,65,25
581,1353,1359,addedge,identifier,0,66,4
582,1360,1360,(,operator,0,66,11
583,1361,1361,u,identifier,0,66,12
584,1362,1362,",",operator,0,66,13
585,1364,1364,v,identifier,0,66,15
586,1365,1365,),operator,0,66,16
587,1366,1366,;,operator,0,66,17
588,1370,1370,},operator,0,67,2
589,1375,1379,scanf,identifier,0,69,2
590,1380,1380,(,operator,0,69,7
591,1381,1384,"""%d""",string,0,69,8
592,1385,1385,",",operator,0,69,12
593,1387,1387,&,operator,0,69,14
594,1388,1388,K,identifier,0,69,15
595,1389,1389,),operator,0,69,16
596,1390,1390,;,operator,0,69,17
597,1397,1402,memset,identifier,0,71,2
598,1403,1403,(,operator,0,71,8
599,1404,1404,P,identifier,0,71,9
600,1405,1405,",",operator,0,71,10
601,1407,1410,0x3f,integer,0,71,12
602,1411,1411,",",operator,0,71,16
603,1413,1418,sizeof,keyword,0,71,18
604,1420,1420,P,identifier,0,71,25
605,1421,1421,),operator,0,71,26
606,1422,1422,;,operator,0,71,27
607,1426,1428,for,keyword,0,72,2
608,1430,1430,(,operator,0,72,6
609,1431,1433,int,keyword,0,72,7
610,1435,1435,i,identifier,0,72,11
611,1437,1437,=,operator,0,72,13
612,1439,1439,1,integer,0,72,15
613,1440,1440,",",operator,0,72,16
614,1442,1442,v,identifier,0,72,18
615,1443,1443,",",operator,0,72,19
616,1445,1445,p,identifier,0,72,21
617,1446,1446,;,operator,0,72,22
618,1448,1448,i,identifier,0,72,24
619,1450,1451,<=,operator,0,72,26
620,1453,1453,K,identifier,0,72,29
621,1454,1454,;,operator,0,72,30
622,1456,1457,++,operator,0,72,32
623,1458,1458,i,identifier,0,72,34
624,1459,1459,),operator,0,72,35
625,1461,1461,{,operator,0,72,37
626,1467,1471,scanf,identifier,0,73,4
627,1472,1472,(,operator,0,73,9
628,1473,1478,"""%d%d""",string,0,73,10
629,1479,1479,",",operator,0,73,16
630,1481,1481,&,operator,0,73,18
631,1482,1482,v,identifier,0,73,19
632,1483,1483,",",operator,0,73,20
633,1485,1485,&,operator,0,73,22
634,1486,1486,p,identifier,0,73,23
635,1487,1487,),operator,0,73,24
636,1488,1488,;,operator,0,73,25
637,1494,1494,P,identifier,0,74,4
638,1495,1495,[,operator,0,74,5
639,1496,1496,v,identifier,0,74,6
640,1497,1497,],operator,0,74,7
641,1499,1499,=,operator,0,74,9
642,1501,1501,p,identifier,0,74,11
643,1502,1502,",",operator,0,74,12
644,1504,1505,rt,identifier,0,74,14
645,1507,1507,=,operator,0,74,17
646,1509,1509,v,identifier,0,74,19
647,1510,1510,;,operator,0,74,20
648,1514,1514,},operator,0,75,2
649,1521,1524,flag,identifier,0,77,2
650,1526,1526,=,operator,0,77,7
651,1528,1528,1,integer,0,77,9
652,1529,1529,;,operator,0,77,10
653,1533,1535,dfs,identifier,0,78,2
654,1536,1536,(,operator,0,78,5
655,1537,1538,rt,identifier,0,78,6
656,1539,1539,",",operator,0,78,8
657,1541,1541,0,integer,0,78,10
658,1542,1542,",",operator,0,78,11
659,1544,1544,0,integer,0,78,13
660,1545,1545,),operator,0,78,14
661,1546,1546,;,operator,0,78,15
662,1551,1552,if,keyword,0,80,2
663,1554,1554,(,operator,0,80,5
664,1555,1555,"!",operator,0,80,6
665,1556,1559,flag,identifier,0,80,7
666,1560,1560,),operator,0,80,11
667,1562,1562,{,operator,0,80,13
668,1568,1571,puts,identifier,0,81,4
669,1572,1572,(,operator,0,81,8
670,1573,1576,"""No""",string,0,81,9
671,1577,1577,),operator,0,81,13
672,1578,1578,;,operator,0,81,14
673,1584,1589,return,keyword,0,82,4
674,1591,1591,0,integer,0,82,11
675,1592,1592,;,operator,0,82,12
676,1596,1596,},operator,0,83,2
677,1601,1604,puts,identifier,0,85,2
678,1605,1605,(,operator,0,85,6
679,1606,1610,"""Yes""",string,0,85,7
680,1611,1611,),operator,0,85,12
681,1612,1612,;,operator,0,85,13
682,1617,1620,dfs2,identifier,0,87,2
683,1621,1621,(,operator,0,87,6
684,1622,1623,rt,identifier,0,87,7
685,1624,1624,",",operator,0,87,9
686,1626,1626,0,integer,0,87,11
687,1627,1627,),operator,0,87,12
688,1628,1628,;,operator,0,87,13
689,1633,1635,for,keyword,0,89,2
690,1637,1637,(,operator,0,89,6
691,1638,1640,int,keyword,0,89,7
692,1642,1642,i,identifier,0,89,11
693,1644,1644,=,operator,0,89,13
694,1646,1646,1,integer,0,89,15
695,1647,1647,;,operator,0,89,16
696,1649,1649,i,identifier,0,89,18
697,1651,1652,<=,operator,0,89,20
698,1654,1654,N,identifier,0,89,23
699,1655,1655,;,operator,0,89,24
700,1657,1658,++,operator,0,89,26
701,1659,1659,i,identifier,0,89,28
702,1660,1660,),operator,0,89,29
703,1666,1671,printf,identifier,0,90,4
704,1672,1672,(,operator,0,90,10
705,1673,1678,"""%d\n""",string,0,90,11
706,1679,1679,",",operator,0,90,17
707,1681,1681,P,identifier,0,90,19
708,1682,1682,[,operator,0,90,20
709,1683,1683,i,identifier,0,90,21
710,1684,1684,],operator,0,90,22
711,1685,1685,),operator,0,90,23
712,1686,1686,;,operator,0,90,24
713,1693,1698,return,keyword,0,92,2
714,1700,1700,0,integer,0,92,9
715,1701,1701,;,operator,0,92,10
716,1703,1703,},operator,0,93,0
717,1704,1703,<EOF>,eof,0,93,1
