seqnr,start,stop,text,class,channel,line,column
0,0,23,"#include <bits/stdc++.h>",directive,1,1,0
1,26,46,"#define MAXN (100010)",directive,1,3,0
2,49,51,int,keyword,0,5,0
3,53,53,n,identifier,0,5,4
4,54,54,",",operator,0,5,5
5,56,56,k,identifier,0,5,7
6,57,57,;,operator,0,5,8
7,59,61,int,keyword,0,6,0
8,63,63,l,identifier,0,6,4
9,64,64,[,operator,0,6,5
10,65,68,MAXN,identifier,0,6,6
11,69,69,],operator,0,6,10
12,70,70,",",operator,0,6,11
13,72,72,r,identifier,0,6,13
14,73,73,[,operator,0,6,14
15,74,77,MAXN,identifier,0,6,15
16,78,78,],operator,0,6,19
17,79,79,;,operator,0,6,20
18,81,84,bool,keyword,0,7,0
19,86,88,has,identifier,0,7,5
20,89,89,[,operator,0,7,8
21,90,93,MAXN,identifier,0,7,9
22,94,94,],operator,0,7,13
23,95,95,;,operator,0,7,14
24,97,99,std,identifier,0,8,0
25,100,101,::,operator,0,8,3
26,102,107,vector,identifier,0,8,5
27,108,108,<,operator,0,8,11
28,109,111,int,keyword,0,8,12
29,112,112,>,operator,0,8,15
30,114,116,mat,identifier,0,8,17
31,117,117,[,operator,0,8,20
32,118,121,MAXN,identifier,0,8,21
33,122,122,],operator,0,8,25
34,123,123,;,operator,0,8,26
35,126,129,bool,keyword,0,10,0
36,131,139,union_seg,identifier,0,10,5
37,140,140,(,operator,0,10,14
38,141,143,int,keyword,0,10,15
39,145,145,&,operator,0,10,19
40,146,147,lu,identifier,0,10,20
41,148,148,",",operator,0,10,22
42,150,152,int,keyword,0,10,24
43,154,154,&,operator,0,10,28
44,155,156,ru,identifier,0,10,29
45,157,157,",",operator,0,10,31
46,159,161,int,keyword,0,10,33
47,163,164,lv,identifier,0,10,37
48,165,165,",",operator,0,10,39
49,167,169,int,keyword,0,10,41
50,171,172,rv,identifier,0,10,45
51,173,173,",",operator,0,10,47
52,175,177,int,keyword,0,10,49
53,179,181,odd,identifier,0,10,53
54,182,182,",",operator,0,10,56
55,184,187,bool,keyword,0,10,58
56,189,189,&,operator,0,10,63
57,190,193,mark,identifier,0,10,64
58,194,194,),operator,0,10,68
59,195,195,{,operator,0,10,69
60,198,199,if,keyword,0,11,1
61,200,200,(,operator,0,11,3
62,201,201,"!",operator,0,11,4
63,202,205,mark,identifier,0,11,5
64,206,206,),operator,0,11,9
65,207,207,{,operator,0,11,10
66,211,212,lu,identifier,0,12,2
67,214,214,=,operator,0,12,5
68,216,217,lv,identifier,0,12,7
69,218,218,;,operator,0,12,9
70,222,223,ru,identifier,0,13,2
71,225,225,=,operator,0,13,5
72,227,228,rv,identifier,0,13,7
73,229,229,;,operator,0,13,9
74,233,236,mark,identifier,0,14,2
75,238,238,=,operator,0,14,7
76,240,243,true,keyword,0,14,9
77,244,244,;,operator,0,14,13
78,247,247,},operator,0,15,1
79,250,253,else,keyword,0,16,1
80,254,254,{,operator,0,16,5
81,258,259,lu,identifier,0,17,2
82,261,261,=,operator,0,17,5
83,263,265,std,identifier,0,17,7
84,266,267,::,operator,0,17,10
85,268,270,max,identifier,0,17,12
86,271,271,(,operator,0,17,15
87,272,273,lu,identifier,0,17,16
88,274,274,",",operator,0,17,18
89,276,277,lv,identifier,0,17,20
90,278,278,),operator,0,17,22
91,279,279,;,operator,0,17,23
92,283,284,ru,identifier,0,18,2
93,286,286,=,operator,0,18,5
94,288,290,std,identifier,0,18,7
95,291,292,::,operator,0,18,10
96,293,295,min,identifier,0,18,12
97,296,296,(,operator,0,18,15
98,297,298,ru,identifier,0,18,16
99,299,299,",",operator,0,18,18
100,301,302,rv,identifier,0,18,20
101,303,303,),operator,0,18,22
102,304,304,;,operator,0,18,23
103,307,307,},operator,0,19,1
104,310,311,if,keyword,0,20,1
105,312,312,(,operator,0,20,3
106,313,314,lu,identifier,0,20,4
107,316,316,>,operator,0,20,7
108,318,319,ru,identifier,0,20,9
109,321,322,||,operator,0,20,12
110,324,325,lu,identifier,0,20,15
111,327,328,==,operator,0,20,18
112,330,331,ru,identifier,0,20,21
113,333,334,&&,operator,0,20,24
114,336,336,(,operator,0,20,27
115,337,338,lu,identifier,0,20,28
116,340,340,&,operator,0,20,31
117,342,342,1,integer,0,20,33
118,343,343,),operator,0,20,34
119,345,346,"!=",operator,0,20,36
120,348,350,odd,identifier,0,20,39
121,351,351,),operator,0,20,42
122,353,358,return,keyword,0,20,44
123,360,364,false,keyword,0,20,51
124,365,365,;,operator,0,20,56
125,368,373,return,keyword,0,21,1
126,375,378,true,keyword,0,21,8
127,379,379,;,operator,0,21,12
128,381,381,},operator,0,22,0
129,384,387,bool,keyword,0,24,0
130,389,392,dfs1,identifier,0,24,5
131,393,393,(,operator,0,24,9
132,394,396,int,keyword,0,24,10
133,398,398,u,identifier,0,24,14
134,399,399,",",operator,0,24,15
135,401,403,int,keyword,0,24,17
136,405,406,fa,identifier,0,24,21
137,407,407,",",operator,0,24,23
138,409,411,int,keyword,0,24,25
139,413,415,odd,identifier,0,24,29
140,416,416,),operator,0,24,32
141,417,417,{,operator,0,24,33
142,420,421,if,keyword,0,25,1
143,422,422,(,operator,0,25,3
144,423,425,has,identifier,0,25,4
145,426,426,[,operator,0,25,7
146,427,427,u,identifier,0,25,8
147,428,428,],operator,0,25,9
148,430,431,&&,operator,0,25,11
149,433,433,(,operator,0,25,14
150,434,434,l,identifier,0,25,15
151,435,435,[,operator,0,25,16
152,436,436,u,identifier,0,25,17
153,437,437,],operator,0,25,18
154,439,439,&,operator,0,25,20
155,441,441,1,integer,0,25,22
156,442,442,),operator,0,25,23
157,444,445,"!=",operator,0,25,25
158,447,449,odd,identifier,0,25,28
159,450,450,),operator,0,25,31
160,451,451,{,operator,0,25,32
161,455,460,return,keyword,0,26,2
162,462,466,false,keyword,0,26,9
163,467,467,;,operator,0,26,14
164,470,470,},operator,0,27,1
165,473,475,for,keyword,0,28,1
166,476,476,(,operator,0,28,4
167,477,480,auto,keyword,0,28,5
168,482,482,v,identifier,0,28,10
169,484,484,:,operator,0,28,12
170,486,488,mat,identifier,0,28,14
171,489,489,[,operator,0,28,17
172,490,490,u,identifier,0,28,18
173,491,491,],operator,0,28,19
174,492,492,),operator,0,28,20
175,493,493,{,operator,0,28,21
176,497,498,if,keyword,0,29,2
177,499,499,(,operator,0,29,4
178,500,500,v,identifier,0,29,5
179,502,503,==,operator,0,29,7
180,505,506,fa,identifier,0,29,10
181,507,507,),operator,0,29,12
182,509,516,continue,keyword,0,29,14
183,517,517,;,operator,0,29,22
184,521,522,if,keyword,0,30,2
185,523,523,(,operator,0,30,4
186,524,524,"!",operator,0,30,5
187,525,528,dfs1,identifier,0,30,6
188,529,529,(,operator,0,30,10
189,530,530,v,identifier,0,30,11
190,531,531,",",operator,0,30,12
191,533,533,u,identifier,0,30,14
192,534,534,",",operator,0,30,15
193,536,536,"!",operator,0,30,17
194,537,539,odd,identifier,0,30,18
195,540,540,),operator,0,30,21
196,541,541,),operator,0,30,22
197,542,542,{,operator,0,30,23
198,547,552,return,keyword,0,31,3
199,554,558,false,keyword,0,31,10
200,559,559,;,operator,0,31,15
201,563,563,},operator,0,32,2
202,567,568,if,keyword,0,33,2
203,569,569,(,operator,0,33,4
204,570,570,"!",operator,0,33,5
205,571,579,union_seg,identifier,0,33,6
206,580,580,(,operator,0,33,15
207,581,581,l,identifier,0,33,16
208,582,582,[,operator,0,33,17
209,583,583,u,identifier,0,33,18
210,584,584,],operator,0,33,19
211,585,585,",",operator,0,33,20
212,587,587,r,identifier,0,33,22
213,588,588,[,operator,0,33,23
214,589,589,u,identifier,0,33,24
215,590,590,],operator,0,33,25
216,591,591,",",operator,0,33,26
217,593,593,l,identifier,0,33,28
218,594,594,[,operator,0,33,29
219,595,595,v,identifier,0,33,30
220,596,596,],operator,0,33,31
221,598,598,-,operator,0,33,33
222,600,600,1,integer,0,33,35
223,601,601,",",operator,0,33,36
224,603,603,r,identifier,0,33,38
225,604,604,[,operator,0,33,39
226,605,605,v,identifier,0,33,40
227,606,606,],operator,0,33,41
228,608,608,+,operator,0,33,43
229,610,610,1,integer,0,33,45
230,611,611,",",operator,0,33,46
231,613,615,odd,identifier,0,33,48
232,616,616,",",operator,0,33,51
233,618,620,has,identifier,0,33,53
234,621,621,[,operator,0,33,56
235,622,622,u,identifier,0,33,57
236,623,623,],operator,0,33,58
237,624,624,),operator,0,33,59
238,625,625,),operator,0,33,60
239,626,626,{,operator,0,33,61
240,631,636,return,keyword,0,34,3
241,638,642,false,keyword,0,34,10
242,643,643,;,operator,0,34,15
243,647,647,},operator,0,35,2
244,650,650,},operator,0,36,1
245,653,654,if,keyword,0,37,1
246,655,655,(,operator,0,37,3
247,656,656,"!",operator,0,37,4
248,657,659,has,identifier,0,37,5
249,660,660,[,operator,0,37,8
250,661,661,u,identifier,0,37,9
251,662,662,],operator,0,37,10
252,663,663,),operator,0,37,11
253,664,664,{,operator,0,37,12
254,668,668,l,identifier,0,38,2
255,669,669,[,operator,0,38,3
256,670,670,u,identifier,0,38,4
257,671,671,],operator,0,38,5
258,673,673,=,operator,0,38,7
259,675,675,-,operator,0,38,9
260,677,679,1e9,floating,0,38,11
261,680,680,;,operator,0,38,14
262,684,684,r,identifier,0,39,2
263,685,685,[,operator,0,39,3
264,686,686,u,identifier,0,39,4
265,687,687,],operator,0,39,5
266,689,689,=,operator,0,39,7
267,693,695,1e9,floating,0,39,11
268,696,696,;,operator,0,39,14
269,699,699,},operator,0,40,1
270,702,707,return,keyword,0,41,1
271,709,712,true,keyword,0,41,8
272,713,713,;,operator,0,41,12
273,715,715,},operator,0,42,0
274,718,721,bool,keyword,0,44,0
275,723,727,inseg,identifier,0,44,5
276,728,728,(,operator,0,44,10
277,729,731,int,keyword,0,44,11
278,733,733,x,identifier,0,44,15
279,734,734,",",operator,0,44,16
280,736,738,int,keyword,0,44,18
281,740,740,l,identifier,0,44,22
282,741,741,",",operator,0,44,23
283,743,745,int,keyword,0,44,25
284,747,747,r,identifier,0,44,29
285,748,748,),operator,0,44,30
286,749,749,{,operator,0,44,31
287,752,757,return,keyword,0,45,1
288,759,759,l,identifier,0,45,8
289,761,762,<=,operator,0,45,10
290,764,764,x,identifier,0,45,13
291,766,767,&&,operator,0,45,15
292,769,769,x,identifier,0,45,18
293,771,772,<=,operator,0,45,20
294,774,774,r,identifier,0,45,23
295,775,775,;,operator,0,45,24
296,777,777,},operator,0,46,0
297,780,783,void,keyword,0,48,0
298,785,788,dfs2,identifier,0,48,5
299,789,789,(,operator,0,48,9
300,790,792,int,keyword,0,48,10
301,794,794,u,identifier,0,48,14
302,795,795,",",operator,0,48,15
303,797,799,int,keyword,0,48,17
304,801,802,fa,identifier,0,48,21
305,803,803,),operator,0,48,23
306,804,804,{,operator,0,48,24
307,807,809,for,keyword,0,49,1
308,810,810,(,operator,0,49,4
309,811,814,auto,keyword,0,49,5
310,816,816,v,identifier,0,49,10
311,818,818,:,operator,0,49,12
312,820,822,mat,identifier,0,49,14
313,823,823,[,operator,0,49,17
314,824,824,u,identifier,0,49,18
315,825,825,],operator,0,49,19
316,826,826,),operator,0,49,20
317,827,827,{,operator,0,49,21
318,831,832,if,keyword,0,50,2
319,833,833,(,operator,0,50,4
320,834,834,v,identifier,0,50,5
321,836,837,==,operator,0,50,7
322,839,840,fa,identifier,0,50,10
323,841,841,),operator,0,50,12
324,843,850,continue,keyword,0,50,14
325,851,851,;,operator,0,50,22
326,855,856,if,keyword,0,51,2
327,857,857,(,operator,0,51,4
328,858,862,inseg,identifier,0,51,5
329,863,863,(,operator,0,51,10
330,864,864,l,identifier,0,51,11
331,865,865,[,operator,0,51,12
332,866,866,u,identifier,0,51,13
333,867,867,],operator,0,51,14
334,869,869,+,operator,0,51,16
335,871,871,1,integer,0,51,18
336,872,872,",",operator,0,51,19
337,874,874,l,identifier,0,51,21
338,875,875,[,operator,0,51,22
339,876,876,v,identifier,0,51,23
340,877,877,],operator,0,51,24
341,878,878,",",operator,0,51,25
342,880,880,r,identifier,0,51,27
343,881,881,[,operator,0,51,28
344,882,882,v,identifier,0,51,29
345,883,883,],operator,0,51,30
346,884,884,),operator,0,51,31
347,885,885,),operator,0,51,32
348,886,886,{,operator,0,51,33
349,891,891,l,identifier,0,52,3
350,892,892,[,operator,0,52,4
351,893,893,v,identifier,0,52,5
352,894,894,],operator,0,52,6
353,896,896,=,operator,0,52,8
354,898,898,l,identifier,0,52,10
355,899,899,[,operator,0,52,11
356,900,900,u,identifier,0,52,12
357,901,901,],operator,0,52,13
358,903,903,+,operator,0,52,15
359,905,905,1,integer,0,52,17
360,906,906,;,operator,0,52,18
361,911,914,dfs2,identifier,0,53,3
362,915,915,(,operator,0,53,7
363,916,916,v,identifier,0,53,8
364,917,917,",",operator,0,53,9
365,919,919,u,identifier,0,53,11
366,920,920,),operator,0,53,12
367,921,921,;,operator,0,53,13
368,925,925,},operator,0,54,2
369,929,932,else,keyword,0,55,2
370,934,935,if,keyword,0,55,7
371,936,936,(,operator,0,55,9
372,937,941,inseg,identifier,0,55,10
373,942,942,(,operator,0,55,15
374,943,943,l,identifier,0,55,16
375,944,944,[,operator,0,55,17
376,945,945,u,identifier,0,55,18
377,946,946,],operator,0,55,19
378,948,948,-,operator,0,55,21
379,950,950,1,integer,0,55,23
380,951,951,",",operator,0,55,24
381,953,953,l,identifier,0,55,26
382,954,954,[,operator,0,55,27
383,955,955,v,identifier,0,55,28
384,956,956,],operator,0,55,29
385,957,957,",",operator,0,55,30
386,959,959,r,identifier,0,55,32
387,960,960,[,operator,0,55,33
388,961,961,v,identifier,0,55,34
389,962,962,],operator,0,55,35
390,963,963,),operator,0,55,36
391,964,964,),operator,0,55,37
392,965,965,{,operator,0,55,38
393,970,970,l,identifier,0,56,3
394,971,971,[,operator,0,56,4
395,972,972,v,identifier,0,56,5
396,973,973,],operator,0,56,6
397,975,975,=,operator,0,56,8
398,977,977,l,identifier,0,56,10
399,978,978,[,operator,0,56,11
400,979,979,u,identifier,0,56,12
401,980,980,],operator,0,56,13
402,982,982,-,operator,0,56,15
403,984,984,1,integer,0,56,17
404,985,985,;,operator,0,56,18
405,990,993,dfs2,identifier,0,57,3
406,994,994,(,operator,0,57,7
407,995,995,v,identifier,0,57,8
408,996,996,",",operator,0,57,9
409,998,998,u,identifier,0,57,11
410,999,999,),operator,0,57,12
411,1000,1000,;,operator,0,57,13
412,1004,1004,},operator,0,58,2
413,1007,1007,},operator,0,59,1
414,1009,1009,},operator,0,60,0
415,1012,1014,int,keyword,0,62,0
416,1016,1019,main,identifier,0,62,4
417,1020,1020,(,operator,0,62,8
418,1021,1021,),operator,0,62,9
419,1022,1022,{,operator,0,62,10
420,1025,1029,scanf,identifier,0,63,1
421,1030,1030,(,operator,0,63,6
422,1031,1034,"""%d""",string,0,63,7
423,1035,1035,",",operator,0,63,11
424,1037,1037,&,operator,0,63,13
425,1038,1038,n,identifier,0,63,14
426,1039,1039,),operator,0,63,15
427,1040,1040,;,operator,0,63,16
428,1043,1045,for,keyword,0,64,1
429,1046,1046,(,operator,0,64,4
430,1047,1049,int,keyword,0,64,5
431,1051,1051,i,identifier,0,64,9
432,1053,1053,=,operator,0,64,11
433,1055,1055,1,integer,0,64,13
434,1056,1056,;,operator,0,64,14
435,1058,1058,i,identifier,0,64,16
436,1060,1060,<,operator,0,64,18
437,1062,1062,n,identifier,0,64,20
438,1063,1063,;,operator,0,64,21
439,1065,1066,++,operator,0,64,23
440,1068,1068,i,identifier,0,64,26
441,1069,1069,),operator,0,64,27
442,1070,1070,{,operator,0,64,28
443,1074,1076,int,keyword,0,65,2
444,1078,1078,u,identifier,0,65,6
445,1079,1079,",",operator,0,65,7
446,1081,1081,v,identifier,0,65,9
447,1082,1082,;,operator,0,65,10
448,1086,1090,scanf,identifier,0,66,2
449,1091,1091,(,operator,0,66,7
450,1092,1097,"""%d%d""",string,0,66,8
451,1098,1098,",",operator,0,66,14
452,1100,1100,&,operator,0,66,16
453,1101,1101,u,identifier,0,66,17
454,1102,1102,",",operator,0,66,18
455,1104,1104,&,operator,0,66,20
456,1105,1105,v,identifier,0,66,21
457,1106,1106,),operator,0,66,22
458,1107,1107,;,operator,0,66,23
459,1111,1113,mat,identifier,0,67,2
460,1114,1114,[,operator,0,67,5
461,1115,1115,u,identifier,0,67,6
462,1116,1116,],operator,0,67,7
463,1117,1117,.,operator,0,67,8
464,1118,1126,push_back,identifier,0,67,9
465,1127,1127,(,operator,0,67,18
466,1128,1128,v,identifier,0,67,19
467,1129,1129,),operator,0,67,20
468,1130,1130,;,operator,0,67,21
469,1134,1136,mat,identifier,0,68,2
470,1137,1137,[,operator,0,68,5
471,1138,1138,v,identifier,0,68,6
472,1139,1139,],operator,0,68,7
473,1140,1140,.,operator,0,68,8
474,1141,1149,push_back,identifier,0,68,9
475,1150,1150,(,operator,0,68,18
476,1151,1151,u,identifier,0,68,19
477,1152,1152,),operator,0,68,20
478,1153,1153,;,operator,0,68,21
479,1156,1156,},operator,0,69,1
480,1159,1163,scanf,identifier,0,70,1
481,1164,1164,(,operator,0,70,6
482,1165,1168,"""%d""",string,0,70,7
483,1169,1169,",",operator,0,70,11
484,1171,1171,&,operator,0,70,13
485,1172,1172,k,identifier,0,70,14
486,1173,1173,),operator,0,70,15
487,1174,1174,;,operator,0,70,16
488,1177,1179,for,keyword,0,71,1
489,1180,1180,(,operator,0,71,4
490,1181,1183,int,keyword,0,71,5
491,1185,1185,i,identifier,0,71,9
492,1187,1187,=,operator,0,71,11
493,1189,1189,1,integer,0,71,13
494,1190,1190,;,operator,0,71,14
495,1192,1192,i,identifier,0,71,16
496,1194,1195,<=,operator,0,71,18
497,1197,1197,k,identifier,0,71,21
498,1198,1198,;,operator,0,71,22
499,1200,1201,++,operator,0,71,24
500,1203,1203,i,identifier,0,71,27
501,1204,1204,),operator,0,71,28
502,1205,1205,{,operator,0,71,29
503,1209,1211,int,keyword,0,72,2
504,1213,1213,v,identifier,0,72,6
505,1214,1214,",",operator,0,72,7
506,1216,1216,p,identifier,0,72,9
507,1217,1217,;,operator,0,72,10
508,1221,1225,scanf,identifier,0,73,2
509,1226,1226,(,operator,0,73,7
510,1227,1232,"""%d%d""",string,0,73,8
511,1233,1233,",",operator,0,73,14
512,1235,1235,&,operator,0,73,16
513,1236,1236,v,identifier,0,73,17
514,1237,1237,",",operator,0,73,18
515,1239,1239,&,operator,0,73,20
516,1240,1240,p,identifier,0,73,21
517,1241,1241,),operator,0,73,22
518,1242,1242,;,operator,0,73,23
519,1246,1246,l,identifier,0,74,2
520,1247,1247,[,operator,0,74,3
521,1248,1248,v,identifier,0,74,4
522,1249,1249,],operator,0,74,5
523,1251,1251,=,operator,0,74,7
524,1253,1253,r,identifier,0,74,9
525,1254,1254,[,operator,0,74,10
526,1255,1255,v,identifier,0,74,11
527,1256,1256,],operator,0,74,12
528,1258,1258,=,operator,0,74,14
529,1260,1260,p,identifier,0,74,16
530,1261,1261,;,operator,0,74,17
531,1265,1267,has,identifier,0,75,2
532,1268,1268,[,operator,0,75,5
533,1269,1269,v,identifier,0,75,6
534,1270,1270,],operator,0,75,7
535,1272,1272,=,operator,0,75,9
536,1274,1277,true,keyword,0,75,11
537,1278,1278,;,operator,0,75,15
538,1281,1281,},operator,0,76,1
539,1284,1286,int,keyword,0,77,1
540,1288,1291,root,identifier,0,77,5
541,1292,1292,;,operator,0,77,9
542,1295,1297,for,keyword,0,78,1
543,1298,1298,(,operator,0,78,4
544,1299,1302,root,identifier,0,78,5
545,1304,1304,=,operator,0,78,10
546,1306,1306,1,integer,0,78,12
547,1307,1307,;,operator,0,78,13
548,1309,1309,"!",operator,0,78,15
549,1310,1312,has,identifier,0,78,16
550,1313,1313,[,operator,0,78,19
551,1314,1317,root,identifier,0,78,20
552,1318,1318,],operator,0,78,24
553,1319,1319,;,operator,0,78,25
554,1321,1322,++,operator,0,78,27
555,1324,1327,root,identifier,0,78,30
556,1328,1328,),operator,0,78,34
557,1329,1329,;,operator,0,78,35
558,1332,1333,if,keyword,0,79,1
559,1334,1334,(,operator,0,79,3
560,1335,1335,"!",operator,0,79,4
561,1336,1339,dfs1,identifier,0,79,5
562,1340,1340,(,operator,0,79,9
563,1341,1344,root,identifier,0,79,10
564,1345,1345,",",operator,0,79,14
565,1347,1347,0,integer,0,79,16
566,1348,1348,",",operator,0,79,17
567,1350,1350,l,identifier,0,79,19
568,1351,1351,[,operator,0,79,20
569,1352,1355,root,identifier,0,79,21
570,1356,1356,],operator,0,79,25
571,1358,1358,&,operator,0,79,27
572,1360,1360,1,integer,0,79,29
573,1361,1361,),operator,0,79,30
574,1362,1362,),operator,0,79,31
575,1363,1363,{,operator,0,79,32
576,1367,1372,return,keyword,0,80,2
577,1374,1379,printf,identifier,0,80,9
578,1380,1380,(,operator,0,80,15
579,1381,1386,"""No\n""",string,0,80,16
580,1387,1387,),operator,0,80,22
581,1388,1388,",",operator,0,80,23
582,1390,1390,0,integer,0,80,25
583,1391,1391,;,operator,0,80,26
584,1394,1394,},operator,0,81,1
585,1397,1400,dfs2,identifier,0,82,1
586,1401,1401,(,operator,0,82,5
587,1402,1405,root,identifier,0,82,6
588,1406,1406,",",operator,0,82,10
589,1408,1408,0,integer,0,82,12
590,1409,1409,),operator,0,82,13
591,1410,1410,;,operator,0,82,14
592,1413,1418,printf,identifier,0,83,1
593,1419,1419,(,operator,0,83,7
594,1420,1426,"""Yes\n""",string,0,83,8
595,1427,1427,),operator,0,83,15
596,1428,1428,;,operator,0,83,16
597,1431,1433,for,keyword,0,84,1
598,1434,1434,(,operator,0,84,4
599,1435,1437,int,keyword,0,84,5
600,1439,1439,i,identifier,0,84,9
601,1441,1441,=,operator,0,84,11
602,1443,1443,1,integer,0,84,13
603,1444,1444,;,operator,0,84,14
604,1446,1446,i,identifier,0,84,16
605,1448,1449,<=,operator,0,84,18
606,1451,1451,n,identifier,0,84,21
607,1452,1452,;,operator,0,84,22
608,1454,1455,++,operator,0,84,24
609,1457,1457,i,identifier,0,84,27
610,1458,1458,),operator,0,84,28
611,1459,1459,{,operator,0,84,29
612,1463,1468,printf,identifier,0,85,2
613,1469,1469,(,operator,0,85,8
614,1470,1475,"""%d\n""",string,0,85,9
615,1476,1476,",",operator,0,85,15
616,1478,1478,l,identifier,0,85,17
617,1479,1479,[,operator,0,85,18
618,1480,1480,i,identifier,0,85,19
619,1481,1481,],operator,0,85,20
620,1482,1482,),operator,0,85,21
621,1483,1483,;,operator,0,85,22
622,1486,1486,},operator,0,86,1
623,1489,1494,return,keyword,0,87,1
624,1496,1496,0,integer,0,87,8
625,1497,1497,;,operator,0,87,9
626,1499,1499,},operator,0,88,0
627,1500,1499,<EOF>,eof,0,88,1
