seqnr,start,stop,text,class,channel,line,column
0,0,18,"#include <iostream>",directive,1,1,0
1,20,39,"#include <algorithm>",directive,1,2,0
2,41,56,"#include <cmath>",directive,1,3,0
3,58,74,"#include <cstdio>",directive,1,4,0
4,76,89,"#include <set>",directive,1,5,0
5,91,104,"#include <map>",directive,1,6,0
6,106,129,"#include <unordered_map>",directive,1,7,0
7,131,147,"#include <vector>",directive,1,8,0
8,149,164,"#include <queue>",directive,1,9,0
9,166,182,"#include <string>",directive,1,10,0
10,184,201,"#include <iomanip>",directive,1,11,0
11,203,220,"#include <stdio.h>",directive,1,12,0
12,222,239,"#include <cstring>",directive,1,13,0
13,241,257,"#include <random>",directive,1,14,0
14,259,275,"#include <chrono>",directive,1,15,0
15,277,293,"#include <bitset>",directive,1,16,0
16,295,312,"#include <fstream>",directive,1,17,0
17,314,331,"#include <sstream>",directive,1,18,0
18,334,338,using,keyword,0,20,0
19,340,348,namespace,keyword,0,20,6
20,350,352,std,identifier,0,20,16
21,353,353,;,operator,0,20,19
22,356,362,typedef,keyword,0,22,0
23,364,367,long,keyword,0,22,8
24,369,372,long,keyword,0,22,13
25,374,375,ll,identifier,0,22,18
26,376,376,;,operator,0,22,20
27,378,384,typedef,keyword,0,23,0
28,386,389,long,keyword,0,23,8
29,391,396,double,keyword,0,23,13
30,398,399,ld,identifier,0,23,20
31,400,400,;,operator,0,23,22
32,403,404,ll,identifier,0,25,0
33,406,408,big,identifier,0,25,3
34,410,410,=,operator,0,25,7
35,412,423,1000000007ll,integer,0,25,9
36,424,424,;,operator,0,25,21
37,426,427,ll,identifier,0,26,0
38,429,429,n,identifier,0,26,3
39,430,430,",",operator,0,26,4
40,431,431,m,identifier,0,26,5
41,432,432,",",operator,0,26,6
42,433,433,k,identifier,0,26,7
43,434,434,;,operator,0,26,8
44,437,442,vector,identifier,0,28,0
45,443,443,<,operator,0,28,6
46,444,449,vector,identifier,0,28,7
47,450,450,<,operator,0,28,13
48,451,452,ll,identifier,0,28,14
49,453,453,>,operator,0,28,16
50,455,455,>,operator,0,28,18
51,457,457,C,identifier,0,28,20
52,458,458,(,operator,0,28,21
53,459,464,200000,integer,0,28,22
54,466,466,",",operator,0,28,29
55,468,473,vector,identifier,0,28,31
56,474,474,<,operator,0,28,37
57,475,476,ll,identifier,0,28,38
58,477,477,>,operator,0,28,40
59,478,478,(,operator,0,28,41
60,479,479,),operator,0,28,42
61,480,480,),operator,0,28,43
62,481,481,;,operator,0,28,44
63,483,484,ll,identifier,0,29,0
64,486,488,deg,identifier,0,29,3
65,489,489,[,operator,0,29,6
66,490,495,200000,integer,0,29,7
67,496,496,],operator,0,29,13
68,498,498,=,operator,0,29,15
69,500,500,{,operator,0,29,17
70,501,501,0,integer,0,29,18
71,502,502,},operator,0,29,19
72,503,503,;,operator,0,29,20
73,505,508,bool,keyword,0,30,0
74,510,513,mark,identifier,0,30,5
75,514,514,[,operator,0,30,9
76,515,520,200000,integer,0,30,10
77,521,521,],operator,0,30,16
78,523,523,=,operator,0,30,18
79,525,525,{,operator,0,30,20
80,526,526,0,integer,0,30,21
81,527,527,},operator,0,30,22
82,528,528,;,operator,0,30,23
83,530,531,ll,identifier,0,31,0
84,533,535,val,identifier,0,31,3
85,536,536,[,operator,0,31,6
86,537,542,200000,integer,0,31,7
87,543,543,],operator,0,31,13
88,545,545,=,operator,0,31,15
89,547,547,{,operator,0,31,17
90,548,548,0,integer,0,31,18
91,549,549,},operator,0,31,19
92,550,550,;,operator,0,31,20
93,552,553,ll,identifier,0,32,0
94,555,558,val2,identifier,0,32,3
95,559,559,[,operator,0,32,7
96,560,565,200000,integer,0,32,8
97,566,566,],operator,0,32,14
98,568,568,=,operator,0,32,16
99,570,570,{,operator,0,32,18
100,571,571,0,integer,0,32,19
101,572,572,},operator,0,32,20
102,573,573,;,operator,0,32,21
103,576,577,ll,identifier,0,34,0
104,579,582,mikl,identifier,0,34,3
105,583,583,[,operator,0,34,7
106,584,589,200000,integer,0,34,8
107,590,590,],operator,0,34,14
108,592,592,=,operator,0,34,16
109,594,594,{,operator,0,34,18
110,595,595,0,integer,0,34,19
111,596,596,},operator,0,34,20
112,597,597,;,operator,0,34,21
113,601,602,ll,identifier,0,37,0
114,604,608,bigel,identifier,0,37,3
115,610,610,=,operator,0,37,9
116,612,629,1333333333333337ll,integer,0,37,11
117,630,630,;,operator,0,37,29
118,633,634,ll,identifier,0,39,0
119,636,640,midfs,identifier,0,39,3
120,641,641,(,operator,0,39,8
121,642,643,ll,identifier,0,39,9
122,645,645,i,identifier,0,39,12
123,646,646,",",operator,0,39,13
124,648,649,ll,identifier,0,39,15
125,651,653,par,identifier,0,39,18
126,654,654,),operator,0,39,21
127,655,655,{,operator,0,39,22
128,657,658,ll,identifier,0,40,0
129,660,661,mi,identifier,0,40,3
130,662,662,;,operator,0,40,5
131,664,665,if,keyword,0,41,0
132,666,666,(,operator,0,41,2
133,667,670,mark,identifier,0,41,3
134,671,671,[,operator,0,41,7
135,672,672,i,identifier,0,41,8
136,673,673,],operator,0,41,9
137,675,676,==,operator,0,41,11
138,678,678,1,integer,0,41,14
139,679,679,),operator,0,41,15
140,680,680,{,operator,0,41,16
141,686,687,mi,identifier,0,42,4
142,689,689,=,operator,0,42,7
143,691,693,val,identifier,0,42,9
144,694,694,[,operator,0,42,12
145,695,695,i,identifier,0,42,13
146,696,696,],operator,0,42,14
147,697,697,;,operator,0,42,15
148,699,699,},operator,0,43,0
149,701,704,else,keyword,0,44,0
150,705,705,{,operator,0,44,4
151,711,712,mi,identifier,0,45,4
152,714,714,=,operator,0,45,7
153,716,720,bigel,identifier,0,45,9
154,721,721,;,operator,0,45,14
155,723,723,},operator,0,46,0
156,725,727,for,keyword,0,47,0
157,728,728,(,operator,0,47,3
158,729,730,ll,identifier,0,47,4
159,732,733,c1,identifier,0,47,7
160,735,735,=,operator,0,47,10
161,737,737,0,integer,0,47,12
162,739,739,;,operator,0,47,14
163,740,741,c1,identifier,0,47,15
164,743,743,<,operator,0,47,18
165,745,747,deg,identifier,0,47,20
166,748,748,[,operator,0,47,23
167,749,749,i,identifier,0,47,24
168,750,750,],operator,0,47,25
169,751,751,;,operator,0,47,26
170,753,754,c1,identifier,0,47,28
171,755,756,++,operator,0,47,30
172,757,757,),operator,0,47,32
173,758,758,{,operator,0,47,33
174,764,765,ll,identifier,0,48,4
175,767,767,b,identifier,0,48,7
176,769,769,=,operator,0,48,9
177,771,771,C,identifier,0,48,11
178,772,772,[,operator,0,48,12
179,773,773,i,identifier,0,48,13
180,774,774,],operator,0,48,14
181,775,775,[,operator,0,48,15
182,776,777,c1,identifier,0,48,16
183,778,778,],operator,0,48,18
184,779,779,;,operator,0,48,19
185,785,786,if,keyword,0,49,4
186,787,787,(,operator,0,49,6
187,788,788,b,identifier,0,49,7
188,790,791,"!=",operator,0,49,9
189,793,795,par,identifier,0,49,12
190,796,796,),operator,0,49,15
191,797,797,{,operator,0,49,16
192,807,808,mi,identifier,0,50,8
193,810,810,=,operator,0,50,11
194,812,814,min,identifier,0,50,13
195,815,815,(,operator,0,50,16
196,816,817,mi,identifier,0,50,17
197,819,819,",",operator,0,50,20
198,821,825,midfs,identifier,0,50,22
199,826,826,(,operator,0,50,27
200,827,827,b,identifier,0,50,28
201,828,828,",",operator,0,50,29
202,829,829,i,identifier,0,50,30
203,830,830,),operator,0,50,31
204,832,832,+,operator,0,50,33
205,834,834,1,integer,0,50,35
206,835,835,),operator,0,50,36
207,836,836,;,operator,0,50,37
208,842,842,},operator,0,51,4
209,844,844,},operator,0,52,0
210,846,849,mikl,identifier,0,53,0
211,850,850,[,operator,0,53,4
212,851,851,i,identifier,0,53,5
213,852,852,],operator,0,53,6
214,854,854,=,operator,0,53,8
215,856,857,mi,identifier,0,53,10
216,858,858,;,operator,0,53,12
217,860,865,return,keyword,0,54,0
218,867,868,mi,identifier,0,54,7
219,869,869,;,operator,0,54,9
220,871,871,},operator,0,55,0
221,874,877,void,keyword,0,57,0
222,879,881,dfs,identifier,0,57,5
223,882,882,(,operator,0,57,8
224,883,884,ll,identifier,0,57,9
225,886,886,i,identifier,0,57,12
226,887,887,",",operator,0,57,13
227,889,890,ll,identifier,0,57,15
228,892,894,par,identifier,0,57,18
229,895,895,),operator,0,57,21
230,896,896,{,operator,0,57,22
231,899,900,if,keyword,0,59,0
232,901,901,(,operator,0,59,2
233,902,904,par,identifier,0,59,3
234,906,907,==,operator,0,59,7
235,909,909,-,operator,0,59,10
236,910,910,1,integer,0,59,11
237,911,911,),operator,0,59,12
238,912,912,{,operator,0,59,13
239,918,921,val2,identifier,0,60,4
240,922,922,[,operator,0,60,8
241,923,923,i,identifier,0,60,9
242,924,924,],operator,0,60,10
243,926,926,=,operator,0,60,12
244,928,930,val,identifier,0,60,14
245,931,931,[,operator,0,60,17
246,932,932,i,identifier,0,60,18
247,933,933,],operator,0,60,19
248,934,934,;,operator,0,60,20
249,936,936,},operator,0,61,0
250,938,941,else,keyword,0,62,0
251,942,942,{,operator,0,62,4
252,948,949,if,keyword,0,63,4
253,950,950,(,operator,0,63,6
254,951,954,mikl,identifier,0,63,7
255,955,955,[,operator,0,63,11
256,956,956,i,identifier,0,63,12
257,957,957,],operator,0,63,13
258,958,958,+,operator,0,63,14
259,959,959,1,integer,0,63,15
260,961,962,==,operator,0,63,17
261,964,967,val2,identifier,0,63,20
262,968,968,[,operator,0,63,24
263,969,971,par,identifier,0,63,25
264,972,972,],operator,0,63,28
265,973,973,),operator,0,63,29
266,974,974,{,operator,0,63,30
267,984,987,val2,identifier,0,64,8
268,988,988,[,operator,0,64,12
269,989,989,i,identifier,0,64,13
270,990,990,],operator,0,64,14
271,992,992,=,operator,0,64,16
272,994,997,val2,identifier,0,64,18
273,998,998,[,operator,0,64,22
274,999,1001,par,identifier,0,64,23
275,1002,1002,],operator,0,64,26
276,1003,1003,-,operator,0,64,27
277,1004,1004,1,integer,0,64,28
278,1005,1005,;,operator,0,64,29
279,1011,1011,},operator,0,65,4
280,1017,1020,else,keyword,0,66,4
281,1021,1021,{,operator,0,66,8
282,1031,1034,val2,identifier,0,67,8
283,1035,1035,[,operator,0,67,12
284,1036,1036,i,identifier,0,67,13
285,1037,1037,],operator,0,67,14
286,1039,1039,=,operator,0,67,16
287,1041,1044,val2,identifier,0,67,18
288,1045,1045,[,operator,0,67,22
289,1046,1048,par,identifier,0,67,23
290,1049,1049,],operator,0,67,26
291,1050,1050,+,operator,0,67,27
292,1051,1051,1,integer,0,67,28
293,1052,1052,;,operator,0,67,29
294,1058,1058,},operator,0,68,4
295,1060,1060,},operator,0,69,0
296,1063,1065,for,keyword,0,71,0
297,1066,1066,(,operator,0,71,3
298,1067,1068,ll,identifier,0,71,4
299,1070,1071,c1,identifier,0,71,7
300,1073,1073,=,operator,0,71,10
301,1075,1075,0,integer,0,71,12
302,1076,1076,;,operator,0,71,13
303,1078,1079,c1,identifier,0,71,15
304,1081,1081,<,operator,0,71,18
305,1083,1085,deg,identifier,0,71,20
306,1086,1086,[,operator,0,71,23
307,1087,1087,i,identifier,0,71,24
308,1088,1088,],operator,0,71,25
309,1089,1089,;,operator,0,71,26
310,1091,1092,c1,identifier,0,71,28
311,1093,1094,++,operator,0,71,30
312,1095,1095,),operator,0,71,32
313,1096,1096,{,operator,0,71,33
314,1102,1103,ll,identifier,0,72,4
315,1105,1105,b,identifier,0,72,7
316,1107,1107,=,operator,0,72,9
317,1109,1109,C,identifier,0,72,11
318,1110,1110,[,operator,0,72,12
319,1111,1111,i,identifier,0,72,13
320,1112,1112,],operator,0,72,14
321,1113,1113,[,operator,0,72,15
322,1114,1115,c1,identifier,0,72,16
323,1116,1116,],operator,0,72,18
324,1117,1117,;,operator,0,72,19
325,1123,1124,if,keyword,0,73,4
326,1125,1125,(,operator,0,73,6
327,1126,1126,b,identifier,0,73,7
328,1128,1129,"!=",operator,0,73,9
329,1131,1133,par,identifier,0,73,12
330,1134,1134,),operator,0,73,15
331,1135,1135,{,operator,0,73,16
332,1145,1147,dfs,identifier,0,74,8
333,1148,1148,(,operator,0,74,11
334,1149,1149,b,identifier,0,74,12
335,1150,1150,",",operator,0,74,13
336,1151,1151,i,identifier,0,74,14
337,1152,1152,),operator,0,74,15
338,1153,1153,;,operator,0,74,16
339,1159,1159,},operator,0,75,4
340,1161,1161,},operator,0,76,0
341,1163,1163,},operator,0,77,0
342,1166,1169,bool,keyword,0,79,0
343,1171,1175,check,identifier,0,79,5
344,1176,1176,(,operator,0,79,10
345,1177,1178,ll,identifier,0,79,11
346,1180,1180,i,identifier,0,79,14
347,1181,1181,",",operator,0,79,15
348,1183,1184,ll,identifier,0,79,17
349,1186,1188,par,identifier,0,79,20
350,1189,1189,),operator,0,79,23
351,1190,1190,{,operator,0,79,24
352,1194,1197,bool,keyword,0,82,0
353,1199,1201,ans,identifier,0,82,5
354,1203,1203,=,operator,0,82,9
355,1205,1205,1,integer,0,82,11
356,1206,1206,;,operator,0,82,12
357,1209,1210,if,keyword,0,84,0
358,1211,1211,(,operator,0,84,2
359,1212,1215,mark,identifier,0,84,3
360,1216,1216,[,operator,0,84,7
361,1217,1217,i,identifier,0,84,8
362,1218,1218,],operator,0,84,9
363,1220,1221,==,operator,0,84,11
364,1223,1223,1,integer,0,84,14
365,1225,1226,&&,operator,0,84,16
366,1228,1230,val,identifier,0,84,19
367,1231,1231,[,operator,0,84,22
368,1232,1232,i,identifier,0,84,23
369,1233,1233,],operator,0,84,24
370,1235,1236,"!=",operator,0,84,26
371,1238,1241,val2,identifier,0,84,29
372,1242,1242,[,operator,0,84,33
373,1243,1243,i,identifier,0,84,34
374,1244,1244,],operator,0,84,35
375,1245,1245,),operator,0,84,36
376,1246,1251,return,keyword,0,84,37
377,1253,1253,0,integer,0,84,44
378,1254,1254,;,operator,0,84,45
379,1257,1259,for,keyword,0,86,0
380,1260,1260,(,operator,0,86,3
381,1261,1262,ll,identifier,0,86,4
382,1264,1265,c1,identifier,0,86,7
383,1267,1267,=,operator,0,86,10
384,1269,1269,0,integer,0,86,12
385,1270,1270,;,operator,0,86,13
386,1272,1273,c1,identifier,0,86,15
387,1275,1275,<,operator,0,86,18
388,1277,1279,deg,identifier,0,86,20
389,1280,1280,[,operator,0,86,23
390,1281,1281,i,identifier,0,86,24
391,1282,1282,],operator,0,86,25
392,1283,1283,;,operator,0,86,26
393,1285,1286,c1,identifier,0,86,28
394,1287,1288,++,operator,0,86,30
395,1289,1289,),operator,0,86,32
396,1290,1290,{,operator,0,86,33
397,1296,1297,ll,identifier,0,87,4
398,1299,1299,b,identifier,0,87,7
399,1301,1301,=,operator,0,87,9
400,1303,1303,C,identifier,0,87,11
401,1304,1304,[,operator,0,87,12
402,1305,1305,i,identifier,0,87,13
403,1306,1306,],operator,0,87,14
404,1307,1307,[,operator,0,87,15
405,1308,1309,c1,identifier,0,87,16
406,1310,1310,],operator,0,87,18
407,1311,1311,;,operator,0,87,19
408,1317,1318,if,keyword,0,88,4
409,1319,1319,(,operator,0,88,6
410,1320,1320,b,identifier,0,88,7
411,1322,1323,"!=",operator,0,88,9
412,1325,1327,par,identifier,0,88,12
413,1328,1328,),operator,0,88,15
414,1329,1329,{,operator,0,88,16
415,1339,1341,ans,identifier,0,89,8
416,1343,1344,&=,operator,0,89,12
417,1346,1346,(,operator,0,89,15
418,1347,1349,abs,identifier,0,89,16
419,1350,1350,(,operator,0,89,19
420,1351,1354,val2,identifier,0,89,20
421,1355,1355,[,operator,0,89,24
422,1356,1356,i,identifier,0,89,25
423,1357,1357,],operator,0,89,26
424,1358,1358,-,operator,0,89,27
425,1359,1362,val2,identifier,0,89,28
426,1363,1363,[,operator,0,89,32
427,1364,1364,b,identifier,0,89,33
428,1365,1365,],operator,0,89,34
429,1366,1366,),operator,0,89,35
430,1368,1369,==,operator,0,89,37
431,1371,1371,1,integer,0,89,40
432,1372,1372,),operator,0,89,41
433,1373,1373,;,operator,0,89,42
434,1383,1385,ans,identifier,0,90,8
435,1387,1388,&=,operator,0,90,12
436,1390,1394,check,identifier,0,90,15
437,1395,1395,(,operator,0,90,20
438,1396,1396,b,identifier,0,90,21
439,1397,1397,",",operator,0,90,22
440,1398,1398,i,identifier,0,90,23
441,1399,1399,),operator,0,90,24
442,1400,1400,;,operator,0,90,25
443,1406,1406,},operator,0,91,4
444,1408,1408,},operator,0,92,0
445,1410,1415,return,keyword,0,93,0
446,1417,1419,ans,identifier,0,93,7
447,1420,1420,;,operator,0,93,10
448,1422,1422,},operator,0,94,0
449,1425,1427,int,keyword,0,96,0
450,1429,1432,main,identifier,0,96,4
451,1433,1433,(,operator,0,96,8
452,1434,1434,),operator,0,96,9
453,1436,1436,{,operator,0,97,0
454,1522,1523,ll,identifier,0,102,4
455,1525,1525,a,identifier,0,102,7
456,1526,1526,",",operator,0,102,8
457,1527,1527,b,identifier,0,102,9
458,1528,1528,",",operator,0,102,10
459,1529,1529,c,identifier,0,102,11
460,1530,1530,",",operator,0,102,12
461,1531,1531,d,identifier,0,102,13
462,1532,1532,",",operator,0,102,14
463,1533,1533,e,identifier,0,102,15
464,1534,1534,",",operator,0,102,16
465,1535,1535,f,identifier,0,102,17
466,1536,1536,;,operator,0,102,18
467,1542,1543,ll,identifier,0,103,4
468,1545,1546,c1,identifier,0,103,7
469,1547,1547,",",operator,0,103,9
470,1548,1549,c2,identifier,0,103,10
471,1550,1550,",",operator,0,103,12
472,1551,1552,c3,identifier,0,103,13
473,1553,1553,;,operator,0,103,15
474,1560,1562,cin,identifier,0,105,4
475,1564,1564,>,operator,0,105,8
476,1565,1565,>,operator,0,105,9
477,1567,1567,n,identifier,0,105,11
478,1568,1568,;,operator,0,105,12
479,1574,1576,for,keyword,0,106,4
480,1577,1577,(,operator,0,106,7
481,1578,1579,c1,identifier,0,106,8
482,1581,1581,=,operator,0,106,11
483,1583,1583,0,integer,0,106,13
484,1584,1584,;,operator,0,106,14
485,1586,1587,c1,identifier,0,106,16
486,1589,1589,<,operator,0,106,19
487,1591,1591,n,identifier,0,106,21
488,1592,1592,-,operator,0,106,22
489,1593,1593,1,integer,0,106,23
490,1594,1594,;,operator,0,106,24
491,1596,1597,c1,identifier,0,106,26
492,1598,1599,++,operator,0,106,28
493,1600,1600,),operator,0,106,30
494,1601,1601,{,operator,0,106,31
495,1611,1613,cin,identifier,0,107,8
496,1615,1615,>,operator,0,107,12
497,1616,1616,>,operator,0,107,13
498,1618,1618,a,identifier,0,107,15
499,1620,1620,>,operator,0,107,17
500,1621,1621,>,operator,0,107,18
501,1623,1623,b,identifier,0,107,20
502,1624,1624,;,operator,0,107,21
503,1634,1634,a,identifier,0,108,8
504,1635,1636,--,operator,0,108,9
505,1637,1637,;,operator,0,108,11
506,1647,1647,b,identifier,0,109,8
507,1648,1649,--,operator,0,109,9
508,1650,1650,;,operator,0,109,11
509,1660,1662,deg,identifier,0,110,8
510,1663,1663,[,operator,0,110,11
511,1664,1664,a,identifier,0,110,12
512,1665,1665,],operator,0,110,13
513,1666,1667,++,operator,0,110,14
514,1668,1668,;,operator,0,110,16
515,1678,1680,deg,identifier,0,111,8
516,1681,1681,[,operator,0,111,11
517,1682,1682,b,identifier,0,111,12
518,1683,1683,],operator,0,111,13
519,1684,1685,++,operator,0,111,14
520,1686,1686,;,operator,0,111,16
521,1696,1696,C,identifier,0,112,8
522,1697,1697,[,operator,0,112,9
523,1698,1698,a,identifier,0,112,10
524,1699,1699,],operator,0,112,11
525,1700,1700,.,operator,0,112,12
526,1701,1709,push_back,identifier,0,112,13
527,1710,1710,(,operator,0,112,22
528,1711,1711,b,identifier,0,112,23
529,1712,1712,),operator,0,112,24
530,1713,1713,;,operator,0,112,25
531,1723,1723,C,identifier,0,113,8
532,1724,1724,[,operator,0,113,9
533,1725,1725,b,identifier,0,113,10
534,1726,1726,],operator,0,113,11
535,1727,1727,.,operator,0,113,12
536,1728,1736,push_back,identifier,0,113,13
537,1737,1737,(,operator,0,113,22
538,1738,1738,a,identifier,0,113,23
539,1739,1739,),operator,0,113,24
540,1740,1740,;,operator,0,113,25
541,1746,1746,},operator,0,114,4
542,1753,1755,cin,identifier,0,116,4
543,1757,1757,>,operator,0,116,8
544,1758,1758,>,operator,0,116,9
545,1760,1760,m,identifier,0,116,11
546,1761,1761,;,operator,0,116,12
547,1767,1768,ll,identifier,0,117,4
548,1770,1773,root,identifier,0,117,7
549,1774,1774,;,operator,0,117,11
550,1780,1782,for,keyword,0,118,4
551,1783,1783,(,operator,0,118,7
552,1784,1785,c1,identifier,0,118,8
553,1787,1787,=,operator,0,118,11
554,1789,1789,0,integer,0,118,13
555,1790,1790,;,operator,0,118,14
556,1792,1793,c1,identifier,0,118,16
557,1795,1795,<,operator,0,118,19
558,1797,1797,m,identifier,0,118,21
559,1798,1798,;,operator,0,118,22
560,1800,1801,c1,identifier,0,118,24
561,1802,1803,++,operator,0,118,26
562,1804,1804,),operator,0,118,28
563,1805,1805,{,operator,0,118,29
564,1815,1817,cin,identifier,0,119,8
565,1819,1819,>,operator,0,119,12
566,1820,1820,>,operator,0,119,13
567,1822,1822,a,identifier,0,119,15
568,1824,1824,>,operator,0,119,17
569,1825,1825,>,operator,0,119,18
570,1827,1827,b,identifier,0,119,20
571,1828,1828,;,operator,0,119,21
572,1838,1838,a,identifier,0,120,8
573,1839,1840,--,operator,0,120,9
574,1841,1841,;,operator,0,120,11
575,1851,1854,mark,identifier,0,121,8
576,1855,1855,[,operator,0,121,12
577,1856,1856,a,identifier,0,121,13
578,1857,1857,],operator,0,121,14
579,1859,1859,=,operator,0,121,16
580,1861,1861,1,integer,0,121,18
581,1862,1862,;,operator,0,121,19
582,1872,1874,val,identifier,0,122,8
583,1875,1875,[,operator,0,122,11
584,1876,1876,a,identifier,0,122,12
585,1877,1877,],operator,0,122,13
586,1879,1879,=,operator,0,122,15
587,1881,1881,b,identifier,0,122,17
588,1882,1882,;,operator,0,122,18
589,1892,1895,root,identifier,0,123,8
590,1897,1897,=,operator,0,123,13
591,1899,1899,a,identifier,0,123,15
592,1900,1900,;,operator,0,123,16
593,1906,1906,},operator,0,124,4
594,1912,1916,midfs,identifier,0,126,3
595,1917,1917,(,operator,0,126,8
596,1918,1921,root,identifier,0,126,9
597,1922,1922,",",operator,0,126,13
598,1923,1923,-,operator,0,126,14
599,1924,1924,1,integer,0,126,15
600,1925,1925,),operator,0,126,16
601,1926,1926,;,operator,0,126,17
602,1931,1933,dfs,identifier,0,127,3
603,1934,1934,(,operator,0,127,6
604,1935,1938,root,identifier,0,127,7
605,1939,1939,",",operator,0,127,11
606,1940,1940,-,operator,0,127,12
607,1941,1941,1,integer,0,127,13
608,1942,1942,),operator,0,127,14
609,1943,1943,;,operator,0,127,15
610,1949,1950,if,keyword,0,129,3
611,1951,1951,(,operator,0,129,5
612,1952,1952,"!",operator,0,129,6
613,1953,1957,check,identifier,0,129,7
614,1958,1958,(,operator,0,129,12
615,1959,1962,root,identifier,0,129,13
616,1963,1963,",",operator,0,129,17
617,1964,1964,-,operator,0,129,18
618,1965,1965,1,integer,0,129,19
619,1966,1966,),operator,0,129,20
620,1967,1967,),operator,0,129,21
621,1968,1968,{,operator,0,129,22
622,1974,1977,cout,identifier,0,130,4
623,1979,1979,<,operator,0,130,9
624,1980,1980,<,operator,0,130,10
625,1982,1987,"""No\n""",string,0,130,12
626,1988,1988,;,operator,0,130,18
627,1993,1993,},operator,0,131,3
628,1998,2001,else,keyword,0,132,3
629,2002,2002,{,operator,0,132,7
630,2012,2015,cout,identifier,0,133,8
631,2017,2017,<,operator,0,133,13
632,2018,2018,<,operator,0,133,14
633,2020,2026,"""Yes\n""",string,0,133,16
634,2027,2027,;,operator,0,133,23
635,2033,2035,for,keyword,0,134,4
636,2036,2036,(,operator,0,134,7
637,2037,2038,c1,identifier,0,134,8
638,2040,2040,=,operator,0,134,11
639,2042,2042,0,integer,0,134,13
640,2043,2043,;,operator,0,134,14
641,2045,2046,c1,identifier,0,134,16
642,2048,2048,<,operator,0,134,19
643,2050,2050,n,identifier,0,134,21
644,2051,2051,;,operator,0,134,22
645,2053,2054,c1,identifier,0,134,24
646,2055,2056,++,operator,0,134,26
647,2057,2057,),operator,0,134,28
648,2058,2058,{,operator,0,134,29
649,2068,2071,cout,identifier,0,135,8
650,2073,2073,<,operator,0,135,13
651,2074,2074,<,operator,0,135,14
652,2076,2079,val2,identifier,0,135,16
653,2080,2080,[,operator,0,135,20
654,2081,2082,c1,identifier,0,135,21
655,2083,2083,],operator,0,135,23
656,2085,2085,<,operator,0,135,25
657,2086,2086,<,operator,0,135,26
658,2088,2091,"""\n""",string,0,135,28
659,2092,2092,;,operator,0,135,32
660,2098,2098,},operator,0,136,4
661,2103,2103,},operator,0,137,3
662,2110,2115,return,keyword,0,139,4
663,2117,2117,0,integer,0,139,11
664,2118,2118,;,operator,0,139,12
665,2120,2120,},operator,0,140,0
666,2122,2121,<EOF>,eof,0,141,0
