seqnr,start,stop,text,class,channel,line,column
0,0,18,"#include <iostream>",directive,1,1,0
1,20,36,"#include <vector>",directive,1,2,0
2,38,42,using,keyword,0,3,0
3,44,52,namespace,keyword,0,3,6
4,54,56,std,identifier,0,3,16
5,57,57,;,operator,0,3,19
6,60,64,const,keyword,0,5,0
7,66,68,int,keyword,0,5,6
8,70,70,S,identifier,0,5,10
9,72,72,=,operator,0,5,12
10,74,79,100010,integer,0,5,14
11,80,80,;,operator,0,5,20
12,82,86,const,keyword,0,6,0
13,88,90,int,keyword,0,6,6
14,92,94,INF,identifier,0,6,10
15,96,96,=,operator,0,6,14
16,98,98,1,integer,0,6,16
17,100,100,<,operator,0,6,18
18,101,101,<,operator,0,6,19
19,103,104,30,integer,0,6,21
20,105,105,;,operator,0,6,23
21,107,109,int,keyword,0,7,0
22,111,111,N,identifier,0,7,4
23,112,112,",",operator,0,7,5
24,114,114,K,identifier,0,7,7
25,115,115,",",operator,0,7,8
26,117,117,L,identifier,0,7,10
27,118,118,[,operator,0,7,11
28,119,119,S,identifier,0,7,12
29,120,120,],operator,0,7,13
30,121,121,",",operator,0,7,14
31,123,123,R,identifier,0,7,16
32,124,124,[,operator,0,7,17
33,125,125,S,identifier,0,7,18
34,126,126,],operator,0,7,19
35,127,127,",",operator,0,7,20
36,129,129,P,identifier,0,7,22
37,130,130,[,operator,0,7,23
38,131,131,S,identifier,0,7,24
39,132,132,],operator,0,7,25
40,133,133,",",operator,0,7,26
41,135,137,ans,identifier,0,7,28
42,138,138,[,operator,0,7,31
43,139,139,S,identifier,0,7,32
44,140,140,],operator,0,7,33
45,141,141,;,operator,0,7,34
46,143,148,vector,identifier,0,8,0
47,149,149,<,operator,0,8,6
48,150,152,int,keyword,0,8,7
49,153,153,>,operator,0,8,10
50,155,155,G,identifier,0,8,12
51,156,156,[,operator,0,8,13
52,157,157,S,identifier,0,8,14
53,158,158,],operator,0,8,15
54,159,159,;,operator,0,8,16
55,162,165,void,keyword,0,10,0
56,167,169,dfs,identifier,0,10,5
57,170,170,(,operator,0,10,8
58,171,173,int,keyword,0,10,9
59,175,175,p,identifier,0,10,13
60,176,176,",",operator,0,10,14
61,178,180,int,keyword,0,10,16
62,182,184,par,identifier,0,10,20
63,185,185,=,operator,0,10,23
64,186,186,-,operator,0,10,24
65,187,187,1,integer,0,10,25
66,188,188,),operator,0,10,26
67,190,190,{,operator,0,10,28
68,196,198,for,keyword,0,11,4
69,199,199,(,operator,0,11,7
70,200,203,auto,keyword,0,11,8
71,205,206,to,identifier,0,11,13
72,208,208,:,operator,0,11,16
73,210,210,G,identifier,0,11,18
74,211,211,[,operator,0,11,19
75,212,212,p,identifier,0,11,20
76,213,213,],operator,0,11,21
77,214,214,),operator,0,11,22
78,216,216,{,operator,0,11,24
79,226,227,if,keyword,0,12,8
80,228,228,(,operator,0,12,10
81,229,230,to,identifier,0,12,11
82,232,233,==,operator,0,12,14
83,235,237,par,identifier,0,12,17
84,238,238,),operator,0,12,20
85,240,247,continue,keyword,0,12,22
86,248,248,;,operator,0,12,30
87,258,260,dfs,identifier,0,13,8
88,261,261,(,operator,0,13,11
89,262,263,to,identifier,0,13,12
90,264,264,",",operator,0,13,14
91,266,266,p,identifier,0,13,16
92,267,267,),operator,0,13,17
93,268,268,;,operator,0,13,18
94,278,278,L,identifier,0,14,8
95,279,279,[,operator,0,14,9
96,280,280,p,identifier,0,14,10
97,281,281,],operator,0,14,11
98,283,283,=,operator,0,14,13
99,285,287,max,identifier,0,14,15
100,288,288,(,operator,0,14,18
101,289,289,L,identifier,0,14,19
102,290,290,[,operator,0,14,20
103,291,291,p,identifier,0,14,21
104,292,292,],operator,0,14,22
105,293,293,",",operator,0,14,23
106,295,295,L,identifier,0,14,25
107,296,296,[,operator,0,14,26
108,297,298,to,identifier,0,14,27
109,299,299,],operator,0,14,29
110,301,301,-,operator,0,14,31
111,303,303,1,integer,0,14,33
112,304,304,),operator,0,14,34
113,305,305,;,operator,0,14,35
114,315,315,R,identifier,0,15,8
115,316,316,[,operator,0,15,9
116,317,317,p,identifier,0,15,10
117,318,318,],operator,0,15,11
118,320,320,=,operator,0,15,13
119,322,324,min,identifier,0,15,15
120,325,325,(,operator,0,15,18
121,326,326,R,identifier,0,15,19
122,327,327,[,operator,0,15,20
123,328,328,p,identifier,0,15,21
124,329,329,],operator,0,15,22
125,330,330,",",operator,0,15,23
126,332,332,R,identifier,0,15,25
127,333,333,[,operator,0,15,26
128,334,335,to,identifier,0,15,27
129,336,336,],operator,0,15,29
130,338,338,+,operator,0,15,31
131,340,340,1,integer,0,15,33
132,341,341,),operator,0,15,34
133,342,342,;,operator,0,15,35
134,348,348,},operator,0,16,4
135,350,350,},operator,0,17,0
136,353,356,void,keyword,0,19,0
137,358,365,printans,identifier,0,19,5
138,366,366,(,operator,0,19,13
139,367,369,int,keyword,0,19,14
140,371,371,p,identifier,0,19,18
141,372,372,",",operator,0,19,19
142,374,376,int,keyword,0,19,21
143,378,380,val,identifier,0,19,25
144,381,381,",",operator,0,19,28
145,383,385,int,keyword,0,19,30
146,387,389,par,identifier,0,19,34
147,390,390,=,operator,0,19,37
148,391,391,-,operator,0,19,38
149,392,392,1,integer,0,19,39
150,393,393,",",operator,0,19,40
151,395,397,int,keyword,0,19,42
152,399,400,oe,identifier,0,19,46
153,401,401,=,operator,0,19,48
154,402,402,-,operator,0,19,49
155,403,403,1,integer,0,19,50
156,404,404,),operator,0,19,51
157,406,406,{,operator,0,19,53
158,412,413,if,keyword,0,20,4
159,414,414,(,operator,0,20,6
160,415,416,oe,identifier,0,20,7
161,418,418,<,operator,0,20,10
162,420,420,0,integer,0,20,12
163,421,421,),operator,0,20,13
164,423,424,oe,identifier,0,20,15
165,426,426,=,operator,0,20,18
166,428,428,(,operator,0,20,20
167,429,431,val,identifier,0,20,21
168,433,433,%,operator,0,20,25
169,435,435,2,integer,0,20,27
170,436,436,),operator,0,20,28
171,437,437,;,operator,0,20,29
172,443,445,ans,identifier,0,21,4
173,446,446,[,operator,0,21,7
174,447,447,p,identifier,0,21,8
175,448,448,],operator,0,21,9
176,450,450,=,operator,0,21,11
177,452,454,val,identifier,0,21,13
178,455,455,;,operator,0,21,16
179,461,463,for,keyword,0,22,4
180,464,464,(,operator,0,22,7
181,465,468,auto,keyword,0,22,8
182,470,471,to,identifier,0,22,13
183,473,473,:,operator,0,22,16
184,475,475,G,identifier,0,22,18
185,476,476,[,operator,0,22,19
186,477,477,p,identifier,0,22,20
187,478,478,],operator,0,22,21
188,479,479,),operator,0,22,22
189,481,481,{,operator,0,22,24
190,491,492,if,keyword,0,23,8
191,493,493,(,operator,0,23,10
192,494,495,to,identifier,0,23,11
193,497,498,==,operator,0,23,14
194,500,502,par,identifier,0,23,17
195,503,503,),operator,0,23,20
196,505,512,continue,keyword,0,23,22
197,513,513,;,operator,0,23,30
198,523,525,int,keyword,0,24,8
199,527,529,cur,identifier,0,24,12
200,531,531,=,operator,0,24,16
201,533,535,val,identifier,0,24,18
202,537,537,-,operator,0,24,22
203,539,539,1,integer,0,24,24
204,540,540,;,operator,0,24,25
205,550,552,for,keyword,0,25,8
206,553,553,(,operator,0,25,11
207,554,556,int,keyword,0,25,12
208,558,558,i,identifier,0,25,16
209,559,559,=,operator,0,25,17
210,560,560,0,integer,0,25,18
211,561,561,;,operator,0,25,19
212,563,563,i,identifier,0,25,21
213,564,564,<,operator,0,25,22
214,565,565,3,integer,0,25,23
215,566,566,;,operator,0,25,24
216,568,568,i,identifier,0,25,26
217,569,570,++,operator,0,25,27
218,571,571,),operator,0,25,29
219,573,573,{,operator,0,25,31
220,587,589,int,keyword,0,26,12
221,591,594,nval,identifier,0,26,16
222,596,596,=,operator,0,26,21
223,598,600,cur,identifier,0,26,23
224,602,602,+,operator,0,26,27
225,604,604,i,identifier,0,26,29
226,605,605,;,operator,0,26,30
227,619,620,if,keyword,0,27,12
228,621,621,(,operator,0,27,14
229,622,623,oe,identifier,0,27,15
230,625,626,"!=",operator,0,27,18
231,628,628,(,operator,0,27,21
232,629,632,nval,identifier,0,27,22
233,634,634,%,operator,0,27,27
234,636,636,2,integer,0,27,29
235,637,637,),operator,0,27,30
236,639,640,&&,operator,0,27,32
237,642,642,L,identifier,0,27,35
238,643,643,[,operator,0,27,36
239,644,645,to,identifier,0,27,37
240,646,646,],operator,0,27,39
241,648,649,<=,operator,0,27,41
242,651,654,nval,identifier,0,27,44
243,656,657,&&,operator,0,27,49
244,659,662,nval,identifier,0,27,52
245,664,665,<=,operator,0,27,57
246,667,667,R,identifier,0,27,60
247,668,668,[,operator,0,27,61
248,669,670,to,identifier,0,27,62
249,671,671,],operator,0,27,64
250,672,672,),operator,0,27,65
251,674,674,{,operator,0,27,67
252,692,699,printans,identifier,0,28,16
253,700,700,(,operator,0,28,24
254,701,702,to,identifier,0,28,25
255,703,703,",",operator,0,28,27
256,705,708,nval,identifier,0,28,29
257,709,709,",",operator,0,28,33
258,711,711,p,identifier,0,28,35
259,712,712,",",operator,0,28,36
260,714,717,nval,identifier,0,28,38
261,719,719,%,operator,0,28,43
262,721,721,2,integer,0,28,45
263,722,722,),operator,0,28,46
264,723,723,;,operator,0,28,47
265,741,745,break,keyword,0,29,16
266,746,746,;,operator,0,29,21
267,760,760,},operator,0,30,12
268,770,770,},operator,0,31,8
269,776,776,},operator,0,32,4
270,778,778,},operator,0,33,0
271,781,783,int,keyword,0,35,0
272,785,788,main,identifier,0,35,4
273,789,789,(,operator,0,35,8
274,790,790,),operator,0,35,9
275,792,792,{,operator,0,35,11
276,798,800,for,keyword,0,36,4
277,801,801,(,operator,0,36,7
278,802,804,int,keyword,0,36,8
279,806,806,i,identifier,0,36,12
280,807,807,=,operator,0,36,13
281,808,808,0,integer,0,36,14
282,809,809,;,operator,0,36,15
283,811,811,i,identifier,0,36,17
284,812,812,<,operator,0,36,18
285,813,813,S,identifier,0,36,19
286,814,814,;,operator,0,36,20
287,816,816,i,identifier,0,36,22
288,817,818,++,operator,0,36,23
289,819,819,),operator,0,36,25
290,821,821,{,operator,0,36,27
291,831,831,P,identifier,0,37,8
292,832,832,[,operator,0,37,9
293,833,833,i,identifier,0,37,10
294,834,834,],operator,0,37,11
295,836,836,=,operator,0,37,13
296,838,838,-,operator,0,37,15
297,839,841,INF,identifier,0,37,16
298,842,842,;,operator,0,37,19
299,852,852,L,identifier,0,38,8
300,853,853,[,operator,0,38,9
301,854,854,i,identifier,0,38,10
302,855,855,],operator,0,38,11
303,857,857,=,operator,0,38,13
304,859,859,-,operator,0,38,15
305,860,862,INF,identifier,0,38,16
306,863,863,;,operator,0,38,19
307,873,873,R,identifier,0,39,8
308,874,874,[,operator,0,39,9
309,875,875,i,identifier,0,39,10
310,876,876,],operator,0,39,11
311,878,878,=,operator,0,39,13
312,880,882,INF,identifier,0,39,15
313,883,883,;,operator,0,39,18
314,889,889,},operator,0,40,4
315,896,898,cin,identifier,0,42,4
316,900,900,>,operator,0,42,8
317,901,901,>,operator,0,42,9
318,903,903,N,identifier,0,42,11
319,904,904,;,operator,0,42,12
320,910,912,for,keyword,0,43,4
321,913,913,(,operator,0,43,7
322,914,916,int,keyword,0,43,8
323,918,918,i,identifier,0,43,12
324,919,919,=,operator,0,43,13
325,920,920,0,integer,0,43,14
326,921,921,;,operator,0,43,15
327,923,923,i,identifier,0,43,17
328,924,924,<,operator,0,43,18
329,925,925,N,identifier,0,43,19
330,926,926,-,operator,0,43,20
331,927,927,1,integer,0,43,21
332,928,928,;,operator,0,43,22
333,930,930,i,identifier,0,43,24
334,931,932,++,operator,0,43,25
335,933,933,),operator,0,43,27
336,935,935,{,operator,0,43,29
337,945,947,int,keyword,0,44,8
338,949,949,a,identifier,0,44,12
339,950,950,",",operator,0,44,13
340,952,952,b,identifier,0,44,15
341,953,953,;,operator,0,44,16
342,955,957,cin,identifier,0,44,18
343,959,959,>,operator,0,44,22
344,960,960,>,operator,0,44,23
345,962,962,a,identifier,0,44,25
346,964,964,>,operator,0,44,27
347,965,965,>,operator,0,44,28
348,967,967,b,identifier,0,44,30
349,968,968,;,operator,0,44,31
350,970,970,a,identifier,0,44,33
351,971,972,--,operator,0,44,34
352,973,973,;,operator,0,44,36
353,975,975,b,identifier,0,44,38
354,976,977,--,operator,0,44,39
355,978,978,;,operator,0,44,41
356,988,988,G,identifier,0,45,8
357,989,989,[,operator,0,45,9
358,990,990,a,identifier,0,45,10
359,991,991,],operator,0,45,11
360,992,992,.,operator,0,45,12
361,993,1001,push_back,identifier,0,45,13
362,1002,1002,(,operator,0,45,22
363,1003,1003,b,identifier,0,45,23
364,1004,1004,),operator,0,45,24
365,1005,1005,;,operator,0,45,25
366,1015,1015,G,identifier,0,46,8
367,1016,1016,[,operator,0,46,9
368,1017,1017,b,identifier,0,46,10
369,1018,1018,],operator,0,46,11
370,1019,1019,.,operator,0,46,12
371,1020,1028,push_back,identifier,0,46,13
372,1029,1029,(,operator,0,46,22
373,1030,1030,a,identifier,0,46,23
374,1031,1031,),operator,0,46,24
375,1032,1032,;,operator,0,46,25
376,1038,1038,},operator,0,47,4
377,1045,1047,int,keyword,0,49,4
378,1049,1052,root,identifier,0,49,8
379,1054,1054,=,operator,0,49,13
380,1056,1056,-,operator,0,49,15
381,1057,1057,1,integer,0,49,16
382,1058,1058,;,operator,0,49,17
383,1064,1066,cin,identifier,0,50,4
384,1068,1068,>,operator,0,50,8
385,1069,1069,>,operator,0,50,9
386,1071,1071,K,identifier,0,50,11
387,1072,1072,;,operator,0,50,12
388,1078,1080,for,keyword,0,51,4
389,1081,1081,(,operator,0,51,7
390,1082,1084,int,keyword,0,51,8
391,1086,1086,i,identifier,0,51,12
392,1087,1087,=,operator,0,51,13
393,1088,1088,0,integer,0,51,14
394,1089,1089,;,operator,0,51,15
395,1091,1091,i,identifier,0,51,17
396,1092,1092,<,operator,0,51,18
397,1093,1093,K,identifier,0,51,19
398,1094,1094,;,operator,0,51,20
399,1096,1096,i,identifier,0,51,22
400,1097,1098,++,operator,0,51,23
401,1099,1099,),operator,0,51,25
402,1101,1101,{,operator,0,51,27
403,1111,1113,int,keyword,0,52,8
404,1115,1115,v,identifier,0,52,12
405,1116,1116,",",operator,0,52,13
406,1118,1118,p,identifier,0,52,15
407,1119,1119,;,operator,0,52,16
408,1121,1123,cin,identifier,0,52,18
409,1125,1125,>,operator,0,52,22
410,1126,1126,>,operator,0,52,23
411,1128,1128,v,identifier,0,52,25
412,1130,1130,>,operator,0,52,27
413,1131,1131,>,operator,0,52,28
414,1133,1133,p,identifier,0,52,30
415,1134,1134,;,operator,0,52,31
416,1136,1136,v,identifier,0,52,33
417,1137,1138,--,operator,0,52,34
418,1139,1139,;,operator,0,52,36
419,1149,1149,L,identifier,0,53,8
420,1150,1150,[,operator,0,53,9
421,1151,1151,v,identifier,0,53,10
422,1152,1152,],operator,0,53,11
423,1154,1154,=,operator,0,53,13
424,1156,1156,R,identifier,0,53,15
425,1157,1157,[,operator,0,53,16
426,1158,1158,v,identifier,0,53,17
427,1159,1159,],operator,0,53,18
428,1161,1161,=,operator,0,53,20
429,1163,1163,P,identifier,0,53,22
430,1164,1164,[,operator,0,53,23
431,1165,1165,v,identifier,0,53,24
432,1166,1166,],operator,0,53,25
433,1168,1168,=,operator,0,53,27
434,1170,1170,p,identifier,0,53,29
435,1171,1171,;,operator,0,53,30
436,1181,1184,root,identifier,0,54,8
437,1186,1186,=,operator,0,54,13
438,1188,1188,v,identifier,0,54,15
439,1189,1189,;,operator,0,54,16
440,1195,1195,},operator,0,55,4
441,1202,1204,dfs,identifier,0,57,4
442,1205,1205,(,operator,0,57,7
443,1206,1209,root,identifier,0,57,8
444,1210,1210,),operator,0,57,12
445,1211,1211,;,operator,0,57,13
446,1222,1224,for,keyword,0,59,4
447,1225,1225,(,operator,0,59,7
448,1226,1228,int,keyword,0,59,8
449,1230,1230,i,identifier,0,59,12
450,1231,1231,=,operator,0,59,13
451,1232,1232,0,integer,0,59,14
452,1233,1233,;,operator,0,59,15
453,1235,1235,i,identifier,0,59,17
454,1236,1236,<,operator,0,59,18
455,1237,1237,N,identifier,0,59,19
456,1238,1238,;,operator,0,59,20
457,1240,1240,i,identifier,0,59,22
458,1241,1242,++,operator,0,59,23
459,1243,1243,),operator,0,59,25
460,1245,1245,{,operator,0,59,27
461,1255,1256,if,keyword,0,60,8
462,1257,1257,(,operator,0,60,10
463,1258,1258,(,operator,0,60,11
464,1259,1259,L,identifier,0,60,12
465,1260,1260,[,operator,0,60,13
466,1261,1261,i,identifier,0,60,14
467,1262,1262,],operator,0,60,15
468,1264,1264,>,operator,0,60,17
469,1266,1266,R,identifier,0,60,19
470,1267,1267,[,operator,0,60,20
471,1268,1268,i,identifier,0,60,21
472,1269,1269,],operator,0,60,22
473,1270,1270,),operator,0,60,23
474,1272,1273,||,operator,0,60,25
475,1275,1275,(,operator,0,60,28
476,1276,1276,P,identifier,0,60,29
477,1277,1277,[,operator,0,60,30
478,1278,1278,i,identifier,0,60,31
479,1279,1279,],operator,0,60,32
480,1281,1282,"!=",operator,0,60,34
481,1284,1284,-,operator,0,60,37
482,1285,1287,INF,identifier,0,60,38
483,1289,1290,&&,operator,0,60,42
484,1292,1292,(,operator,0,60,45
485,1293,1293,P,identifier,0,60,46
486,1294,1294,[,operator,0,60,47
487,1295,1295,i,identifier,0,60,48
488,1296,1296,],operator,0,60,49
489,1298,1298,<,operator,0,60,51
490,1300,1300,L,identifier,0,60,53
491,1301,1301,[,operator,0,60,54
492,1302,1302,i,identifier,0,60,55
493,1303,1303,],operator,0,60,56
494,1305,1306,||,operator,0,60,58
495,1308,1308,R,identifier,0,60,61
496,1309,1309,[,operator,0,60,62
497,1310,1310,i,identifier,0,60,63
498,1311,1311,],operator,0,60,64
499,1313,1313,>,operator,0,60,66
500,1315,1315,P,identifier,0,60,68
501,1316,1316,[,operator,0,60,69
502,1317,1317,i,identifier,0,60,70
503,1318,1318,],operator,0,60,71
504,1319,1319,),operator,0,60,72
505,1320,1320,),operator,0,60,73
506,1321,1321,),operator,0,60,74
507,1323,1323,{,operator,0,60,76
508,1337,1340,cout,identifier,0,61,12
509,1342,1342,<,operator,0,61,17
510,1343,1343,<,operator,0,61,18
511,1345,1348,"""No""",string,0,61,20
512,1350,1350,<,operator,0,61,25
513,1351,1351,<,operator,0,61,26
514,1353,1356,endl,identifier,0,61,28
515,1357,1357,;,operator,0,61,32
516,1371,1376,return,keyword,0,62,12
517,1378,1378,0,integer,0,62,19
518,1379,1379,;,operator,0,62,20
519,1389,1389,},operator,0,63,8
520,1395,1395,},operator,0,64,4
521,1402,1405,cout,identifier,0,66,4
522,1407,1407,<,operator,0,66,9
523,1408,1408,<,operator,0,66,10
524,1410,1414,"""Yes""",string,0,66,12
525,1416,1416,<,operator,0,66,18
526,1417,1417,<,operator,0,66,19
527,1419,1422,endl,identifier,0,66,21
528,1423,1423,;,operator,0,66,25
529,1429,1436,printans,identifier,0,67,4
530,1437,1437,(,operator,0,67,12
531,1438,1441,root,identifier,0,67,13
532,1442,1442,",",operator,0,67,17
533,1444,1444,L,identifier,0,67,19
534,1445,1445,[,operator,0,67,20
535,1446,1449,root,identifier,0,67,21
536,1450,1450,],operator,0,67,25
537,1451,1451,),operator,0,67,26
538,1452,1452,;,operator,0,67,27
539,1458,1460,for,keyword,0,68,4
540,1461,1461,(,operator,0,68,7
541,1462,1464,int,keyword,0,68,8
542,1466,1466,i,identifier,0,68,12
543,1467,1467,=,operator,0,68,13
544,1468,1468,0,integer,0,68,14
545,1469,1469,;,operator,0,68,15
546,1471,1471,i,identifier,0,68,17
547,1472,1472,<,operator,0,68,18
548,1473,1473,N,identifier,0,68,19
549,1474,1474,;,operator,0,68,20
550,1476,1476,i,identifier,0,68,22
551,1477,1478,++,operator,0,68,23
552,1479,1479,),operator,0,68,25
553,1481,1484,cout,identifier,0,68,27
554,1486,1486,<,operator,0,68,32
555,1487,1487,<,operator,0,68,33
556,1489,1491,ans,identifier,0,68,35
557,1492,1492,[,operator,0,68,38
558,1493,1493,i,identifier,0,68,39
559,1494,1494,],operator,0,68,40
560,1496,1496,<,operator,0,68,42
561,1497,1497,<,operator,0,68,43
562,1499,1502,endl,identifier,0,68,45
563,1503,1503,;,operator,0,68,49
564,1509,1514,return,keyword,0,69,4
565,1516,1516,0,integer,0,69,11
566,1517,1517,;,operator,0,69,12
567,1519,1519,},operator,0,70,0
568,1520,1519,<EOF>,eof,0,70,1
