seqnr,start,stop,text,class,channel,line,column
0,0,23,"#include <bits/stdc++.h>",directive,1,1,0
1,26,30,using,keyword,0,3,0
2,32,40,namespace,keyword,0,3,6
3,42,44,std,identifier,0,3,16
4,45,45,;,operator,0,3,19
5,48,54,typedef,keyword,0,5,0
6,56,59,pair,identifier,0,5,8
7,60,60,<,operator,0,5,12
8,61,64,long,keyword,0,5,13
9,66,69,long,keyword,0,5,18
10,70,70,",",operator,0,5,22
11,72,75,long,keyword,0,5,24
12,77,80,long,keyword,0,5,29
13,81,81,>,operator,0,5,33
14,83,87,range,identifier,0,5,35
15,88,88,;,operator,0,5,40
16,91,94,bool,keyword,0,7,0
17,96,97,ok,identifier,0,7,5
18,99,99,=,operator,0,7,8
19,101,104,true,keyword,0,7,10
20,105,105,;,operator,0,7,14
21,107,121,"#define l first",directive,1,8,0
22,123,138,"#define r second",directive,1,9,0
23,141,143,int,keyword,0,11,0
24,145,145,n,identifier,0,11,4
25,146,146,",",operator,0,11,5
26,148,148,k,identifier,0,11,7
27,149,149,;,operator,0,11,8
28,152,157,vector,identifier,0,12,0
29,158,158,<,operator,0,12,6
30,159,161,int,keyword,0,12,7
31,162,162,>,operator,0,12,10
32,164,164,g,identifier,0,12,12
33,165,165,[,operator,0,12,13
34,166,171,100005,integer,0,12,14
35,172,172,],operator,0,12,20
36,173,173,;,operator,0,12,21
37,175,179,range,identifier,0,13,0
38,181,181,a,identifier,0,13,6
39,182,182,[,operator,0,13,7
40,183,188,100005,integer,0,13,8
41,189,189,],operator,0,13,14
42,190,190,;,operator,0,13,15
43,192,195,bool,keyword,0,14,0
44,197,199,vis,identifier,0,14,5
45,200,200,[,operator,0,14,8
46,201,206,100005,integer,0,14,9
47,207,207,],operator,0,14,15
48,208,208,;,operator,0,14,16
49,210,212,int,keyword,0,15,0
50,214,214,h,identifier,0,15,4
51,215,215,[,operator,0,15,5
52,216,221,100005,integer,0,15,6
53,222,222,],operator,0,15,12
54,223,223,;,operator,0,15,13
55,226,229,bool,keyword,0,17,0
56,231,240,mergerange,identifier,0,17,5
57,241,241,(,operator,0,17,15
58,242,246,range,identifier,0,17,16
59,247,247,&,operator,0,17,21
60,249,249,a,identifier,0,17,23
61,250,250,",",operator,0,17,24
62,252,256,range,identifier,0,17,26
63,258,258,b,identifier,0,17,32
64,259,259,),operator,0,17,33
65,261,261,{,operator,0,17,35
66,264,265,if,keyword,0,18,1
67,267,267,(,operator,0,18,4
68,268,268,a,identifier,0,18,5
69,269,269,.,operator,0,18,6
70,270,270,l,identifier,0,18,7
71,272,272,>,operator,0,18,9
72,274,274,b,identifier,0,18,11
73,275,275,.,operator,0,18,12
74,276,276,r,identifier,0,18,13
75,277,277,+,operator,0,18,14
76,278,278,1,integer,0,18,15
77,280,281,||,operator,0,18,17
78,283,283,a,identifier,0,18,20
79,284,284,.,operator,0,18,21
80,285,285,r,identifier,0,18,22
81,287,287,<,operator,0,18,24
82,289,289,b,identifier,0,18,26
83,290,290,.,operator,0,18,27
84,291,291,l,identifier,0,18,28
85,292,292,-,operator,0,18,29
86,293,293,1,integer,0,18,30
87,294,294,),operator,0,18,31
88,296,301,return,keyword,0,18,33
89,303,307,false,keyword,0,18,40
90,308,308,;,operator,0,18,45
91,311,312,if,keyword,0,19,1
92,314,314,(,operator,0,19,4
93,315,315,b,identifier,0,19,5
94,316,316,.,operator,0,19,6
95,317,317,l,identifier,0,19,7
96,319,319,>,operator,0,19,9
97,321,321,a,identifier,0,19,11
98,322,322,.,operator,0,19,12
99,323,323,r,identifier,0,19,13
100,324,324,+,operator,0,19,14
101,325,325,1,integer,0,19,15
102,327,328,||,operator,0,19,17
103,330,330,b,identifier,0,19,20
104,331,331,.,operator,0,19,21
105,332,332,r,identifier,0,19,22
106,334,334,<,operator,0,19,24
107,336,336,a,identifier,0,19,26
108,337,337,.,operator,0,19,27
109,338,338,l,identifier,0,19,28
110,339,339,-,operator,0,19,29
111,340,340,1,integer,0,19,30
112,341,341,),operator,0,19,31
113,343,348,return,keyword,0,19,33
114,350,354,false,keyword,0,19,40
115,355,355,;,operator,0,19,45
116,358,359,if,keyword,0,20,1
117,361,361,(,operator,0,20,4
118,362,362,a,identifier,0,20,5
119,363,363,.,operator,0,20,6
120,364,364,l,identifier,0,20,7
121,366,367,==,operator,0,20,9
122,369,369,-,operator,0,20,12
123,370,376,INT_MAX,identifier,0,20,13
124,377,377,),operator,0,20,20
125,379,379,{,operator,0,20,22
126,383,383,a,identifier,0,21,2
127,384,384,.,operator,0,21,3
128,385,385,l,identifier,0,21,4
129,387,387,=,operator,0,21,6
130,389,389,b,identifier,0,21,8
131,390,390,.,operator,0,21,9
132,391,391,l,identifier,0,21,10
133,392,392,-,operator,0,21,11
134,393,393,1,integer,0,21,12
135,394,394,;,operator,0,21,13
136,398,398,a,identifier,0,22,2
137,399,399,.,operator,0,22,3
138,400,400,r,identifier,0,22,4
139,402,402,=,operator,0,22,6
140,404,404,b,identifier,0,22,8
141,405,405,.,operator,0,22,9
142,406,406,r,identifier,0,22,10
143,407,407,+,operator,0,22,11
144,408,408,1,integer,0,22,12
145,409,409,;,operator,0,22,13
146,413,418,return,keyword,0,23,2
147,420,423,true,keyword,0,23,9
148,424,424,;,operator,0,23,13
149,427,427,},operator,0,24,1
150,430,431,if,keyword,0,25,1
151,433,433,(,operator,0,25,4
152,434,434,(,operator,0,25,5
153,435,435,a,identifier,0,25,6
154,436,436,.,operator,0,25,7
155,437,437,l,identifier,0,25,8
156,439,439,+,operator,0,25,10
157,441,441,b,identifier,0,25,12
158,442,442,.,operator,0,25,13
159,443,443,l,identifier,0,25,14
160,444,444,-,operator,0,25,15
161,445,445,1,integer,0,25,16
162,446,446,),operator,0,25,17
163,448,448,%,operator,0,25,19
164,450,450,2,integer,0,25,21
165,452,453,"!=",operator,0,25,23
166,455,455,0,integer,0,25,26
167,456,456,),operator,0,25,27
168,458,459,ok,identifier,0,25,29
169,461,461,=,operator,0,25,32
170,463,467,false,keyword,0,25,34
171,468,468,;,operator,0,25,39
172,471,475,range,identifier,0,26,1
173,477,478,na,identifier,0,26,7
174,479,479,",",operator,0,26,9
175,481,482,nb,identifier,0,26,11
176,483,483,;,operator,0,26,13
177,486,487,na,identifier,0,27,1
178,489,489,=,operator,0,27,4
179,491,491,{,operator,0,27,6
180,492,494,max,identifier,0,27,7
181,495,495,(,operator,0,27,10
182,496,496,a,identifier,0,27,11
183,497,497,.,operator,0,27,12
184,498,498,l,identifier,0,27,13
185,499,499,",",operator,0,27,14
186,501,501,b,identifier,0,27,16
187,502,502,.,operator,0,27,17
188,503,503,l,identifier,0,27,18
189,504,504,-,operator,0,27,19
190,505,505,1,integer,0,27,20
191,506,506,),operator,0,27,21
192,507,507,",",operator,0,27,22
193,509,511,min,identifier,0,27,24
194,512,512,(,operator,0,27,27
195,513,513,a,identifier,0,27,28
196,514,514,.,operator,0,27,29
197,515,515,r,identifier,0,27,30
198,516,516,",",operator,0,27,31
199,518,518,b,identifier,0,27,33
200,519,519,.,operator,0,27,34
201,520,520,r,identifier,0,27,35
202,521,521,+,operator,0,27,36
203,522,522,1,integer,0,27,37
204,523,523,),operator,0,27,38
205,524,524,},operator,0,27,39
206,525,525,;,operator,0,27,40
207,528,528,a,identifier,0,28,1
208,530,530,=,operator,0,28,3
209,532,533,na,identifier,0,28,5
210,534,534,;,operator,0,28,7
211,537,542,return,keyword,0,29,1
212,544,547,true,keyword,0,29,8
213,548,548,;,operator,0,29,12
214,550,550,},operator,0,30,0
215,553,556,void,keyword,0,32,0
216,558,560,dfs,identifier,0,32,5
217,561,561,(,operator,0,32,8
218,562,564,int,keyword,0,32,9
219,566,566,u,identifier,0,32,13
220,567,567,),operator,0,32,14
221,569,569,{,operator,0,32,16
222,572,574,vis,identifier,0,33,1
223,575,575,[,operator,0,33,4
224,576,576,u,identifier,0,33,5
225,577,577,],operator,0,33,6
226,579,579,=,operator,0,33,8
227,581,581,1,integer,0,33,10
228,582,582,;,operator,0,33,11
229,585,587,for,keyword,0,34,1
230,589,589,(,operator,0,34,5
231,590,593,auto,keyword,0,34,6
232,595,595,v,identifier,0,34,11
233,597,597,:,operator,0,34,13
234,599,599,g,identifier,0,34,15
235,600,600,[,operator,0,34,16
236,601,601,u,identifier,0,34,17
237,602,602,],operator,0,34,18
238,603,603,),operator,0,34,19
239,605,605,{,operator,0,34,21
240,609,610,if,keyword,0,35,2
241,612,612,(,operator,0,35,5
242,613,613,"!",operator,0,35,6
243,614,616,vis,identifier,0,35,7
244,617,617,[,operator,0,35,10
245,618,618,v,identifier,0,35,11
246,619,619,],operator,0,35,12
247,620,620,),operator,0,35,13
248,622,622,{,operator,0,35,15
249,627,629,dfs,identifier,0,36,3
250,630,630,(,operator,0,36,6
251,631,631,v,identifier,0,36,7
252,632,632,),operator,0,36,8
253,633,633,;,operator,0,36,9
254,638,639,if,keyword,0,37,3
255,641,641,(,operator,0,37,6
256,642,642,a,identifier,0,37,7
257,643,643,[,operator,0,37,8
258,644,644,v,identifier,0,37,9
259,645,645,],operator,0,37,10
260,646,646,.,operator,0,37,11
261,647,647,l,identifier,0,37,12
262,649,650,"!=",operator,0,37,14
263,652,652,-,operator,0,37,17
264,653,659,INT_MAX,identifier,0,37,18
265,660,660,),operator,0,37,25
266,662,663,ok,identifier,0,37,27
267,665,666,&=,operator,0,37,30
268,668,677,mergerange,identifier,0,37,33
269,678,678,(,operator,0,37,43
270,679,679,a,identifier,0,37,44
271,680,680,[,operator,0,37,45
272,681,681,u,identifier,0,37,46
273,682,682,],operator,0,37,47
274,683,683,",",operator,0,37,48
275,685,685,a,identifier,0,37,50
276,686,686,[,operator,0,37,51
277,687,687,v,identifier,0,37,52
278,688,688,],operator,0,37,53
279,689,689,),operator,0,37,54
280,690,690,;,operator,0,37,55
281,694,694,},operator,0,38,2
282,697,697,},operator,0,39,1
283,699,699,},operator,0,40,0
284,702,705,void,keyword,0,42,0
285,707,712,getres,identifier,0,42,5
286,713,713,(,operator,0,42,11
287,714,716,int,keyword,0,42,12
288,718,718,u,identifier,0,42,16
289,719,719,),operator,0,42,17
290,721,721,{,operator,0,42,19
291,724,726,vis,identifier,0,43,1
292,727,727,[,operator,0,43,4
293,728,728,u,identifier,0,43,5
294,729,729,],operator,0,43,6
295,731,731,=,operator,0,43,8
296,733,733,1,integer,0,43,10
297,734,734,;,operator,0,43,11
298,737,739,for,keyword,0,44,1
299,741,741,(,operator,0,44,5
300,742,745,auto,keyword,0,44,6
301,747,747,v,identifier,0,44,11
302,749,749,:,operator,0,44,13
303,751,751,g,identifier,0,44,15
304,752,752,[,operator,0,44,16
305,753,753,u,identifier,0,44,17
306,754,754,],operator,0,44,18
307,755,755,),operator,0,44,19
308,757,757,{,operator,0,44,21
309,761,762,if,keyword,0,45,2
310,764,764,(,operator,0,45,5
311,765,765,"!",operator,0,45,6
312,766,768,vis,identifier,0,45,7
313,769,769,[,operator,0,45,10
314,770,770,v,identifier,0,45,11
315,771,771,],operator,0,45,12
316,772,772,),operator,0,45,13
317,774,774,{,operator,0,45,15
318,779,780,if,keyword,0,46,3
319,782,782,(,operator,0,46,6
320,783,783,h,identifier,0,46,7
321,784,784,[,operator,0,46,8
322,785,785,u,identifier,0,46,9
323,786,786,],operator,0,46,10
324,787,787,-,operator,0,46,11
325,788,788,1,integer,0,46,12
326,790,791,>=,operator,0,46,14
327,793,793,a,identifier,0,46,17
328,794,794,[,operator,0,46,18
329,795,795,v,identifier,0,46,19
330,796,796,],operator,0,46,20
331,797,797,.,operator,0,46,21
332,798,798,l,identifier,0,46,22
333,799,799,),operator,0,46,23
334,801,801,{,operator,0,46,25
335,807,807,h,identifier,0,47,4
336,808,808,[,operator,0,47,5
337,809,809,v,identifier,0,47,6
338,810,810,],operator,0,47,7
339,812,812,=,operator,0,47,9
340,814,814,h,identifier,0,47,11
341,815,815,[,operator,0,47,12
342,816,816,u,identifier,0,47,13
343,817,817,],operator,0,47,14
344,818,818,-,operator,0,47,15
345,819,819,1,integer,0,47,16
346,820,820,;,operator,0,47,17
347,825,825,},operator,0,48,3
348,830,833,else,keyword,0,49,3
349,835,835,{,operator,0,49,8
350,841,841,h,identifier,0,50,4
351,842,842,[,operator,0,50,5
352,843,843,v,identifier,0,50,6
353,844,844,],operator,0,50,7
354,846,846,=,operator,0,50,9
355,848,848,h,identifier,0,50,11
356,849,849,[,operator,0,50,12
357,850,850,u,identifier,0,50,13
358,851,851,],operator,0,50,14
359,852,852,+,operator,0,50,15
360,853,853,1,integer,0,50,16
361,854,854,;,operator,0,50,17
362,859,859,},operator,0,51,3
363,864,869,getres,identifier,0,52,3
364,870,870,(,operator,0,52,9
365,871,871,v,identifier,0,52,10
366,872,872,),operator,0,52,11
367,873,873,;,operator,0,52,12
368,877,877,},operator,0,53,2
369,880,880,},operator,0,54,1
370,882,882,},operator,0,55,0
371,885,890,signed,keyword,0,57,0
372,892,895,main,identifier,0,57,7
373,896,896,(,operator,0,57,11
374,897,897,),operator,0,57,12
375,899,899,{,operator,0,57,14
376,902,906,scanf,identifier,0,58,1
377,907,907,(,operator,0,58,6
378,908,911,"""%d""",string,0,58,7
379,912,912,",",operator,0,58,11
380,914,914,&,operator,0,58,13
381,915,915,n,identifier,0,58,14
382,916,916,),operator,0,58,15
383,917,917,;,operator,0,58,16
384,920,922,int,keyword,0,59,1
385,924,924,x,identifier,0,59,5
386,925,925,",",operator,0,59,6
387,927,927,y,identifier,0,59,8
388,928,928,;,operator,0,59,9
389,931,933,for,keyword,0,60,1
390,935,935,(,operator,0,60,5
391,936,938,int,keyword,0,60,6
392,940,940,i,identifier,0,60,10
393,942,942,=,operator,0,60,12
394,944,944,1,integer,0,60,14
395,945,945,;,operator,0,60,15
396,947,947,i,identifier,0,60,17
397,949,949,<,operator,0,60,19
398,951,951,n,identifier,0,60,21
399,952,952,;,operator,0,60,22
400,954,954,i,identifier,0,60,24
401,955,956,++,operator,0,60,25
402,957,957,),operator,0,60,27
403,959,959,{,operator,0,60,29
404,963,967,scanf,identifier,0,61,2
405,968,968,(,operator,0,61,7
406,969,974,"""%d%d""",string,0,61,8
407,975,975,",",operator,0,61,14
408,977,977,&,operator,0,61,16
409,978,978,x,identifier,0,61,17
410,979,979,",",operator,0,61,18
411,981,981,&,operator,0,61,20
412,982,982,y,identifier,0,61,21
413,983,983,),operator,0,61,22
414,984,984,;,operator,0,61,23
415,988,988,g,identifier,0,62,2
416,989,989,[,operator,0,62,3
417,990,990,x,identifier,0,62,4
418,991,991,],operator,0,62,5
419,992,992,.,operator,0,62,6
420,993,1001,push_back,identifier,0,62,7
421,1002,1002,(,operator,0,62,16
422,1003,1003,y,identifier,0,62,17
423,1004,1004,),operator,0,62,18
424,1005,1005,;,operator,0,62,19
425,1009,1009,g,identifier,0,63,2
426,1010,1010,[,operator,0,63,3
427,1011,1011,y,identifier,0,63,4
428,1012,1012,],operator,0,63,5
429,1013,1013,.,operator,0,63,6
430,1014,1022,push_back,identifier,0,63,7
431,1023,1023,(,operator,0,63,16
432,1024,1024,x,identifier,0,63,17
433,1025,1025,),operator,0,63,18
434,1026,1026,;,operator,0,63,19
435,1029,1029,},operator,0,64,1
436,1033,1035,for,keyword,0,65,1
437,1037,1037,(,operator,0,65,5
438,1038,1040,int,keyword,0,65,6
439,1042,1042,i,identifier,0,65,10
440,1044,1044,=,operator,0,65,12
441,1046,1046,1,integer,0,65,14
442,1047,1047,;,operator,0,65,15
443,1049,1049,i,identifier,0,65,17
444,1051,1052,<=,operator,0,65,19
445,1054,1054,n,identifier,0,65,22
446,1055,1055,;,operator,0,65,23
447,1057,1057,i,identifier,0,65,25
448,1058,1059,++,operator,0,65,26
449,1060,1060,),operator,0,65,28
450,1062,1062,{,operator,0,65,30
451,1066,1066,a,identifier,0,66,2
452,1067,1067,[,operator,0,66,3
453,1068,1068,i,identifier,0,66,4
454,1069,1069,],operator,0,66,5
455,1071,1071,=,operator,0,66,7
456,1073,1073,{,operator,0,66,9
457,1074,1074,-,operator,0,66,10
458,1075,1081,INT_MAX,identifier,0,66,11
459,1082,1082,",",operator,0,66,18
460,1084,1090,INT_MAX,identifier,0,66,20
461,1091,1091,},operator,0,66,27
462,1092,1092,;,operator,0,66,28
463,1095,1095,},operator,0,67,1
464,1098,1103,memset,identifier,0,68,1
465,1104,1104,(,operator,0,68,7
466,1105,1107,vis,identifier,0,68,8
467,1108,1108,",",operator,0,68,11
468,1110,1110,0,integer,0,68,13
469,1111,1111,",",operator,0,68,14
470,1113,1118,sizeof,keyword,0,68,16
471,1119,1119,(,operator,0,68,22
472,1120,1122,vis,identifier,0,68,23
473,1123,1123,),operator,0,68,26
474,1124,1124,),operator,0,68,27
475,1125,1125,;,operator,0,68,28
476,1128,1132,scanf,identifier,0,69,1
477,1133,1133,(,operator,0,69,6
478,1134,1137,"""%d""",string,0,69,7
479,1138,1138,",",operator,0,69,11
480,1140,1140,&,operator,0,69,13
481,1141,1141,k,identifier,0,69,14
482,1142,1142,),operator,0,69,15
483,1143,1143,;,operator,0,69,16
484,1146,1148,for,keyword,0,70,1
485,1150,1150,(,operator,0,70,5
486,1151,1153,int,keyword,0,70,6
487,1155,1155,i,identifier,0,70,10
488,1157,1157,=,operator,0,70,12
489,1159,1159,1,integer,0,70,14
490,1160,1160,;,operator,0,70,15
491,1162,1162,i,identifier,0,70,17
492,1164,1165,<=,operator,0,70,19
493,1167,1167,n,identifier,0,70,22
494,1168,1168,;,operator,0,70,23
495,1170,1170,i,identifier,0,70,25
496,1171,1172,++,operator,0,70,26
497,1173,1173,),operator,0,70,28
498,1175,1175,{,operator,0,70,30
499,1179,1179,h,identifier,0,71,2
500,1180,1180,[,operator,0,71,3
501,1181,1181,i,identifier,0,71,4
502,1182,1182,],operator,0,71,5
503,1184,1184,=,operator,0,71,7
504,1186,1186,-,operator,0,71,9
505,1187,1192,100001,integer,0,71,10
506,1193,1193,;,operator,0,71,16
507,1196,1196,},operator,0,72,1
508,1199,1201,for,keyword,0,73,1
509,1203,1203,(,operator,0,73,5
510,1204,1206,int,keyword,0,73,6
511,1208,1208,i,identifier,0,73,10
512,1210,1210,=,operator,0,73,12
513,1212,1212,1,integer,0,73,14
514,1213,1213,;,operator,0,73,15
515,1215,1215,i,identifier,0,73,17
516,1217,1218,<=,operator,0,73,19
517,1220,1220,k,identifier,0,73,22
518,1221,1221,;,operator,0,73,23
519,1223,1223,i,identifier,0,73,25
520,1224,1225,++,operator,0,73,26
521,1226,1226,),operator,0,73,28
522,1228,1228,{,operator,0,73,30
523,1232,1236,scanf,identifier,0,74,2
524,1237,1237,(,operator,0,74,7
525,1238,1243,"""%d%d""",string,0,74,8
526,1244,1244,",",operator,0,74,14
527,1246,1246,&,operator,0,74,16
528,1247,1247,x,identifier,0,74,17
529,1248,1248,",",operator,0,74,18
530,1250,1250,&,operator,0,74,20
531,1251,1251,y,identifier,0,74,21
532,1252,1252,),operator,0,74,22
533,1253,1253,;,operator,0,74,23
534,1257,1257,a,identifier,0,75,2
535,1258,1258,[,operator,0,75,3
536,1259,1259,x,identifier,0,75,4
537,1260,1260,],operator,0,75,5
538,1262,1262,=,operator,0,75,7
539,1264,1264,{,operator,0,75,9
540,1265,1265,y,identifier,0,75,10
541,1266,1266,",",operator,0,75,11
542,1268,1268,y,identifier,0,75,13
543,1269,1269,},operator,0,75,14
544,1270,1270,;,operator,0,75,15
545,1274,1274,h,identifier,0,76,2
546,1275,1275,[,operator,0,76,3
547,1276,1276,x,identifier,0,76,4
548,1277,1277,],operator,0,76,5
549,1279,1279,=,operator,0,76,7
550,1281,1281,y,identifier,0,76,9
551,1282,1282,;,operator,0,76,10
552,1285,1285,},operator,0,77,1
553,1288,1290,dfs,identifier,0,78,1
554,1291,1291,(,operator,0,78,4
555,1292,1292,1,integer,0,78,5
556,1293,1293,),operator,0,78,6
557,1294,1294,;,operator,0,78,7
558,1297,1298,if,keyword,0,79,1
559,1300,1300,(,operator,0,79,4
560,1301,1301,"!",operator,0,79,5
561,1302,1303,ok,identifier,0,79,6
562,1304,1304,),operator,0,79,8
563,1306,1306,{,operator,0,79,10
564,1310,1313,cout,identifier,0,80,2
565,1315,1315,<,operator,0,80,7
566,1316,1316,<,operator,0,80,8
567,1318,1321,"""No""",string,0,80,10
568,1322,1322,;,operator,0,80,14
569,1326,1331,return,keyword,0,81,2
570,1333,1333,0,integer,0,81,9
571,1334,1334,;,operator,0,81,10
572,1337,1337,},operator,0,82,1
573,1340,1343,else,keyword,0,83,1
574,1345,1345,{,operator,0,83,6
575,1349,1352,cout,identifier,0,84,2
576,1354,1354,<,operator,0,84,7
577,1355,1355,<,operator,0,84,8
578,1357,1363,"""Yes\n""",string,0,84,10
579,1364,1364,;,operator,0,84,17
580,1368,1373,memset,identifier,0,85,2
581,1374,1374,(,operator,0,85,8
582,1375,1377,vis,identifier,0,85,9
583,1378,1378,",",operator,0,85,12
584,1380,1380,0,integer,0,85,14
585,1381,1381,",",operator,0,85,15
586,1383,1388,sizeof,keyword,0,85,17
587,1389,1389,(,operator,0,85,23
588,1390,1392,vis,identifier,0,85,24
589,1393,1393,),operator,0,85,27
590,1394,1394,),operator,0,85,28
591,1395,1395,;,operator,0,85,29
592,1399,1399,h,identifier,0,86,2
593,1400,1400,[,operator,0,86,3
594,1401,1401,1,integer,0,86,4
595,1402,1402,],operator,0,86,5
596,1404,1404,=,operator,0,86,7
597,1406,1406,a,identifier,0,86,9
598,1407,1407,[,operator,0,86,10
599,1408,1408,1,integer,0,86,11
600,1409,1409,],operator,0,86,12
601,1410,1410,.,operator,0,86,13
602,1411,1411,l,identifier,0,86,14
603,1412,1412,;,operator,0,86,15
604,1416,1421,getres,identifier,0,87,2
605,1422,1422,(,operator,0,87,8
606,1423,1423,1,integer,0,87,9
607,1424,1424,),operator,0,87,10
608,1425,1425,;,operator,0,87,11
609,1429,1431,for,keyword,0,88,2
610,1433,1433,(,operator,0,88,6
611,1434,1436,int,keyword,0,88,7
612,1438,1438,i,identifier,0,88,11
613,1440,1440,=,operator,0,88,13
614,1442,1442,1,integer,0,88,15
615,1443,1443,;,operator,0,88,16
616,1445,1445,i,identifier,0,88,18
617,1446,1447,<=,operator,0,88,19
618,1449,1449,n,identifier,0,88,22
619,1450,1450,;,operator,0,88,23
620,1452,1452,i,identifier,0,88,25
621,1453,1454,++,operator,0,88,26
622,1455,1455,),operator,0,88,28
623,1457,1457,{,operator,0,88,30
624,1462,1465,cout,identifier,0,89,3
625,1467,1467,<,operator,0,89,8
626,1468,1468,<,operator,0,89,9
627,1470,1470,h,identifier,0,89,11
628,1471,1471,[,operator,0,89,12
629,1472,1472,i,identifier,0,89,13
630,1473,1473,],operator,0,89,14
631,1475,1475,<,operator,0,89,16
632,1476,1476,<,operator,0,89,17
633,1478,1481,"""\n""",string,0,89,19
634,1482,1482,;,operator,0,89,23
635,1486,1486,},operator,0,90,2
636,1489,1489,},operator,0,91,1
637,1491,1491,},operator,0,92,0
638,1492,1491,<EOF>,eof,0,92,1
