seqnr,start,stop,text,class,channel,line,column
0,10,26,"#include <cstdio>",directive,1,4,0
1,28,46,"#include <iostream>",directive,1,5,0
2,48,64,"#include <vector>",directive,1,6,0
3,67,71,using,keyword,0,8,0
4,73,81,namespace,keyword,0,8,6
5,83,85,std,identifier,0,8,16
6,86,86,;,operator,0,8,19
7,89,103,"#define INF 1e9",directive,1,10,0
8,106,108,int,keyword,0,12,0
9,110,110,N,identifier,0,12,4
10,111,111,",",operator,0,12,5
11,113,113,K,identifier,0,12,7
12,114,114,;,operator,0,12,8
13,116,121,vector,identifier,0,13,0
14,122,122,<,operator,0,13,6
15,123,125,int,keyword,0,13,7
16,126,126,>,operator,0,13,10
17,128,131,edge,identifier,0,13,12
18,132,132,[,operator,0,13,16
19,133,138,100005,integer,0,13,17
20,139,139,],operator,0,13,23
21,140,140,;,operator,0,13,24
22,183,185,int,keyword,0,14,0
23,187,187,v,identifier,0,14,4
24,188,188,[,operator,0,14,5
25,189,194,100005,integer,0,14,6
26,195,195,],operator,0,14,12
27,196,196,;,operator,0,14,13
28,231,233,int,keyword,0,15,0
29,235,237,par,identifier,0,15,4
30,238,238,[,operator,0,15,7
31,239,244,100005,integer,0,15,8
32,245,245,],operator,0,15,14
33,246,246,;,operator,0,15,15
34,279,281,int,keyword,0,16,0
35,283,284,lb,identifier,0,16,4
36,285,285,[,operator,0,16,6
37,286,291,100005,integer,0,16,7
38,292,292,],operator,0,16,13
39,293,293,",",operator,0,16,14
40,295,296,ub,identifier,0,16,16
41,297,297,[,operator,0,16,18
42,298,303,100005,integer,0,16,19
43,304,304,],operator,0,16,25
44,305,305,;,operator,0,16,26
45,388,390,int,keyword,0,18,0
46,392,395,root,identifier,0,18,4
47,396,396,;,operator,0,18,8
48,399,402,void,keyword,0,20,0
49,404,406,dfs,identifier,0,20,5
50,407,407,(,operator,0,20,8
51,408,410,int,keyword,0,20,9
52,412,417,vertex,identifier,0,20,13
53,418,418,),operator,0,20,19
54,420,420,{,operator,0,20,21
55,426,428,for,keyword,0,21,4
56,430,430,(,operator,0,21,8
57,431,433,int,keyword,0,21,9
58,435,435,i,identifier,0,21,13
59,437,437,=,operator,0,21,15
60,439,439,0,integer,0,21,17
61,440,440,;,operator,0,21,18
62,442,442,i,identifier,0,21,20
63,444,444,<,operator,0,21,22
64,446,449,edge,identifier,0,21,24
65,450,450,[,operator,0,21,28
66,451,456,vertex,identifier,0,21,29
67,457,457,],operator,0,21,35
68,458,458,.,operator,0,21,36
69,459,462,size,identifier,0,21,37
70,463,463,(,operator,0,21,41
71,464,464,),operator,0,21,42
72,465,465,;,operator,0,21,43
73,467,468,++,operator,0,21,45
74,469,469,i,identifier,0,21,47
75,470,470,),operator,0,21,48
76,472,472,{,operator,0,21,50
77,482,484,int,keyword,0,22,8
78,486,495,nextVertex,identifier,0,22,12
79,497,497,=,operator,0,22,23
80,499,502,edge,identifier,0,22,25
81,503,503,[,operator,0,22,29
82,504,509,vertex,identifier,0,22,30
83,510,510,],operator,0,22,36
84,511,511,[,operator,0,22,37
85,512,512,i,identifier,0,22,38
86,513,513,],operator,0,22,39
87,514,514,;,operator,0,22,40
88,524,525,if,keyword,0,23,8
89,527,527,(,operator,0,23,11
90,528,537,nextVertex,identifier,0,23,12
91,539,540,"!=",operator,0,23,23
92,542,544,par,identifier,0,23,26
93,545,545,[,operator,0,23,29
94,546,551,vertex,identifier,0,23,30
95,552,552,],operator,0,23,36
96,553,553,),operator,0,23,37
97,555,555,{,operator,0,23,39
98,569,571,par,identifier,0,24,12
99,572,572,[,operator,0,24,15
100,573,582,nextVertex,identifier,0,24,16
101,583,583,],operator,0,24,26
102,585,585,=,operator,0,24,28
103,587,592,vertex,identifier,0,24,30
104,593,593,;,operator,0,24,36
105,607,609,dfs,identifier,0,25,12
106,610,610,(,operator,0,25,15
107,611,620,nextVertex,identifier,0,25,16
108,621,621,),operator,0,25,26
109,622,622,;,operator,0,25,27
110,632,632,},operator,0,26,8
111,634,637,else,keyword,0,26,10
112,639,639,{,operator,0,26,15
113,674,674,},operator,0,28,8
114,680,680,},operator,0,29,4
115,687,689,for,keyword,0,31,4
116,691,691,(,operator,0,31,8
117,692,694,int,keyword,0,31,9
118,696,696,i,identifier,0,31,13
119,698,698,=,operator,0,31,15
120,700,700,0,integer,0,31,17
121,701,701,;,operator,0,31,18
122,703,703,i,identifier,0,31,20
123,705,705,<,operator,0,31,22
124,707,710,edge,identifier,0,31,24
125,711,711,[,operator,0,31,28
126,712,717,vertex,identifier,0,31,29
127,718,718,],operator,0,31,35
128,719,719,.,operator,0,31,36
129,720,723,size,identifier,0,31,37
130,724,724,(,operator,0,31,41
131,725,725,),operator,0,31,42
132,726,726,;,operator,0,31,43
133,728,729,++,operator,0,31,45
134,730,730,i,identifier,0,31,47
135,731,731,),operator,0,31,48
136,733,733,{,operator,0,31,50
137,743,745,int,keyword,0,32,8
138,747,756,nextVertex,identifier,0,32,12
139,758,758,=,operator,0,32,23
140,760,763,edge,identifier,0,32,25
141,764,764,[,operator,0,32,29
142,765,770,vertex,identifier,0,32,30
143,771,771,],operator,0,32,36
144,772,772,[,operator,0,32,37
145,773,773,i,identifier,0,32,38
146,774,774,],operator,0,32,39
147,775,775,;,operator,0,32,40
148,785,786,lb,identifier,0,33,8
149,787,787,[,operator,0,33,10
150,788,793,vertex,identifier,0,33,11
151,794,794,],operator,0,33,17
152,796,796,=,operator,0,33,19
153,798,800,max,identifier,0,33,21
154,801,801,(,operator,0,33,24
155,802,803,lb,identifier,0,33,25
156,804,804,[,operator,0,33,27
157,805,810,vertex,identifier,0,33,28
158,811,811,],operator,0,33,34
159,812,812,",",operator,0,33,35
160,814,815,lb,identifier,0,33,37
161,816,816,[,operator,0,33,39
162,817,826,nextVertex,identifier,0,33,40
163,827,827,],operator,0,33,50
164,829,829,-,operator,0,33,52
165,831,831,1,integer,0,33,54
166,832,832,),operator,0,33,55
167,833,833,;,operator,0,33,56
168,843,844,ub,identifier,0,34,8
169,845,845,[,operator,0,34,10
170,846,851,vertex,identifier,0,34,11
171,852,852,],operator,0,34,17
172,854,854,=,operator,0,34,19
173,856,858,min,identifier,0,34,21
174,859,859,(,operator,0,34,24
175,860,861,ub,identifier,0,34,25
176,862,862,[,operator,0,34,27
177,863,868,vertex,identifier,0,34,28
178,869,869,],operator,0,34,34
179,870,870,",",operator,0,34,35
180,872,873,ub,identifier,0,34,37
181,874,874,[,operator,0,34,39
182,875,884,nextVertex,identifier,0,34,40
183,885,885,],operator,0,34,50
184,887,887,+,operator,0,34,52
185,889,889,1,integer,0,34,54
186,890,890,),operator,0,34,55
187,891,891,;,operator,0,34,56
188,897,897,},operator,0,35,4
189,899,899,},operator,0,36,0
190,932,935,void,keyword,0,39,0
191,937,940,dfs2,identifier,0,39,5
192,941,941,(,operator,0,39,9
193,942,944,int,keyword,0,39,10
194,946,951,vertex,identifier,0,39,14
195,952,952,),operator,0,39,20
196,954,954,{,operator,0,39,22
197,960,962,for,keyword,0,40,4
198,964,964,(,operator,0,40,8
199,965,967,int,keyword,0,40,9
200,969,969,i,identifier,0,40,13
201,971,971,=,operator,0,40,15
202,973,973,0,integer,0,40,17
203,974,974,;,operator,0,40,18
204,976,976,i,identifier,0,40,20
205,978,978,<,operator,0,40,22
206,980,983,edge,identifier,0,40,24
207,984,984,[,operator,0,40,28
208,985,990,vertex,identifier,0,40,29
209,991,991,],operator,0,40,35
210,992,992,.,operator,0,40,36
211,993,996,size,identifier,0,40,37
212,997,997,(,operator,0,40,41
213,998,998,),operator,0,40,42
214,999,999,;,operator,0,40,43
215,1001,1002,++,operator,0,40,45
216,1003,1003,i,identifier,0,40,47
217,1004,1004,),operator,0,40,48
218,1006,1006,{,operator,0,40,50
219,1016,1018,int,keyword,0,41,8
220,1020,1029,nextVertex,identifier,0,41,12
221,1031,1031,=,operator,0,41,23
222,1033,1036,edge,identifier,0,41,25
223,1037,1037,[,operator,0,41,29
224,1038,1043,vertex,identifier,0,41,30
225,1044,1044,],operator,0,41,36
226,1045,1045,[,operator,0,41,37
227,1046,1046,i,identifier,0,41,38
228,1047,1047,],operator,0,41,39
229,1048,1048,;,operator,0,41,40
230,1058,1059,if,keyword,0,42,8
231,1061,1061,(,operator,0,42,11
232,1062,1071,nextVertex,identifier,0,42,12
233,1073,1074,"!=",operator,0,42,23
234,1076,1078,par,identifier,0,42,26
235,1079,1079,[,operator,0,42,29
236,1080,1085,vertex,identifier,0,42,30
237,1086,1086,],operator,0,42,36
238,1087,1087,),operator,0,42,37
239,1089,1089,{,operator,0,42,39
240,1103,1105,par,identifier,0,43,12
241,1106,1106,[,operator,0,43,15
242,1107,1116,nextVertex,identifier,0,43,16
243,1117,1117,],operator,0,43,26
244,1119,1119,=,operator,0,43,28
245,1121,1126,vertex,identifier,0,43,30
246,1127,1127,;,operator,0,43,36
247,1141,1143,int,keyword,0,44,12
248,1145,1147,tmp,identifier,0,44,16
249,1148,1148,;,operator,0,44,19
250,1162,1164,tmp,identifier,0,45,12
251,1166,1166,=,operator,0,45,16
252,1168,1168,v,identifier,0,45,18
253,1169,1169,[,operator,0,45,19
254,1170,1175,vertex,identifier,0,45,20
255,1176,1176,],operator,0,45,26
256,1178,1178,+,operator,0,45,28
257,1180,1180,1,integer,0,45,30
258,1181,1181,;,operator,0,45,31
259,1195,1196,if,keyword,0,46,12
260,1198,1198,(,operator,0,46,15
261,1199,1200,lb,identifier,0,46,16
262,1201,1201,[,operator,0,46,18
263,1202,1211,nextVertex,identifier,0,46,19
264,1212,1212,],operator,0,46,29
265,1214,1215,<=,operator,0,46,31
266,1217,1219,tmp,identifier,0,46,34
267,1221,1222,&&,operator,0,46,38
268,1224,1226,tmp,identifier,0,46,41
269,1228,1229,<=,operator,0,46,45
270,1231,1232,ub,identifier,0,46,48
271,1233,1233,[,operator,0,46,50
272,1234,1243,nextVertex,identifier,0,46,51
273,1244,1244,],operator,0,46,61
274,1245,1245,),operator,0,46,62
275,1247,1247,{,operator,0,46,64
276,1265,1265,v,identifier,0,47,16
277,1266,1266,[,operator,0,47,17
278,1267,1276,nextVertex,identifier,0,47,18
279,1277,1277,],operator,0,47,28
280,1279,1279,=,operator,0,47,30
281,1281,1283,tmp,identifier,0,47,32
282,1284,1284,;,operator,0,47,35
283,1298,1298,},operator,0,48,12
284,1300,1303,else,keyword,0,48,14
285,1305,1305,{,operator,0,48,19
286,1323,1325,tmp,identifier,0,49,16
287,1327,1327,=,operator,0,49,20
288,1329,1329,v,identifier,0,49,22
289,1330,1330,[,operator,0,49,23
290,1331,1336,vertex,identifier,0,49,24
291,1337,1337,],operator,0,49,30
292,1339,1339,-,operator,0,49,32
293,1341,1341,1,integer,0,49,34
294,1342,1342,;,operator,0,49,35
295,1360,1361,if,keyword,0,50,16
296,1363,1363,(,operator,0,50,19
297,1364,1365,lb,identifier,0,50,20
298,1366,1366,[,operator,0,50,22
299,1367,1376,nextVertex,identifier,0,50,23
300,1377,1377,],operator,0,50,33
301,1379,1380,<=,operator,0,50,35
302,1382,1384,tmp,identifier,0,50,38
303,1386,1387,&&,operator,0,50,42
304,1389,1391,tmp,identifier,0,50,45
305,1393,1394,<=,operator,0,50,49
306,1396,1397,ub,identifier,0,50,52
307,1398,1398,[,operator,0,50,54
308,1399,1408,nextVertex,identifier,0,50,55
309,1409,1409,],operator,0,50,65
310,1410,1410,),operator,0,50,66
311,1412,1412,{,operator,0,50,68
312,1434,1434,v,identifier,0,51,20
313,1435,1435,[,operator,0,51,21
314,1436,1445,nextVertex,identifier,0,51,22
315,1446,1446,],operator,0,51,32
316,1448,1448,=,operator,0,51,34
317,1450,1452,tmp,identifier,0,51,36
318,1453,1453,;,operator,0,51,39
319,1471,1471,},operator,0,52,16
320,1473,1476,else,keyword,0,52,18
321,1478,1478,{,operator,0,52,23
322,1541,1542,lb,identifier,0,54,20
323,1543,1543,[,operator,0,54,22
324,1544,1547,root,identifier,0,54,23
325,1548,1548,],operator,0,54,27
326,1550,1550,=,operator,0,54,29
327,1552,1554,INF,identifier,0,54,31
328,1555,1555,;,operator,0,54,34
329,1577,1578,ub,identifier,0,55,20
330,1579,1579,[,operator,0,55,22
331,1580,1583,root,identifier,0,55,23
332,1584,1584,],operator,0,55,27
333,1586,1586,=,operator,0,55,29
334,1588,1588,-,operator,0,55,31
335,1589,1591,INF,identifier,0,55,32
336,1592,1592,;,operator,0,55,35
337,1614,1619,return,keyword,0,56,20
338,1620,1620,;,operator,0,56,26
339,1638,1638,},operator,0,57,16
340,1652,1652,},operator,0,58,12
341,1666,1669,dfs2,identifier,0,59,12
342,1670,1670,(,operator,0,59,16
343,1671,1680,nextVertex,identifier,0,59,17
344,1681,1681,),operator,0,59,27
345,1682,1682,;,operator,0,59,28
346,1692,1692,},operator,0,60,8
347,1694,1697,else,keyword,0,60,10
348,1699,1699,{,operator,0,60,15
349,1734,1734,},operator,0,62,8
350,1740,1740,},operator,0,63,4
351,1742,1742,},operator,0,64,0
352,1745,1747,int,keyword,0,66,0
353,1749,1752,main,identifier,0,66,4
354,1753,1753,(,operator,0,66,8
355,1754,1754,),operator,0,66,9
356,1755,1755,{,operator,0,66,10
357,1797,1801,scanf,identifier,0,68,4
358,1802,1802,(,operator,0,68,9
359,1803,1806,"""%d""",string,0,68,10
360,1807,1807,",",operator,0,68,14
361,1809,1809,&,operator,0,68,16
362,1810,1810,N,identifier,0,68,17
363,1811,1811,),operator,0,68,18
364,1812,1812,;,operator,0,68,19
365,1818,1820,int,keyword,0,69,4
366,1822,1822,a,identifier,0,69,8
367,1823,1823,",",operator,0,69,9
368,1825,1825,b,identifier,0,69,11
369,1826,1826,;,operator,0,69,12
370,1832,1834,for,keyword,0,70,4
371,1836,1836,(,operator,0,70,8
372,1837,1839,int,keyword,0,70,9
373,1841,1841,i,identifier,0,70,13
374,1843,1843,=,operator,0,70,15
375,1845,1845,0,integer,0,70,17
376,1846,1846,;,operator,0,70,18
377,1848,1848,i,identifier,0,70,20
378,1850,1850,<,operator,0,70,22
379,1852,1852,N,identifier,0,70,24
380,1853,1853,-,operator,0,70,25
381,1854,1854,1,integer,0,70,26
382,1855,1855,;,operator,0,70,27
383,1857,1858,++,operator,0,70,29
384,1859,1859,i,identifier,0,70,31
385,1860,1860,),operator,0,70,32
386,1862,1862,{,operator,0,70,34
387,1872,1876,scanf,identifier,0,71,8
388,1877,1877,(,operator,0,71,13
389,1878,1884,"""%d %d""",string,0,71,14
390,1885,1885,",",operator,0,71,21
391,1887,1887,&,operator,0,71,23
392,1888,1888,a,identifier,0,71,24
393,1889,1889,",",operator,0,71,25
394,1891,1891,&,operator,0,71,27
395,1892,1892,b,identifier,0,71,28
396,1893,1893,),operator,0,71,29
397,1894,1894,;,operator,0,71,30
398,1904,1907,edge,identifier,0,72,8
399,1908,1908,[,operator,0,72,12
400,1909,1909,a,identifier,0,72,13
401,1910,1910,],operator,0,72,14
402,1911,1911,.,operator,0,72,15
403,1912,1920,push_back,identifier,0,72,16
404,1921,1921,(,operator,0,72,25
405,1922,1922,b,identifier,0,72,26
406,1923,1923,),operator,0,72,27
407,1924,1924,;,operator,0,72,28
408,1934,1937,edge,identifier,0,73,8
409,1938,1938,[,operator,0,73,12
410,1939,1939,b,identifier,0,73,13
411,1940,1940,],operator,0,73,14
412,1941,1941,.,operator,0,73,15
413,1942,1950,push_back,identifier,0,73,16
414,1951,1951,(,operator,0,73,25
415,1952,1952,a,identifier,0,73,26
416,1953,1953,),operator,0,73,27
417,1954,1954,;,operator,0,73,28
418,1961,1961,},operator,0,75,4
419,1979,1981,for,keyword,0,77,4
420,1983,1983,(,operator,0,77,8
421,1984,1986,int,keyword,0,77,9
422,1988,1988,i,identifier,0,77,13
423,1990,1990,=,operator,0,77,15
424,1992,1992,1,integer,0,77,17
425,1993,1993,;,operator,0,77,18
426,1995,1995,i,identifier,0,77,20
427,1997,1998,<=,operator,0,77,22
428,2000,2000,N,identifier,0,77,25
429,2001,2001,;,operator,0,77,26
430,2003,2004,++,operator,0,77,28
431,2005,2005,i,identifier,0,77,30
432,2006,2006,),operator,0,77,31
433,2008,2008,{,operator,0,77,33
434,2018,2018,v,identifier,0,78,8
435,2019,2019,[,operator,0,78,9
436,2020,2020,i,identifier,0,78,10
437,2021,2021,],operator,0,78,11
438,2023,2023,=,operator,0,78,13
439,2025,2027,INF,identifier,0,78,15
440,2028,2028,;,operator,0,78,18
441,2038,2039,lb,identifier,0,79,8
442,2040,2040,[,operator,0,79,10
443,2041,2041,i,identifier,0,79,11
444,2042,2042,],operator,0,79,12
445,2044,2044,=,operator,0,79,14
446,2046,2046,-,operator,0,79,16
447,2047,2049,INF,identifier,0,79,17
448,2050,2050,;,operator,0,79,20
449,2060,2061,ub,identifier,0,80,8
450,2062,2062,[,operator,0,80,10
451,2063,2063,i,identifier,0,80,11
452,2064,2064,],operator,0,80,12
453,2066,2066,=,operator,0,80,14
454,2068,2070,INF,identifier,0,80,16
455,2071,2071,;,operator,0,80,19
456,2077,2077,},operator,0,81,4
457,2084,2088,scanf,identifier,0,83,4
458,2089,2089,(,operator,0,83,9
459,2090,2093,"""%d""",string,0,83,10
460,2094,2094,",",operator,0,83,14
461,2096,2096,&,operator,0,83,16
462,2097,2097,K,identifier,0,83,17
463,2098,2098,),operator,0,83,18
464,2099,2099,;,operator,0,83,19
465,2105,2107,for,keyword,0,84,4
466,2109,2109,(,operator,0,84,8
467,2110,2112,int,keyword,0,84,9
468,2114,2114,i,identifier,0,84,13
469,2116,2116,=,operator,0,84,15
470,2118,2118,0,integer,0,84,17
471,2119,2119,;,operator,0,84,18
472,2121,2121,i,identifier,0,84,20
473,2123,2123,<,operator,0,84,22
474,2125,2125,K,identifier,0,84,24
475,2126,2126,;,operator,0,84,25
476,2128,2129,++,operator,0,84,27
477,2130,2130,i,identifier,0,84,29
478,2131,2131,),operator,0,84,30
479,2133,2133,{,operator,0,84,32
480,2143,2145,int,keyword,0,85,8
481,2147,2152,vertex,identifier,0,85,12
482,2153,2153,",",operator,0,85,18
483,2155,2155,p,identifier,0,85,20
484,2156,2156,;,operator,0,85,21
485,2166,2170,scanf,identifier,0,86,8
486,2171,2171,(,operator,0,86,13
487,2172,2178,"""%d %d""",string,0,86,14
488,2179,2179,",",operator,0,86,21
489,2181,2181,&,operator,0,86,23
490,2182,2187,vertex,identifier,0,86,24
491,2188,2188,",",operator,0,86,30
492,2190,2190,&,operator,0,86,32
493,2191,2191,p,identifier,0,86,33
494,2192,2192,),operator,0,86,34
495,2193,2193,;,operator,0,86,35
496,2203,2203,v,identifier,0,87,8
497,2204,2204,[,operator,0,87,9
498,2205,2210,vertex,identifier,0,87,10
499,2211,2211,],operator,0,87,16
500,2213,2213,=,operator,0,87,18
501,2215,2215,p,identifier,0,87,20
502,2216,2216,;,operator,0,87,21
503,2226,2227,lb,identifier,0,88,8
504,2228,2228,[,operator,0,88,10
505,2229,2234,vertex,identifier,0,88,11
506,2235,2235,],operator,0,88,17
507,2237,2237,=,operator,0,88,19
508,2239,2240,ub,identifier,0,88,21
509,2241,2241,[,operator,0,88,23
510,2242,2247,vertex,identifier,0,88,24
511,2248,2248,],operator,0,88,30
512,2250,2250,=,operator,0,88,32
513,2252,2252,p,identifier,0,88,34
514,2253,2253,;,operator,0,88,35
515,2263,2266,root,identifier,0,89,8
516,2268,2268,=,operator,0,89,13
517,2270,2275,vertex,identifier,0,89,15
518,2276,2276,;,operator,0,89,21
519,2282,2282,},operator,0,90,4
520,2288,2290,par,identifier,0,91,4
521,2291,2291,[,operator,0,91,7
522,2292,2295,root,identifier,0,91,8
523,2296,2296,],operator,0,91,12
524,2298,2298,=,operator,0,91,14
525,2300,2303,root,identifier,0,91,16
526,2304,2304,;,operator,0,91,20
527,2310,2312,dfs,identifier,0,92,4
528,2313,2313,(,operator,0,92,7
529,2314,2317,root,identifier,0,92,8
530,2318,2318,),operator,0,92,12
531,2319,2319,;,operator,0,92,13
532,2325,2328,dfs2,identifier,0,93,4
533,2329,2329,(,operator,0,93,8
534,2330,2333,root,identifier,0,93,9
535,2334,2334,),operator,0,93,13
536,2335,2335,;,operator,0,93,14
537,2342,2343,if,keyword,0,95,4
538,2345,2345,(,operator,0,95,7
539,2346,2347,lb,identifier,0,95,8
540,2348,2348,[,operator,0,95,10
541,2349,2352,root,identifier,0,95,11
542,2353,2353,],operator,0,95,15
543,2355,2356,==,operator,0,95,17
544,2358,2358,v,identifier,0,95,20
545,2359,2359,[,operator,0,95,21
546,2360,2363,root,identifier,0,95,22
547,2364,2364,],operator,0,95,26
548,2366,2367,&&,operator,0,95,28
549,2369,2370,ub,identifier,0,95,31
550,2371,2371,[,operator,0,95,33
551,2372,2375,root,identifier,0,95,34
552,2376,2376,],operator,0,95,38
553,2378,2379,==,operator,0,95,40
554,2381,2381,v,identifier,0,95,43
555,2382,2382,[,operator,0,95,44
556,2383,2386,root,identifier,0,95,45
557,2387,2387,],operator,0,95,49
558,2388,2388,),operator,0,95,50
559,2390,2390,{,operator,0,95,52
560,2420,2425,printf,identifier,0,97,8
561,2426,2426,(,operator,0,97,14
562,2427,2433,"""Yes\n""",string,0,97,15
563,2434,2434,),operator,0,97,22
564,2435,2435,;,operator,0,97,23
565,2445,2447,for,keyword,0,98,8
566,2449,2449,(,operator,0,98,12
567,2450,2452,int,keyword,0,98,13
568,2454,2454,i,identifier,0,98,17
569,2456,2456,=,operator,0,98,19
570,2458,2458,1,integer,0,98,21
571,2459,2459,;,operator,0,98,22
572,2461,2461,i,identifier,0,98,24
573,2463,2464,<=,operator,0,98,26
574,2465,2465,N,identifier,0,98,28
575,2466,2466,;,operator,0,98,29
576,2468,2469,++,operator,0,98,31
577,2470,2470,i,identifier,0,98,33
578,2471,2471,),operator,0,98,34
579,2473,2473,{,operator,0,98,36
580,2487,2492,printf,identifier,0,99,12
581,2493,2493,(,operator,0,99,18
582,2494,2499,"""%d\n""",string,0,99,19
583,2500,2500,",",operator,0,99,25
584,2502,2502,v,identifier,0,99,27
585,2503,2503,[,operator,0,99,28
586,2504,2504,i,identifier,0,99,29
587,2505,2505,],operator,0,99,30
588,2506,2506,),operator,0,99,31
589,2507,2507,;,operator,0,99,32
590,2517,2517,},operator,0,100,8
591,2523,2523,},operator,0,101,4
592,2525,2528,else,keyword,0,101,6
593,2530,2530,{,operator,0,101,11
594,2540,2545,printf,identifier,0,102,8
595,2546,2546,(,operator,0,102,14
596,2547,2552,"""No\n""",string,0,102,15
597,2553,2553,),operator,0,102,21
598,2554,2554,;,operator,0,102,22
599,2560,2560,},operator,0,103,4
600,2569,2574,return,keyword,0,107,4
601,2576,2576,0,integer,0,107,11
602,2577,2577,;,operator,0,107,12
603,2579,2579,},operator,0,108,0
604,2581,2580,<EOF>,eof,0,109,0
