seqnr,start,stop,text,class,channel,line,column
0,0,16,"#include <cstdio>",directive,1,1,0
1,18,35,"#include <cstdlib>",directive,1,2,0
2,37,52,"#include <cmath>",directive,1,3,0
3,54,71,"#include <cstring>",directive,1,4,0
4,74,92,"#include <iostream>",directive,1,6,0
5,94,110,"#include <string>",directive,1,7,0
6,112,131,"#include <algorithm>",directive,1,8,0
7,133,149,"#include <vector>",directive,1,9,0
8,151,166,"#include <queue>",directive,1,10,0
9,168,183,"#include <stack>",directive,1,11,0
10,185,198,"#include <map>",directive,1,12,0
11,200,213,"#include <set>",directive,1,13,0
12,215,238,"#include <unordered_map>",directive,1,14,0
13,240,263,"#include <unordered_set>",directive,1,15,0
14,266,286,"#include <functional>",directive,1,17,0
15,288,305,"#include <cassert>",directive,1,18,0
16,308,314,typedef,keyword,0,20,0
17,316,319,long,keyword,0,20,8
18,321,324,long,keyword,0,20,13
19,326,327,ll,identifier,0,20,18
20,328,328,;,operator,0,20,20
21,330,334,using,keyword,0,21,0
22,336,344,namespace,keyword,0,21,6
23,346,348,std,identifier,0,21,16
24,349,349,;,operator,0,21,19
25,352,401,"#define debug(x) cerr << #x << "" = "" << x << endl;",directive,1,23,0
26,405,448,"#define mod 1000000007 //1e9+7(prime number)",directive,1,26,0
27,450,477,"#define INF 1000000000 //1e9",directive,1,27,0
28,479,520,"#define LLINF 2000000000000000000LL //2e18",directive,1,28,0
29,522,540,"#define SIZE 100010",directive,1,29,0
30,543,545,int,keyword,0,31,0
31,547,547,n,identifier,0,31,4
32,548,548,;,operator,0,31,5
33,550,555,vector,identifier,0,32,0
34,556,556,<,operator,0,32,6
35,557,559,int,keyword,0,32,7
36,560,560,>,operator,0,32,10
37,562,564,way,identifier,0,32,12
38,565,565,[,operator,0,32,15
39,566,569,SIZE,identifier,0,32,16
40,570,570,],operator,0,32,20
41,571,571,;,operator,0,32,21
42,573,575,int,keyword,0,33,0
43,577,579,num,identifier,0,33,4
44,580,580,[,operator,0,33,7
45,581,584,SIZE,identifier,0,33,8
46,585,585,],operator,0,33,12
47,586,586,",",operator,0,33,13
48,587,588,mi,identifier,0,33,14
49,589,589,[,operator,0,33,16
50,590,593,SIZE,identifier,0,33,17
51,594,594,],operator,0,33,21
52,595,595,",",operator,0,33,22
53,596,597,ma,identifier,0,33,23
54,598,598,[,operator,0,33,25
55,599,602,SIZE,identifier,0,33,26
56,603,603,],operator,0,33,30
57,604,604,;,operator,0,33,31
58,607,610,bool,keyword,0,35,0
59,612,615,flag,identifier,0,35,5
60,617,617,=,operator,0,35,10
61,619,622,true,keyword,0,35,12
62,623,623,;,operator,0,35,16
63,626,629,pair,identifier,0,37,0
64,630,630,<,operator,0,37,4
65,631,633,int,keyword,0,37,5
66,634,634,",",operator,0,37,8
67,635,637,int,keyword,0,37,9
68,638,638,>,operator,0,37,12
69,640,642,dfs,identifier,0,37,14
70,643,643,(,operator,0,37,17
71,644,646,int,keyword,0,37,18
72,648,650,now,identifier,0,37,22
73,651,651,",",operator,0,37,25
74,653,655,int,keyword,0,37,27
75,657,660,back,identifier,0,37,31
76,661,661,",",operator,0,37,35
77,663,665,int,keyword,0,37,37
78,667,667,p,identifier,0,37,41
79,668,668,),operator,0,37,42
80,669,669,{,operator,0,37,43
81,712,713,if,keyword,0,42,2
82,714,714,(,operator,0,42,4
83,715,717,num,identifier,0,42,5
84,718,718,[,operator,0,42,8
85,719,721,now,identifier,0,42,9
86,722,722,],operator,0,42,12
87,724,725,"!=",operator,0,42,14
88,727,727,-,operator,0,42,17
89,728,730,INF,identifier,0,42,18
90,732,733,&&,operator,0,42,22
91,735,735,p,identifier,0,42,25
92,736,736,%,operator,0,42,26
93,737,737,2,integer,0,42,27
94,739,740,"!=",operator,0,42,29
95,742,744,num,identifier,0,42,32
96,745,745,[,operator,0,42,35
97,746,748,now,identifier,0,42,36
98,749,749,],operator,0,42,39
99,750,750,%,operator,0,42,40
100,751,751,2,integer,0,42,41
101,752,752,),operator,0,42,42
102,753,753,{,operator,0,42,43
103,759,762,flag,identifier,0,43,4
104,764,764,=,operator,0,43,9
105,766,770,false,keyword,0,43,11
106,771,771,;,operator,0,43,16
107,777,782,return,keyword,0,44,4
108,784,792,make_pair,identifier,0,44,11
109,793,793,(,operator,0,44,20
110,794,794,-,operator,0,44,21
111,795,797,INF,identifier,0,44,22
112,798,798,",",operator,0,44,25
113,799,799,-,operator,0,44,26
114,800,802,INF,identifier,0,44,27
115,803,803,),operator,0,44,30
116,804,804,;,operator,0,44,31
117,808,808,},operator,0,45,2
118,830,832,int,keyword,0,49,2
119,834,834,l,identifier,0,49,6
120,836,836,=,operator,0,49,8
121,838,838,-,operator,0,49,10
122,839,841,INF,identifier,0,49,11
123,842,842,+,operator,0,49,14
124,843,843,1,integer,0,49,15
125,844,844,",",operator,0,49,16
126,846,846,r,identifier,0,49,18
127,848,848,=,operator,0,49,20
128,850,852,INF,identifier,0,49,22
129,853,853,-,operator,0,49,25
130,854,854,1,integer,0,49,26
131,855,855,;,operator,0,49,27
132,868,869,if,keyword,0,51,2
133,870,870,(,operator,0,51,4
134,871,873,num,identifier,0,51,5
135,874,874,[,operator,0,51,8
136,875,877,now,identifier,0,51,9
137,878,878,],operator,0,51,12
138,880,881,"!=",operator,0,51,14
139,883,883,-,operator,0,51,17
140,884,886,INF,identifier,0,51,18
141,887,887,),operator,0,51,21
142,888,888,{,operator,0,51,22
143,894,894,p,identifier,0,52,4
144,896,896,=,operator,0,52,6
145,898,900,num,identifier,0,52,8
146,901,901,[,operator,0,52,11
147,902,904,now,identifier,0,52,12
148,905,905,],operator,0,52,15
149,906,906,;,operator,0,52,16
150,912,912,l,identifier,0,53,4
151,914,914,=,operator,0,53,6
152,916,916,r,identifier,0,53,8
153,918,918,=,operator,0,53,10
154,920,922,num,identifier,0,53,12
155,923,923,[,operator,0,53,15
156,924,926,now,identifier,0,53,16
157,927,927,],operator,0,53,19
158,928,928,;,operator,0,53,20
159,932,932,},operator,0,54,2
160,939,941,for,keyword,0,56,2
161,942,942,(,operator,0,56,5
162,943,945,int,keyword,0,56,6
163,947,947,i,identifier,0,56,10
164,948,948,=,operator,0,56,11
165,949,949,0,integer,0,56,12
166,950,950,;,operator,0,56,13
167,951,951,i,identifier,0,56,14
168,952,952,<,operator,0,56,15
169,953,955,way,identifier,0,56,16
170,956,956,[,operator,0,56,19
171,957,959,now,identifier,0,56,20
172,960,960,],operator,0,56,23
173,961,961,.,operator,0,56,24
174,962,965,size,identifier,0,56,25
175,966,966,(,operator,0,56,29
176,967,967,),operator,0,56,30
177,968,968,;,operator,0,56,31
178,969,969,i,identifier,0,56,32
179,970,971,++,operator,0,56,33
180,972,972,),operator,0,56,35
181,973,973,{,operator,0,56,36
182,979,980,if,keyword,0,57,4
183,981,981,(,operator,0,57,6
184,982,984,way,identifier,0,57,7
185,985,985,[,operator,0,57,10
186,986,988,now,identifier,0,57,11
187,989,989,],operator,0,57,14
188,990,990,[,operator,0,57,15
189,991,991,i,identifier,0,57,16
190,992,992,],operator,0,57,17
191,994,995,==,operator,0,57,19
192,997,1000,back,identifier,0,57,22
193,1001,1001,),operator,0,57,26
194,1003,1010,continue,keyword,0,57,28
195,1011,1011,;,operator,0,57,36
196,1017,1020,pair,identifier,0,58,4
197,1021,1021,<,operator,0,58,8
198,1022,1024,int,keyword,0,58,9
199,1025,1025,",",operator,0,58,12
200,1026,1028,int,keyword,0,58,13
201,1029,1029,>,operator,0,58,16
202,1031,1033,ret,identifier,0,58,18
203,1035,1035,=,operator,0,58,22
204,1037,1039,dfs,identifier,0,58,24
205,1040,1040,(,operator,0,58,27
206,1041,1043,way,identifier,0,58,28
207,1044,1044,[,operator,0,58,31
208,1045,1047,now,identifier,0,58,32
209,1048,1048,],operator,0,58,35
210,1049,1049,[,operator,0,58,36
211,1050,1050,i,identifier,0,58,37
212,1051,1051,],operator,0,58,38
213,1052,1052,",",operator,0,58,39
214,1054,1056,now,identifier,0,58,41
215,1057,1057,",",operator,0,58,44
216,1059,1059,p,identifier,0,58,46
217,1060,1060,+,operator,0,58,47
218,1061,1061,1,integer,0,58,48
219,1062,1062,),operator,0,58,49
220,1063,1063,;,operator,0,58,50
221,1070,1071,if,keyword,0,60,4
222,1072,1072,(,operator,0,60,6
223,1073,1075,ret,identifier,0,60,7
224,1076,1076,.,operator,0,60,10
225,1077,1081,first,identifier,0,60,11
226,1083,1084,==,operator,0,60,17
227,1086,1086,-,operator,0,60,20
228,1087,1089,INF,identifier,0,60,21
229,1090,1090,),operator,0,60,24
230,1092,1097,return,keyword,0,60,26
231,1099,1101,ret,identifier,0,60,33
232,1102,1102,;,operator,0,60,36
233,1109,1111,ret,identifier,0,62,4
234,1112,1112,.,operator,0,62,7
235,1113,1117,first,identifier,0,62,8
236,1118,1119,--,operator,0,62,13
237,1120,1120,;,operator,0,62,15
238,1126,1128,ret,identifier,0,63,4
239,1129,1129,.,operator,0,63,7
240,1130,1135,second,identifier,0,63,8
241,1136,1137,++,operator,0,63,14
242,1138,1138,;,operator,0,63,16
243,1154,1155,if,keyword,0,66,4
244,1156,1156,(,operator,0,66,6
245,1157,1159,ret,identifier,0,66,7
246,1160,1160,.,operator,0,66,10
247,1161,1166,second,identifier,0,66,11
248,1168,1168,<,operator,0,66,18
249,1170,1170,l,identifier,0,66,20
250,1172,1173,||,operator,0,66,22
251,1175,1175,r,identifier,0,66,25
252,1177,1177,<,operator,0,66,27
253,1179,1181,ret,identifier,0,66,29
254,1182,1182,.,operator,0,66,32
255,1183,1187,first,identifier,0,66,33
256,1188,1188,),operator,0,66,38
257,1189,1189,{,operator,0,66,39
258,1197,1200,flag,identifier,0,67,6
259,1202,1202,=,operator,0,67,11
260,1204,1208,false,keyword,0,67,13
261,1209,1209,;,operator,0,67,18
262,1217,1222,return,keyword,0,68,6
263,1224,1232,make_pair,identifier,0,68,13
264,1233,1233,(,operator,0,68,22
265,1234,1234,-,operator,0,68,23
266,1235,1237,INF,identifier,0,68,24
267,1238,1238,",",operator,0,68,27
268,1239,1239,-,operator,0,68,28
269,1240,1242,INF,identifier,0,68,29
270,1243,1243,),operator,0,68,32
271,1244,1244,;,operator,0,68,33
272,1250,1250,},operator,0,69,4
273,1257,1257,l,identifier,0,71,4
274,1259,1259,=,operator,0,71,6
275,1261,1263,max,identifier,0,71,8
276,1264,1264,(,operator,0,71,11
277,1265,1267,ret,identifier,0,71,12
278,1268,1268,.,operator,0,71,15
279,1269,1273,first,identifier,0,71,16
280,1274,1274,",",operator,0,71,21
281,1275,1275,l,identifier,0,71,22
282,1276,1276,),operator,0,71,23
283,1277,1277,;,operator,0,71,24
284,1283,1283,r,identifier,0,72,4
285,1285,1285,=,operator,0,72,6
286,1287,1289,min,identifier,0,72,8
287,1290,1290,(,operator,0,72,11
288,1291,1293,ret,identifier,0,72,12
289,1294,1294,.,operator,0,72,15
290,1295,1300,second,identifier,0,72,16
291,1301,1301,",",operator,0,72,22
292,1302,1302,r,identifier,0,72,23
293,1303,1303,),operator,0,72,24
294,1304,1304,;,operator,0,72,25
295,1308,1308,},operator,0,73,2
296,1313,1314,mi,identifier,0,75,2
297,1315,1315,[,operator,0,75,4
298,1316,1318,now,identifier,0,75,5
299,1319,1319,],operator,0,75,8
300,1321,1321,=,operator,0,75,10
301,1323,1323,l,identifier,0,75,12
302,1324,1324,;,operator,0,75,13
303,1328,1329,ma,identifier,0,76,2
304,1330,1330,[,operator,0,76,4
305,1331,1333,now,identifier,0,76,5
306,1334,1334,],operator,0,76,8
307,1336,1336,=,operator,0,76,10
308,1338,1338,r,identifier,0,76,12
309,1339,1339,;,operator,0,76,13
310,1344,1349,return,keyword,0,78,2
311,1351,1359,make_pair,identifier,0,78,9
312,1360,1360,(,operator,0,78,18
313,1361,1361,l,identifier,0,78,19
314,1362,1362,",",operator,0,78,20
315,1363,1363,r,identifier,0,78,21
316,1364,1364,),operator,0,78,22
317,1365,1365,;,operator,0,78,23
318,1367,1367,},operator,0,79,0
319,1370,1373,void,keyword,0,81,0
320,1375,1378,dfs2,identifier,0,81,5
321,1379,1379,(,operator,0,81,9
322,1380,1382,int,keyword,0,81,10
323,1384,1386,now,identifier,0,81,14
324,1387,1387,",",operator,0,81,17
325,1389,1391,int,keyword,0,81,19
326,1393,1396,back,identifier,0,81,23
327,1397,1397,",",operator,0,81,27
328,1399,1401,int,keyword,0,81,29
329,1403,1408,back_p,identifier,0,81,33
330,1409,1409,),operator,0,81,39
331,1410,1410,{,operator,0,81,40
332,1415,1416,if,keyword,0,83,2
333,1417,1417,(,operator,0,83,4
334,1418,1420,num,identifier,0,83,5
335,1421,1421,[,operator,0,83,8
336,1422,1424,now,identifier,0,83,9
337,1425,1425,],operator,0,83,12
338,1427,1428,==,operator,0,83,14
339,1430,1430,-,operator,0,83,17
340,1431,1433,INF,identifier,0,83,18
341,1434,1434,),operator,0,83,21
342,1435,1435,{,operator,0,83,22
343,1444,1445,if,keyword,0,85,4
344,1446,1446,(,operator,0,85,6
345,1447,1448,mi,identifier,0,85,7
346,1449,1449,[,operator,0,85,9
347,1450,1452,now,identifier,0,85,10
348,1453,1453,],operator,0,85,13
349,1455,1456,<=,operator,0,85,15
350,1458,1463,back_p,identifier,0,85,18
351,1464,1464,-,operator,0,85,24
352,1465,1465,1,integer,0,85,25
353,1467,1468,&&,operator,0,85,27
354,1470,1475,back_p,identifier,0,85,30
355,1476,1476,-,operator,0,85,36
356,1477,1477,1,integer,0,85,37
357,1479,1480,<=,operator,0,85,39
358,1482,1483,ma,identifier,0,85,42
359,1484,1484,[,operator,0,85,44
360,1485,1487,now,identifier,0,85,45
361,1488,1488,],operator,0,85,48
362,1489,1489,),operator,0,85,49
363,1490,1490,{,operator,0,85,50
364,1498,1500,num,identifier,0,86,6
365,1501,1501,[,operator,0,86,9
366,1502,1504,now,identifier,0,86,10
367,1505,1505,],operator,0,86,13
368,1507,1507,=,operator,0,86,15
369,1509,1514,back_p,identifier,0,86,17
370,1515,1515,-,operator,0,86,23
371,1516,1516,1,integer,0,86,24
372,1517,1517,;,operator,0,86,25
373,1523,1523,},operator,0,87,4
374,1524,1527,else,keyword,0,87,5
375,1528,1528,{,operator,0,87,9
376,1536,1538,num,identifier,0,88,6
377,1539,1539,[,operator,0,88,9
378,1540,1542,now,identifier,0,88,10
379,1543,1543,],operator,0,88,13
380,1545,1545,=,operator,0,88,15
381,1547,1552,back_p,identifier,0,88,17
382,1553,1553,+,operator,0,88,23
383,1554,1554,1,integer,0,88,24
384,1555,1555,;,operator,0,88,25
385,1561,1561,},operator,0,89,4
386,1565,1565,},operator,0,90,2
387,1570,1572,for,keyword,0,92,2
388,1573,1573,(,operator,0,92,5
389,1574,1576,int,keyword,0,92,6
390,1578,1578,i,identifier,0,92,10
391,1579,1579,=,operator,0,92,11
392,1580,1580,0,integer,0,92,12
393,1581,1581,;,operator,0,92,13
394,1582,1582,i,identifier,0,92,14
395,1583,1583,<,operator,0,92,15
396,1584,1586,way,identifier,0,92,16
397,1587,1587,[,operator,0,92,19
398,1588,1590,now,identifier,0,92,20
399,1591,1591,],operator,0,92,23
400,1592,1592,.,operator,0,92,24
401,1593,1596,size,identifier,0,92,25
402,1597,1597,(,operator,0,92,29
403,1598,1598,),operator,0,92,30
404,1599,1599,;,operator,0,92,31
405,1600,1600,i,identifier,0,92,32
406,1601,1602,++,operator,0,92,33
407,1603,1603,),operator,0,92,35
408,1604,1604,{,operator,0,92,36
409,1610,1611,if,keyword,0,93,4
410,1612,1612,(,operator,0,93,6
411,1613,1615,way,identifier,0,93,7
412,1616,1616,[,operator,0,93,10
413,1617,1619,now,identifier,0,93,11
414,1620,1620,],operator,0,93,14
415,1621,1621,[,operator,0,93,15
416,1622,1622,i,identifier,0,93,16
417,1623,1623,],operator,0,93,17
418,1625,1626,==,operator,0,93,19
419,1628,1631,back,identifier,0,93,22
420,1632,1632,),operator,0,93,26
421,1634,1641,continue,keyword,0,93,28
422,1642,1642,;,operator,0,93,36
423,1648,1651,dfs2,identifier,0,94,4
424,1652,1652,(,operator,0,94,8
425,1653,1655,way,identifier,0,94,9
426,1656,1656,[,operator,0,94,12
427,1657,1659,now,identifier,0,94,13
428,1660,1660,],operator,0,94,16
429,1661,1661,[,operator,0,94,17
430,1662,1662,i,identifier,0,94,18
431,1663,1663,],operator,0,94,19
432,1664,1664,",",operator,0,94,20
433,1666,1668,now,identifier,0,94,22
434,1669,1669,",",operator,0,94,25
435,1671,1673,num,identifier,0,94,27
436,1674,1674,[,operator,0,94,30
437,1675,1677,now,identifier,0,94,31
438,1678,1678,],operator,0,94,34
439,1679,1679,),operator,0,94,35
440,1680,1680,;,operator,0,94,36
441,1684,1684,},operator,0,95,2
442,1687,1687,},operator,0,97,0
443,1690,1692,int,keyword,0,99,0
444,1694,1697,main,identifier,0,99,4
445,1698,1698,(,operator,0,99,8
446,1699,1699,),operator,0,99,9
447,1700,1700,{,operator,0,99,10
448,1704,1706,int,keyword,0,100,2
449,1708,1708,a,identifier,0,100,6
450,1709,1709,",",operator,0,100,7
451,1710,1710,b,identifier,0,100,8
452,1711,1711,",",operator,0,100,9
453,1712,1712,k,identifier,0,100,10
454,1713,1713,;,operator,0,100,11
455,1720,1724,scanf,identifier,0,102,2
456,1725,1725,(,operator,0,102,7
457,1726,1729,"""%d""",string,0,102,8
458,1730,1730,",",operator,0,102,12
459,1731,1731,&,operator,0,102,13
460,1732,1732,n,identifier,0,102,14
461,1733,1733,),operator,0,102,15
462,1734,1734,;,operator,0,102,16
463,1739,1741,for,keyword,0,104,2
464,1742,1742,(,operator,0,104,5
465,1743,1745,int,keyword,0,104,6
466,1747,1747,i,identifier,0,104,10
467,1748,1748,=,operator,0,104,11
468,1749,1749,0,integer,0,104,12
469,1750,1750,;,operator,0,104,13
470,1751,1751,i,identifier,0,104,14
471,1752,1752,<,operator,0,104,15
472,1753,1753,n,identifier,0,104,16
473,1754,1754,-,operator,0,104,17
474,1755,1755,1,integer,0,104,18
475,1756,1756,;,operator,0,104,19
476,1757,1757,i,identifier,0,104,20
477,1758,1759,++,operator,0,104,21
478,1760,1760,),operator,0,104,23
479,1761,1761,{,operator,0,104,24
480,1767,1771,scanf,identifier,0,105,4
481,1772,1772,(,operator,0,105,9
482,1773,1778,"""%d%d""",string,0,105,10
483,1779,1779,",",operator,0,105,16
484,1780,1780,&,operator,0,105,17
485,1781,1781,a,identifier,0,105,18
486,1782,1782,",",operator,0,105,19
487,1783,1783,&,operator,0,105,20
488,1784,1784,b,identifier,0,105,21
489,1785,1785,),operator,0,105,22
490,1786,1786,;,operator,0,105,23
491,1792,1792,a,identifier,0,106,4
492,1793,1794,--,operator,0,106,5
493,1795,1795,;,operator,0,106,7
494,1797,1797,b,identifier,0,106,9
495,1798,1799,--,operator,0,106,10
496,1800,1800,;,operator,0,106,12
497,1806,1808,way,identifier,0,107,4
498,1809,1809,[,operator,0,107,7
499,1810,1810,a,identifier,0,107,8
500,1811,1811,],operator,0,107,9
501,1812,1812,.,operator,0,107,10
502,1813,1821,push_back,identifier,0,107,11
503,1822,1822,(,operator,0,107,20
504,1823,1823,b,identifier,0,107,21
505,1824,1824,),operator,0,107,22
506,1825,1825,;,operator,0,107,23
507,1831,1833,way,identifier,0,108,4
508,1834,1834,[,operator,0,108,7
509,1835,1835,b,identifier,0,108,8
510,1836,1836,],operator,0,108,9
511,1837,1837,.,operator,0,108,10
512,1838,1846,push_back,identifier,0,108,11
513,1847,1847,(,operator,0,108,20
514,1848,1848,a,identifier,0,108,21
515,1849,1849,),operator,0,108,22
516,1850,1850,;,operator,0,108,23
517,1854,1854,},operator,0,109,2
518,1859,1863,scanf,identifier,0,111,2
519,1864,1864,(,operator,0,111,7
520,1865,1868,"""%d""",string,0,111,8
521,1869,1869,",",operator,0,111,12
522,1870,1870,&,operator,0,111,13
523,1871,1871,k,identifier,0,111,14
524,1872,1872,),operator,0,111,15
525,1873,1873,;,operator,0,111,16
526,1878,1880,for,keyword,0,113,2
527,1881,1881,(,operator,0,113,5
528,1882,1884,int,keyword,0,113,6
529,1886,1886,i,identifier,0,113,10
530,1887,1887,=,operator,0,113,11
531,1888,1888,0,integer,0,113,12
532,1889,1889,;,operator,0,113,13
533,1890,1890,i,identifier,0,113,14
534,1891,1891,<,operator,0,113,15
535,1892,1892,n,identifier,0,113,16
536,1893,1893,;,operator,0,113,17
537,1894,1894,i,identifier,0,113,18
538,1895,1896,++,operator,0,113,19
539,1897,1897,),operator,0,113,21
540,1899,1901,num,identifier,0,113,23
541,1902,1902,[,operator,0,113,26
542,1903,1903,i,identifier,0,113,27
543,1904,1904,],operator,0,113,28
544,1906,1906,=,operator,0,113,30
545,1908,1908,-,operator,0,113,32
546,1909,1911,INF,identifier,0,113,33
547,1912,1912,;,operator,0,113,36
548,1917,1919,for,keyword,0,115,2
549,1920,1920,(,operator,0,115,5
550,1921,1923,int,keyword,0,115,6
551,1925,1925,i,identifier,0,115,10
552,1926,1926,=,operator,0,115,11
553,1927,1927,0,integer,0,115,12
554,1928,1928,;,operator,0,115,13
555,1929,1929,i,identifier,0,115,14
556,1930,1930,<,operator,0,115,15
557,1931,1931,k,identifier,0,115,16
558,1932,1932,;,operator,0,115,17
559,1933,1933,i,identifier,0,115,18
560,1934,1935,++,operator,0,115,19
561,1936,1936,),operator,0,115,21
562,1937,1937,{,operator,0,115,22
563,1943,1947,scanf,identifier,0,116,4
564,1948,1948,(,operator,0,116,9
565,1949,1954,"""%d%d""",string,0,116,10
566,1955,1955,",",operator,0,116,16
567,1956,1956,&,operator,0,116,17
568,1957,1957,a,identifier,0,116,18
569,1958,1958,",",operator,0,116,19
570,1959,1959,&,operator,0,116,20
571,1960,1960,b,identifier,0,116,21
572,1961,1961,),operator,0,116,22
573,1962,1962,;,operator,0,116,23
574,1968,1968,a,identifier,0,117,4
575,1969,1970,--,operator,0,117,5
576,1971,1971,;,operator,0,117,7
577,1977,1979,num,identifier,0,118,4
578,1980,1980,[,operator,0,118,7
579,1981,1981,a,identifier,0,118,8
580,1982,1982,],operator,0,118,9
581,1984,1984,=,operator,0,118,11
582,1986,1986,b,identifier,0,118,13
583,1987,1987,;,operator,0,118,14
584,1991,1991,},operator,0,119,2
585,1998,2000,dfs,identifier,0,121,2
586,2001,2001,(,operator,0,121,5
587,2002,2002,a,identifier,0,121,6
588,2003,2003,",",operator,0,121,7
589,2004,2004,-,operator,0,121,8
590,2005,2005,1,integer,0,121,9
591,2006,2006,",",operator,0,121,10
592,2007,2007,b,identifier,0,121,11
593,2008,2008,),operator,0,121,12
594,2009,2009,;,operator,0,121,13
595,2015,2016,if,keyword,0,124,2
596,2017,2017,(,operator,0,124,4
597,2018,2021,flag,identifier,0,124,5
598,2023,2024,==,operator,0,124,10
599,2026,2030,false,keyword,0,124,13
600,2031,2031,),operator,0,124,18
601,2032,2032,{,operator,0,124,19
602,2038,2041,puts,identifier,0,125,4
603,2042,2042,(,operator,0,125,8
604,2043,2046,"""No""",string,0,125,9
605,2047,2047,),operator,0,125,13
606,2048,2048,;,operator,0,125,14
607,2052,2052,},operator,0,126,2
608,2053,2056,else,keyword,0,126,3
609,2057,2057,{,operator,0,126,7
610,2063,2066,puts,identifier,0,127,4
611,2067,2067,(,operator,0,127,8
612,2068,2072,"""Yes""",string,0,127,9
613,2073,2073,),operator,0,127,14
614,2074,2074,;,operator,0,127,15
615,2081,2084,dfs2,identifier,0,129,4
616,2085,2085,(,operator,0,129,8
617,2086,2086,a,identifier,0,129,9
618,2087,2087,",",operator,0,129,10
619,2088,2088,-,operator,0,129,11
620,2089,2089,1,integer,0,129,12
621,2090,2090,",",operator,0,129,13
622,2091,2091,-,operator,0,129,14
623,2092,2092,1,integer,0,129,15
624,2093,2093,),operator,0,129,16
625,2094,2094,;,operator,0,129,17
626,2101,2103,for,keyword,0,131,4
627,2104,2104,(,operator,0,131,7
628,2105,2107,int,keyword,0,131,8
629,2109,2109,i,identifier,0,131,12
630,2110,2110,=,operator,0,131,13
631,2111,2111,0,integer,0,131,14
632,2112,2112,;,operator,0,131,15
633,2113,2113,i,identifier,0,131,16
634,2114,2114,<,operator,0,131,17
635,2115,2115,n,identifier,0,131,18
636,2116,2116,;,operator,0,131,19
637,2117,2117,i,identifier,0,131,20
638,2118,2119,++,operator,0,131,21
639,2120,2120,),operator,0,131,23
640,2121,2121,{,operator,0,131,24
641,2129,2134,printf,identifier,0,132,6
642,2135,2135,(,operator,0,132,12
643,2136,2141,"""%d\n""",string,0,132,13
644,2142,2142,",",operator,0,132,19
645,2143,2145,num,identifier,0,132,20
646,2146,2146,[,operator,0,132,23
647,2147,2147,i,identifier,0,132,24
648,2148,2148,],operator,0,132,25
649,2149,2149,),operator,0,132,26
650,2150,2150,;,operator,0,132,27
651,2156,2156,},operator,0,133,4
652,2161,2161,},operator,0,135,2
653,2173,2178,return,keyword,0,138,2
654,2180,2180,0,integer,0,138,9
655,2181,2181,;,operator,0,138,10
656,2183,2183,},operator,0,139,0
657,2185,2184,<EOF>,eof,0,140,0
