seqnr,start,stop,text,class,channel,line,column
0,0,17,"#include<iostream>",directive,1,1,0
1,19,34,"#include<cstdio>",directive,1,2,0
2,36,53,"#include<string.h>",directive,1,3,0
3,55,70,"#include<math.h>",directive,1,4,0
4,72,90,"#include<algorithm>",directive,1,5,0
5,92,107,"#include<vector>",directive,1,6,0
6,109,121,"#include<map>",directive,1,7,0
7,123,135,"#include<set>",directive,1,8,0
8,137,151,"#include<queue>",directive,1,9,0
9,153,167,"#include<stack>",directive,1,10,0
10,169,183,"#include<deque>",directive,1,11,0
11,185,201,"#include<utility>",directive,1,12,0
12,203,218,"#include<cctype>",directive,1,13,0
13,220,235,"#include<bitset>",directive,1,14,0
14,237,252,"#include<time.h>",directive,1,15,0
15,254,273,"#define ll long long",directive,1,16,0
16,275,294,"#define mp make_pair",directive,1,17,0
17,296,300,using,keyword,0,18,0
18,302,310,namespace,keyword,0,18,6
19,312,314,std,identifier,0,18,16
20,315,315,;,operator,0,18,19
21,349,351,int,keyword,0,21,0
22,353,355,dat,identifier,0,21,4
23,356,356,[,operator,0,21,7
24,357,362,100005,integer,0,21,8
25,363,363,],operator,0,21,14
26,364,364,;,operator,0,21,15
27,366,371,vector,identifier,0,22,0
28,372,372,<,operator,0,22,6
29,373,375,int,keyword,0,22,7
30,376,376,>,operator,0,22,10
31,378,380,edg,identifier,0,22,12
32,381,381,[,operator,0,22,15
33,382,387,100005,integer,0,22,16
34,388,388,],operator,0,22,22
35,389,389,;,operator,0,22,23
36,391,393,int,keyword,0,23,0
37,395,398,main,identifier,0,23,4
38,399,399,(,operator,0,23,8
39,400,400,),operator,0,23,9
40,402,402,{,operator,0,24,0
41,405,407,int,keyword,0,25,1
42,409,409,n,identifier,0,25,5
43,410,410,;,operator,0,25,6
44,413,415,cin,identifier,0,26,1
45,416,416,>,operator,0,26,4
46,417,417,>,operator,0,26,5
47,418,418,n,identifier,0,26,6
48,419,419,;,operator,0,26,7
49,422,424,for,keyword,0,27,1
50,425,425,(,operator,0,27,4
51,426,428,int,keyword,0,27,5
52,430,430,i,identifier,0,27,9
53,431,431,=,operator,0,27,10
54,432,432,0,integer,0,27,11
55,433,433,;,operator,0,27,12
56,434,434,i,identifier,0,27,13
57,435,435,<,operator,0,27,14
58,436,436,n,identifier,0,27,15
59,437,437,-,operator,0,27,16
60,438,438,1,integer,0,27,17
61,439,439,;,operator,0,27,18
62,440,440,i,identifier,0,27,19
63,441,442,++,operator,0,27,20
64,443,443,),operator,0,27,22
65,446,446,{,operator,0,28,1
66,450,452,int,keyword,0,29,2
67,454,454,x,identifier,0,29,6
68,455,455,",",operator,0,29,7
69,456,456,y,identifier,0,29,8
70,457,457,;,operator,0,29,9
71,461,463,cin,identifier,0,30,2
72,464,464,>,operator,0,30,5
73,465,465,>,operator,0,30,6
74,466,466,x,identifier,0,30,7
75,467,467,>,operator,0,30,8
76,468,468,>,operator,0,30,9
77,469,469,y,identifier,0,30,10
78,470,470,;,operator,0,30,11
79,474,474,x,identifier,0,31,2
80,475,476,--,operator,0,31,3
81,477,477,",",operator,0,31,5
82,478,478,y,identifier,0,31,6
83,479,480,--,operator,0,31,7
84,481,481,;,operator,0,31,9
85,485,487,edg,identifier,0,32,2
86,488,488,[,operator,0,32,5
87,489,489,x,identifier,0,32,6
88,490,490,],operator,0,32,7
89,491,491,.,operator,0,32,8
90,492,500,push_back,identifier,0,32,9
91,501,501,(,operator,0,32,18
92,502,502,y,identifier,0,32,19
93,503,503,),operator,0,32,20
94,504,504,;,operator,0,32,21
95,508,510,edg,identifier,0,33,2
96,511,511,[,operator,0,33,5
97,512,512,y,identifier,0,33,6
98,513,513,],operator,0,33,7
99,514,514,.,operator,0,33,8
100,515,523,push_back,identifier,0,33,9
101,524,524,(,operator,0,33,18
102,525,525,x,identifier,0,33,19
103,526,526,),operator,0,33,20
104,527,527,;,operator,0,33,21
105,530,530,},operator,0,34,1
106,533,538,memset,identifier,0,35,1
107,539,539,(,operator,0,35,7
108,540,542,dat,identifier,0,35,8
109,543,543,",",operator,0,35,11
110,544,544,-,operator,0,35,12
111,545,545,1,integer,0,35,13
112,546,546,",",operator,0,35,14
113,547,552,sizeof,keyword,0,35,15
114,553,553,(,operator,0,35,21
115,554,556,dat,identifier,0,35,22
116,557,557,),operator,0,35,25
117,558,558,),operator,0,35,26
118,559,559,;,operator,0,35,27
119,562,564,int,keyword,0,36,1
120,566,566,m,identifier,0,36,5
121,567,567,;,operator,0,36,6
122,570,572,cin,identifier,0,37,1
123,573,573,>,operator,0,37,4
124,574,574,>,operator,0,37,5
125,575,575,m,identifier,0,37,6
126,576,576,;,operator,0,37,7
127,579,592,priority_queue,identifier,0,38,1
128,593,593,<,operator,0,38,15
129,594,597,pair,identifier,0,38,16
130,598,598,<,operator,0,38,20
131,599,601,int,keyword,0,38,21
132,602,602,",",operator,0,38,24
133,603,605,int,keyword,0,38,25
134,606,606,>,operator,0,38,28
135,607,607,",",operator,0,38,29
136,608,613,vector,identifier,0,38,30
137,614,614,<,operator,0,38,36
138,615,618,pair,identifier,0,38,37
139,619,619,<,operator,0,38,41
140,620,622,int,keyword,0,38,42
141,623,623,",",operator,0,38,45
142,624,626,int,keyword,0,38,46
143,627,627,>,operator,0,38,49
144,629,629,>,operator,0,38,51
145,630,630,",",operator,0,38,52
146,631,637,greater,identifier,0,38,53
147,638,638,<,operator,0,38,60
148,639,642,pair,identifier,0,38,61
149,643,643,<,operator,0,38,65
150,644,646,int,keyword,0,38,66
151,647,647,",",operator,0,38,69
152,648,650,int,keyword,0,38,70
153,651,651,>,operator,0,38,73
154,653,653,>,operator,0,38,75
155,655,655,>,operator,0,38,77
156,656,657,pq,identifier,0,38,78
157,658,658,;,operator,0,38,80
158,661,663,for,keyword,0,39,1
159,664,664,(,operator,0,39,4
160,665,667,int,keyword,0,39,5
161,669,669,i,identifier,0,39,9
162,670,670,=,operator,0,39,10
163,671,671,0,integer,0,39,11
164,672,672,;,operator,0,39,12
165,673,673,i,identifier,0,39,13
166,674,674,<,operator,0,39,14
167,675,675,m,identifier,0,39,15
168,676,676,;,operator,0,39,16
169,677,677,i,identifier,0,39,17
170,678,679,++,operator,0,39,18
171,680,680,),operator,0,39,20
172,683,683,{,operator,0,40,1
173,687,689,int,keyword,0,41,2
174,691,691,x,identifier,0,41,6
175,692,692,",",operator,0,41,7
176,693,693,y,identifier,0,41,8
177,694,694,;,operator,0,41,9
178,698,700,cin,identifier,0,42,2
179,701,701,>,operator,0,42,5
180,702,702,>,operator,0,42,6
181,703,703,x,identifier,0,42,7
182,704,704,>,operator,0,42,8
183,705,705,>,operator,0,42,9
184,706,706,y,identifier,0,42,10
185,707,707,;,operator,0,42,11
186,711,711,x,identifier,0,43,2
187,712,713,--,operator,0,43,3
188,714,714,;,operator,0,43,5
189,718,720,dat,identifier,0,44,2
190,721,721,[,operator,0,44,5
191,722,722,x,identifier,0,44,6
192,723,723,],operator,0,44,7
193,724,724,=,operator,0,44,8
194,725,725,y,identifier,0,44,9
195,726,726,;,operator,0,44,10
196,730,731,pq,identifier,0,45,2
197,732,732,.,operator,0,45,4
198,733,736,push,identifier,0,45,5
199,737,737,(,operator,0,45,9
200,738,739,mp,identifier,0,45,10
201,740,740,(,operator,0,45,12
202,741,741,y,identifier,0,45,13
203,742,742,",",operator,0,45,14
204,743,743,x,identifier,0,45,15
205,744,744,),operator,0,45,16
206,745,745,),operator,0,45,17
207,746,746,;,operator,0,45,18
208,749,749,},operator,0,46,1
209,752,756,while,keyword,0,47,1
210,757,757,(,operator,0,47,6
211,758,758,"!",operator,0,47,7
212,759,760,pq,identifier,0,47,8
213,761,761,.,operator,0,47,10
214,762,766,empty,identifier,0,47,11
215,767,767,(,operator,0,47,16
216,768,768,),operator,0,47,17
217,769,769,),operator,0,47,18
218,772,772,{,operator,0,48,1
219,776,779,pair,identifier,0,49,2
220,780,780,<,operator,0,49,6
221,781,783,int,keyword,0,49,7
222,784,784,",",operator,0,49,10
223,785,787,int,keyword,0,49,11
224,788,788,>,operator,0,49,14
225,790,790,x,identifier,0,49,16
226,791,791,=,operator,0,49,17
227,792,793,pq,identifier,0,49,18
228,794,794,.,operator,0,49,20
229,795,797,top,identifier,0,49,21
230,798,798,(,operator,0,49,24
231,799,799,),operator,0,49,25
232,800,800,;,operator,0,49,26
233,804,805,pq,identifier,0,50,2
234,806,806,.,operator,0,50,4
235,807,809,pop,identifier,0,50,5
236,810,810,(,operator,0,50,8
237,811,811,),operator,0,50,9
238,812,812,;,operator,0,50,10
239,816,818,for,keyword,0,51,2
240,819,819,(,operator,0,51,5
241,820,822,int,keyword,0,51,6
242,824,824,i,identifier,0,51,10
243,825,825,=,operator,0,51,11
244,826,826,0,integer,0,51,12
245,827,827,;,operator,0,51,13
246,828,828,i,identifier,0,51,14
247,829,829,<,operator,0,51,15
248,830,832,edg,identifier,0,51,16
249,833,833,[,operator,0,51,19
250,834,834,x,identifier,0,51,20
251,835,835,.,operator,0,51,21
252,836,841,second,identifier,0,51,22
253,842,842,],operator,0,51,28
254,843,843,.,operator,0,51,29
255,844,847,size,identifier,0,51,30
256,848,848,(,operator,0,51,34
257,849,849,),operator,0,51,35
258,850,850,;,operator,0,51,36
259,851,851,i,identifier,0,51,37
260,852,853,++,operator,0,51,38
261,854,854,),operator,0,51,40
262,858,858,{,operator,0,52,2
263,863,864,if,keyword,0,53,3
264,865,865,(,operator,0,53,5
265,866,868,dat,identifier,0,53,6
266,869,869,[,operator,0,53,9
267,870,872,edg,identifier,0,53,10
268,873,873,[,operator,0,53,13
269,874,874,x,identifier,0,53,14
270,875,875,.,operator,0,53,15
271,876,881,second,identifier,0,53,16
272,882,882,],operator,0,53,22
273,883,883,[,operator,0,53,23
274,884,884,i,identifier,0,53,24
275,885,885,],operator,0,53,25
276,886,886,],operator,0,53,26
277,887,888,==,operator,0,53,27
278,889,889,-,operator,0,53,29
279,890,890,1,integer,0,53,30
280,891,891,),operator,0,53,31
281,896,896,{,operator,0,54,3
282,902,904,dat,identifier,0,55,4
283,905,905,[,operator,0,55,7
284,906,908,edg,identifier,0,55,8
285,909,909,[,operator,0,55,11
286,910,910,x,identifier,0,55,12
287,911,911,.,operator,0,55,13
288,912,917,second,identifier,0,55,14
289,918,918,],operator,0,55,20
290,919,919,[,operator,0,55,21
291,920,920,i,identifier,0,55,22
292,921,921,],operator,0,55,23
293,922,922,],operator,0,55,24
294,923,923,=,operator,0,55,25
295,924,924,x,identifier,0,55,26
296,925,925,.,operator,0,55,27
297,926,930,first,identifier,0,55,28
298,931,931,+,operator,0,55,33
299,932,932,1,integer,0,55,34
300,933,933,;,operator,0,55,35
301,939,940,pq,identifier,0,56,4
302,941,941,.,operator,0,56,6
303,942,945,push,identifier,0,56,7
304,946,946,(,operator,0,56,11
305,947,948,mp,identifier,0,56,12
306,949,949,(,operator,0,56,14
307,950,950,x,identifier,0,56,15
308,951,951,.,operator,0,56,16
309,952,956,first,identifier,0,56,17
310,957,957,+,operator,0,56,22
311,958,958,1,integer,0,56,23
312,959,959,",",operator,0,56,24
313,960,962,edg,identifier,0,56,25
314,963,963,[,operator,0,56,28
315,964,964,x,identifier,0,56,29
316,965,965,.,operator,0,56,30
317,966,971,second,identifier,0,56,31
318,972,972,],operator,0,56,37
319,973,973,[,operator,0,56,38
320,974,974,i,identifier,0,56,39
321,975,975,],operator,0,56,40
322,976,976,),operator,0,56,41
323,977,977,),operator,0,56,42
324,978,978,;,operator,0,56,43
325,983,983,},operator,0,57,3
326,987,987,},operator,0,58,2
327,990,990,},operator,0,59,1
328,993,995,for,keyword,0,60,1
329,996,996,(,operator,0,60,4
330,997,999,int,keyword,0,60,5
331,1001,1001,i,identifier,0,60,9
332,1002,1002,=,operator,0,60,10
333,1003,1003,0,integer,0,60,11
334,1004,1004,;,operator,0,60,12
335,1005,1005,i,identifier,0,60,13
336,1006,1006,<,operator,0,60,14
337,1007,1007,n,identifier,0,60,15
338,1008,1008,;,operator,0,60,16
339,1009,1009,i,identifier,0,60,17
340,1010,1011,++,operator,0,60,18
341,1012,1012,),operator,0,60,20
342,1015,1015,{,operator,0,61,1
343,1019,1021,for,keyword,0,62,2
344,1022,1022,(,operator,0,62,5
345,1023,1025,int,keyword,0,62,6
346,1027,1027,j,identifier,0,62,10
347,1028,1028,=,operator,0,62,11
348,1029,1029,0,integer,0,62,12
349,1030,1030,;,operator,0,62,13
350,1031,1031,j,identifier,0,62,14
351,1032,1032,<,operator,0,62,15
352,1033,1035,edg,identifier,0,62,16
353,1036,1036,[,operator,0,62,19
354,1037,1037,i,identifier,0,62,20
355,1038,1038,],operator,0,62,21
356,1039,1039,.,operator,0,62,22
357,1040,1043,size,identifier,0,62,23
358,1044,1044,(,operator,0,62,27
359,1045,1045,),operator,0,62,28
360,1046,1046,;,operator,0,62,29
361,1047,1047,j,identifier,0,62,30
362,1048,1049,++,operator,0,62,31
363,1050,1050,),operator,0,62,33
364,1054,1054,{,operator,0,63,2
365,1059,1060,if,keyword,0,64,3
366,1061,1061,(,operator,0,64,5
367,1062,1064,abs,identifier,0,64,6
368,1065,1065,(,operator,0,64,9
369,1066,1068,dat,identifier,0,64,10
370,1069,1069,[,operator,0,64,13
371,1070,1070,i,identifier,0,64,14
372,1071,1071,],operator,0,64,15
373,1072,1072,-,operator,0,64,16
374,1073,1075,dat,identifier,0,64,17
375,1076,1076,[,operator,0,64,20
376,1077,1079,edg,identifier,0,64,21
377,1080,1080,[,operator,0,64,24
378,1081,1081,i,identifier,0,64,25
379,1082,1082,],operator,0,64,26
380,1083,1083,[,operator,0,64,27
381,1084,1084,j,identifier,0,64,28
382,1085,1085,],operator,0,64,29
383,1086,1086,],operator,0,64,30
384,1087,1087,),operator,0,64,31
385,1088,1089,"!=",operator,0,64,32
386,1090,1090,1,integer,0,64,34
387,1091,1091,),operator,0,64,35
388,1096,1096,{,operator,0,65,3
389,1102,1105,cout,identifier,0,66,4
390,1106,1106,<,operator,0,66,8
391,1107,1107,<,operator,0,66,9
392,1108,1111,"""NO""",string,0,66,10
393,1112,1112,;,operator,0,66,14
394,1118,1123,return,keyword,0,67,4
395,1125,1125,0,integer,0,67,11
396,1126,1126,;,operator,0,67,12
397,1131,1131,},operator,0,68,3
398,1135,1135,},operator,0,69,2
399,1138,1138,},operator,0,70,1
400,1141,1144,cout,identifier,0,71,1
401,1145,1145,<,operator,0,71,5
402,1146,1146,<,operator,0,71,6
403,1147,1151,"""YES""",string,0,71,7
404,1152,1152,<,operator,0,71,12
405,1153,1153,<,operator,0,71,13
406,1154,1157,endl,identifier,0,71,14
407,1158,1158,;,operator,0,71,18
408,1161,1163,for,keyword,0,72,1
409,1164,1164,(,operator,0,72,4
410,1165,1167,int,keyword,0,72,5
411,1169,1169,i,identifier,0,72,9
412,1170,1170,=,operator,0,72,10
413,1171,1171,0,integer,0,72,11
414,1172,1172,;,operator,0,72,12
415,1173,1173,i,identifier,0,72,13
416,1174,1174,<,operator,0,72,14
417,1175,1175,n,identifier,0,72,15
418,1176,1176,;,operator,0,72,16
419,1177,1177,i,identifier,0,72,17
420,1178,1179,++,operator,0,72,18
421,1180,1180,),operator,0,72,20
422,1183,1183,{,operator,0,73,1
423,1187,1190,cout,identifier,0,74,2
424,1191,1191,<,operator,0,74,6
425,1192,1192,<,operator,0,74,7
426,1193,1195,dat,identifier,0,74,8
427,1196,1196,[,operator,0,74,11
428,1197,1197,i,identifier,0,74,12
429,1198,1198,],operator,0,74,13
430,1199,1199,<,operator,0,74,14
431,1200,1200,<,operator,0,74,15
432,1201,1204,endl,identifier,0,74,16
433,1205,1205,;,operator,0,74,20
434,1208,1208,},operator,0,75,1
435,1211,1216,return,keyword,0,76,1
436,1218,1218,0,integer,0,76,8
437,1219,1219,;,operator,0,76,9
438,1221,1221,},operator,0,77,0
439,1223,1222,<EOF>,eof,0,78,0
