seqnr,start,stop,text,class,channel,line,column
0,0,22,"#include<bits/stdc++.h>",directive,1,1,0
1,24,28,using,keyword,0,2,0
2,30,38,namespace,keyword,0,2,6
3,40,42,std,identifier,0,2,16
4,43,43,;,operator,0,2,19
5,45,66,"#define INFS (1LL<<28)",directive,1,3,0
6,68,88,"#define INF (1LL<<60)",directive,1,4,0
7,90,113,"#define DEKAI 1000000007",directive,1,5,0
8,140,175,"#define lp(i,n) for(int i=0;i<n;i++)",directive,1,7,0
9,177,214,"#define lps(i,n) for(int i=1;i<=n;i++)",directive,1,8,0
10,216,246,"#define all(c) begin(c), end(c)",directive,1,9,0
11,275,283,namespace,keyword,0,13,0
12,285,285,{,operator,0,13,10
13,287,401,"#define __DECLARE__(C)    \\n    template <typename T> \\n    std::ostream &operator<<(std::ostream &, const C<T> &);",directive,1,14,0
14,404,545,"#define __DECLAREM__(C)               \\n    template <typename T, typename U> \\n    std::ostream &operator<<(std::ostream &, const C<T, U> &);",directive,1,18,0
15,548,558,__DECLARE__,identifier,0,22,0
16,559,559,(,operator,0,22,11
17,560,562,std,identifier,0,22,12
18,563,564,::,operator,0,22,15
19,565,570,vector,identifier,0,22,17
20,571,571,),operator,0,22,23
21,573,583,__DECLARE__,identifier,0,23,0
22,584,584,(,operator,0,23,11
23,585,587,std,identifier,0,23,12
24,588,589,::,operator,0,23,15
25,590,594,deque,identifier,0,23,17
26,595,595,),operator,0,23,22
27,597,607,__DECLARE__,identifier,0,24,0
28,608,608,(,operator,0,24,11
29,609,611,std,identifier,0,24,12
30,612,613,::,operator,0,24,15
31,614,616,set,identifier,0,24,17
32,617,617,),operator,0,24,20
33,619,629,__DECLARE__,identifier,0,25,0
34,630,630,(,operator,0,25,11
35,631,633,std,identifier,0,25,12
36,634,635,::,operator,0,25,15
37,636,640,stack,identifier,0,25,17
38,641,641,),operator,0,25,22
39,643,653,__DECLARE__,identifier,0,26,0
40,654,654,(,operator,0,26,11
41,655,657,std,identifier,0,26,12
42,658,659,::,operator,0,26,15
43,660,664,queue,identifier,0,26,17
44,665,665,),operator,0,26,22
45,667,677,__DECLARE__,identifier,0,27,0
46,678,678,(,operator,0,27,11
47,679,681,std,identifier,0,27,12
48,682,683,::,operator,0,27,15
49,684,697,priority_queue,identifier,0,27,17
50,698,698,),operator,0,27,31
51,700,710,__DECLARE__,identifier,0,28,0
52,711,711,(,operator,0,28,11
53,712,714,std,identifier,0,28,12
54,715,716,::,operator,0,28,15
55,717,729,unordered_set,identifier,0,28,17
56,730,730,),operator,0,28,30
57,732,743,__DECLAREM__,identifier,0,29,0
58,744,744,(,operator,0,29,12
59,745,747,std,identifier,0,29,13
60,748,749,::,operator,0,29,16
61,750,752,map,identifier,0,29,18
62,753,753,),operator,0,29,21
63,755,766,__DECLAREM__,identifier,0,30,0
64,767,767,(,operator,0,30,12
65,768,770,std,identifier,0,30,13
66,771,772,::,operator,0,30,16
67,773,785,unordered_map,identifier,0,30,18
68,786,786,),operator,0,30,31
69,789,796,template,keyword,0,32,0
70,798,798,<,operator,0,32,9
71,799,806,typename,keyword,0,32,10
72,808,808,T,identifier,0,32,19
73,809,809,",",operator,0,32,20
74,811,818,typename,keyword,0,32,22
75,820,820,U,identifier,0,32,31
76,821,821,>,operator,0,32,32
77,823,825,std,identifier,0,33,0
78,826,827,::,operator,0,33,3
79,828,834,ostream,identifier,0,33,5
80,836,836,&,operator,0,33,13
81,837,844,operator,keyword,0,33,14
82,845,845,<,operator,0,33,22
83,846,846,<,operator,0,33,23
84,847,847,(,operator,0,33,24
85,848,850,std,identifier,0,33,25
86,851,852,::,operator,0,33,28
87,853,859,ostream,identifier,0,33,30
88,861,861,&,operator,0,33,38
89,862,862,",",operator,0,33,39
90,864,868,const,keyword,0,33,41
91,870,872,std,identifier,0,33,47
92,873,874,::,operator,0,33,50
93,875,878,pair,identifier,0,33,52
94,879,879,<,operator,0,33,56
95,880,880,T,identifier,0,33,57
96,881,881,",",operator,0,33,58
97,883,883,U,identifier,0,33,60
98,884,884,>,operator,0,33,61
99,886,886,&,operator,0,33,63
100,887,887,),operator,0,33,64
101,888,888,;,operator,0,33,65
102,890,897,template,keyword,0,34,0
103,899,899,<,operator,0,34,9
104,900,907,typename,keyword,0,34,10
105,908,910,...,operator,0,34,18
106,912,912,T,identifier,0,34,22
107,913,913,>,operator,0,34,23
108,915,917,std,identifier,0,35,0
109,918,919,::,operator,0,35,3
110,920,926,ostream,identifier,0,35,5
111,928,928,&,operator,0,35,13
112,929,936,operator,keyword,0,35,14
113,937,937,<,operator,0,35,22
114,938,938,<,operator,0,35,23
115,939,939,(,operator,0,35,24
116,940,942,std,identifier,0,35,25
117,943,944,::,operator,0,35,28
118,945,951,ostream,identifier,0,35,30
119,953,953,&,operator,0,35,38
120,954,954,",",operator,0,35,39
121,956,960,const,keyword,0,35,41
122,962,964,std,identifier,0,35,47
123,965,966,::,operator,0,35,50
124,967,971,tuple,identifier,0,35,52
125,972,972,<,operator,0,35,57
126,973,973,T,identifier,0,35,58
127,974,976,...,operator,0,35,59
128,977,977,>,operator,0,35,62
129,979,979,&,operator,0,35,64
130,980,980,),operator,0,35,65
131,981,981,;,operator,0,35,66
132,983,990,template,keyword,0,36,0
133,992,992,<,operator,0,36,9
134,993,1000,typename,keyword,0,36,10
135,1002,1002,T,identifier,0,36,19
136,1003,1003,",",operator,0,36,20
137,1005,1007,std,identifier,0,36,22
138,1008,1009,::,operator,0,36,25
139,1010,1015,size_t,identifier,0,36,27
140,1017,1017,N,identifier,0,36,34
141,1018,1018,>,operator,0,36,35
142,1020,1022,std,identifier,0,37,0
143,1023,1024,::,operator,0,37,3
144,1025,1031,ostream,identifier,0,37,5
145,1033,1033,&,operator,0,37,13
146,1034,1041,operator,keyword,0,37,14
147,1042,1042,<,operator,0,37,22
148,1043,1043,<,operator,0,37,23
149,1044,1044,(,operator,0,37,24
150,1045,1047,std,identifier,0,37,25
151,1048,1049,::,operator,0,37,28
152,1050,1056,ostream,identifier,0,37,30
153,1058,1058,&,operator,0,37,38
154,1059,1059,",",operator,0,37,39
155,1061,1065,const,keyword,0,37,41
156,1067,1069,std,identifier,0,37,47
157,1070,1071,::,operator,0,37,50
158,1072,1076,array,identifier,0,37,52
159,1077,1077,<,operator,0,37,57
160,1078,1078,T,identifier,0,37,58
161,1079,1079,",",operator,0,37,59
162,1081,1081,N,identifier,0,37,61
163,1082,1082,>,operator,0,37,62
164,1084,1084,&,operator,0,37,64
165,1085,1085,),operator,0,37,65
166,1086,1086,;,operator,0,37,66
167,1089,1096,template,keyword,0,39,0
168,1098,1098,<,operator,0,39,9
169,1099,1106,typename,keyword,0,39,10
170,1108,1112,Tuple,identifier,0,39,19
171,1113,1113,",",operator,0,39,24
172,1115,1117,std,identifier,0,39,26
173,1118,1119,::,operator,0,39,29
174,1120,1125,size_t,identifier,0,39,31
175,1127,1127,N,identifier,0,39,38
176,1128,1128,>,operator,0,39,39
177,1130,1135,struct,keyword,0,40,0
178,1137,1152,__TuplePrinter__,identifier,0,40,7
179,1154,1154,{,operator,0,40,24
180,1160,1165,static,keyword,0,41,4
181,1167,1170,void,keyword,0,41,11
182,1172,1176,print,identifier,0,41,16
183,1177,1177,(,operator,0,41,21
184,1178,1180,std,identifier,0,41,22
185,1181,1182,::,operator,0,41,25
186,1183,1189,ostream,identifier,0,41,27
187,1191,1191,&,operator,0,41,35
188,1192,1193,os,identifier,0,41,36
189,1194,1194,",",operator,0,41,38
190,1196,1200,const,keyword,0,41,40
191,1202,1206,Tuple,identifier,0,41,46
192,1208,1208,&,operator,0,41,52
193,1209,1209,t,identifier,0,41,53
194,1210,1210,),operator,0,41,54
195,1212,1212,{,operator,0,41,56
196,1222,1237,__TuplePrinter__,identifier,0,42,8
197,1238,1238,<,operator,0,42,24
198,1239,1243,Tuple,identifier,0,42,25
199,1244,1244,",",operator,0,42,30
200,1246,1246,N,identifier,0,42,32
201,1248,1248,-,operator,0,42,34
202,1250,1250,1,integer,0,42,36
203,1251,1251,>,operator,0,42,37
204,1252,1253,::,operator,0,42,38
205,1254,1258,print,identifier,0,42,40
206,1259,1259,(,operator,0,42,45
207,1260,1261,os,identifier,0,42,46
208,1262,1262,",",operator,0,42,48
209,1264,1264,t,identifier,0,42,50
210,1265,1265,),operator,0,42,51
211,1266,1266,;,operator,0,42,52
212,1276,1277,os,identifier,0,43,8
213,1279,1279,<,operator,0,43,11
214,1280,1280,<,operator,0,43,12
215,1282,1285,""", """,string,0,43,14
216,1287,1287,<,operator,0,43,19
217,1288,1288,<,operator,0,43,20
218,1290,1292,std,identifier,0,43,22
219,1293,1294,::,operator,0,43,25
220,1295,1297,get,identifier,0,43,27
221,1298,1298,<,operator,0,43,30
222,1299,1299,N,identifier,0,43,31
223,1301,1301,-,operator,0,43,33
224,1303,1303,1,integer,0,43,35
225,1304,1304,>,operator,0,43,36
226,1305,1305,(,operator,0,43,37
227,1306,1306,t,identifier,0,43,38
228,1307,1307,),operator,0,43,39
229,1308,1308,;,operator,0,43,40
230,1314,1314,},operator,0,44,4
231,1316,1316,},operator,0,45,0
232,1317,1317,;,operator,0,45,1
233,1320,1327,template,keyword,0,47,0
234,1329,1329,<,operator,0,47,9
235,1330,1337,typename,keyword,0,47,10
236,1339,1343,Tuple,identifier,0,47,19
237,1344,1344,>,operator,0,47,24
238,1346,1351,struct,keyword,0,48,0
239,1353,1368,__TuplePrinter__,identifier,0,48,7
240,1369,1369,<,operator,0,48,23
241,1370,1374,Tuple,identifier,0,48,24
242,1375,1375,",",operator,0,48,29
243,1377,1377,1,integer,0,48,31
244,1378,1378,>,operator,0,48,32
245,1380,1380,{,operator,0,48,34
246,1386,1391,static,keyword,0,49,4
247,1393,1396,void,keyword,0,49,11
248,1398,1402,print,identifier,0,49,16
249,1403,1403,(,operator,0,49,21
250,1404,1406,std,identifier,0,49,22
251,1407,1408,::,operator,0,49,25
252,1409,1415,ostream,identifier,0,49,27
253,1417,1417,&,operator,0,49,35
254,1418,1419,os,identifier,0,49,36
255,1420,1420,",",operator,0,49,38
256,1422,1426,const,keyword,0,49,40
257,1428,1432,Tuple,identifier,0,49,46
258,1434,1434,&,operator,0,49,52
259,1435,1435,t,identifier,0,49,53
260,1436,1436,),operator,0,49,54
261,1438,1438,{,operator,0,49,56
262,1440,1441,os,identifier,0,49,58
263,1443,1443,<,operator,0,49,61
264,1444,1444,<,operator,0,49,62
265,1446,1448,std,identifier,0,49,64
266,1449,1450,::,operator,0,49,67
267,1451,1453,get,identifier,0,49,69
268,1454,1454,<,operator,0,49,72
269,1455,1455,0,integer,0,49,73
270,1456,1456,>,operator,0,49,74
271,1457,1457,(,operator,0,49,75
272,1458,1458,t,identifier,0,49,76
273,1459,1459,),operator,0,49,77
274,1460,1460,;,operator,0,49,78
275,1462,1462,},operator,0,49,80
276,1464,1464,},operator,0,50,0
277,1465,1465,;,operator,0,50,1
278,1468,1475,template,keyword,0,52,0
279,1477,1477,<,operator,0,52,9
280,1478,1485,typename,keyword,0,52,10
281,1486,1488,...,operator,0,52,18
282,1490,1490,T,identifier,0,52,22
283,1491,1491,>,operator,0,52,23
284,1493,1495,std,identifier,0,53,0
285,1496,1497,::,operator,0,53,3
286,1498,1504,ostream,identifier,0,53,5
287,1506,1506,&,operator,0,53,13
288,1507,1514,operator,keyword,0,53,14
289,1515,1515,<,operator,0,53,22
290,1516,1516,<,operator,0,53,23
291,1517,1517,(,operator,0,53,24
292,1518,1520,std,identifier,0,53,25
293,1521,1522,::,operator,0,53,28
294,1523,1529,ostream,identifier,0,53,30
295,1531,1531,&,operator,0,53,38
296,1532,1533,os,identifier,0,53,39
297,1534,1534,",",operator,0,53,41
298,1536,1540,const,keyword,0,53,43
299,1542,1544,std,identifier,0,53,49
300,1545,1546,::,operator,0,53,52
301,1547,1551,tuple,identifier,0,53,54
302,1552,1552,<,operator,0,53,59
303,1553,1553,T,identifier,0,53,60
304,1554,1556,...,operator,0,53,61
305,1557,1557,>,operator,0,53,64
306,1559,1559,&,operator,0,53,66
307,1560,1560,t,identifier,0,53,67
308,1561,1561,),operator,0,53,68
309,1563,1563,{,operator,0,53,70
310,1569,1570,os,identifier,0,54,4
311,1572,1572,<,operator,0,54,7
312,1573,1573,<,operator,0,54,8
313,1575,1577,'(',character,0,54,10
314,1578,1578,;,operator,0,54,13
315,1584,1599,__TuplePrinter__,identifier,0,55,4
316,1600,1600,<,operator,0,55,20
317,1601,1608,decltype,keyword,0,55,21
318,1609,1609,(,operator,0,55,29
319,1610,1610,t,identifier,0,55,30
320,1611,1611,),operator,0,55,31
321,1612,1612,",",operator,0,55,32
322,1614,1619,sizeof,keyword,0,55,34
323,1620,1622,...,operator,0,55,40
324,1623,1623,(,operator,0,55,43
325,1624,1624,T,identifier,0,55,44
326,1625,1625,),operator,0,55,45
327,1626,1626,>,operator,0,55,46
328,1627,1628,::,operator,0,55,47
329,1629,1633,print,identifier,0,55,49
330,1634,1634,(,operator,0,55,54
331,1635,1636,os,identifier,0,55,55
332,1637,1637,",",operator,0,55,57
333,1639,1639,t,identifier,0,55,59
334,1640,1640,),operator,0,55,60
335,1641,1641,;,operator,0,55,61
336,1647,1648,os,identifier,0,56,4
337,1650,1650,<,operator,0,56,7
338,1651,1651,<,operator,0,56,8
339,1653,1655,')',character,0,56,10
340,1656,1656,;,operator,0,56,13
341,1662,1667,return,keyword,0,57,4
342,1669,1670,os,identifier,0,57,11
343,1671,1671,;,operator,0,57,13
344,1673,1673,},operator,0,58,0
345,1676,1683,template,keyword,0,60,0
346,1685,1685,<,operator,0,60,9
347,1686,1693,typename,keyword,0,60,10
348,1695,1695,T,identifier,0,60,19
349,1696,1696,",",operator,0,60,20
350,1698,1705,typename,keyword,0,60,22
351,1707,1707,U,identifier,0,60,31
352,1708,1708,>,operator,0,60,32
353,1710,1712,std,identifier,0,61,0
354,1713,1714,::,operator,0,61,3
355,1715,1721,ostream,identifier,0,61,5
356,1723,1723,&,operator,0,61,13
357,1724,1731,operator,keyword,0,61,14
358,1732,1732,<,operator,0,61,22
359,1733,1733,<,operator,0,61,23
360,1734,1734,(,operator,0,61,24
361,1735,1737,std,identifier,0,61,25
362,1738,1739,::,operator,0,61,28
363,1740,1746,ostream,identifier,0,61,30
364,1748,1748,&,operator,0,61,38
365,1749,1750,os,identifier,0,61,39
366,1751,1751,",",operator,0,61,41
367,1753,1757,const,keyword,0,61,43
368,1759,1761,std,identifier,0,61,49
369,1762,1763,::,operator,0,61,52
370,1764,1767,pair,identifier,0,61,54
371,1768,1768,<,operator,0,61,58
372,1769,1769,T,identifier,0,61,59
373,1770,1770,",",operator,0,61,60
374,1772,1772,U,identifier,0,61,62
375,1773,1773,>,operator,0,61,63
376,1775,1775,&,operator,0,61,65
377,1776,1776,v,identifier,0,61,66
378,1777,1777,),operator,0,61,67
379,1779,1779,{,operator,0,61,69
380,1785,1790,return,keyword,0,62,4
381,1792,1793,os,identifier,0,62,11
382,1795,1795,<,operator,0,62,14
383,1796,1796,<,operator,0,62,15
384,1798,1800,'(',character,0,62,17
385,1802,1802,<,operator,0,62,21
386,1803,1803,<,operator,0,62,22
387,1805,1805,v,identifier,0,62,24
388,1806,1806,.,operator,0,62,25
389,1807,1811,first,identifier,0,62,26
390,1813,1813,<,operator,0,62,32
391,1814,1814,<,operator,0,62,33
392,1816,1819,""", """,string,0,62,35
393,1821,1821,<,operator,0,62,40
394,1822,1822,<,operator,0,62,41
395,1824,1824,v,identifier,0,62,43
396,1825,1825,.,operator,0,62,44
397,1826,1831,second,identifier,0,62,45
398,1833,1833,<,operator,0,62,52
399,1834,1834,<,operator,0,62,53
400,1836,1838,')',character,0,62,55
401,1839,1839,;,operator,0,62,58
402,1841,1841,},operator,0,63,0
403,1844,2152,"#define __INNER__                             \\n    os << '[';                                \\n    for (auto it = begin(c); it != end(c);) { \\n        os << *it;                            \\n        os << (++it != end(c) ? "", "" : """");   \\n    }                                         \\n    return os << ']';",directive,1,65,0
404,2155,2162,template,keyword,0,73,0
405,2164,2164,<,operator,0,73,9
406,2165,2172,typename,keyword,0,73,10
407,2174,2174,T,identifier,0,73,19
408,2175,2175,",",operator,0,73,20
409,2177,2179,std,identifier,0,73,22
410,2180,2181,::,operator,0,73,25
411,2182,2187,size_t,identifier,0,73,27
412,2189,2189,N,identifier,0,73,34
413,2190,2190,>,operator,0,73,35
414,2192,2194,std,identifier,0,74,0
415,2195,2196,::,operator,0,74,3
416,2197,2203,ostream,identifier,0,74,5
417,2205,2205,&,operator,0,74,13
418,2206,2213,operator,keyword,0,74,14
419,2214,2214,<,operator,0,74,22
420,2215,2215,<,operator,0,74,23
421,2216,2216,(,operator,0,74,24
422,2217,2219,std,identifier,0,74,25
423,2220,2221,::,operator,0,74,28
424,2222,2228,ostream,identifier,0,74,30
425,2230,2230,&,operator,0,74,38
426,2231,2232,os,identifier,0,74,39
427,2233,2233,",",operator,0,74,41
428,2235,2239,const,keyword,0,74,43
429,2241,2243,std,identifier,0,74,49
430,2244,2245,::,operator,0,74,52
431,2246,2250,array,identifier,0,74,54
432,2251,2251,<,operator,0,74,59
433,2252,2252,T,identifier,0,74,60
434,2253,2253,",",operator,0,74,61
435,2255,2255,N,identifier,0,74,63
436,2256,2256,>,operator,0,74,64
437,2258,2258,&,operator,0,74,66
438,2259,2259,c,identifier,0,74,67
439,2260,2260,),operator,0,74,68
440,2262,2262,{,operator,0,74,70
441,2268,2276,__INNER__,identifier,0,75,4
442,2278,2278,},operator,0,76,0
443,2281,2549,"#define __DEFINE__(C)                                           \\n    template <typename T>                                       \\n    std::ostream &operator<<(std::ostream &os, const C<T> &c) { \\n        __INNER__                                               \\n    }",directive,1,78,0
444,2552,2832,"#define __DEFINEM__(C)                                             \\n    template <typename T, typename U>                              \\n    std::ostream &operator<<(std::ostream &os, const C<T, U> &c) { \\n        __INNER__                                                  \\n    }",directive,1,84,0
445,2835,3235,"#define __DEFINEW__(C, M1, M2)                                  \\n    template <typename T>                                       \\n    std::ostream &operator<<(std::ostream &os, const C<T> &c) { \\n        std::deque<T> v;                                        \\n        for (auto d = c; !d.empty(); d.pop()) v.M1(d.M2());     \\n        return os << v;                                         \\n    }",directive,1,90,0
446,3238,3247,__DEFINE__,identifier,0,98,0
447,3248,3248,(,operator,0,98,10
448,3249,3251,std,identifier,0,98,11
449,3252,3253,::,operator,0,98,14
450,3254,3259,vector,identifier,0,98,16
451,3260,3260,),operator,0,98,22
452,3262,3271,__DEFINE__,identifier,0,99,0
453,3272,3272,(,operator,0,99,10
454,3273,3275,std,identifier,0,99,11
455,3276,3277,::,operator,0,99,14
456,3278,3282,deque,identifier,0,99,16
457,3283,3283,),operator,0,99,21
458,3285,3294,__DEFINE__,identifier,0,100,0
459,3295,3295,(,operator,0,100,10
460,3296,3298,std,identifier,0,100,11
461,3299,3300,::,operator,0,100,14
462,3301,3303,set,identifier,0,100,16
463,3304,3304,),operator,0,100,19
464,3306,3316,__DEFINEW__,identifier,0,101,0
465,3317,3317,(,operator,0,101,11
466,3318,3320,std,identifier,0,101,12
467,3321,3322,::,operator,0,101,15
468,3323,3327,stack,identifier,0,101,17
469,3328,3328,",",operator,0,101,22
470,3330,3339,push_front,identifier,0,101,24
471,3340,3340,",",operator,0,101,34
472,3342,3344,top,identifier,0,101,36
473,3345,3345,),operator,0,101,39
474,3347,3357,__DEFINEW__,identifier,0,102,0
475,3358,3358,(,operator,0,102,11
476,3359,3361,std,identifier,0,102,12
477,3362,3363,::,operator,0,102,15
478,3364,3368,queue,identifier,0,102,17
479,3369,3369,",",operator,0,102,22
480,3371,3379,push_back,identifier,0,102,24
481,3380,3380,",",operator,0,102,33
482,3382,3386,front,identifier,0,102,35
483,3387,3387,),operator,0,102,40
484,3389,3399,__DEFINEW__,identifier,0,103,0
485,3400,3400,(,operator,0,103,11
486,3401,3403,std,identifier,0,103,12
487,3404,3405,::,operator,0,103,15
488,3406,3419,priority_queue,identifier,0,103,17
489,3420,3420,",",operator,0,103,31
490,3422,3431,push_front,identifier,0,103,33
491,3432,3432,",",operator,0,103,43
492,3434,3436,top,identifier,0,103,45
493,3437,3437,),operator,0,103,48
494,3439,3448,__DEFINE__,identifier,0,104,0
495,3449,3449,(,operator,0,104,10
496,3450,3452,std,identifier,0,104,11
497,3453,3454,::,operator,0,104,14
498,3455,3467,unordered_set,identifier,0,104,16
499,3468,3468,),operator,0,104,29
500,3470,3480,__DEFINEM__,identifier,0,105,0
501,3481,3481,(,operator,0,105,11
502,3482,3484,std,identifier,0,105,12
503,3485,3486,::,operator,0,105,15
504,3487,3489,map,identifier,0,105,17
505,3490,3490,),operator,0,105,20
506,3492,3502,__DEFINEM__,identifier,0,106,0
507,3503,3503,(,operator,0,106,11
508,3504,3506,std,identifier,0,106,12
509,3507,3508,::,operator,0,106,15
510,3509,3521,unordered_map,identifier,0,106,17
511,3522,3522,),operator,0,106,30
512,3524,3524,},operator,0,107,0
513,3527,3532,signed,keyword,0,109,0
514,3534,3537,main,identifier,0,109,7
515,3538,3538,(,operator,0,109,11
516,3539,3539,),operator,0,109,12
517,3540,3540,{,operator,0,109,13
518,3543,3545,int,keyword,0,110,1
519,3547,3547,n,identifier,0,110,5
520,3548,3548,;,operator,0,110,6
521,3551,3553,cin,identifier,0,111,1
522,3554,3554,>,operator,0,111,4
523,3555,3555,>,operator,0,111,5
524,3556,3556,n,identifier,0,111,6
525,3557,3557,;,operator,0,111,7
526,3560,3565,vector,identifier,0,112,1
527,3566,3566,<,operator,0,112,7
528,3567,3569,int,keyword,0,112,8
529,3570,3570,>,operator,0,112,11
530,3572,3572,v,identifier,0,112,13
531,3573,3573,[,operator,0,112,14
532,3574,3579,100001,integer,0,112,15
533,3580,3580,],operator,0,112,21
534,3581,3581,;,operator,0,112,22
535,3584,3585,lp,identifier,0,113,1
536,3586,3586,(,operator,0,113,3
537,3587,3587,i,identifier,0,113,4
538,3588,3588,",",operator,0,113,5
539,3589,3589,n,identifier,0,113,6
540,3590,3590,-,operator,0,113,7
541,3591,3591,1,integer,0,113,8
542,3592,3592,),operator,0,113,9
543,3593,3593,{,operator,0,113,10
544,3597,3599,int,keyword,0,114,2
545,3601,3601,a,identifier,0,114,6
546,3602,3602,",",operator,0,114,7
547,3603,3603,b,identifier,0,114,8
548,3604,3604,;,operator,0,114,9
549,3608,3610,cin,identifier,0,115,2
550,3611,3611,>,operator,0,115,5
551,3612,3612,>,operator,0,115,6
552,3613,3613,a,identifier,0,115,7
553,3614,3614,>,operator,0,115,8
554,3615,3615,>,operator,0,115,9
555,3616,3616,b,identifier,0,115,10
556,3617,3617,;,operator,0,115,11
557,3621,3621,v,identifier,0,116,2
558,3622,3622,[,operator,0,116,3
559,3623,3623,a,identifier,0,116,4
560,3624,3624,],operator,0,116,5
561,3625,3625,.,operator,0,116,6
562,3626,3634,push_back,identifier,0,116,7
563,3635,3635,(,operator,0,116,16
564,3636,3636,b,identifier,0,116,17
565,3637,3637,),operator,0,116,18
566,3638,3638,;,operator,0,116,19
567,3642,3642,v,identifier,0,117,2
568,3643,3643,[,operator,0,117,3
569,3644,3644,b,identifier,0,117,4
570,3645,3645,],operator,0,117,5
571,3646,3646,.,operator,0,117,6
572,3647,3655,push_back,identifier,0,117,7
573,3656,3656,(,operator,0,117,16
574,3657,3657,a,identifier,0,117,17
575,3658,3658,),operator,0,117,18
576,3659,3659,;,operator,0,117,19
577,3662,3662,},operator,0,118,1
578,3665,3667,int,keyword,0,119,1
579,3669,3669,k,identifier,0,119,5
580,3670,3670,;,operator,0,119,6
581,3673,3675,cin,identifier,0,120,1
582,3676,3676,>,operator,0,120,4
583,3677,3677,>,operator,0,120,5
584,3678,3678,k,identifier,0,120,6
585,3679,3679,;,operator,0,120,7
586,3682,3684,int,keyword,0,121,1
587,3686,3686,x,identifier,0,121,5
588,3687,3687,[,operator,0,121,6
589,3688,3693,100001,integer,0,121,7
590,3694,3694,],operator,0,121,13
591,3695,3695,;,operator,0,121,14
592,3698,3699,lp,identifier,0,122,1
593,3700,3700,(,operator,0,122,3
594,3701,3701,i,identifier,0,122,4
595,3702,3702,",",operator,0,122,5
596,3703,3703,n,identifier,0,122,6
597,3704,3704,+,operator,0,122,7
598,3705,3705,1,integer,0,122,8
599,3706,3706,),operator,0,122,9
600,3707,3707,x,identifier,0,122,10
601,3708,3708,[,operator,0,122,11
602,3709,3709,i,identifier,0,122,12
603,3710,3710,],operator,0,122,13
604,3711,3711,=,operator,0,122,14
605,3712,3712,-,operator,0,122,15
606,3713,3713,1,integer,0,122,16
607,3714,3714,;,operator,0,122,17
608,3717,3730,priority_queue,identifier,0,123,1
609,3731,3731,<,operator,0,123,15
610,3732,3735,pair,identifier,0,123,16
611,3736,3736,<,operator,0,123,20
612,3737,3739,int,keyword,0,123,21
613,3740,3740,",",operator,0,123,24
614,3741,3743,int,keyword,0,123,25
615,3744,3744,>,operator,0,123,28
616,3745,3745,",",operator,0,123,29
617,3746,3751,vector,identifier,0,123,30
618,3752,3752,<,operator,0,123,36
619,3753,3756,pair,identifier,0,123,37
620,3757,3757,<,operator,0,123,41
621,3758,3760,int,keyword,0,123,42
622,3761,3761,",",operator,0,123,45
623,3762,3764,int,keyword,0,123,46
624,3765,3765,>,operator,0,123,49
625,3766,3766,>,operator,0,123,50
626,3767,3767,",",operator,0,123,51
627,3768,3774,greater,identifier,0,123,52
628,3775,3775,<,operator,0,123,59
629,3776,3779,pair,identifier,0,123,60
630,3780,3780,<,operator,0,123,64
631,3781,3783,int,keyword,0,123,65
632,3784,3784,",",operator,0,123,68
633,3785,3787,int,keyword,0,123,69
634,3788,3788,>,operator,0,123,72
635,3789,3789,>,operator,0,123,73
636,3790,3790,>,operator,0,123,74
637,3792,3792,q,identifier,0,123,76
638,3793,3793,;,operator,0,123,77
639,3796,3797,lp,identifier,0,124,1
640,3798,3798,(,operator,0,124,3
641,3799,3799,i,identifier,0,124,4
642,3800,3800,",",operator,0,124,5
643,3801,3801,k,identifier,0,124,6
644,3802,3802,),operator,0,124,7
645,3803,3803,{,operator,0,124,8
646,3807,3809,int,keyword,0,125,2
647,3811,3811,a,identifier,0,125,6
648,3812,3812,",",operator,0,125,7
649,3813,3813,p,identifier,0,125,8
650,3814,3814,;,operator,0,125,9
651,3818,3820,cin,identifier,0,126,2
652,3821,3821,>,operator,0,126,5
653,3822,3822,>,operator,0,126,6
654,3823,3823,a,identifier,0,126,7
655,3824,3824,>,operator,0,126,8
656,3825,3825,>,operator,0,126,9
657,3826,3826,p,identifier,0,126,10
658,3827,3827,;,operator,0,126,11
659,3831,3831,x,identifier,0,127,2
660,3832,3832,[,operator,0,127,3
661,3833,3833,a,identifier,0,127,4
662,3834,3834,],operator,0,127,5
663,3835,3835,=,operator,0,127,6
664,3836,3836,p,identifier,0,127,7
665,3837,3837,;,operator,0,127,8
666,3841,3841,q,identifier,0,128,2
667,3842,3842,.,operator,0,128,3
668,3843,3846,push,identifier,0,128,4
669,3847,3847,(,operator,0,128,8
670,3848,3848,{,operator,0,128,9
671,3849,3849,p,identifier,0,128,10
672,3850,3850,",",operator,0,128,11
673,3851,3851,a,identifier,0,128,12
674,3852,3852,},operator,0,128,13
675,3853,3853,),operator,0,128,14
676,3854,3854,;,operator,0,128,15
677,3857,3857,},operator,0,129,1
678,3860,3863,bool,keyword,0,130,1
679,3865,3867,ans,identifier,0,130,6
680,3868,3868,=,operator,0,130,9
681,3869,3872,true,keyword,0,130,10
682,3873,3873,;,operator,0,130,14
683,3876,3880,while,keyword,0,131,1
684,3881,3881,(,operator,0,131,6
685,3882,3882,"!",operator,0,131,7
686,3883,3883,q,identifier,0,131,8
687,3884,3884,.,operator,0,131,9
688,3885,3889,empty,identifier,0,131,10
689,3890,3890,(,operator,0,131,15
690,3891,3891,),operator,0,131,16
691,3892,3892,),operator,0,131,17
692,3893,3893,{,operator,0,131,18
693,3897,3899,int,keyword,0,132,2
694,3901,3903,now,identifier,0,132,6
695,3904,3904,=,operator,0,132,9
696,3905,3905,q,identifier,0,132,10
697,3906,3906,.,operator,0,132,11
698,3907,3909,top,identifier,0,132,12
699,3910,3910,(,operator,0,132,15
700,3911,3911,),operator,0,132,16
701,3912,3912,.,operator,0,132,17
702,3913,3918,second,identifier,0,132,18
703,3919,3919,;,operator,0,132,24
704,3923,3925,int,keyword,0,133,2
705,3927,3927,c,identifier,0,133,6
706,3928,3928,=,operator,0,133,7
707,3929,3929,q,identifier,0,133,8
708,3930,3930,.,operator,0,133,9
709,3931,3933,top,identifier,0,133,10
710,3934,3934,(,operator,0,133,13
711,3935,3935,),operator,0,133,14
712,3936,3936,.,operator,0,133,15
713,3937,3941,first,identifier,0,133,16
714,3942,3942,;,operator,0,133,21
715,3946,3946,q,identifier,0,134,2
716,3947,3947,.,operator,0,134,3
717,3948,3950,pop,identifier,0,134,4
718,3951,3951,(,operator,0,134,7
719,3952,3952,),operator,0,134,8
720,3953,3953,;,operator,0,134,9
721,3957,3958,lp,identifier,0,135,2
722,3959,3959,(,operator,0,135,4
723,3960,3960,i,identifier,0,135,5
724,3961,3961,",",operator,0,135,6
725,3962,3962,v,identifier,0,135,7
726,3963,3963,[,operator,0,135,8
727,3964,3966,now,identifier,0,135,9
728,3967,3967,],operator,0,135,12
729,3968,3968,.,operator,0,135,13
730,3969,3972,size,identifier,0,135,14
731,3973,3973,(,operator,0,135,18
732,3974,3974,),operator,0,135,19
733,3975,3975,),operator,0,135,20
734,3976,3976,{,operator,0,135,21
735,3981,3983,int,keyword,0,136,3
736,3985,3988,next,identifier,0,136,7
737,3989,3989,=,operator,0,136,11
738,3990,3990,v,identifier,0,136,12
739,3991,3991,[,operator,0,136,13
740,3992,3994,now,identifier,0,136,14
741,3995,3995,],operator,0,136,17
742,3996,3996,[,operator,0,136,18
743,3997,3997,i,identifier,0,136,19
744,3998,3998,],operator,0,136,20
745,3999,3999,;,operator,0,136,21
746,4004,4005,if,keyword,0,137,3
747,4006,4006,(,operator,0,137,5
748,4007,4007,x,identifier,0,137,6
749,4008,4008,[,operator,0,137,7
750,4009,4012,next,identifier,0,137,8
751,4013,4013,],operator,0,137,12
752,4014,4015,"!=",operator,0,137,13
753,4016,4016,-,operator,0,137,15
754,4017,4017,1,integer,0,137,16
755,4018,4018,),operator,0,137,17
756,4019,4019,{,operator,0,137,18
757,4025,4026,if,keyword,0,138,4
758,4027,4027,(,operator,0,138,6
759,4028,4030,abs,identifier,0,138,7
760,4031,4031,(,operator,0,138,10
761,4032,4032,x,identifier,0,138,11
762,4033,4033,[,operator,0,138,12
763,4034,4037,next,identifier,0,138,13
764,4038,4038,],operator,0,138,17
765,4039,4039,-,operator,0,138,18
766,4040,4040,c,identifier,0,138,19
767,4041,4041,),operator,0,138,20
768,4042,4043,"!=",operator,0,138,21
769,4044,4044,1,integer,0,138,23
770,4045,4045,),operator,0,138,24
771,4046,4046,{,operator,0,138,25
772,4053,4055,ans,identifier,0,139,5
773,4056,4056,=,operator,0,139,8
774,4057,4061,false,keyword,0,139,9
775,4062,4062,;,operator,0,139,14
776,4068,4068,},operator,0,140,4
777,4073,4073,},operator,0,141,3
778,4078,4081,else,keyword,0,142,3
779,4082,4082,{,operator,0,142,7
780,4088,4088,x,identifier,0,143,4
781,4089,4089,[,operator,0,143,5
782,4090,4093,next,identifier,0,143,6
783,4094,4094,],operator,0,143,10
784,4095,4095,=,operator,0,143,11
785,4096,4096,c,identifier,0,143,12
786,4097,4097,+,operator,0,143,13
787,4098,4098,1,integer,0,143,14
788,4099,4099,;,operator,0,143,15
789,4105,4105,q,identifier,0,144,4
790,4106,4106,.,operator,0,144,5
791,4107,4110,push,identifier,0,144,6
792,4111,4111,(,operator,0,144,10
793,4112,4112,{,operator,0,144,11
794,4113,4113,c,identifier,0,144,12
795,4114,4114,+,operator,0,144,13
796,4115,4115,1,integer,0,144,14
797,4116,4116,",",operator,0,144,15
798,4117,4120,next,identifier,0,144,16
799,4121,4121,},operator,0,144,20
800,4122,4122,),operator,0,144,21
801,4123,4123,;,operator,0,144,22
802,4128,4128,},operator,0,145,3
803,4132,4132,},operator,0,146,2
804,4135,4135,},operator,0,147,1
805,4138,4139,if,keyword,0,148,1
806,4140,4140,(,operator,0,148,3
807,4141,4143,ans,identifier,0,148,4
808,4144,4145,==,operator,0,148,7
809,4146,4150,false,keyword,0,148,9
810,4151,4151,),operator,0,148,14
811,4152,4152,{,operator,0,148,15
812,4156,4159,cout,identifier,0,149,2
813,4160,4160,<,operator,0,149,6
814,4161,4161,<,operator,0,149,7
815,4162,4165,"""No""",string,0,149,8
816,4166,4166,<,operator,0,149,12
817,4167,4167,<,operator,0,149,13
818,4168,4171,endl,identifier,0,149,14
819,4172,4172,;,operator,0,149,18
820,4176,4181,return,keyword,0,150,2
821,4183,4183,0,integer,0,150,9
822,4184,4184,;,operator,0,150,10
823,4187,4187,},operator,0,151,1
824,4190,4193,else,keyword,0,152,1
825,4194,4194,{,operator,0,152,5
826,4198,4201,cout,identifier,0,153,2
827,4202,4202,<,operator,0,153,6
828,4203,4203,<,operator,0,153,7
829,4204,4208,"""Yes""",string,0,153,8
830,4209,4209,<,operator,0,153,13
831,4210,4210,<,operator,0,153,14
832,4211,4214,endl,identifier,0,153,15
833,4215,4215,;,operator,0,153,19
834,4219,4220,lp,identifier,0,154,2
835,4221,4221,(,operator,0,154,4
836,4222,4222,i,identifier,0,154,5
837,4223,4223,",",operator,0,154,6
838,4224,4224,n,identifier,0,154,7
839,4225,4225,),operator,0,154,8
840,4226,4226,{,operator,0,154,9
841,4231,4234,cout,identifier,0,155,3
842,4235,4235,<,operator,0,155,7
843,4236,4236,<,operator,0,155,8
844,4237,4237,x,identifier,0,155,9
845,4238,4238,[,operator,0,155,10
846,4239,4239,i,identifier,0,155,11
847,4240,4240,+,operator,0,155,12
848,4241,4241,1,integer,0,155,13
849,4242,4242,],operator,0,155,14
850,4243,4243,<,operator,0,155,15
851,4244,4244,<,operator,0,155,16
852,4245,4248,endl,identifier,0,155,17
853,4249,4249,;,operator,0,155,21
854,4253,4253,},operator,0,156,2
855,4256,4256,},operator,0,157,1
856,4259,4264,return,keyword,0,158,1
857,4266,4266,0,integer,0,158,8
858,4267,4267,;,operator,0,158,9
859,4269,4269,},operator,0,159,0
860,4270,4269,<EOF>,eof,0,159,1
