seqnr,start,stop,text,class,channel,line,column
0,0,23,"#include <bits/stdc++.h>",directive,1,1,0
1,25,29,using,keyword,0,2,0
2,31,39,namespace,keyword,0,2,6
3,41,43,std,identifier,0,2,16
4,44,44,;,operator,0,2,19
5,46,60,"#define f first",directive,1,3,0
6,62,77,"#define s second",directive,1,4,0
7,79,98,"#define pb push_back",directive,1,5,0
8,100,139,"#define reset(a,b) memset(a,b,sizeof a);",directive,1,6,0
9,141,172,"#define ALL(x) x.begin(),x.end()",directive,1,7,0
10,174,216,"#define debug(x) cout<<#x<<"" = ""<<(x)<<endl",directive,1,8,0
11,218,246,"#define sz(x) (int)(x.size())",directive,1,9,0
12,248,278,"#define lt(x) (int)(x.length())",directive,1,10,0
13,280,302,"#define MOD 1000000007 ",directive,1,11,0
14,304,320,"#define mx 100003",directive,1,12,0
15,323,325,int,keyword,0,14,0
16,327,327,n,identifier,0,14,4
17,328,328,",",operator,0,14,5
18,330,330,u,identifier,0,14,7
19,331,331,",",operator,0,14,8
20,333,333,v,identifier,0,14,10
21,334,334,",",operator,0,14,11
22,336,336,k,identifier,0,14,13
23,337,337,",",operator,0,14,14
24,339,343,nilai,identifier,0,14,16
25,344,344,[,operator,0,14,21
26,345,346,mx,identifier,0,14,22
27,347,347,],operator,0,14,24
28,348,348,",",operator,0,14,25
29,350,350,P,identifier,0,14,27
30,351,351,[,operator,0,14,28
31,352,353,mx,identifier,0,14,29
32,354,354,],operator,0,14,31
33,355,355,",",operator,0,14,32
34,357,361,kecil,identifier,0,14,34
35,362,362,[,operator,0,14,39
36,363,364,mx,identifier,0,14,40
37,365,365,],operator,0,14,42
38,366,366,",",operator,0,14,43
39,368,372,besar,identifier,0,14,45
40,373,373,[,operator,0,14,50
41,374,375,mx,identifier,0,14,51
42,376,376,],operator,0,14,53
43,377,377,",",operator,0,14,54
44,379,381,lev,identifier,0,14,56
45,382,382,[,operator,0,14,59
46,383,384,mx,identifier,0,14,60
47,385,385,],operator,0,14,62
48,386,386,;,operator,0,14,63
49,388,393,vector,identifier,0,15,0
50,394,394,<,operator,0,15,6
51,395,397,int,keyword,0,15,7
52,398,398,>,operator,0,15,10
53,400,400,g,identifier,0,15,12
54,401,401,[,operator,0,15,13
55,402,403,mx,identifier,0,15,14
56,404,404,],operator,0,15,16
57,405,405,;,operator,0,15,17
58,408,411,void,keyword,0,17,0
59,413,415,dfs,identifier,0,17,5
60,416,416,(,operator,0,17,8
61,417,419,int,keyword,0,17,9
62,421,423,now,identifier,0,17,13
63,424,424,",",operator,0,17,16
64,426,428,int,keyword,0,17,18
65,430,432,par,identifier,0,17,22
66,433,433,",",operator,0,17,25
67,435,437,int,keyword,0,17,27
68,439,443,level,identifier,0,17,31
69,444,444,",",operator,0,17,36
70,446,448,int,keyword,0,17,38
71,450,453,mini,identifier,0,17,42
72,454,454,",",operator,0,17,46
73,456,458,int,keyword,0,17,48
74,460,463,maks,identifier,0,17,52
75,464,464,),operator,0,17,56
76,465,465,{,operator,0,17,57
77,468,469,if,keyword,0,18,1
78,470,470,(,operator,0,18,3
79,471,475,nilai,identifier,0,18,4
80,476,476,[,operator,0,18,9
81,477,479,now,identifier,0,18,10
82,480,480,],operator,0,18,13
83,482,483,"!=",operator,0,18,15
84,485,485,-,operator,0,18,18
85,486,486,1,integer,0,18,19
86,487,487,),operator,0,18,20
87,488,488,{,operator,0,18,21
88,492,493,if,keyword,0,19,2
89,494,494,(,operator,0,19,4
90,495,495,(,operator,0,19,5
91,496,500,level,identifier,0,19,6
92,502,502,+,operator,0,19,12
93,504,508,nilai,identifier,0,19,14
94,509,509,[,operator,0,19,19
95,510,512,now,identifier,0,19,20
96,513,513,],operator,0,19,23
97,514,514,),operator,0,19,24
98,516,516,%,operator,0,19,26
99,518,518,2,integer,0,19,28
100,520,520,>,operator,0,19,30
101,522,522,0,integer,0,19,32
102,523,523,),operator,0,19,33
103,524,524,{,operator,0,19,34
104,529,532,cout,identifier,0,20,3
105,534,534,<,operator,0,20,8
106,535,535,<,operator,0,20,9
107,537,542,"""No\n""",string,0,20,11
108,543,543,;,operator,0,20,17
109,548,551,exit,identifier,0,21,3
110,552,552,(,operator,0,21,7
111,553,553,0,integer,0,21,8
112,554,554,),operator,0,21,9
113,555,555,;,operator,0,21,10
114,559,559,},operator,0,22,2
115,563,564,if,keyword,0,23,2
116,565,565,(,operator,0,23,4
117,566,570,nilai,identifier,0,23,5
118,571,571,[,operator,0,23,10
119,572,574,now,identifier,0,23,11
120,575,575,],operator,0,23,14
121,577,577,<,operator,0,23,16
122,579,582,mini,identifier,0,23,18
123,584,585,||,operator,0,23,23
124,587,591,nilai,identifier,0,23,26
125,592,592,[,operator,0,23,31
126,593,595,now,identifier,0,23,32
127,596,596,],operator,0,23,35
128,598,598,>,operator,0,23,37
129,600,603,maks,identifier,0,23,39
130,604,604,),operator,0,23,43
131,605,605,{,operator,0,23,44
132,610,613,cout,identifier,0,24,3
133,615,615,<,operator,0,24,8
134,616,616,<,operator,0,24,9
135,618,623,"""No\n""",string,0,24,11
136,624,624,;,operator,0,24,17
137,629,632,exit,identifier,0,25,3
138,633,633,(,operator,0,25,7
139,634,634,0,integer,0,25,8
140,635,635,),operator,0,25,9
141,636,636,;,operator,0,25,10
142,640,640,},operator,0,26,2
143,644,647,mini,identifier,0,27,2
144,649,649,=,operator,0,27,7
145,651,654,maks,identifier,0,27,9
146,656,656,=,operator,0,27,14
147,658,662,nilai,identifier,0,27,16
148,663,663,[,operator,0,27,21
149,664,666,now,identifier,0,27,22
150,667,667,],operator,0,27,25
151,668,668,;,operator,0,27,26
152,671,671,},operator,0,28,1
153,674,678,kecil,identifier,0,29,1
154,679,679,[,operator,0,29,6
155,680,682,now,identifier,0,29,7
156,683,683,],operator,0,29,10
157,685,685,=,operator,0,29,12
158,687,689,max,identifier,0,29,14
159,690,690,(,operator,0,29,17
160,691,695,kecil,identifier,0,29,18
161,696,696,[,operator,0,29,23
162,697,699,now,identifier,0,29,24
163,700,700,],operator,0,29,27
164,701,701,",",operator,0,29,28
165,703,706,mini,identifier,0,29,30
166,707,707,),operator,0,29,34
167,708,708,;,operator,0,29,35
168,711,715,besar,identifier,0,30,1
169,716,716,[,operator,0,30,6
170,717,719,now,identifier,0,30,7
171,720,720,],operator,0,30,10
172,722,722,=,operator,0,30,12
173,724,726,min,identifier,0,30,14
174,727,727,(,operator,0,30,17
175,728,732,besar,identifier,0,30,18
176,733,733,[,operator,0,30,23
177,734,736,now,identifier,0,30,24
178,737,737,],operator,0,30,27
179,738,738,",",operator,0,30,28
180,740,743,maks,identifier,0,30,30
181,744,744,),operator,0,30,34
182,745,745,;,operator,0,30,35
183,748,748,P,identifier,0,31,1
184,749,749,[,operator,0,31,2
185,750,752,now,identifier,0,31,3
186,753,753,],operator,0,31,6
187,755,755,=,operator,0,31,8
188,757,759,par,identifier,0,31,10
189,760,760,;,operator,0,31,13
190,763,765,lev,identifier,0,32,1
191,766,766,[,operator,0,32,4
192,767,769,now,identifier,0,32,5
193,770,770,],operator,0,32,8
194,772,772,=,operator,0,32,10
195,774,778,level,identifier,0,32,12
196,779,779,;,operator,0,32,17
197,782,784,for,keyword,0,33,1
198,785,785,(,operator,0,33,4
199,786,788,int,keyword,0,33,5
200,790,790,i,identifier,0,33,9
201,792,792,:,operator,0,33,11
202,794,794,g,identifier,0,33,13
203,795,795,[,operator,0,33,14
204,796,798,now,identifier,0,33,15
205,799,799,],operator,0,33,18
206,800,800,),operator,0,33,19
207,801,801,{,operator,0,33,20
208,805,806,if,keyword,0,34,2
209,807,807,(,operator,0,34,4
210,808,808,i,identifier,0,34,5
211,810,811,"!=",operator,0,34,7
212,813,815,par,identifier,0,34,10
213,816,816,),operator,0,34,13
214,821,823,dfs,identifier,0,35,3
215,824,824,(,operator,0,35,6
216,825,825,i,identifier,0,35,7
217,826,826,",",operator,0,35,8
218,828,830,now,identifier,0,35,10
219,831,831,",",operator,0,35,13
220,833,837,level,identifier,0,35,15
221,839,839,+,operator,0,35,21
222,841,841,1,integer,0,35,23
223,842,842,",",operator,0,35,24
224,844,847,mini,identifier,0,35,26
225,849,849,-,operator,0,35,31
226,851,851,1,integer,0,35,33
227,852,852,",",operator,0,35,34
228,854,857,maks,identifier,0,35,36
229,859,859,+,operator,0,35,41
230,861,861,1,integer,0,35,43
231,862,862,),operator,0,35,44
232,863,863,;,operator,0,35,45
233,866,866,},operator,0,36,1
234,869,871,for,keyword,0,37,1
235,872,872,(,operator,0,37,4
236,873,875,int,keyword,0,37,5
237,877,877,i,identifier,0,37,9
238,879,879,:,operator,0,37,11
239,881,881,g,identifier,0,37,13
240,882,882,[,operator,0,37,14
241,883,885,now,identifier,0,37,15
242,886,886,],operator,0,37,18
243,887,887,),operator,0,37,19
244,888,888,{,operator,0,37,20
245,892,893,if,keyword,0,38,2
246,894,894,(,operator,0,38,4
247,895,895,i,identifier,0,38,5
248,897,898,"!=",operator,0,38,7
249,900,902,par,identifier,0,38,10
250,903,903,),operator,0,38,13
251,904,904,{,operator,0,38,14
252,909,911,int,keyword,0,39,3
253,913,913,a,identifier,0,39,7
254,915,915,=,operator,0,39,9
255,917,921,kecil,identifier,0,39,11
256,922,922,[,operator,0,39,16
257,923,923,i,identifier,0,39,17
258,924,924,],operator,0,39,18
259,926,926,-,operator,0,39,20
260,928,928,1,integer,0,39,22
261,929,929,;,operator,0,39,23
262,934,936,int,keyword,0,40,3
263,938,938,b,identifier,0,40,7
264,940,940,=,operator,0,40,9
265,942,946,besar,identifier,0,40,11
266,947,947,[,operator,0,40,16
267,948,948,i,identifier,0,40,17
268,949,949,],operator,0,40,18
269,951,951,+,operator,0,40,20
270,953,953,1,integer,0,40,22
271,954,954,;,operator,0,40,23
272,959,963,besar,identifier,0,41,3
273,964,964,[,operator,0,41,8
274,965,967,now,identifier,0,41,9
275,968,968,],operator,0,41,12
276,970,970,=,operator,0,41,14
277,972,974,min,identifier,0,41,16
278,975,975,(,operator,0,41,19
279,976,980,besar,identifier,0,41,20
280,981,981,[,operator,0,41,25
281,982,984,now,identifier,0,41,26
282,985,985,],operator,0,41,29
283,986,986,",",operator,0,41,30
284,988,988,b,identifier,0,41,32
285,989,989,),operator,0,41,33
286,990,990,;,operator,0,41,34
287,995,999,kecil,identifier,0,42,3
288,1000,1000,[,operator,0,42,8
289,1001,1003,now,identifier,0,42,9
290,1004,1004,],operator,0,42,12
291,1006,1006,=,operator,0,42,14
292,1008,1010,max,identifier,0,42,16
293,1011,1011,(,operator,0,42,19
294,1012,1016,kecil,identifier,0,42,20
295,1017,1017,[,operator,0,42,25
296,1018,1020,now,identifier,0,42,26
297,1021,1021,],operator,0,42,29
298,1022,1022,",",operator,0,42,30
299,1024,1024,a,identifier,0,42,32
300,1025,1025,),operator,0,42,33
301,1026,1026,;,operator,0,42,34
302,1030,1030,},operator,0,43,2
303,1033,1033,},operator,0,44,1
304,1035,1035,},operator,0,45,0
305,1038,1040,int,keyword,0,47,0
306,1042,1045,main,identifier,0,47,4
307,1046,1046,(,operator,0,47,8
308,1047,1047,),operator,0,47,9
309,1048,1048,{,operator,0,47,10
310,1051,1053,cin,identifier,0,48,1
311,1055,1055,>,operator,0,48,5
312,1056,1056,>,operator,0,48,6
313,1058,1058,n,identifier,0,48,8
314,1059,1059,;,operator,0,48,9
315,1062,1064,for,keyword,0,49,1
316,1065,1065,(,operator,0,49,4
317,1066,1068,int,keyword,0,49,5
318,1070,1070,i,identifier,0,49,9
319,1072,1072,=,operator,0,49,11
320,1074,1074,1,integer,0,49,13
321,1075,1075,;,operator,0,49,14
322,1077,1077,i,identifier,0,49,16
323,1079,1080,<=,operator,0,49,18
324,1082,1082,n,identifier,0,49,21
325,1083,1083,;,operator,0,49,22
326,1085,1085,i,identifier,0,49,24
327,1086,1087,++,operator,0,49,25
328,1088,1088,),operator,0,49,27
329,1092,1096,kecil,identifier,0,50,2
330,1097,1097,[,operator,0,50,7
331,1098,1098,i,identifier,0,50,8
332,1099,1099,],operator,0,50,9
333,1101,1101,=,operator,0,50,11
334,1103,1103,-,operator,0,50,13
335,1104,1106,1e9,floating,0,50,14
336,1107,1107,",",operator,0,50,17
337,1109,1113,besar,identifier,0,50,19
338,1114,1114,[,operator,0,50,24
339,1115,1115,i,identifier,0,50,25
340,1116,1116,],operator,0,50,26
341,1118,1118,=,operator,0,50,28
342,1120,1122,1e9,floating,0,50,30
343,1123,1123,;,operator,0,50,33
344,1126,1128,for,keyword,0,51,1
345,1129,1129,(,operator,0,51,4
346,1130,1132,int,keyword,0,51,5
347,1134,1134,i,identifier,0,51,9
348,1136,1136,=,operator,0,51,11
349,1138,1138,1,integer,0,51,13
350,1139,1139,;,operator,0,51,14
351,1141,1141,i,identifier,0,51,16
352,1143,1143,<,operator,0,51,18
353,1145,1145,n,identifier,0,51,20
354,1146,1146,;,operator,0,51,21
355,1148,1148,i,identifier,0,51,23
356,1149,1150,++,operator,0,51,24
357,1151,1151,),operator,0,51,26
358,1152,1152,{,operator,0,51,27
359,1156,1158,cin,identifier,0,52,2
360,1160,1160,>,operator,0,52,6
361,1161,1161,>,operator,0,52,7
362,1163,1163,u,identifier,0,52,9
363,1165,1165,>,operator,0,52,11
364,1166,1166,>,operator,0,52,12
365,1168,1168,v,identifier,0,52,14
366,1169,1169,;,operator,0,52,15
367,1173,1173,g,identifier,0,53,2
368,1174,1174,[,operator,0,53,3
369,1175,1175,u,identifier,0,53,4
370,1176,1176,],operator,0,53,5
371,1177,1177,.,operator,0,53,6
372,1178,1179,pb,identifier,0,53,7
373,1180,1180,(,operator,0,53,9
374,1181,1181,v,identifier,0,53,10
375,1182,1182,),operator,0,53,11
376,1183,1183,;,operator,0,53,12
377,1187,1187,g,identifier,0,54,2
378,1188,1188,[,operator,0,54,3
379,1189,1189,v,identifier,0,54,4
380,1190,1190,],operator,0,54,5
381,1191,1191,.,operator,0,54,6
382,1192,1193,pb,identifier,0,54,7
383,1194,1194,(,operator,0,54,9
384,1195,1195,u,identifier,0,54,10
385,1196,1196,),operator,0,54,11
386,1197,1197,;,operator,0,54,12
387,1200,1200,},operator,0,55,1
388,1203,1205,cin,identifier,0,56,1
389,1207,1207,>,operator,0,56,5
390,1208,1208,>,operator,0,56,6
391,1210,1210,k,identifier,0,56,8
392,1211,1211,;,operator,0,56,9
393,1214,1218,reset,identifier,0,57,1
394,1219,1219,(,operator,0,57,6
395,1220,1224,nilai,identifier,0,57,7
396,1225,1225,",",operator,0,57,12
397,1227,1227,-,operator,0,57,14
398,1228,1228,1,integer,0,57,15
399,1229,1229,),operator,0,57,16
400,1230,1230,;,operator,0,57,17
401,1233,1235,int,keyword,0,58,1
402,1237,1240,root,identifier,0,58,5
403,1242,1242,=,operator,0,58,10
404,1244,1244,-,operator,0,58,12
405,1245,1245,1,integer,0,58,13
406,1246,1246,",",operator,0,58,14
407,1248,1250,val,identifier,0,58,16
408,1252,1252,=,operator,0,58,20
409,1254,1256,1e9,floating,0,58,22
410,1257,1257,;,operator,0,58,25
411,1260,1262,for,keyword,0,59,1
412,1263,1263,(,operator,0,59,4
413,1264,1266,int,keyword,0,59,5
414,1268,1268,i,identifier,0,59,9
415,1270,1270,=,operator,0,59,11
416,1272,1272,0,integer,0,59,13
417,1273,1273,;,operator,0,59,14
418,1275,1275,i,identifier,0,59,16
419,1277,1277,<,operator,0,59,18
420,1279,1279,k,identifier,0,59,20
421,1280,1280,;,operator,0,59,21
422,1282,1282,i,identifier,0,59,23
423,1283,1284,++,operator,0,59,24
424,1285,1285,),operator,0,59,26
425,1286,1286,{,operator,0,59,27
426,1290,1292,cin,identifier,0,60,2
427,1294,1294,>,operator,0,60,6
428,1295,1295,>,operator,0,60,7
429,1297,1297,u,identifier,0,60,9
430,1299,1299,>,operator,0,60,11
431,1300,1300,>,operator,0,60,12
432,1302,1302,v,identifier,0,60,14
433,1303,1303,;,operator,0,60,15
434,1307,1311,nilai,identifier,0,61,2
435,1312,1312,[,operator,0,61,7
436,1313,1313,u,identifier,0,61,8
437,1314,1314,],operator,0,61,9
438,1316,1316,=,operator,0,61,11
439,1318,1318,v,identifier,0,61,13
440,1319,1319,;,operator,0,61,14
441,1323,1324,if,keyword,0,62,2
442,1325,1325,(,operator,0,62,4
443,1326,1328,val,identifier,0,62,5
444,1330,1330,>,operator,0,62,9
445,1332,1332,v,identifier,0,62,11
446,1333,1333,),operator,0,62,12
447,1334,1334,{,operator,0,62,13
448,1339,1342,root,identifier,0,63,3
449,1344,1344,=,operator,0,63,8
450,1346,1346,u,identifier,0,63,10
451,1347,1347,;,operator,0,63,11
452,1352,1354,val,identifier,0,64,3
453,1356,1356,=,operator,0,64,7
454,1358,1358,v,identifier,0,64,9
455,1359,1359,;,operator,0,64,10
456,1363,1363,},operator,0,65,2
457,1366,1366,},operator,0,66,1
458,1369,1371,for,keyword,0,67,1
459,1372,1372,(,operator,0,67,4
460,1373,1375,int,keyword,0,67,5
461,1377,1377,i,identifier,0,67,9
462,1379,1379,=,operator,0,67,11
463,1381,1381,1,integer,0,67,13
464,1382,1382,;,operator,0,67,14
465,1384,1384,i,identifier,0,67,16
466,1386,1387,<=,operator,0,67,18
467,1389,1389,n,identifier,0,67,21
468,1390,1390,;,operator,0,67,22
469,1392,1392,i,identifier,0,67,24
470,1393,1394,++,operator,0,67,25
471,1395,1395,),operator,0,67,27
472,1399,1400,if,keyword,0,68,2
473,1401,1401,(,operator,0,68,4
474,1402,1406,nilai,identifier,0,68,5
475,1407,1407,[,operator,0,68,10
476,1408,1408,i,identifier,0,68,11
477,1409,1409,],operator,0,68,12
478,1411,1412,"!=",operator,0,68,14
479,1414,1414,-,operator,0,68,17
480,1415,1415,1,integer,0,68,18
481,1416,1416,),operator,0,68,19
482,1421,1425,nilai,identifier,0,69,3
483,1426,1426,[,operator,0,69,8
484,1427,1427,i,identifier,0,69,9
485,1428,1428,],operator,0,69,10
486,1430,1431,-=,operator,0,69,12
487,1433,1435,val,identifier,0,69,15
488,1436,1436,;,operator,0,69,18
489,1439,1441,dfs,identifier,0,70,1
490,1442,1442,(,operator,0,70,4
491,1443,1446,root,identifier,0,70,5
492,1447,1447,",",operator,0,70,9
493,1449,1449,0,integer,0,70,11
494,1450,1450,",",operator,0,70,12
495,1452,1452,0,integer,0,70,14
496,1453,1453,",",operator,0,70,15
497,1455,1455,0,integer,0,70,17
498,1456,1456,",",operator,0,70,18
499,1458,1458,0,integer,0,70,20
500,1459,1459,),operator,0,70,21
501,1460,1460,;,operator,0,70,22
502,1463,1465,dfs,identifier,0,71,1
503,1466,1466,(,operator,0,71,4
504,1467,1470,root,identifier,0,71,5
505,1471,1471,",",operator,0,71,9
506,1473,1473,0,integer,0,71,11
507,1474,1474,",",operator,0,71,12
508,1476,1476,0,integer,0,71,14
509,1477,1477,",",operator,0,71,15
510,1479,1479,0,integer,0,71,17
511,1480,1480,",",operator,0,71,18
512,1482,1482,0,integer,0,71,20
513,1483,1483,),operator,0,71,21
514,1484,1484,;,operator,0,71,22
515,1487,1489,for,keyword,0,72,1
516,1490,1490,(,operator,0,72,4
517,1491,1493,int,keyword,0,72,5
518,1495,1495,i,identifier,0,72,9
519,1497,1497,=,operator,0,72,11
520,1499,1499,1,integer,0,72,13
521,1500,1500,;,operator,0,72,14
522,1502,1502,i,identifier,0,72,16
523,1504,1505,<=,operator,0,72,18
524,1507,1507,n,identifier,0,72,21
525,1508,1508,;,operator,0,72,22
526,1510,1510,i,identifier,0,72,24
527,1511,1512,++,operator,0,72,25
528,1513,1513,),operator,0,72,27
529,1514,1514,{,operator,0,72,28
530,1580,1581,if,keyword,0,74,2
531,1582,1582,(,operator,0,74,4
532,1583,1587,kecil,identifier,0,74,5
533,1588,1588,[,operator,0,74,10
534,1589,1589,i,identifier,0,74,11
535,1590,1590,],operator,0,74,12
536,1592,1592,>,operator,0,74,14
537,1594,1598,besar,identifier,0,74,16
538,1599,1599,[,operator,0,74,21
539,1600,1600,i,identifier,0,74,22
540,1601,1601,],operator,0,74,23
541,1602,1602,),operator,0,74,24
542,1603,1603,{,operator,0,74,25
543,1608,1611,cout,identifier,0,75,3
544,1613,1613,<,operator,0,75,8
545,1614,1614,<,operator,0,75,9
546,1616,1621,"""No\n""",string,0,75,11
547,1622,1622,;,operator,0,75,17
548,1627,1632,return,keyword,0,76,3
549,1634,1634,0,integer,0,76,10
550,1635,1635,;,operator,0,76,11
551,1639,1639,},operator,0,77,2
552,1643,1644,if,keyword,0,78,2
553,1645,1645,(,operator,0,78,4
554,1646,1650,nilai,identifier,0,78,5
555,1651,1651,[,operator,0,78,10
556,1652,1652,i,identifier,0,78,11
557,1653,1653,],operator,0,78,12
558,1655,1656,==,operator,0,78,14
559,1658,1658,-,operator,0,78,17
560,1659,1659,1,integer,0,78,18
561,1660,1660,),operator,0,78,19
562,1661,1661,{,operator,0,78,20
563,1666,1670,nilai,identifier,0,79,3
564,1671,1671,[,operator,0,79,8
565,1672,1672,i,identifier,0,79,9
566,1673,1673,],operator,0,79,10
567,1675,1675,=,operator,0,79,12
568,1677,1681,besar,identifier,0,79,14
569,1682,1682,[,operator,0,79,19
570,1683,1683,i,identifier,0,79,20
571,1684,1684,],operator,0,79,21
572,1685,1685,;,operator,0,79,22
573,1689,1689,},operator,0,80,2
574,1693,1696,else,keyword,0,81,2
575,1697,1697,{,operator,0,81,6
576,1702,1703,if,keyword,0,82,3
577,1704,1704,(,operator,0,82,5
578,1705,1709,nilai,identifier,0,82,6
579,1710,1710,[,operator,0,82,11
580,1711,1711,i,identifier,0,82,12
581,1712,1712,],operator,0,82,13
582,1714,1714,<,operator,0,82,15
583,1716,1720,kecil,identifier,0,82,17
584,1721,1721,[,operator,0,82,22
585,1722,1722,i,identifier,0,82,23
586,1723,1723,],operator,0,82,24
587,1725,1726,||,operator,0,82,26
588,1728,1732,nilai,identifier,0,82,29
589,1733,1733,[,operator,0,82,34
590,1734,1734,i,identifier,0,82,35
591,1735,1735,],operator,0,82,36
592,1737,1737,>,operator,0,82,38
593,1739,1743,besar,identifier,0,82,40
594,1744,1744,[,operator,0,82,45
595,1745,1745,i,identifier,0,82,46
596,1746,1746,],operator,0,82,47
597,1747,1747,),operator,0,82,48
598,1748,1748,{,operator,0,82,49
599,1754,1757,cout,identifier,0,83,4
600,1759,1759,<,operator,0,83,9
601,1760,1760,<,operator,0,83,10
602,1762,1767,"""No\n""",string,0,83,12
603,1768,1768,;,operator,0,83,18
604,1774,1779,return,keyword,0,84,4
605,1781,1781,0,integer,0,84,11
606,1782,1782,;,operator,0,84,12
607,1787,1787,},operator,0,85,3
608,1791,1791,},operator,0,86,2
609,1794,1794,},operator,0,87,1
610,1797,1800,cout,identifier,0,88,1
611,1802,1802,<,operator,0,88,6
612,1803,1803,<,operator,0,88,7
613,1805,1811,"""Yes\n""",string,0,88,9
614,1812,1812,;,operator,0,88,16
615,1815,1817,for,keyword,0,89,1
616,1818,1818,(,operator,0,89,4
617,1819,1821,int,keyword,0,89,5
618,1823,1823,i,identifier,0,89,9
619,1825,1825,=,operator,0,89,11
620,1827,1827,1,integer,0,89,13
621,1828,1828,;,operator,0,89,14
622,1830,1830,i,identifier,0,89,16
623,1832,1833,<=,operator,0,89,18
624,1835,1835,n,identifier,0,89,21
625,1836,1836,;,operator,0,89,22
626,1838,1838,i,identifier,0,89,24
627,1839,1840,++,operator,0,89,25
628,1841,1841,),operator,0,89,27
629,1845,1848,cout,identifier,0,90,2
630,1850,1850,<,operator,0,90,7
631,1851,1851,<,operator,0,90,8
632,1853,1857,nilai,identifier,0,90,10
633,1858,1858,[,operator,0,90,15
634,1859,1859,i,identifier,0,90,16
635,1860,1860,],operator,0,90,17
636,1862,1862,+,operator,0,90,19
637,1864,1866,val,identifier,0,90,21
638,1868,1868,<,operator,0,90,25
639,1869,1869,<,operator,0,90,26
640,1871,1874,'\n',character,0,90,28
641,1875,1875,;,operator,0,90,32
642,1877,1877,},operator,0,91,0
643,1878,1877,<EOF>,eof,0,91,1
