seqnr,start,stop,text,class,channel,line,column
0,0,23,"#include <bits/stdc++.h>",directive,1,1,0
1,25,29,using,keyword,0,2,0
2,31,39,namespace,keyword,0,2,6
3,41,43,std,identifier,0,2,16
4,44,44,;,operator,0,2,19
5,47,52,struct,keyword,0,4,0
6,54,61,Interval,identifier,0,4,7
7,63,63,{,operator,0,4,16
8,65,67,int,keyword,0,4,18
9,69,71,min,identifier,0,4,22
10,72,72,",",operator,0,4,25
11,74,76,max,identifier,0,4,27
12,77,77,;,operator,0,4,30
13,79,79,},operator,0,4,32
14,80,80,;,operator,0,4,33
15,82,89,Interval,identifier,0,5,0
16,91,102,intersection,identifier,0,5,9
17,103,103,(,operator,0,5,21
18,104,108,const,keyword,0,5,22
19,110,117,Interval,identifier,0,5,28
20,119,119,a,identifier,0,5,37
21,120,120,",",operator,0,5,38
22,122,126,const,keyword,0,5,40
23,128,135,Interval,identifier,0,5,46
24,137,137,b,identifier,0,5,55
25,138,138,),operator,0,5,56
26,140,140,{,operator,0,5,58
27,142,147,return,keyword,0,5,60
28,149,149,{,operator,0,5,67
29,150,152,max,identifier,0,5,68
30,153,153,(,operator,0,5,71
31,154,154,a,identifier,0,5,72
32,155,155,.,operator,0,5,73
33,156,158,min,identifier,0,5,74
34,159,159,",",operator,0,5,77
35,161,161,b,identifier,0,5,79
36,162,162,.,operator,0,5,80
37,163,165,min,identifier,0,5,81
38,166,166,),operator,0,5,84
39,167,167,",",operator,0,5,85
40,169,171,min,identifier,0,5,87
41,172,172,(,operator,0,5,90
42,173,173,a,identifier,0,5,91
43,174,174,.,operator,0,5,92
44,175,177,max,identifier,0,5,93
45,178,178,",",operator,0,5,96
46,180,180,b,identifier,0,5,98
47,181,181,.,operator,0,5,99
48,182,184,max,identifier,0,5,100
49,185,185,),operator,0,5,103
50,186,186,},operator,0,5,104
51,187,187,;,operator,0,5,105
52,189,189,},operator,0,5,107
53,191,194,bool,keyword,0,6,0
54,196,203,contains,identifier,0,6,5
55,204,204,(,operator,0,6,13
56,205,209,const,keyword,0,6,14
57,211,218,Interval,identifier,0,6,20
58,220,220,a,identifier,0,6,29
59,221,221,",",operator,0,6,30
60,223,227,const,keyword,0,6,32
61,229,231,int,keyword,0,6,38
62,233,233,x,identifier,0,6,42
63,234,234,),operator,0,6,43
64,236,236,{,operator,0,6,45
65,238,243,return,keyword,0,6,47
66,245,245,a,identifier,0,6,54
67,246,246,.,operator,0,6,55
68,247,249,min,identifier,0,6,56
69,251,252,<=,operator,0,6,60
70,254,254,x,identifier,0,6,63
71,256,257,&&,operator,0,6,65
72,259,259,x,identifier,0,6,68
73,261,262,<=,operator,0,6,70
74,264,264,a,identifier,0,6,73
75,265,265,.,operator,0,6,74
76,266,268,max,identifier,0,6,75
77,269,269,;,operator,0,6,78
78,271,271,},operator,0,6,80
79,274,276,int,keyword,0,8,0
80,278,281,main,identifier,0,8,4
81,282,282,(,operator,0,8,8
82,283,283,),operator,0,8,9
83,285,285,{,operator,0,9,0
84,291,293,ios,identifier,0,10,4
85,294,295,::,operator,0,10,7
86,296,310,sync_with_stdio,identifier,0,10,9
87,311,311,(,operator,0,10,24
88,312,316,false,keyword,0,10,25
89,317,317,),operator,0,10,30
90,318,318,;,operator,0,10,31
91,325,327,int,keyword,0,12,4
92,329,329,N,identifier,0,12,8
93,330,330,;,operator,0,12,9
94,332,334,cin,identifier,0,12,11
95,336,336,>,operator,0,12,15
96,337,337,>,operator,0,12,16
97,339,339,N,identifier,0,12,18
98,340,340,;,operator,0,12,19
99,346,349,auto,keyword,0,13,4
100,351,364,adjacency_list,identifier,0,13,9
101,366,366,=,operator,0,13,24
102,368,373,vector,identifier,0,13,26
103,374,374,<,operator,0,13,32
104,375,380,vector,identifier,0,13,33
105,381,381,<,operator,0,13,39
106,382,384,int,keyword,0,13,40
107,385,385,>,operator,0,13,43
108,386,386,>,operator,0,13,44
109,387,387,(,operator,0,13,45
110,388,388,N,identifier,0,13,46
111,389,389,),operator,0,13,47
112,390,390,;,operator,0,13,48
113,396,398,for,keyword,0,14,4
114,400,400,(,operator,0,14,8
115,401,404,auto,keyword,0,14,9
116,406,406,i,identifier,0,14,14
117,408,408,=,operator,0,14,16
118,410,410,0,integer,0,14,18
119,411,411,;,operator,0,14,19
120,413,413,i,identifier,0,14,21
121,415,415,<,operator,0,14,23
122,417,417,N,identifier,0,14,25
123,418,418,-,operator,0,14,26
124,419,419,1,integer,0,14,27
125,420,420,;,operator,0,14,28
126,422,422,i,identifier,0,14,30
127,423,424,++,operator,0,14,31
128,425,425,),operator,0,14,33
129,431,431,{,operator,0,15,4
130,441,443,int,keyword,0,16,8
131,445,445,a,identifier,0,16,12
132,446,446,",",operator,0,16,13
133,448,448,b,identifier,0,16,15
134,449,449,;,operator,0,16,16
135,451,453,cin,identifier,0,16,18
136,455,455,>,operator,0,16,22
137,456,456,>,operator,0,16,23
138,458,458,a,identifier,0,16,25
139,460,460,>,operator,0,16,27
140,461,461,>,operator,0,16,28
141,463,463,b,identifier,0,16,30
142,464,464,;,operator,0,16,31
143,474,474,a,identifier,0,17,8
144,475,476,--,operator,0,17,9
145,477,477,;,operator,0,17,11
146,479,479,b,identifier,0,17,13
147,480,481,--,operator,0,17,14
148,482,482,;,operator,0,17,16
149,493,506,adjacency_list,identifier,0,19,8
150,507,507,[,operator,0,19,22
151,508,508,a,identifier,0,19,23
152,509,509,],operator,0,19,24
153,510,510,.,operator,0,19,25
154,511,519,push_back,identifier,0,19,26
155,520,520,(,operator,0,19,35
156,521,521,b,identifier,0,19,36
157,522,522,),operator,0,19,37
158,523,523,;,operator,0,19,38
159,533,546,adjacency_list,identifier,0,20,8
160,547,547,[,operator,0,20,22
161,548,548,b,identifier,0,20,23
162,549,549,],operator,0,20,24
163,550,550,.,operator,0,20,25
164,551,559,push_back,identifier,0,20,26
165,560,560,(,operator,0,20,35
166,561,561,a,identifier,0,20,36
167,562,562,),operator,0,20,37
168,563,563,;,operator,0,20,38
169,569,569,},operator,0,21,4
170,576,578,int,keyword,0,23,4
171,580,580,K,identifier,0,23,8
172,581,581,;,operator,0,23,9
173,583,585,cin,identifier,0,23,11
174,587,587,>,operator,0,23,15
175,588,588,>,operator,0,23,16
176,590,590,K,identifier,0,23,18
177,591,591,;,operator,0,23,19
178,597,600,auto,keyword,0,24,4
179,602,605,root,identifier,0,24,9
180,607,607,=,operator,0,24,14
181,609,609,-,operator,0,24,16
182,610,610,1,integer,0,24,17
183,611,611,;,operator,0,24,18
184,617,620,auto,keyword,0,25,4
185,622,627,marked,identifier,0,25,9
186,629,629,=,operator,0,25,16
187,631,636,vector,identifier,0,25,18
188,637,637,<,operator,0,25,24
189,638,641,bool,keyword,0,25,25
190,642,642,>,operator,0,25,29
191,643,643,(,operator,0,25,30
192,644,644,N,identifier,0,25,31
193,645,645,),operator,0,25,32
194,646,646,;,operator,0,25,33
195,652,655,auto,keyword,0,26,4
196,657,661,marks,identifier,0,26,9
197,663,663,=,operator,0,26,15
198,665,670,vector,identifier,0,26,17
199,671,671,<,operator,0,26,23
200,672,674,int,keyword,0,26,24
201,675,675,>,operator,0,26,27
202,676,676,(,operator,0,26,28
203,677,677,N,identifier,0,26,29
204,678,678,),operator,0,26,30
205,679,679,;,operator,0,26,31
206,685,687,for,keyword,0,27,4
207,689,689,(,operator,0,27,8
208,690,693,auto,keyword,0,27,9
209,695,695,i,identifier,0,27,14
210,697,697,=,operator,0,27,16
211,699,699,0,integer,0,27,18
212,700,700,;,operator,0,27,19
213,702,702,i,identifier,0,27,21
214,704,704,<,operator,0,27,23
215,706,706,K,identifier,0,27,25
216,707,707,;,operator,0,27,26
217,709,709,i,identifier,0,27,28
218,710,711,++,operator,0,27,29
219,712,712,),operator,0,27,31
220,718,718,{,operator,0,28,4
221,728,730,int,keyword,0,29,8
222,732,732,v,identifier,0,29,12
223,733,733,",",operator,0,29,13
224,735,735,p,identifier,0,29,15
225,736,736,;,operator,0,29,16
226,738,740,cin,identifier,0,29,18
227,742,742,>,operator,0,29,22
228,743,743,>,operator,0,29,23
229,745,745,v,identifier,0,29,25
230,747,747,>,operator,0,29,27
231,748,748,>,operator,0,29,28
232,750,750,p,identifier,0,29,30
233,751,751,;,operator,0,29,31
234,761,761,v,identifier,0,30,8
235,762,763,--,operator,0,30,9
236,764,764,;,operator,0,30,11
237,775,778,root,identifier,0,32,8
238,780,780,=,operator,0,32,13
239,782,782,v,identifier,0,32,15
240,783,783,;,operator,0,32,16
241,793,798,marked,identifier,0,33,8
242,799,799,[,operator,0,33,14
243,800,800,v,identifier,0,33,15
244,801,801,],operator,0,33,16
245,803,803,=,operator,0,33,18
246,805,808,true,keyword,0,33,20
247,809,809,;,operator,0,33,24
248,819,823,marks,identifier,0,34,8
249,824,824,[,operator,0,34,13
250,825,825,v,identifier,0,34,14
251,826,826,],operator,0,34,15
252,828,828,=,operator,0,34,17
253,830,830,p,identifier,0,34,19
254,831,831,;,operator,0,34,20
255,837,837,},operator,0,35,4
256,844,847,auto,keyword,0,37,4
257,849,859,constraints,identifier,0,37,9
258,861,861,=,operator,0,37,21
259,863,868,vector,identifier,0,37,23
260,869,869,<,operator,0,37,29
261,870,877,Interval,identifier,0,37,30
262,878,878,>,operator,0,37,38
263,879,879,(,operator,0,37,39
264,880,880,N,identifier,0,37,40
265,881,881,),operator,0,37,41
266,882,882,;,operator,0,37,42
267,888,895,function,identifier,0,38,4
268,896,896,<,operator,0,38,12
269,897,900,void,keyword,0,38,13
270,901,901,(,operator,0,38,17
271,902,904,int,keyword,0,38,18
272,905,905,",",operator,0,38,21
273,907,909,int,keyword,0,38,23
274,910,910,),operator,0,38,26
275,911,911,>,operator,0,38,27
276,913,922,preprocess,identifier,0,38,29
277,924,924,=,operator,0,38,40
278,926,926,[,operator,0,38,42
279,927,927,&,operator,0,38,43
280,928,928,],operator,0,38,44
281,929,929,(,operator,0,38,45
282,930,934,const,keyword,0,38,46
283,936,938,int,keyword,0,38,52
284,940,940,v,identifier,0,38,56
285,941,941,",",operator,0,38,57
286,943,947,const,keyword,0,38,59
287,949,951,int,keyword,0,38,65
288,953,958,parent,identifier,0,38,69
289,959,959,),operator,0,38,75
290,965,965,{,operator,0,39,4
291,975,979,const,keyword,0,40,8
292,981,984,auto,keyword,0,40,14
293,986,993,infinity,identifier,0,40,19
294,995,995,=,operator,0,40,28
295,997,999,int,keyword,0,40,30
296,1000,1000,(,operator,0,40,33
297,1001,1003,1e9,floating,0,40,34
298,1004,1004,),operator,0,40,37
299,1005,1005,;,operator,0,40,38
300,1015,1016,if,keyword,0,41,8
301,1018,1018,(,operator,0,41,11
302,1019,1024,marked,identifier,0,41,12
303,1025,1025,[,operator,0,41,18
304,1026,1026,v,identifier,0,41,19
305,1027,1027,],operator,0,41,20
306,1028,1028,),operator,0,41,21
307,1030,1040,constraints,identifier,0,41,23
308,1041,1041,[,operator,0,41,34
309,1042,1042,v,identifier,0,41,35
310,1043,1043,],operator,0,41,36
311,1045,1045,=,operator,0,41,38
312,1047,1047,{,operator,0,41,40
313,1048,1052,marks,identifier,0,41,41
314,1053,1053,[,operator,0,41,46
315,1054,1054,v,identifier,0,41,47
316,1055,1055,],operator,0,41,48
317,1056,1056,",",operator,0,41,49
318,1058,1062,marks,identifier,0,41,51
319,1063,1063,[,operator,0,41,56
320,1064,1064,v,identifier,0,41,57
321,1065,1065,],operator,0,41,58
322,1066,1066,},operator,0,41,59
323,1067,1067,;,operator,0,41,60
324,1077,1080,else,keyword,0,42,8
325,1082,1092,constraints,identifier,0,42,13
326,1093,1093,[,operator,0,42,24
327,1094,1094,v,identifier,0,42,25
328,1095,1095,],operator,0,42,26
329,1097,1097,=,operator,0,42,28
330,1099,1099,{,operator,0,42,30
331,1100,1100,-,operator,0,42,31
332,1101,1108,infinity,identifier,0,42,32
333,1109,1109,",",operator,0,42,40
334,1111,1118,infinity,identifier,0,42,42
335,1119,1119,},operator,0,42,50
336,1120,1120,;,operator,0,42,51
337,1131,1133,for,keyword,0,44,8
338,1135,1135,(,operator,0,44,12
339,1136,1140,const,keyword,0,44,13
340,1142,1145,auto,keyword,0,44,19
341,1147,1147,w,identifier,0,44,24
342,1149,1149,:,operator,0,44,26
343,1151,1164,adjacency_list,identifier,0,44,28
344,1165,1165,[,operator,0,44,42
345,1166,1166,v,identifier,0,44,43
346,1167,1167,],operator,0,44,44
347,1168,1168,),operator,0,44,45
348,1170,1171,if,keyword,0,44,47
349,1173,1173,(,operator,0,44,50
350,1174,1174,w,identifier,0,44,51
351,1176,1177,"!=",operator,0,44,53
352,1179,1184,parent,identifier,0,44,56
353,1185,1185,),operator,0,44,62
354,1195,1195,{,operator,0,45,8
355,1209,1218,preprocess,identifier,0,46,12
356,1219,1219,(,operator,0,46,22
357,1220,1220,w,identifier,0,46,23
358,1221,1221,",",operator,0,46,24
359,1223,1223,v,identifier,0,46,26
360,1224,1224,),operator,0,46,27
361,1225,1225,;,operator,0,46,28
362,1239,1249,constraints,identifier,0,47,12
363,1250,1250,[,operator,0,47,23
364,1251,1251,v,identifier,0,47,24
365,1252,1252,],operator,0,47,25
366,1254,1254,=,operator,0,47,27
367,1256,1267,intersection,identifier,0,47,29
368,1268,1268,(,operator,0,47,41
369,1269,1279,constraints,identifier,0,47,42
370,1280,1280,[,operator,0,47,53
371,1281,1281,v,identifier,0,47,54
372,1282,1282,],operator,0,47,55
373,1283,1283,",",operator,0,47,56
374,1285,1285,{,operator,0,47,58
375,1286,1296,constraints,identifier,0,47,59
376,1297,1297,[,operator,0,47,70
377,1298,1298,w,identifier,0,47,71
378,1299,1299,],operator,0,47,72
379,1300,1300,.,operator,0,47,73
380,1301,1303,min,identifier,0,47,74
381,1304,1304,-,operator,0,47,77
382,1305,1305,1,integer,0,47,78
383,1306,1306,",",operator,0,47,79
384,1308,1318,constraints,identifier,0,47,81
385,1319,1319,[,operator,0,47,92
386,1320,1320,w,identifier,0,47,93
387,1321,1321,],operator,0,47,94
388,1322,1322,.,operator,0,47,95
389,1323,1325,max,identifier,0,47,96
390,1326,1326,+,operator,0,47,99
391,1327,1327,1,integer,0,47,100
392,1328,1328,},operator,0,47,101
393,1329,1329,),operator,0,47,102
394,1330,1330,;,operator,0,47,103
395,1340,1340,},operator,0,48,8
396,1346,1346,},operator,0,49,4
397,1347,1347,;,operator,0,49,5
398,1353,1362,preprocess,identifier,0,50,4
399,1363,1363,(,operator,0,50,14
400,1364,1367,root,identifier,0,50,15
401,1368,1368,",",operator,0,50,19
402,1370,1370,-,operator,0,50,21
403,1371,1371,1,integer,0,50,22
404,1372,1372,),operator,0,50,23
405,1373,1373,;,operator,0,50,24
406,1380,1387,function,identifier,0,52,4
407,1388,1388,<,operator,0,52,12
408,1389,1392,bool,keyword,0,52,13
409,1393,1393,(,operator,0,52,17
410,1394,1396,int,keyword,0,52,18
411,1397,1397,",",operator,0,52,21
412,1399,1401,int,keyword,0,52,23
413,1402,1402,),operator,0,52,26
414,1403,1403,>,operator,0,52,27
415,1405,1411,process,identifier,0,52,29
416,1413,1413,=,operator,0,52,37
417,1415,1415,[,operator,0,52,39
418,1416,1416,&,operator,0,52,40
419,1417,1417,],operator,0,52,41
420,1418,1418,(,operator,0,52,42
421,1419,1423,const,keyword,0,52,43
422,1425,1427,int,keyword,0,52,49
423,1429,1429,v,identifier,0,52,53
424,1430,1430,",",operator,0,52,54
425,1432,1436,const,keyword,0,52,56
426,1438,1440,int,keyword,0,52,62
427,1442,1447,parent,identifier,0,52,66
428,1448,1448,),operator,0,52,72
429,1454,1454,{,operator,0,53,4
430,1464,1467,auto,keyword,0,54,8
431,1469,1470,ok,identifier,0,54,13
432,1472,1472,=,operator,0,54,16
433,1474,1478,false,keyword,0,54,18
434,1479,1479,;,operator,0,54,23
435,1489,1493,const,keyword,0,55,8
436,1495,1498,auto,keyword,0,55,14
437,1500,1506,options,identifier,0,55,19
438,1508,1508,=,operator,0,55,27
439,1510,1515,marked,identifier,0,55,29
440,1516,1516,[,operator,0,55,35
441,1517,1517,v,identifier,0,55,36
442,1518,1518,],operator,0,55,37
443,1520,1520,?,operator,0,55,39
444,1522,1527,vector,identifier,0,55,41
445,1528,1528,<,operator,0,55,47
446,1529,1531,int,keyword,0,55,48
447,1532,1532,>,operator,0,55,51
448,1533,1533,(,operator,0,55,52
449,1534,1534,{,operator,0,55,53
450,1535,1539,marks,identifier,0,55,54
451,1540,1540,[,operator,0,55,59
452,1541,1541,v,identifier,0,55,60
453,1542,1542,],operator,0,55,61
454,1543,1543,},operator,0,55,62
455,1544,1544,),operator,0,55,63
456,1546,1546,:,operator,0,55,65
457,1548,1553,vector,identifier,0,55,67
458,1554,1554,<,operator,0,55,73
459,1555,1557,int,keyword,0,55,74
460,1558,1558,>,operator,0,55,77
461,1559,1559,(,operator,0,55,78
462,1560,1560,{,operator,0,55,79
463,1561,1565,marks,identifier,0,55,80
464,1566,1566,[,operator,0,55,85
465,1567,1572,parent,identifier,0,55,86
466,1573,1573,],operator,0,55,92
467,1574,1574,-,operator,0,55,93
468,1575,1575,1,integer,0,55,94
469,1576,1576,",",operator,0,55,95
470,1578,1582,marks,identifier,0,55,97
471,1583,1583,[,operator,0,55,102
472,1584,1589,parent,identifier,0,55,103
473,1590,1590,],operator,0,55,109
474,1591,1591,+,operator,0,55,110
475,1592,1592,1,integer,0,55,111
476,1593,1593,},operator,0,55,112
477,1594,1594,),operator,0,55,113
478,1595,1595,;,operator,0,55,114
479,1605,1607,for,keyword,0,56,8
480,1609,1609,(,operator,0,56,12
481,1610,1614,const,keyword,0,56,13
482,1616,1619,auto,keyword,0,56,19
483,1621,1621,x,identifier,0,56,24
484,1623,1623,:,operator,0,56,26
485,1625,1631,options,identifier,0,56,28
486,1632,1632,),operator,0,56,35
487,1634,1635,if,keyword,0,56,37
488,1637,1637,(,operator,0,56,40
489,1638,1645,contains,identifier,0,56,41
490,1646,1646,(,operator,0,56,49
491,1647,1657,constraints,identifier,0,56,50
492,1658,1658,[,operator,0,56,61
493,1659,1659,v,identifier,0,56,62
494,1660,1660,],operator,0,56,63
495,1661,1661,",",operator,0,56,64
496,1663,1663,x,identifier,0,56,66
497,1664,1664,),operator,0,56,67
498,1665,1665,),operator,0,56,68
499,1675,1675,{,operator,0,57,8
500,1689,1693,marks,identifier,0,58,12
501,1694,1694,[,operator,0,58,17
502,1695,1695,v,identifier,0,58,18
503,1696,1696,],operator,0,58,19
504,1698,1698,=,operator,0,58,21
505,1700,1700,x,identifier,0,58,23
506,1701,1701,;,operator,0,58,24
507,1715,1716,ok,identifier,0,59,12
508,1718,1718,=,operator,0,59,15
509,1720,1723,true,keyword,0,59,17
510,1724,1724,;,operator,0,59,21
511,1734,1734,},operator,0,60,8
512,1745,1747,for,keyword,0,62,8
513,1749,1749,(,operator,0,62,12
514,1750,1754,const,keyword,0,62,13
515,1756,1759,auto,keyword,0,62,19
516,1761,1761,w,identifier,0,62,24
517,1763,1763,:,operator,0,62,26
518,1765,1778,adjacency_list,identifier,0,62,28
519,1779,1779,[,operator,0,62,42
520,1780,1780,v,identifier,0,62,43
521,1781,1781,],operator,0,62,44
522,1782,1782,),operator,0,62,45
523,1784,1785,if,keyword,0,62,47
524,1787,1787,(,operator,0,62,50
525,1788,1788,w,identifier,0,62,51
526,1790,1791,"!=",operator,0,62,53
527,1793,1798,parent,identifier,0,62,56
528,1799,1799,),operator,0,62,62
529,1813,1814,ok,identifier,0,63,12
530,1816,1817,&=,operator,0,63,15
531,1819,1825,process,identifier,0,63,18
532,1826,1826,(,operator,0,63,25
533,1827,1827,w,identifier,0,63,26
534,1828,1828,",",operator,0,63,27
535,1830,1830,v,identifier,0,63,29
536,1831,1831,),operator,0,63,30
537,1832,1832,;,operator,0,63,31
538,1843,1848,return,keyword,0,65,8
539,1850,1851,ok,identifier,0,65,15
540,1852,1852,;,operator,0,65,17
541,1858,1858,},operator,0,66,4
542,1859,1859,;,operator,0,66,5
543,1866,1867,if,keyword,0,68,4
544,1869,1869,(,operator,0,68,7
545,1870,1876,process,identifier,0,68,8
546,1877,1877,(,operator,0,68,15
547,1878,1881,root,identifier,0,68,16
548,1882,1882,",",operator,0,68,20
549,1884,1884,-,operator,0,68,22
550,1885,1885,1,integer,0,68,23
551,1886,1886,),operator,0,68,24
552,1887,1887,),operator,0,68,25
553,1893,1893,{,operator,0,69,4
554,1903,1906,cout,identifier,0,70,8
555,1908,1908,<,operator,0,70,13
556,1909,1909,<,operator,0,70,14
557,1911,1915,"""Yes""",string,0,70,16
558,1917,1917,<,operator,0,70,22
559,1918,1918,<,operator,0,70,23
560,1920,1923,"""\n""",string,0,70,25
561,1924,1924,;,operator,0,70,29
562,1934,1936,for,keyword,0,71,8
563,1938,1938,(,operator,0,71,12
564,1939,1943,const,keyword,0,71,13
565,1945,1948,auto,keyword,0,71,19
566,1950,1950,x,identifier,0,71,24
567,1952,1952,:,operator,0,71,26
568,1954,1958,marks,identifier,0,71,28
569,1959,1959,),operator,0,71,33
570,1961,1964,cout,identifier,0,71,35
571,1966,1966,<,operator,0,71,40
572,1967,1967,<,operator,0,71,41
573,1969,1969,x,identifier,0,71,43
574,1971,1971,<,operator,0,71,45
575,1972,1972,<,operator,0,71,46
576,1974,1977,"""\n""",string,0,71,48
577,1978,1978,;,operator,0,71,52
578,1984,1984,},operator,0,72,4
579,1990,1993,else,keyword,0,73,4
580,1995,1998,cout,identifier,0,73,9
581,2000,2000,<,operator,0,73,14
582,2001,2001,<,operator,0,73,15
583,2003,2006,"""No""",string,0,73,17
584,2008,2008,<,operator,0,73,22
585,2009,2009,<,operator,0,73,23
586,2011,2014,"""\n""",string,0,73,25
587,2015,2015,;,operator,0,73,29
588,2017,2017,},operator,0,74,0
589,2019,2018,<EOF>,eof,0,75,0
