seqnr,start,stop,text,class,channel,line,column
0,0,23,"#include <bits/stdc++.h>",directive,1,1,0
1,25,29,using,keyword,0,2,0
2,31,39,namespace,keyword,0,2,6
3,41,43,std,identifier,0,2,16
4,44,44,;,operator,0,2,19
5,47,53,typedef,keyword,0,4,0
6,55,58,long,keyword,0,4,8
7,60,65,double,keyword,0,4,13
8,67,68,ld,identifier,0,4,20
9,69,69,;,operator,0,4,22
10,71,77,typedef,keyword,0,5,0
11,79,82,long,keyword,0,5,8
12,84,87,long,keyword,0,5,13
13,89,90,ll,identifier,0,5,18
14,91,91,;,operator,0,5,20
15,93,99,typedef,keyword,0,6,0
16,101,104,pair,identifier,0,6,8
17,105,105,<,operator,0,6,12
18,106,107,ll,identifier,0,6,13
19,108,108,",",operator,0,6,15
20,109,110,ll,identifier,0,6,16
21,111,111,>,operator,0,6,18
22,113,114,pi,identifier,0,6,20
23,115,115,;,operator,0,6,22
24,117,123,typedef,keyword,0,7,0
25,125,130,vector,identifier,0,7,8
26,132,132,<,operator,0,7,15
27,133,134,ll,identifier,0,7,16
28,135,135,>,operator,0,7,18
29,137,138,vi,identifier,0,7,20
30,139,139,;,operator,0,7,22
31,141,147,typedef,keyword,0,8,0
32,149,152,pair,identifier,0,8,8
33,153,153,<,operator,0,8,12
34,154,155,ll,identifier,0,8,13
35,156,156,",",operator,0,8,15
36,157,158,ll,identifier,0,8,16
37,159,159,>,operator,0,8,18
38,161,162,pd,identifier,0,8,20
39,163,163,;,operator,0,8,22
40,166,172,typedef,keyword,0,10,0
41,174,179,vector,identifier,0,10,8
42,181,181,<,operator,0,10,15
43,182,183,ll,identifier,0,10,16
44,184,184,>,operator,0,10,18
45,186,188,vpi,identifier,0,10,20
46,189,189,;,operator,0,10,23
47,191,197,typedef,keyword,0,11,0
48,199,202,pair,identifier,0,11,8
49,203,203,<,operator,0,11,12
50,204,205,pi,identifier,0,11,13
51,206,206,",",operator,0,11,15
52,207,208,ll,identifier,0,11,16
53,209,209,>,operator,0,11,18
54,211,213,pii,identifier,0,11,20
55,214,214,;,operator,0,11,23
56,216,230,"#define f first",directive,1,12,0
57,232,247,"#define s second",directive,1,13,0
58,249,291,"#define FOR(i,s,e) for(ll i=s;i<=ll(e);++i)",directive,1,14,0
59,293,335,"#define DEC(i,s,e) for(ll i=s;i>=ll(e);--i)",directive,1,15,0
60,337,356,"#define pb push_back",directive,1,16,0
61,358,394,"#define all(x) (x).begin(), (x).end()",directive,1,17,0
62,396,435,"#define lbd(x, y) lower_bound(all(x), y)",directive,1,18,0
63,437,476,"#define ubd(x, y) upper_bound(all(x), y)",directive,1,19,0
64,478,510,"#define aFOR(i,x) for (auto i: x)",directive,1,20,0
65,512,548,"#define mem(x,i) memset(x,i,sizeof x)",directive,1,21,0
66,550,605,"#define fast ios_base::sync_with_stdio(false),cin.tie(0)",directive,1,22,0
67,607,625,"#define maxn 100001",directive,1,23,0
68,627,647,"#define INF INT_MAX/2",directive,1,24,0
69,650,652,int,keyword,0,26,0
70,654,654,N,identifier,0,26,4
71,655,655,",",operator,0,26,5
72,656,656,K,identifier,0,26,6
73,657,657,;,operator,0,26,7
74,659,660,vi,identifier,0,27,0
75,662,664,adj,identifier,0,27,3
76,665,665,[,operator,0,27,6
77,666,669,maxn,identifier,0,27,7
78,670,670,],operator,0,27,11
79,671,671,;,operator,0,27,12
80,673,674,pi,identifier,0,28,0
81,676,680,range,identifier,0,28,3
82,681,681,[,operator,0,28,8
83,682,685,maxn,identifier,0,28,9
84,686,686,],operator,0,28,13
85,687,687,;,operator,0,28,14
86,689,692,bool,keyword,0,29,0
87,694,696,vis,identifier,0,29,5
88,697,697,[,operator,0,29,8
89,698,701,maxn,identifier,0,29,9
90,702,702,],operator,0,29,13
91,703,703,;,operator,0,29,14
92,705,707,int,keyword,0,30,0
93,709,711,ans,identifier,0,30,4
94,712,712,[,operator,0,30,7
95,713,716,maxn,identifier,0,30,8
96,717,717,],operator,0,30,12
97,718,718,;,operator,0,30,13
98,721,722,pi,identifier,0,32,0
99,724,732,intersect,identifier,0,32,3
100,733,733,(,operator,0,32,12
101,734,735,pi,identifier,0,32,13
102,737,737,i,identifier,0,32,16
103,738,738,",",operator,0,32,17
104,740,741,pi,identifier,0,32,19
105,743,743,j,identifier,0,32,22
106,744,744,),operator,0,32,23
107,745,745,{,operator,0,32,24
108,748,753,return,keyword,0,33,1
109,755,756,pi,identifier,0,33,8
110,757,757,(,operator,0,33,10
111,758,760,max,identifier,0,33,11
112,761,761,(,operator,0,33,14
113,762,762,i,identifier,0,33,15
114,763,763,.,operator,0,33,16
115,764,764,f,identifier,0,33,17
116,765,765,",",operator,0,33,18
117,766,766,j,identifier,0,33,19
118,767,767,.,operator,0,33,20
119,768,768,f,identifier,0,33,21
120,769,769,),operator,0,33,22
121,770,770,",",operator,0,33,23
122,771,773,min,identifier,0,33,24
123,774,774,(,operator,0,33,27
124,775,775,i,identifier,0,33,28
125,776,776,.,operator,0,33,29
126,777,777,s,identifier,0,33,30
127,778,778,",",operator,0,33,31
128,779,779,j,identifier,0,33,32
129,780,780,.,operator,0,33,33
130,781,781,s,identifier,0,33,34
131,782,782,),operator,0,33,35
132,783,783,),operator,0,33,36
133,784,784,;,operator,0,33,37
134,786,786,},operator,0,34,0
135,788,791,bool,keyword,0,35,0
136,793,794,np,identifier,0,35,5
137,796,796,=,operator,0,35,8
138,798,798,0,integer,0,35,10
139,799,799,;,operator,0,35,11
140,804,807,void,keyword,0,39,0
141,809,811,dfs,identifier,0,39,5
142,812,812,(,operator,0,39,8
143,813,815,int,keyword,0,39,9
144,817,817,x,identifier,0,39,13
145,818,818,",",operator,0,39,14
146,819,821,int,keyword,0,39,15
147,823,823,p,identifier,0,39,19
148,824,824,",",operator,0,39,20
149,825,827,int,keyword,0,39,21
150,829,831,val,identifier,0,39,25
151,832,832,),operator,0,39,28
152,833,833,{,operator,0,39,29
153,838,840,ans,identifier,0,41,1
154,841,841,[,operator,0,41,4
155,842,842,x,identifier,0,41,5
156,843,843,],operator,0,41,6
157,845,845,=,operator,0,41,8
158,847,849,val,identifier,0,41,10
159,850,850,;,operator,0,41,13
160,855,858,aFOR,identifier,0,43,1
161,859,859,(,operator,0,43,5
162,860,860,i,identifier,0,43,6
163,861,861,",",operator,0,43,7
164,862,864,adj,identifier,0,43,8
165,865,865,[,operator,0,43,11
166,866,866,x,identifier,0,43,12
167,867,867,],operator,0,43,13
168,868,868,),operator,0,43,14
169,869,869,{,operator,0,43,15
170,873,874,if,keyword,0,44,2
171,876,876,(,operator,0,44,5
172,877,877,i,identifier,0,44,6
173,879,880,"!=",operator,0,44,8
174,882,882,p,identifier,0,44,11
175,883,883,),operator,0,44,12
176,884,884,{,operator,0,44,13
177,889,890,if,keyword,0,45,3
178,892,892,(,operator,0,45,6
179,893,897,range,identifier,0,45,7
180,898,898,[,operator,0,45,12
181,899,899,i,identifier,0,45,13
182,900,900,],operator,0,45,14
183,901,901,.,operator,0,45,15
184,902,902,f,identifier,0,45,16
185,904,905,<=,operator,0,45,18
186,907,909,val,identifier,0,45,21
187,911,911,-,operator,0,45,25
188,913,913,1,integer,0,45,27
189,915,916,&&,operator,0,45,29
190,918,920,val,identifier,0,45,32
191,922,922,-,operator,0,45,36
192,924,924,1,integer,0,45,38
193,926,927,<=,operator,0,45,40
194,929,933,range,identifier,0,45,43
195,934,934,[,operator,0,45,48
196,935,935,i,identifier,0,45,49
197,936,936,],operator,0,45,50
198,937,937,.,operator,0,45,51
199,938,938,s,identifier,0,45,52
200,939,939,),operator,0,45,53
201,941,943,dfs,identifier,0,45,55
202,944,944,(,operator,0,45,58
203,945,945,i,identifier,0,45,59
204,946,946,",",operator,0,45,60
205,947,947,x,identifier,0,45,61
206,948,948,",",operator,0,45,62
207,949,951,val,identifier,0,45,63
208,952,952,-,operator,0,45,66
209,953,953,1,integer,0,45,67
210,954,954,),operator,0,45,68
211,955,955,;,operator,0,45,69
212,960,963,else,keyword,0,46,3
213,965,966,if,keyword,0,46,8
214,968,968,(,operator,0,46,11
215,969,973,range,identifier,0,46,12
216,974,974,[,operator,0,46,17
217,975,975,i,identifier,0,46,18
218,976,976,],operator,0,46,19
219,977,977,.,operator,0,46,20
220,978,978,f,identifier,0,46,21
221,980,981,<=,operator,0,46,23
222,983,985,val,identifier,0,46,26
223,987,987,+,operator,0,46,30
224,989,989,1,integer,0,46,32
225,991,992,&&,operator,0,46,34
226,994,996,val,identifier,0,46,37
227,998,998,+,operator,0,46,41
228,1000,1000,1,integer,0,46,43
229,1002,1003,<=,operator,0,46,45
230,1005,1009,range,identifier,0,46,48
231,1010,1010,[,operator,0,46,53
232,1011,1011,i,identifier,0,46,54
233,1012,1012,],operator,0,46,55
234,1013,1013,.,operator,0,46,56
235,1014,1014,s,identifier,0,46,57
236,1015,1015,),operator,0,46,58
237,1017,1019,dfs,identifier,0,46,60
238,1020,1020,(,operator,0,46,63
239,1021,1021,i,identifier,0,46,64
240,1022,1022,",",operator,0,46,65
241,1023,1023,x,identifier,0,46,66
242,1024,1024,",",operator,0,46,67
243,1025,1027,val,identifier,0,46,68
244,1028,1028,+,operator,0,46,71
245,1029,1029,1,integer,0,46,72
246,1030,1030,),operator,0,46,73
247,1031,1031,;,operator,0,46,74
248,1036,1039,else,keyword,0,47,3
249,1041,1042,np,identifier,0,47,8
250,1044,1044,=,operator,0,47,11
251,1046,1046,1,integer,0,47,13
252,1047,1047,;,operator,0,47,14
253,1051,1051,},operator,0,48,2
254,1054,1054,},operator,0,49,1
255,1056,1056,},operator,0,50,0
256,1059,1065,int32_t,identifier,0,52,0
257,1067,1070,main,identifier,0,52,8
258,1071,1071,(,operator,0,52,12
259,1072,1072,),operator,0,52,13
260,1073,1073,{,operator,0,52,14
261,1076,1079,fast,identifier,0,53,1
262,1080,1080,;,operator,0,53,5
263,1084,1086,cin,identifier,0,55,1
264,1087,1087,>,operator,0,55,4
265,1088,1088,>,operator,0,55,5
266,1089,1089,N,identifier,0,55,6
267,1090,1090,;,operator,0,55,7
268,1095,1097,FOR,identifier,0,57,1
269,1098,1098,(,operator,0,57,4
270,1099,1099,i,identifier,0,57,5
271,1100,1100,",",operator,0,57,6
272,1101,1101,0,integer,0,57,7
273,1102,1102,",",operator,0,57,8
274,1103,1103,N,identifier,0,57,9
275,1104,1104,-,operator,0,57,10
276,1105,1105,2,integer,0,57,11
277,1106,1106,),operator,0,57,12
278,1107,1107,{,operator,0,57,13
279,1111,1113,int,keyword,0,58,2
280,1115,1115,a,identifier,0,58,6
281,1116,1116,",",operator,0,58,7
282,1117,1117,b,identifier,0,58,8
283,1118,1118,;,operator,0,58,9
284,1122,1124,cin,identifier,0,59,2
285,1125,1125,>,operator,0,59,5
286,1126,1126,>,operator,0,59,6
287,1127,1127,a,identifier,0,59,7
288,1128,1128,>,operator,0,59,8
289,1129,1129,>,operator,0,59,9
290,1130,1130,b,identifier,0,59,10
291,1131,1131,;,operator,0,59,11
292,1135,1137,adj,identifier,0,60,2
293,1138,1138,[,operator,0,60,5
294,1139,1139,a,identifier,0,60,6
295,1140,1140,],operator,0,60,7
296,1141,1141,.,operator,0,60,8
297,1142,1143,pb,identifier,0,60,9
298,1144,1144,(,operator,0,60,11
299,1145,1145,b,identifier,0,60,12
300,1146,1146,),operator,0,60,13
301,1147,1147,;,operator,0,60,14
302,1151,1153,adj,identifier,0,61,2
303,1154,1154,[,operator,0,61,5
304,1155,1155,b,identifier,0,61,6
305,1156,1156,],operator,0,61,7
306,1157,1157,.,operator,0,61,8
307,1158,1159,pb,identifier,0,61,9
308,1160,1160,(,operator,0,61,11
309,1161,1161,a,identifier,0,61,12
310,1162,1162,),operator,0,61,13
311,1163,1163,;,operator,0,61,14
312,1166,1166,},operator,0,62,1
313,1169,1171,cin,identifier,0,63,1
314,1172,1172,>,operator,0,63,4
315,1173,1173,>,operator,0,63,5
316,1174,1174,K,identifier,0,63,6
317,1175,1175,;,operator,0,63,7
318,1180,1182,FOR,identifier,0,65,1
319,1183,1183,(,operator,0,65,4
320,1184,1184,i,identifier,0,65,5
321,1185,1185,",",operator,0,65,6
322,1186,1186,1,integer,0,65,7
323,1187,1187,",",operator,0,65,8
324,1188,1188,N,identifier,0,65,9
325,1189,1189,),operator,0,65,10
326,1191,1195,range,identifier,0,65,12
327,1196,1196,[,operator,0,65,17
328,1197,1197,i,identifier,0,65,18
329,1198,1198,],operator,0,65,19
330,1200,1200,=,operator,0,65,21
331,1202,1203,pi,identifier,0,65,23
332,1204,1204,(,operator,0,65,25
333,1205,1205,-,operator,0,65,26
334,1206,1208,INF,identifier,0,65,27
335,1209,1209,",",operator,0,65,30
336,1210,1212,INF,identifier,0,65,31
337,1213,1213,),operator,0,65,34
338,1214,1214,;,operator,0,65,35
339,1219,1223,queue,identifier,0,67,1
340,1225,1225,<,operator,0,67,7
341,1226,1228,pii,identifier,0,67,8
342,1229,1229,>,operator,0,67,11
343,1231,1231,q,identifier,0,67,13
344,1232,1232,;,operator,0,67,14
345,1235,1237,int,keyword,0,68,1
346,1239,1239,x,identifier,0,68,5
347,1240,1240,;,operator,0,68,6
348,1243,1245,FOR,identifier,0,69,1
349,1246,1246,(,operator,0,69,4
350,1247,1247,i,identifier,0,69,5
351,1248,1248,",",operator,0,69,6
352,1249,1249,0,integer,0,69,7
353,1250,1250,",",operator,0,69,8
354,1251,1251,K,identifier,0,69,9
355,1252,1252,-,operator,0,69,10
356,1253,1253,1,integer,0,69,11
357,1254,1254,),operator,0,69,12
358,1255,1255,{,operator,0,69,13
359,1259,1261,int,keyword,0,70,2
360,1263,1263,a,identifier,0,70,6
361,1264,1264,",",operator,0,70,7
362,1265,1265,b,identifier,0,70,8
363,1266,1266,;,operator,0,70,9
364,1270,1272,cin,identifier,0,71,2
365,1273,1273,>,operator,0,71,5
366,1274,1274,>,operator,0,71,6
367,1275,1275,a,identifier,0,71,7
368,1276,1276,>,operator,0,71,8
369,1277,1277,>,operator,0,71,9
370,1278,1278,b,identifier,0,71,10
371,1279,1279,;,operator,0,71,11
372,1283,1283,q,identifier,0,72,2
373,1284,1284,.,operator,0,72,3
374,1285,1288,push,identifier,0,72,4
375,1289,1289,(,operator,0,72,8
376,1290,1292,pii,identifier,0,72,9
377,1293,1293,(,operator,0,72,12
378,1294,1295,pi,identifier,0,72,13
379,1296,1296,(,operator,0,72,15
380,1297,1297,b,identifier,0,72,16
381,1298,1298,",",operator,0,72,17
382,1299,1299,b,identifier,0,72,18
383,1300,1300,),operator,0,72,19
384,1301,1301,",",operator,0,72,20
385,1302,1302,a,identifier,0,72,21
386,1303,1303,),operator,0,72,22
387,1304,1304,),operator,0,72,23
388,1305,1305,;,operator,0,72,24
389,1309,1309,x,identifier,0,73,2
390,1311,1311,=,operator,0,73,4
391,1313,1313,a,identifier,0,73,6
392,1314,1314,;,operator,0,73,7
393,1321,1325,range,identifier,0,75,2
394,1326,1326,[,operator,0,75,7
395,1327,1327,a,identifier,0,75,8
396,1328,1328,],operator,0,75,9
397,1330,1330,=,operator,0,75,11
398,1332,1333,pi,identifier,0,75,13
399,1334,1334,(,operator,0,75,15
400,1335,1335,b,identifier,0,75,16
401,1336,1336,",",operator,0,75,17
402,1337,1337,b,identifier,0,75,18
403,1338,1338,),operator,0,75,19
404,1339,1339,;,operator,0,75,20
405,1342,1342,},operator,0,76,1
406,1347,1351,while,keyword,0,78,1
407,1353,1353,(,operator,0,78,7
408,1354,1354,"!",operator,0,78,8
409,1355,1355,q,identifier,0,78,9
410,1356,1356,.,operator,0,78,10
411,1357,1361,empty,identifier,0,78,11
412,1362,1362,(,operator,0,78,16
413,1363,1363,),operator,0,78,17
414,1364,1364,),operator,0,78,18
415,1365,1365,{,operator,0,78,19
416,1369,1371,pii,identifier,0,79,2
417,1373,1375,cur,identifier,0,79,6
418,1377,1377,=,operator,0,79,10
419,1379,1379,q,identifier,0,79,12
420,1380,1380,.,operator,0,79,13
421,1381,1385,front,identifier,0,79,14
422,1386,1386,(,operator,0,79,19
423,1387,1387,),operator,0,79,20
424,1388,1388,;,operator,0,79,21
425,1390,1390,q,identifier,0,79,23
426,1391,1391,.,operator,0,79,24
427,1392,1394,pop,identifier,0,79,25
428,1395,1395,(,operator,0,79,28
429,1396,1396,),operator,0,79,29
430,1397,1397,;,operator,0,79,30
431,1404,1408,range,identifier,0,81,2
432,1409,1409,[,operator,0,81,7
433,1410,1412,cur,identifier,0,81,8
434,1413,1413,.,operator,0,81,11
435,1414,1414,s,identifier,0,81,12
436,1415,1415,],operator,0,81,13
437,1417,1417,=,operator,0,81,15
438,1419,1427,intersect,identifier,0,81,17
439,1428,1428,(,operator,0,81,26
440,1429,1433,range,identifier,0,81,27
441,1434,1434,[,operator,0,81,32
442,1435,1437,cur,identifier,0,81,33
443,1438,1438,.,operator,0,81,36
444,1439,1439,s,identifier,0,81,37
445,1440,1440,],operator,0,81,38
446,1441,1441,",",operator,0,81,39
447,1442,1444,cur,identifier,0,81,40
448,1445,1445,.,operator,0,81,43
449,1446,1446,f,identifier,0,81,44
450,1447,1447,),operator,0,81,45
451,1448,1448,;,operator,0,81,46
452,1452,1453,if,keyword,0,82,2
453,1455,1455,(,operator,0,82,5
454,1456,1460,range,identifier,0,82,6
455,1461,1461,[,operator,0,82,11
456,1462,1464,cur,identifier,0,82,12
457,1465,1465,.,operator,0,82,15
458,1466,1466,s,identifier,0,82,16
459,1467,1467,],operator,0,82,17
460,1468,1468,.,operator,0,82,18
461,1469,1469,f,identifier,0,82,19
462,1471,1471,>,operator,0,82,21
463,1473,1477,range,identifier,0,82,23
464,1478,1478,[,operator,0,82,28
465,1479,1481,cur,identifier,0,82,29
466,1482,1482,.,operator,0,82,32
467,1483,1483,s,identifier,0,82,33
468,1484,1484,],operator,0,82,34
469,1485,1485,.,operator,0,82,35
470,1486,1486,s,identifier,0,82,36
471,1487,1487,),operator,0,82,37
472,1489,1490,np,identifier,0,82,39
473,1492,1492,=,operator,0,82,42
474,1494,1494,1,integer,0,82,44
475,1495,1495,;,operator,0,82,45
476,1499,1500,if,keyword,0,83,2
477,1502,1502,(,operator,0,83,5
478,1503,1505,vis,identifier,0,83,6
479,1506,1506,[,operator,0,83,9
480,1507,1509,cur,identifier,0,83,10
481,1510,1510,.,operator,0,83,13
482,1511,1511,s,identifier,0,83,14
483,1512,1512,],operator,0,83,15
484,1513,1513,),operator,0,83,16
485,1515,1522,continue,keyword,0,83,18
486,1523,1523,;,operator,0,83,26
487,1527,1529,vis,identifier,0,84,2
488,1530,1530,[,operator,0,84,5
489,1531,1533,cur,identifier,0,84,6
490,1534,1534,.,operator,0,84,9
491,1535,1535,s,identifier,0,84,10
492,1536,1536,],operator,0,84,11
493,1538,1538,=,operator,0,84,13
494,1540,1540,1,integer,0,84,15
495,1541,1541,;,operator,0,84,16
496,1548,1551,aFOR,identifier,0,86,2
497,1552,1552,(,operator,0,86,6
498,1553,1553,i,identifier,0,86,7
499,1554,1554,",",operator,0,86,8
500,1555,1557,adj,identifier,0,86,9
501,1558,1558,[,operator,0,86,12
502,1559,1561,cur,identifier,0,86,13
503,1562,1562,.,operator,0,86,16
504,1563,1563,s,identifier,0,86,17
505,1564,1564,],operator,0,86,18
506,1565,1565,),operator,0,86,19
507,1566,1566,{,operator,0,86,20
508,1571,1571,q,identifier,0,87,3
509,1572,1572,.,operator,0,87,4
510,1573,1576,push,identifier,0,87,5
511,1577,1577,(,operator,0,87,9
512,1578,1580,pii,identifier,0,87,10
513,1581,1581,(,operator,0,87,13
514,1582,1583,pi,identifier,0,87,14
515,1584,1584,(,operator,0,87,16
516,1585,1587,cur,identifier,0,87,17
517,1588,1588,.,operator,0,87,20
518,1589,1589,f,identifier,0,87,21
519,1590,1590,.,operator,0,87,22
520,1591,1591,f,identifier,0,87,23
521,1592,1592,-,operator,0,87,24
522,1593,1593,1,integer,0,87,25
523,1594,1594,",",operator,0,87,26
524,1595,1597,cur,identifier,0,87,27
525,1598,1598,.,operator,0,87,30
526,1599,1599,f,identifier,0,87,31
527,1600,1600,.,operator,0,87,32
528,1601,1601,s,identifier,0,87,33
529,1602,1602,+,operator,0,87,34
530,1603,1603,1,integer,0,87,35
531,1604,1604,),operator,0,87,36
532,1605,1605,",",operator,0,87,37
533,1606,1606,i,identifier,0,87,38
534,1607,1607,),operator,0,87,39
535,1608,1608,),operator,0,87,40
536,1609,1609,;,operator,0,87,41
537,1613,1613,},operator,0,88,2
538,1616,1616,},operator,0,89,1
539,1621,1622,if,keyword,0,91,1
540,1624,1624,(,operator,0,91,4
541,1625,1626,np,identifier,0,91,5
542,1628,1629,==,operator,0,91,8
543,1631,1631,1,integer,0,91,11
544,1632,1632,),operator,0,91,12
545,1633,1633,{,operator,0,91,13
546,1637,1640,cout,identifier,0,92,2
547,1641,1641,<,operator,0,92,6
548,1642,1642,<,operator,0,92,7
549,1643,1646,"""NO""",string,0,92,8
550,1647,1647,;,operator,0,92,12
551,1651,1656,return,keyword,0,93,2
552,1658,1658,0,integer,0,93,9
553,1659,1659,;,operator,0,93,10
554,1662,1662,},operator,0,94,1
555,1667,1669,dfs,identifier,0,96,1
556,1670,1670,(,operator,0,96,4
557,1671,1671,x,identifier,0,96,5
558,1672,1672,",",operator,0,96,6
559,1673,1673,-,operator,0,96,7
560,1674,1674,1,integer,0,96,8
561,1675,1675,",",operator,0,96,9
562,1676,1680,range,identifier,0,96,10
563,1681,1681,[,operator,0,96,15
564,1682,1682,x,identifier,0,96,16
565,1683,1683,],operator,0,96,17
566,1684,1684,.,operator,0,96,18
567,1685,1685,f,identifier,0,96,19
568,1686,1686,),operator,0,96,20
569,1687,1687,;,operator,0,96,21
570,1690,1693,cout,identifier,0,97,1
571,1694,1694,<,operator,0,97,5
572,1695,1695,<,operator,0,97,6
573,1696,1702,"""YES\n""",string,0,97,7
574,1703,1703,;,operator,0,97,14
575,1706,1708,FOR,identifier,0,98,1
576,1709,1709,(,operator,0,98,4
577,1710,1710,i,identifier,0,98,5
578,1711,1711,",",operator,0,98,6
579,1712,1712,1,integer,0,98,7
580,1713,1713,",",operator,0,98,8
581,1714,1714,N,identifier,0,98,9
582,1715,1715,),operator,0,98,10
583,1717,1720,cout,identifier,0,98,12
584,1721,1721,<,operator,0,98,16
585,1722,1722,<,operator,0,98,17
586,1723,1725,ans,identifier,0,98,18
587,1726,1726,[,operator,0,98,21
588,1727,1727,i,identifier,0,98,22
589,1728,1728,],operator,0,98,23
590,1729,1729,<,operator,0,98,24
591,1730,1730,<,operator,0,98,25
592,1731,1734,'\n',character,0,98,26
593,1735,1735,;,operator,0,98,30
594,1744,1744,},operator,0,102,0
595,1746,1745,<EOF>,eof,0,103,0
